unsigned char ___ps5_kstuff_payload_bin[] = {
  0xeb, 0x0b, 0x50, 0x4c, 0x44, 0x00, 0x40, 0x01, 0x00, 0x00, 0x00, 0x00,
  0x00, 0xe9, 0x9e, 0x00, 0x00, 0x00, 0x00, 0x00, 0x00, 0x00, 0x00, 0x00,
  0xc0, 0x00, 0x00, 0x00, 0x00, 0x00, 0x00, 0x00, 0x40, 0x00, 0x00, 0x00,
  0x00, 0x00, 0x00, 0x00, 0x00, 0x00, 0x00, 0x00, 0x00, 0x00, 0x00, 0x00,
  0x00, 0x00, 0x00, 0x00, 0x00, 0x00, 0x00, 0x00, 0x02, 0x00, 0x00, 0x00,
  0x00, 0x00, 0x00, 0x00, 0x01, 0x00, 0x00, 0x00, 0x05, 0x00, 0x00, 0x00,
  0x00, 0x00, 0x00, 0x00, 0x00, 0x00, 0x00, 0x00, 0x00, 0x00, 0x00, 0x00,
  0x00, 0x00, 0x00, 0x00, 0x00, 0x00, 0x00, 0x00, 0x00, 0x00, 0x00, 0x00,
  0x00, 0x40, 0x01, 0x00, 0x00, 0x00, 0x00, 0x00, 0x00, 0x40, 0x01, 0x00,
  0x00, 0x00, 0x00, 0x00, 0x00, 0x00, 0x00, 0x00, 0x00, 0x00, 0x00, 0x00,
  0x01, 0x00, 0x00, 0x00, 0x06, 0x00, 0x00, 0x00, 0x00, 0x40, 0x01, 0x00,
  0x00, 0x00, 0x00, 0x00, 0x00, 0x40, 0x01, 0x00, 0x00, 0x00, 0x00, 0x00,
  0x00, 0x40, 0x01, 0x00, 0x00, 0x00, 0x00, 0x00, 0xa0, 0xf8, 0x00, 0x00,
  0x00, 0x00, 0x00, 0x00, 0xa0, 0xf8, 0x00, 0x00, 0x00, 0x00, 0x00, 0x00,
  0x00, 0x00, 0x00, 0x00, 0x00, 0x00, 0x00, 0x00, 0x48, 0x89, 0x3d, 0x49,
  0x16, 0x02, 0x00, 0xe9, 0x27, 0xba, 0x00, 0x00, 0x0f, 0x1f, 0x40, 0x00,
  0xf3, 0x0f, 0x1e, 0xfa, 0x53, 0x48, 0x8b, 0x47, 0x10, 0x48, 0x89, 0xfb,
  0x31, 0xc9, 0x48, 0x8b, 0x3f, 0x4c, 0x8b, 0x43, 0x20, 0x8b, 0x50, 0x04,
  0x8b, 0x30, 0x48, 0x83, 0xec, 0x08, 0xff, 0x73, 0x38, 0x4c, 0x8b, 0x4b,
  0x30, 0xe8, 0x16, 0xff, 0xff, 0xff, 0x48, 0x89, 0xc2, 0x48, 0x8b, 0x43,
  0x28, 0x89, 0x10, 0x58, 0x5a, 0x5b, 0xc3, 0xf3, 0x0f, 0x1e, 0xfa, 0x55,
  0x48, 0x89, 0xe5, 0x48, 0x83, 0xec, 0x20, 0x48, 0x89, 0x7d, 0xe8, 0x48,
  0x89, 0x75, 0xe0, 0x48, 0xc7, 0x45, 0xf8, 0x00, 0x00, 0x00, 0x00, 0x48,
  0x8b, 0x45, 0xe8, 0x89, 0xc1, 0x48, 0x8d, 0x55, 0xf8, 0x48, 0x8b, 0x45,
  0xe0, 0x48, 0x89, 0xc6, 0x89, 0xcf, 0xe8, 0x2e, 0x01, 0x00, 0x00, 0x48,
  0x8b, 0x45, 0xf8, 0xc9, 0xc3, 0xf3, 0x0f, 0x1e, 0xfa, 0x55, 0x48, 0x89,
  0xe5, 0x48, 0x83, 0xec, 0x10, 0x48, 0x89, 0x7d, 0xf8, 0x89, 0x75, 0xf4,
  0x48, 0x8b, 0x05, 0xc5, 0x15, 0x02, 0x00, 0x48, 0x85, 0xc0, 0x75, 0x1b,
  0x48, 0x8d, 0x05, 0xa9, 0xfe, 0x00, 0x00, 0x48, 0x89, 0xc6, 0xbf, 0x01,
  0x00, 0x00, 0x00, 0xe8, 0x93, 0xff, 0xff, 0xff, 0x48, 0x89, 0x05, 0xa5,
  0x15, 0x02, 0x00, 0x4c, 0x8b, 0x15, 0x9e, 0x15, 0x02, 0x00, 0x48, 0x8b,
  0x45, 0xf8, 0x41, 0xb9, 0x00, 0x00, 0x00, 0x00, 0x41, 0xb8, 0x00, 0x00,
  0x00, 0x00, 0xb9, 0x00, 0x00, 0x00, 0x00, 0xba, 0x00, 0x00, 0x00, 0x00,
  0xbe, 0x00, 0x00, 0x00, 0x00, 0x48, 0x89, 0xc7, 0x41, 0xff, 0xd2, 0x48,
  0x98, 0xc9, 0xc3, 0x0f, 0x1f, 0x44, 0x00, 0x00, 0xb8, 0x03, 0x00, 0x00,
  0x00, 0xe9, 0xb9, 0x00, 0x00, 0x00, 0xb8, 0x04, 0x00, 0x00, 0x00, 0xe9,
  0xaf, 0x00, 0x00, 0x00, 0xb8, 0x05, 0x00, 0x00, 0x00, 0xe9, 0xa5, 0x00,
  0x00, 0x00, 0xb8, 0x06, 0x00, 0x00, 0x00, 0xe9, 0x9b, 0x00, 0x00, 0x00,
  0xb8, 0x14, 0x00, 0x00, 0x00, 0xe9, 0x91, 0x00, 0x00, 0x00, 0xb8, 0x2a,
  0x00, 0x00, 0x00, 0x55, 0xe8, 0x86, 0x00, 0x00, 0x00, 0x5d, 0x83, 0xf8,
  0xff, 0x74, 0x07, 0x89, 0x07, 0x89, 0x57, 0x04, 0x31, 0xc0, 0xc3, 0xb8,
  0x49, 0x00, 0x00, 0x00, 0xe9, 0x6e, 0x00, 0x00, 0x00, 0xb8, 0x69, 0x00,
  0x00, 0x00, 0xe9, 0x64, 0x00, 0x00, 0x00, 0xb8, 0x76, 0x00, 0x00, 0x00,
  0xe9, 0x5a, 0x00, 0x00, 0x00, 0xb8, 0xca, 0x00, 0x00, 0x00, 0xe9, 0x50,
  0x00, 0x00, 0x00, 0xb8, 0xcb, 0x00, 0x00, 0x00, 0xe9, 0x46, 0x00, 0x00,
  0x00, 0xb8, 0xa0, 0x01, 0x00, 0x00, 0xe9, 0x3c, 0x00, 0x00, 0x00, 0xb8,
  0xb0, 0x01, 0x00, 0x00, 0xe9, 0x32, 0x00, 0x00, 0x00, 0xb8, 0xdd, 0x01,
  0x00, 0x00, 0xe9, 0x28, 0x00, 0x00, 0x00, 0xb8, 0xde, 0x01, 0x00, 0x00,
  0xe9, 0x1e, 0x00, 0x00, 0x00, 0xb8, 0xe7, 0x01, 0x00, 0x00, 0xe9, 0x14,
  0x00, 0x00, 0x00, 0xb8, 0xe8, 0x01, 0x00, 0x00, 0xe9, 0x0a, 0x00, 0x00,
  0x00, 0xb8, 0x4f, 0x02, 0x00, 0x00, 0xe9, 0x00, 0x00, 0x00, 0x00, 0x4c,
  0x8b, 0x15, 0x9e, 0x14, 0x02, 0x00, 0x4d, 0x85, 0xd2, 0x75, 0x3c, 0x57,
  0x56, 0x52, 0x51, 0x41, 0x50, 0x41, 0x51, 0x50, 0x50, 0x4c, 0x8b, 0x15,
  0x80, 0x14, 0x02, 0x00, 0x41, 0x52, 0xbf, 0x01, 0x00, 0x00, 0x00, 0x48,
  0x8d, 0x35, 0x8b, 0xfd, 0x00, 0x00, 0x48, 0x89, 0xe2, 0x41, 0xff, 0xd2,
  0x41, 0x5a, 0x58, 0x58, 0x41, 0x59, 0x41, 0x58, 0x59, 0x5a, 0x5e, 0x5f,
  0x49, 0x83, 0xc2, 0x07, 0x4c, 0x89, 0x15, 0x5d, 0x14, 0x02, 0x00, 0x41,
  0xff, 0xe2, 0x55, 0x48, 0x89, 0xe5, 0x48, 0x83, 0xec, 0x10, 0x48, 0x8d,
  0x45, 0xf8, 0x48, 0x89, 0xc7, 0xe8, 0x65, 0xff, 0xff, 0xff, 0x48, 0x8b,
  0x45, 0xf8, 0xc9, 0xc3, 0xf3, 0x0f, 0x1e, 0xfa, 0x55, 0x48, 0x89, 0xe5,
  0x48, 0x83, 0xec, 0x40, 0x48, 0x89, 0x7d, 0xc8, 0x48, 0xc7, 0x45, 0xf8,
  0x00, 0x00, 0x00, 0x00, 0x48, 0x8b, 0x45, 0xc8, 0x25, 0xff, 0x0f, 0x00,
  0x00, 0x48, 0x3d, 0xeb, 0x0f, 0x00, 0x00, 0x76, 0x24, 0x48, 0x8b, 0x45,
  0xc8, 0x25, 0xff, 0x0f, 0x00, 0x00, 0x48, 0x2d, 0xec, 0x0f, 0x00, 0x00,
  0x48, 0x89, 0x45, 0xf8, 0x48, 0x83, 0x7d, 0xf8, 0x0b, 0x76, 0x21, 0x48,
  0xc7, 0x45, 0xf8, 0x0c, 0x00, 0x00, 0x00, 0xeb, 0x17, 0x48, 0x8b, 0x45,
  0xc8, 0x0f, 0xb6, 0xc0, 0x48, 0x3d, 0xff, 0x00, 0x00, 0x00, 0x75, 0x08,
  0x48, 0xc7, 0x45, 0xf8, 0x01, 0x00, 0x00, 0x00, 0x48, 0xc7, 0x45, 0xe0,
  0x00, 0x00, 0x00, 0x00, 0x48, 0xc7, 0x45, 0xe8, 0x00, 0x00, 0x00, 0x00,
  0xc7, 0x45, 0xf0, 0x00, 0x00, 0x00, 0x00, 0x48, 0x8d, 0x45, 0xe0, 0x48,
  0x8b, 0x55, 0xc8, 0x48, 0x2b, 0x55, 0xf8, 0x48, 0x89, 0x10, 0x8b, 0x05,
  0xd8, 0x13, 0x02, 0x00, 0x48, 0x8d, 0x55, 0xe0, 0x41, 0xb8, 0x14, 0x00,
  0x00, 0x00, 0x48, 0x89, 0xd1, 0xba, 0x2e, 0x00, 0x00, 0x00, 0xbe, 0x29,
  0x00, 0x00, 0x00, 0x89, 0xc7, 0xe8, 0x7f, 0xfe, 0xff, 0xff, 0xc7, 0x45,
  0xdc, 0x14, 0x00, 0x00, 0x00, 0x8b, 0x05, 0xb1, 0x13, 0x02, 0x00, 0x48,
  0x8d, 0x4d, 0xdc, 0x48, 0x8d, 0x55, 0xe0, 0x49, 0x89, 0xc8, 0x48, 0x89,
  0xd1, 0xba, 0x2e, 0x00, 0x00, 0x00, 0xbe, 0x29, 0x00, 0x00, 0x00, 0x89,
  0xc7, 0xe8, 0x5d, 0xfe, 0xff, 0xff, 0x48, 0x8d, 0x55, 0xe0, 0x48, 0x8b,
  0x45, 0xf8, 0x48, 0x01, 0xd0, 0x48, 0x8b, 0x00, 0xc9, 0xc3, 0xf3, 0x0f,
  0x1e, 0xfa, 0x55, 0x48, 0x89, 0xe5, 0x48, 0x83, 0xec, 0x40, 0x48, 0x89,
  0x7d, 0xd8, 0x48, 0x89, 0x75, 0xd0, 0x48, 0x89, 0x55, 0xc8, 0x89, 0x4d,
  0xc4, 0x48, 0xc7, 0x45, 0xe0, 0x00, 0x00, 0x00, 0x00, 0x48, 0xc7, 0x45,
  0xe8, 0x00, 0x00, 0x00, 0x00, 0xc7, 0x45, 0xf0, 0x00, 0x00, 0x00, 0x00,
  0x48, 0x8d, 0x45, 0xe0, 0x48, 0x8b, 0x55, 0xd8, 0x48, 0x89, 0x10, 0x8b,
  0x05, 0x3b, 0x13, 0x02, 0x00, 0x48, 0x8d, 0x55, 0xe0, 0x41, 0xb8, 0x14,
  0x00, 0x00, 0x00, 0x48, 0x89, 0xd1, 0xba, 0x2e, 0x00, 0x00, 0x00, 0xbe,
  0x29, 0x00, 0x00, 0x00, 0x89, 0xc7, 0xe8, 0xe2, 0xfd, 0xff, 0xff, 0x48,
  0x8d, 0x45, 0xe0, 0x48, 0x8b, 0x55, 0xd0, 0x48, 0x89, 0x10, 0x48, 0x8d,
  0x45, 0xe0, 0x48, 0x83, 0xc0, 0x08, 0x48, 0x8b, 0x55, 0xc8, 0x48, 0x89,
  0x10, 0x48, 0x8d, 0x45, 0xe0, 0x48, 0x83, 0xc0, 0x10, 0x8b, 0x55, 0xc4,
  0x89, 0x10, 0x8b, 0x05, 0xf4, 0x12, 0x02, 0x00, 0x48, 0x8d, 0x55, 0xe0,
  0x41, 0xb8, 0x14, 0x00, 0x00, 0x00, 0x48, 0x89, 0xd1, 0xba, 0x2e, 0x00,
  0x00, 0x00, 0xbe, 0x29, 0x00, 0x00, 0x00, 0x89, 0xc7, 0xe8, 0x97, 0xfd,
  0xff, 0xff, 0xc9, 0xc3, 0xf3, 0x0f, 0x1e, 0xfa, 0x55, 0x48, 0x89, 0xe5,
  0x48, 0x81, 0xec, 0x20, 0x08, 0x00, 0x00, 0x89, 0xbd, 0xec, 0xf7, 0xff,
  0xff, 0x89, 0xb5, 0xe8, 0xf7, 0xff, 0xff, 0x8b, 0x85, 0xe8, 0xf7, 0xff,
  0xff, 0x8d, 0x50, 0x07, 0x85, 0xc0, 0x0f, 0x48, 0xc2, 0xc1, 0xf8, 0x03,
  0x83, 0xe8, 0x01, 0x83, 0xe0, 0xfe, 0x89, 0x45, 0xfc, 0x8b, 0x45, 0xfc,
  0x83, 0xc0, 0x01, 0xc1, 0xe0, 0x03, 0x89, 0x45, 0xf8, 0x48, 0x8d, 0x95,
  0xf0, 0xf7, 0xff, 0xff, 0xb8, 0x00, 0x00, 0x00, 0x00, 0xb9, 0x00, 0x01,
  0x00, 0x00, 0x48, 0x89, 0xd7, 0xf3, 0x48, 0xab, 0x8b, 0x45, 0xfc, 0x88,
  0x85, 0xf1, 0xf7, 0xff, 0xff, 0x8b, 0x45, 0xfc, 0x89, 0xc2, 0xc1, 0xea,
  0x1f, 0x01, 0xd0, 0xd1, 0xf8, 0x88, 0x85, 0xf3, 0xf7, 0xff, 0xff, 0x8b,
  0x4d, 0xf8, 0x48, 0x8d, 0x95, 0xf0, 0xf7, 0xff, 0xff, 0x8b, 0x85, 0xec,
  0xf7, 0xff, 0xff, 0x41, 0x89, 0xc8, 0x48, 0x89, 0xd1, 0xba, 0x33, 0x00,
  0x00, 0x00, 0xbe, 0x29, 0x00, 0x00, 0x00, 0x89, 0xc7, 0xe8, 0xfb, 0xfc,
  0xff, 0xff, 0xc9, 0xc3, 0xf3, 0x0f, 0x1e, 0xfa, 0x55, 0x48, 0x89, 0xe5,
  0x48, 0x83, 0xec, 0x20, 0x89, 0x7d, 0xec, 0x81, 0x7d, 0xec, 0x00, 0x08,
  0x00, 0x00, 0x7e, 0x0a, 0xb8, 0x00, 0x00, 0x00, 0x00, 0xe9, 0xc2, 0x00,
  0x00, 0x00, 0x83, 0x7d, 0xec, 0x1f, 0x7f, 0x07, 0xc7, 0x45, 0xec, 0x20,
  0x00, 0x00, 0x00, 0x48, 0x8b, 0x05, 0x06, 0x12, 0x02, 0x00, 0x48, 0x83,
  0xc0, 0x70, 0xb9, 0x00, 0x00, 0x00, 0x00, 0xba, 0x01, 0x00, 0x00, 0x00,
  0xbe, 0x00, 0x00, 0x00, 0x00, 0x48, 0x89, 0xc7, 0xe8, 0x65, 0xfe, 0xff,
  0xff, 0x48, 0x8b, 0x05, 0xe4, 0x11, 0x02, 0x00, 0x48, 0x83, 0xc0, 0x78,
  0xb9, 0x00, 0x00, 0x00, 0x00, 0xba, 0x01, 0x00, 0x00, 0x00, 0xbe, 0x00,
  0x00, 0x00, 0x00, 0x48, 0x89, 0xc7, 0xe8, 0x43, 0xfe, 0xff, 0xff, 0x8b,
  0x05, 0xbf, 0x11, 0x02, 0x00, 0x8b, 0x55, 0xec, 0x89, 0xd6, 0x89, 0xc7,
  0xe8, 0xdf, 0xfe, 0xff, 0xff, 0x48, 0x8b, 0x05, 0xb0, 0x11, 0x02, 0x00,
  0x48, 0x83, 0xc0, 0x70, 0x48, 0x89, 0xc7, 0xe8, 0x34, 0xfd, 0xff, 0xff,
  0x48, 0x89, 0x45, 0xf8, 0x48, 0x8b, 0x05, 0x99, 0x11, 0x02, 0x00, 0x48,
  0x83, 0xc0, 0x70, 0xb9, 0x00, 0x00, 0x00, 0x00, 0xba, 0x01, 0x00, 0x00,
  0x00, 0xbe, 0x00, 0x00, 0x00, 0x00, 0x48, 0x89, 0xc7, 0xe8, 0xf8, 0xfd,
  0xff, 0xff, 0x48, 0x8b, 0x05, 0x77, 0x11, 0x02, 0x00, 0x48, 0x83, 0xc0,
  0x78, 0xb9, 0x00, 0x00, 0x00, 0x00, 0xba, 0x01, 0x00, 0x00, 0x00, 0xbe,
  0x00, 0x00, 0x00, 0x00, 0x48, 0x89, 0xc7, 0xe8, 0xd6, 0xfd, 0xff, 0xff,
  0x48, 0x8b, 0x45, 0xf8, 0xc9, 0xc3, 0xf3, 0x0f, 0x1e, 0xfa, 0x55, 0x48,
  0x89, 0xe5, 0x53, 0x48, 0x83, 0xec, 0x08, 0x48, 0x8d, 0x05, 0x52, 0x11,
  0x02, 0x00, 0x48, 0x89, 0xc7, 0xe8, 0xd4, 0xfb, 0xff, 0xff, 0x48, 0x8b,
  0x05, 0xbb, 0x1f, 0x02, 0x00, 0x48, 0x89, 0xc7, 0xe8, 0xbb, 0xfc, 0xff,
  0xff, 0x48, 0x89, 0x05, 0x3c, 0x11, 0x02, 0x00, 0xeb, 0x16, 0x48, 0x8b,
  0x05, 0x33, 0x11, 0x02, 0x00, 0x48, 0x89, 0xc7, 0xe8, 0xa3, 0xfc, 0xff,
  0xff, 0x48, 0x89, 0x05, 0x24, 0x11, 0x02, 0x00, 0x48, 0x8b, 0x05, 0x1d,
  0x11, 0x02, 0x00, 0x48, 0x85, 0xc0, 0x74, 0x20, 0x48, 0x8b, 0x05, 0x11,
  0x11, 0x02, 0x00, 0x48, 0x05, 0xbc, 0x00, 0x00, 0x00, 0x48, 0x89, 0xc7,
  0xe8, 0x7b, 0xfc, 0xff, 0xff, 0x89, 0xc3, 0xe8, 0x74, 0xfb, 0xff, 0xff,
  0x39, 0xc3, 0x75, 0xbe, 0x48, 0x8b, 0x05, 0xf1, 0x10, 0x02, 0x00, 0x48,
  0x85, 0xc0, 0x75, 0x08, 0xb8, 0x00, 0x00, 0x00, 0x00, 0x48, 0x8b, 0x00,
  0x48, 0x8b, 0x05, 0xdd, 0x10, 0x02, 0x00, 0x48, 0x83, 0xc0, 0x48, 0x48,
  0x89, 0xc7, 0xe8, 0x49, 0xfc, 0xff, 0xff, 0x48, 0x89, 0xc7, 0xe8, 0x41,
  0xfc, 0xff, 0xff, 0x48, 0x89, 0x05, 0xca, 0x10, 0x02, 0x00, 0x8b, 0x15,
  0xb4, 0x10, 0x02, 0x00, 0x89, 0xd0, 0x01, 0xc0, 0x01, 0xd0, 0xc1, 0xe0,
  0x04, 0x48, 0x63, 0xd0, 0x48, 0x8b, 0x05, 0xb1, 0x10, 0x02, 0x00, 0x48,
  0x01, 0xd0, 0x48, 0x83, 0xc0, 0x08, 0x48, 0x89, 0xc7, 0xe8, 0x12, 0xfc,
  0xff, 0xff, 0x48, 0x89, 0xc7, 0xe8, 0x0a, 0xfc, 0xff, 0xff, 0x48, 0x89,
  0x05, 0x9b, 0x10, 0x02, 0x00, 0x90, 0x48, 0x8b, 0x5d, 0xf8, 0xc9, 0xc3,
  0xf3, 0x0f, 0x1e, 0xfa, 0x55, 0x48, 0x89, 0xe5, 0x48, 0x83, 0xec, 0x30,
  0x48, 0x89, 0x7d, 0xe8, 0x48, 0x89, 0x75, 0xe0, 0x48, 0x89, 0x55, 0xd8,
  0x48, 0x8b, 0x05, 0x75, 0x10, 0x02, 0x00, 0xb9, 0x00, 0x00, 0x00, 0x00,
  0x48, 0xba, 0x00, 0x00, 0x00, 0x00, 0x00, 0x00, 0x00, 0x40, 0x48, 0xbe,
  0x00, 0x00, 0x00, 0x40, 0x00, 0x00, 0x00, 0x40, 0x48, 0x89, 0xc7, 0xe8,
  0xa6, 0xfc, 0xff, 0xff, 0x85, 0xc0, 0x74, 0x08, 0xb8, 0x00, 0x00, 0x00,
  0x00, 0x48, 0x8b, 0x00, 0x48, 0x8b, 0x45, 0xe0, 0x48, 0xc1, 0xe8, 0x38,
  0x48, 0x89, 0xc2, 0x48, 0x8b, 0x45, 0xe0, 0x48, 0xc1, 0xe0, 0x08, 0x48,
  0x83, 0xc8, 0x40, 0x48, 0x89, 0xc6, 0x48, 0x8b, 0x05, 0x27, 0x10, 0x02,
  0x00, 0x48, 0x83, 0xc0, 0x0f, 0xb9, 0x00, 0x00, 0x00, 0x00, 0x48, 0x89,
  0xc7, 0xe8, 0x68, 0xfc, 0xff, 0xff, 0x85, 0xc0, 0x74, 0x08, 0xb8, 0x00,
  0x00, 0x00, 0x00, 0x48, 0x8b, 0x00, 0xe8, 0x6d, 0xfa, 0xff, 0xff, 0xf2,
  0x0f, 0x10, 0x05, 0xbd, 0xf8, 0x00, 0x00, 0xf2, 0x0f, 0x11, 0x45, 0xf8,
  0xf2, 0x0f, 0x10, 0x4d, 0xf8, 0xf2, 0x0f, 0x10, 0x05, 0xab, 0xf8, 0x00,
  0x00, 0xf2, 0x0f, 0x58, 0xc1, 0xf2, 0x0f, 0x11, 0x45, 0xf8, 0x8b, 0x05,
  0xc4, 0x0f, 0x02, 0x00, 0x48, 0x8b, 0x55, 0xd8, 0x48, 0x8b, 0x4d, 0xe8,
  0x48, 0x89, 0xce, 0x89, 0xc7, 0xe8, 0x0a, 0xfa, 0xff, 0xff, 0xc9, 0xc3,
  0xf3, 0x0f, 0x1e, 0xfa, 0x55, 0x48, 0x89, 0xe5, 0x48, 0x83, 0xec, 0x20,
  0x48, 0x89, 0x7d, 0xf8, 0x48, 0x89, 0x75, 0xf0, 0x48, 0x89, 0x55, 0xe8,
  0x48, 0x8b, 0x05, 0xa9, 0x0f, 0x02, 0x00, 0xb9, 0x00, 0x00, 0x00, 0x00,
  0x48, 0xba, 0x00, 0x00, 0x00, 0x00, 0x00, 0x00, 0x00, 0x40, 0xbe, 0x00,
  0x00, 0x00, 0x00, 0x48, 0x89, 0xc7, 0xe8, 0xdf, 0xfb, 0xff, 0xff, 0x85,
  0xc0, 0x74, 0x08, 0xb8, 0x00, 0x00, 0x00, 0x00, 0x48, 0x8b, 0x00, 0x48,
  0x8b, 0x45, 0xf8, 0x48, 0xc1, 0xe8, 0x38, 0x48, 0x89, 0xc2, 0x48, 0x8b,
  0x45, 0xf8, 0x48, 0xc1, 0xe0, 0x08, 0x48, 0x83, 0xc8, 0x40, 0x48, 0x89,
  0xc6, 0x48, 0x8b, 0x05, 0x60, 0x0f, 0x02, 0x00, 0x48, 0x83, 0xc0, 0x0f,
  0xb9, 0x00, 0x00, 0x00, 0x00, 0x48, 0x89, 0xc7, 0xe8, 0xa1, 0xfb, 0xff,
  0xff, 0x85, 0xc0, 0x74, 0x08, 0xb8, 0x00, 0x00, 0x00, 0x00, 0x48, 0x8b,
  0x00, 0x8b, 0x05, 0x29, 0x0f, 0x02, 0x00, 0x48, 0x8b, 0x55, 0xe8, 0x48,
  0x8b, 0x4d, 0xf0, 0x48, 0x89, 0xce, 0x89, 0xc7, 0xe8, 0x75, 0xf9, 0xff,
  0xff, 0xc9, 0xc3, 0xf3, 0x0f, 0x1e, 0xfa, 0x55, 0x48, 0x89, 0xe5, 0x48,
  0x83, 0xec, 0x30, 0x89, 0x7d, 0xdc, 0x48, 0xc7, 0x45, 0xe0, 0x00, 0x00,
  0x00, 0x00, 0x48, 0xc7, 0x45, 0xe8, 0x00, 0x00, 0x00, 0x00, 0xe8, 0x53,
  0xfa, 0xff, 0xff, 0x48, 0x98, 0x48, 0x8d, 0x55, 0xe0, 0x49, 0x89, 0xd0,
  0xb9, 0x10, 0x00, 0x00, 0x00, 0x48, 0x89, 0xc2, 0xbe, 0x01, 0x00, 0x00,
  0x00, 0xbf, 0x03, 0x00, 0x00, 0x00, 0xe8, 0xca, 0xf9, 0xff, 0xff, 0xc7,
  0x45, 0xfc, 0x00, 0x00, 0x00, 0x00, 0xeb, 0x04, 0x83, 0x45, 0xfc, 0x01,
  0x83, 0x7d, 0xfc, 0x0f, 0x7f, 0x0e, 0x8b, 0x45, 0xfc, 0x48, 0x98, 0x0f,
  0xb6, 0x44, 0x05, 0xe0, 0x84, 0xc0, 0x74, 0xe8, 0xc7, 0x45, 0xf8, 0x00,
  0x00, 0x00, 0x00, 0xeb, 0x44, 0x8b, 0x45, 0xfc, 0x48, 0x98, 0x0f, 0xb6,
  0x44, 0x05, 0xe0, 0x83, 0xe8, 0x01, 0x89, 0xc2, 0x8b, 0x45, 0xfc, 0x48,
  0x98, 0x0f, 0xb6, 0x44, 0x05, 0xe0, 0x21, 0xd0, 0x89, 0xc2, 0x8b, 0x45,
  0xfc, 0x48, 0x98, 0x88, 0x54, 0x05, 0xe0, 0xeb, 0x04, 0x83, 0x45, 0xfc,
  0x01, 0x83, 0x7d, 0xfc, 0x0f, 0x7f, 0x0e, 0x8b, 0x45, 0xfc, 0x48, 0x98,
  0x0f, 0xb6, 0x44, 0x05, 0xe0, 0x84, 0xc0, 0x74, 0xe8, 0x83, 0x45, 0xf8,
  0x01, 0x8b, 0x45, 0xf8, 0x3b, 0x45, 0xdc, 0x7c, 0xb4, 0x83, 0x7d, 0xfc,
  0x10, 0x75, 0x07, 0xb8, 0xff, 0xff, 0xff, 0xff, 0xeb, 0x66, 0x8b, 0x45,
  0xfc, 0x48, 0x98, 0x0f, 0xb6, 0x44, 0x05, 0xe0, 0xf7, 0xd8, 0x89, 0xc2,
  0x8b, 0x45, 0xfc, 0x48, 0x98, 0x0f, 0xb6, 0x44, 0x05, 0xe0, 0x21, 0xd0,
  0x89, 0xc2, 0x8b, 0x45, 0xfc, 0x48, 0x98, 0x88, 0x54, 0x05, 0xe0, 0x83,
  0x45, 0xfc, 0x01, 0xeb, 0x10, 0x8b, 0x45, 0xfc, 0x8d, 0x50, 0x01, 0x89,
  0x55, 0xfc, 0x48, 0x98, 0xc6, 0x44, 0x05, 0xe0, 0x00, 0x83, 0x7d, 0xfc,
  0x0f, 0x7e, 0xea, 0xe8, 0x6a, 0xf9, 0xff, 0xff, 0x48, 0x98, 0x48, 0x8d,
  0x55, 0xe0, 0x49, 0x89, 0xd0, 0xb9, 0x10, 0x00, 0x00, 0x00, 0x48, 0x89,
  0xc2, 0xbe, 0x01, 0x00, 0x00, 0x00, 0xbf, 0x03, 0x00, 0x00, 0x00, 0xe8,
  0xeb, 0xf8, 0xff, 0xff, 0xc9, 0xc3, 0xf3, 0x0f, 0x1e, 0xfa, 0x55, 0x48,
  0x89, 0xe5, 0x48, 0x83, 0xec, 0x60, 0x89, 0x7d, 0xac, 0x8b, 0x05, 0x6d,
  0x1b, 0x02, 0x00, 0x85, 0xc0, 0x0f, 0x85, 0x9b, 0x04, 0x00, 0x00, 0x48,
  0x8d, 0x15, 0x16, 0x2f, 0x02, 0x00, 0x48, 0x8d, 0x05, 0x6f, 0xf6, 0xff,
  0xff, 0x48, 0x29, 0xc2, 0x48, 0x89, 0xd0, 0x48, 0x89, 0xc6, 0x48, 0x8d,
  0x05, 0x5f, 0xf6, 0xff, 0xff, 0x48, 0x89, 0xc7, 0xe8, 0x6a, 0xf8, 0xff,
  0xff, 0x48, 0xc7, 0x45, 0xf8, 0x00, 0x00, 0x00, 0x00, 0xeb, 0x19, 0x48,
  0x8d, 0x15, 0x46, 0xf6, 0xff, 0xff, 0x48, 0x8b, 0x45, 0xf8, 0x48, 0x01,
  0xd0, 0x0f, 0xb6, 0x00, 0x48, 0x81, 0x45, 0xf8, 0x00, 0x10, 0x00, 0x00,
  0x48, 0x8d, 0x15, 0xcd, 0x2e, 0x02, 0x00, 0x48, 0x8d, 0x05, 0x26, 0xf6,
  0xff, 0xff, 0x48, 0x29, 0xc2, 0x48, 0x89, 0xd0, 0x48, 0x39, 0x45, 0xf8,
  0x72, 0xcd, 0x48, 0x8b, 0x05, 0xfb, 0x1b, 0x02, 0x00, 0x48, 0x89, 0x05,
  0x8c, 0x0d, 0x02, 0x00, 0x48, 0x8b, 0x05, 0xf5, 0x1b, 0x02, 0x00, 0x48,
  0x89, 0x45, 0xc8, 0x48, 0x8b, 0x05, 0xf2, 0x1b, 0x02, 0x00, 0x48, 0x89,
  0x45, 0xc0, 0xbf, 0x00, 0x08, 0x00, 0x00, 0xe8, 0xe8, 0xfa, 0xff, 0xff,
  0x48, 0x89, 0x05, 0xc5, 0x1a, 0x02, 0x00, 0x48, 0x8b, 0x05, 0xbe, 0x1a,
  0x02, 0x00, 0x48, 0x05, 0xa0, 0x01, 0x00, 0x00, 0x48, 0x89, 0x45, 0xe8,
  0x48, 0x8b, 0x05, 0xad, 0x1a, 0x02, 0x00, 0x48, 0x05, 0xc8, 0x01, 0x00,
  0x00, 0x48, 0x89, 0x05, 0x30, 0x0d, 0x02, 0x00, 0x48, 0x8b, 0x05, 0x99,
  0x1a, 0x02, 0x00, 0x48, 0x05, 0xb0, 0x02, 0x00, 0x00, 0x48, 0x89, 0x05,
  0x24, 0x0d, 0x02, 0x00, 0xc7, 0x45, 0xf4, 0x00, 0x00, 0x00, 0x00, 0xe9,
  0x33, 0x01, 0x00, 0x00, 0x48, 0x8b, 0x15, 0x71, 0x1b, 0x02, 0x00, 0x8b,
  0x45, 0xf4, 0x6b, 0xc0, 0x68, 0x48, 0x98, 0x48, 0x01, 0xd0, 0x48, 0x89,
  0x45, 0xd8, 0x8b, 0x45, 0xf4, 0x48, 0x63, 0xd0, 0x48, 0x89, 0xd0, 0x48,
  0x01, 0xc0, 0x48, 0x01, 0xd0, 0x48, 0xc1, 0xe0, 0x02, 0x48, 0x01, 0xd0,
  0x48, 0xc1, 0xe0, 0x03, 0x48, 0x8d, 0x15, 0x49, 0x0d, 0x02, 0x00, 0x48,
  0x8d, 0x0c, 0x10, 0x48, 0x8b, 0x45, 0xd8, 0xba, 0x68, 0x00, 0x00, 0x00,
  0x48, 0x89, 0xc6, 0x48, 0x89, 0xcf, 0xe8, 0x1d, 0xfc, 0xff, 0xff, 0x8b,
  0x45, 0xf4, 0x48, 0x63, 0xd0, 0x48, 0x89, 0xd0, 0x48, 0x01, 0xc0, 0x48,
  0x01, 0xd0, 0x48, 0xc1, 0xe0, 0x02, 0x48, 0x01, 0xd0, 0x48, 0xc1, 0xe0,
  0x03, 0x48, 0x8d, 0x15, 0x90, 0x13, 0x02, 0x00, 0x48, 0x8d, 0x0c, 0x10,
  0x48, 0x8b, 0x45, 0xd8, 0xba, 0x68, 0x00, 0x00, 0x00, 0x48, 0x89, 0xc6,
  0x48, 0x89, 0xcf, 0xe8, 0xe4, 0xfb, 0xff, 0xff, 0x8b, 0x45, 0xf4, 0x48,
  0x63, 0xd0, 0x48, 0x89, 0xd0, 0x48, 0x01, 0xc0, 0x48, 0x01, 0xd0, 0x48,
  0xc1, 0xe0, 0x02, 0x48, 0x01, 0xd0, 0x48, 0xc1, 0xe0, 0x03, 0x48, 0x8d,
  0x15, 0x57, 0x13, 0x02, 0x00, 0x48, 0x01, 0xd0, 0x48, 0x89, 0x45, 0xd0,
  0x83, 0x7d, 0xf4, 0x0d, 0x75, 0x16, 0x48, 0x8b, 0x45, 0xd0, 0x48, 0x83,
  0xc0, 0x3c, 0x48, 0x8b, 0x00, 0x48, 0x83, 0xe8, 0x28, 0x48, 0x89, 0x05,
  0x3c, 0x0c, 0x02, 0x00, 0x48, 0x8b, 0x15, 0xad, 0x19, 0x02, 0x00, 0x48,
  0x8b, 0x45, 0xd0, 0x48, 0x83, 0xc0, 0x34, 0x48, 0x81, 0xc2, 0xe0, 0x00,
  0x00, 0x00, 0x48, 0x89, 0x10, 0x48, 0x8b, 0x15, 0x94, 0x19, 0x02, 0x00,
  0x48, 0x8b, 0x45, 0xd0, 0x48, 0x83, 0xc0, 0x3c, 0x48, 0x81, 0xc2, 0xf0,
  0x01, 0x00, 0x00, 0x48, 0x89, 0x10, 0x48, 0x8b, 0x15, 0x7b, 0x19, 0x02,
  0x00, 0x48, 0x8b, 0x45, 0xd0, 0x48, 0x83, 0xc0, 0x4c, 0x48, 0x81, 0xc2,
  0x40, 0x04, 0x00, 0x00, 0x48, 0x89, 0x10, 0x48, 0x8b, 0x4d, 0xd0, 0x48,
  0x8b, 0x45, 0xd8, 0xba, 0x68, 0x00, 0x00, 0x00, 0x48, 0x89, 0xce, 0x48,
  0x89, 0xc7, 0xe8, 0x09, 0xfc, 0xff, 0xff, 0x83, 0x45, 0xf4, 0x01, 0x83,
  0x7d, 0xf4, 0x0f, 0x0f, 0x8e, 0xc3, 0xfe, 0xff, 0xff, 0x48, 0x8b, 0x35,
  0xdc, 0x0b, 0x02, 0x00, 0x48, 0x8b, 0x45, 0xe8, 0xb9, 0x00, 0x00, 0x00,
  0x00, 0xba, 0x20, 0x00, 0x00, 0x00, 0x48, 0x89, 0xc7, 0xe8, 0xf8, 0xf7,
  0xff, 0xff, 0x48, 0x8b, 0x05, 0xaf, 0x0b, 0x02, 0x00, 0x48, 0x8b, 0x55,
  0xe8, 0x48, 0x8d, 0x7a, 0x10, 0xb9, 0x00, 0x00, 0x00, 0x00, 0x48, 0x89,
  0xc2, 0xbe, 0x02, 0x00, 0x00, 0x00, 0xe8, 0xd7, 0xf7, 0xff, 0xff, 0x48,
  0x8b, 0x05, 0x9e, 0x0b, 0x02, 0x00, 0x48, 0x8b, 0x15, 0xf7, 0x18, 0x02,
  0x00, 0x48, 0x8d, 0xba, 0x08, 0x04, 0x00, 0x00, 0xb9, 0x00, 0x00, 0x00,
  0x00, 0x48, 0x89, 0xc2, 0xbe, 0x00, 0x00, 0x00, 0x00, 0xe8, 0xb0, 0xf7,
  0xff, 0xff, 0x48, 0x8b, 0x05, 0xf7, 0x19, 0x02, 0x00, 0x48, 0x8b, 0x15,
  0xd0, 0x18, 0x02, 0x00, 0x48, 0x8d, 0xba, 0x00, 0x05, 0x00, 0x00, 0xb9,
  0x00, 0x00, 0x00, 0x00, 0xba, 0x20, 0x00, 0x00, 0x00, 0x48, 0x89, 0xc6,
  0xe8, 0x89, 0xf7, 0xff, 0xff, 0x48, 0x8b, 0x05, 0xb0, 0x18, 0x02, 0x00,
  0x48, 0x8d, 0x90, 0x08, 0x04, 0x00, 0x00, 0x48, 0x8b, 0x05, 0xa2, 0x18,
  0x02, 0x00, 0x48, 0x05, 0x10, 0x05, 0x00, 0x00, 0xb9, 0x00, 0x00, 0x00,
  0x00, 0xbe, 0x02, 0x00, 0x04, 0x00, 0x48, 0x89, 0xc7, 0xe8, 0x5c, 0xf7,
  0xff, 0xff, 0x83, 0x7d, 0xac, 0x00, 0x74, 0x06, 0x48, 0x8d, 0x45, 0xc0,
  0xeb, 0x04, 0x48, 0x8d, 0x45, 0xc8, 0x48, 0x89, 0x45, 0xe0, 0x48, 0xc7,
  0x45, 0xb0, 0x00, 0x00, 0x00, 0x00, 0x48, 0xc7, 0x45, 0xb8, 0x00, 0x00,
  0x00, 0x00, 0x48, 0x8b, 0x45, 0xe0, 0x0f, 0xb6, 0x00, 0x88, 0x45, 0xb0,
  0x48, 0x8b, 0x45, 0xe0, 0x48, 0x83, 0xc0, 0x01, 0x0f, 0xb6, 0x00, 0x88,
  0x45, 0xb1, 0xc6, 0x45, 0xb2, 0x20, 0xc6, 0x45, 0xb4, 0x04, 0xc6, 0x45,
  0xb5, 0x8e, 0x48, 0x8b, 0x45, 0xe0, 0x48, 0x83, 0xc0, 0x02, 0x0f, 0xb6,
  0x00, 0x88, 0x45, 0xb6, 0x48, 0x8b, 0x45, 0xe0, 0x48, 0x83, 0xc0, 0x03,
  0x0f, 0xb6, 0x00, 0x88, 0x45, 0xb7, 0x48, 0x8b, 0x45, 0xe0, 0x48, 0x83,
  0xc0, 0x04, 0x0f, 0xb6, 0x00, 0x88, 0x45, 0xb8, 0x48, 0x8b, 0x45, 0xe0,
  0x48, 0x83, 0xc0, 0x05, 0x0f, 0xb6, 0x00, 0x88, 0x45, 0xb9, 0x48, 0x8b,
  0x45, 0xe0, 0x48, 0x83, 0xc0, 0x06, 0x0f, 0xb6, 0x00, 0x88, 0x45, 0xba,
  0x48, 0x8b, 0x45, 0xe0, 0x48, 0x83, 0xc0, 0x07, 0x0f, 0xb6, 0x00, 0x88,
  0x45, 0xbb, 0x48, 0x8b, 0x05, 0xcf, 0x18, 0x02, 0x00, 0x48, 0x83, 0xc0,
  0x10, 0xba, 0x10, 0x00, 0x00, 0x00, 0x48, 0x89, 0xc6, 0x48, 0x8d, 0x05,
  0x84, 0x0a, 0x02, 0x00, 0x48, 0x89, 0xc7, 0xe8, 0xb8, 0xf9, 0xff, 0xff,
  0x48, 0x8b, 0x05, 0xad, 0x18, 0x02, 0x00, 0x48, 0x8d, 0x48, 0x10, 0x48,
  0x8d, 0x45, 0xb0, 0xba, 0x10, 0x00, 0x00, 0x00, 0x48, 0x89, 0xc6, 0x48,
  0x89, 0xcf, 0xe8, 0x65, 0xfa, 0xff, 0xff, 0x83, 0x7d, 0xac, 0x02, 0x75,
  0x41, 0x48, 0x8b, 0x05, 0x88, 0x18, 0x02, 0x00, 0x48, 0x83, 0xc0, 0x60,
  0xba, 0x10, 0x00, 0x00, 0x00, 0x48, 0x89, 0xc6, 0x48, 0x8d, 0x05, 0x4d,
  0x0a, 0x02, 0x00, 0x48, 0x89, 0xc7, 0xe8, 0x71, 0xf9, 0xff, 0xff, 0x48,
  0x8b, 0x05, 0x66, 0x18, 0x02, 0x00, 0x48, 0x8d, 0x48, 0x60, 0x48, 0x8d,
  0x45, 0xb0, 0xba, 0x10, 0x00, 0x00, 0x00, 0x48, 0x89, 0xc6, 0x48, 0x89,
  0xcf, 0xe8, 0x1e, 0xfa, 0xff, 0xff, 0xc6, 0x45, 0xb4, 0x03, 0xc6, 0x45,
  0xb5, 0xee, 0x48, 0x8b, 0x05, 0x3f, 0x18, 0x02, 0x00, 0x48, 0x05, 0x90,
  0x00, 0x00, 0x00, 0xba, 0x10, 0x00, 0x00, 0x00, 0x48, 0x89, 0xc6, 0x48,
  0x8d, 0x05, 0x12, 0x0a, 0x02, 0x00, 0x48, 0x89, 0xc7, 0xe8, 0x26, 0xf9,
  0xff, 0xff, 0x48, 0x8b, 0x05, 0x1b, 0x18, 0x02, 0x00, 0x48, 0x8d, 0x88,
  0x90, 0x00, 0x00, 0x00, 0x48, 0x8d, 0x45, 0xb0, 0xba, 0x10, 0x00, 0x00,
  0x00, 0x48, 0x89, 0xc6, 0x48, 0x89, 0xcf, 0xe8, 0xd0, 0xf9, 0xff, 0xff,
  0xc6, 0x45, 0xb4, 0x06, 0x48, 0x8b, 0x05, 0xf5, 0x17, 0x02, 0x00, 0x48,
  0x05, 0x30, 0x0b, 0x00, 0x00, 0xba, 0x10, 0x00, 0x00, 0x00, 0x48, 0x89,
  0xc6, 0x48, 0x8d, 0x05, 0xd8, 0x09, 0x02, 0x00, 0x48, 0x89, 0xc7, 0xe8,
  0xdc, 0xf8, 0xff, 0xff, 0x48, 0x8b, 0x05, 0xd1, 0x17, 0x02, 0x00, 0x48,
  0x8d, 0x88, 0x30, 0x0b, 0x00, 0x00, 0x48, 0x8d, 0x45, 0xb0, 0xba, 0x10,
  0x00, 0x00, 0x00, 0x48, 0x89, 0xc6, 0x48, 0x89, 0xcf, 0xe8, 0x86, 0xf9,
  0xff, 0xff, 0xc7, 0x05, 0xcc, 0x16, 0x02, 0x00, 0x01, 0x00, 0x00, 0x00,
  0xeb, 0x01, 0x90, 0xc9, 0xc3, 0xf3, 0x0f, 0x1e, 0xfa, 0x55, 0x48, 0x89,
  0xe5, 0x48, 0x81, 0xec, 0xc0, 0x00, 0x00, 0x00, 0x89, 0xbd, 0x4c, 0xff,
  0xff, 0xff, 0x48, 0x8d, 0x95, 0x50, 0xff, 0xff, 0xff, 0xb8, 0x00, 0x00,
  0x00, 0x00, 0xb9, 0x15, 0x00, 0x00, 0x00, 0x48, 0x89, 0xd7, 0xf3, 0x48,
  0xab, 0x48, 0x8b, 0x05, 0xb4, 0x17, 0x02, 0x00, 0x48, 0x89, 0x45, 0xd0,
  0x48, 0x8b, 0x05, 0x09, 0x09, 0x02, 0x00, 0x48, 0x89, 0x45, 0x88, 0x8b,
  0x85, 0x4c, 0xff, 0xff, 0xff, 0x48, 0x89, 0x85, 0x60, 0xff, 0xff, 0xff,
  0xc7, 0x45, 0xd8, 0x02, 0x01, 0x00, 0x00, 0x48, 0x8d, 0x85, 0x50, 0xff,
  0xff, 0xff, 0x48, 0x89, 0xc7, 0xe8, 0xba, 0x0b, 0x00, 0x00, 0x48, 0x8b,
  0x85, 0x68, 0xff, 0xff, 0xff, 0x48, 0xc1, 0xe0, 0x20, 0x48, 0x89, 0xc2,
  0x48, 0x8b, 0x85, 0x50, 0xff, 0xff, 0xff, 0x48, 0x09, 0xd0, 0xc9, 0xc3,
  0xf3, 0x0f, 0x1e, 0xfa, 0x55, 0x48, 0x89, 0xe5, 0x48, 0x81, 0xec, 0xc0,
  0x00, 0x00, 0x00, 0x89, 0xbd, 0x4c, 0xff, 0xff, 0xff, 0x48, 0x89, 0xb5,
  0x40, 0xff, 0xff, 0xff, 0x48, 0x8d, 0x95, 0x50, 0xff, 0xff, 0xff, 0xb8,
  0x00, 0x00, 0x00, 0x00, 0xb9, 0x15, 0x00, 0x00, 0x00, 0x48, 0x89, 0xd7,
  0xf3, 0x48, 0xab, 0x48, 0x8b, 0x05, 0x36, 0x17, 0x02, 0x00, 0x48, 0x89,
  0x45, 0xd0, 0x48, 0x8b, 0x05, 0x83, 0x08, 0x02, 0x00, 0x48, 0x89, 0x45,
  0x88, 0x8b, 0x85, 0x4c, 0xff, 0xff, 0xff, 0x48, 0x89, 0x85, 0x60, 0xff,
  0xff, 0xff, 0x48, 0x8b, 0x85, 0x40, 0xff, 0xff, 0xff, 0x48, 0x89, 0x85,
  0x50, 0xff, 0xff, 0xff, 0x48, 0x8b, 0x85, 0x40, 0xff, 0xff, 0xff, 0x48,
  0xc1, 0xe8, 0x20, 0x48, 0x89, 0x85, 0x68, 0xff, 0xff, 0xff, 0xc7, 0x45,
  0xd8, 0x02, 0x01, 0x00, 0x00, 0x48, 0x8d, 0x85, 0x50, 0xff, 0xff, 0xff,
  0x48, 0x89, 0xc7, 0xe8, 0x14, 0x0b, 0x00, 0x00, 0x90, 0xc9, 0xc3, 0xf3,
  0x0f, 0x1e, 0xfa, 0x55, 0x48, 0x89, 0xe5, 0x48, 0x81, 0xec, 0xb0, 0x00,
  0x00, 0x00, 0x48, 0x8d, 0x95, 0x50, 0xff, 0xff, 0xff, 0xb8, 0x00, 0x00,
  0x00, 0x00, 0xb9, 0x15, 0x00, 0x00, 0x00, 0x48, 0x89, 0xd7, 0xf3, 0x48,
  0xab, 0x48, 0x8b, 0x05, 0xdc, 0x16, 0x02, 0x00, 0x48, 0x89, 0x45, 0xd0,
  0x48, 0x8b, 0x05, 0x01, 0x08, 0x02, 0x00, 0x48, 0x89, 0x45, 0x88, 0xc7,
  0x45, 0xd8, 0x02, 0x01, 0x00, 0x00, 0x48, 0x8d, 0x85, 0x50, 0xff, 0xff,
  0xff, 0x48, 0x89, 0xc7, 0xe8, 0xbf, 0x0a, 0x00, 0x00, 0x48, 0x8b, 0x85,
  0x78, 0xff, 0xff, 0xff, 0xc9, 0xc3, 0xf3, 0x0f, 0x1e, 0xfa, 0x55, 0x48,
  0x89, 0xe5, 0x48, 0x83, 0xec, 0x30, 0x48, 0x89, 0x7d, 0xd8, 0x8b, 0x05,
  0xfc, 0x15, 0x02, 0x00, 0x85, 0xc0, 0x0f, 0x85, 0xe8, 0x00, 0x00, 0x00,
  0xbf, 0x00, 0x00, 0x00, 0x00, 0xe8, 0xb4, 0xf9, 0xff, 0xff, 0xbf, 0x00,
  0x00, 0x00, 0x00, 0xe8, 0x7b, 0xf8, 0xff, 0xff, 0xbf, 0x84, 0x00, 0x00,
  0xc0, 0xe8, 0x5b, 0xfe, 0xff, 0xff, 0x80, 0xe4, 0xfe, 0x48, 0x89, 0xc6,
  0xbf, 0x84, 0x00, 0x00, 0xc0, 0xe8, 0xca, 0xfe, 0xff, 0xff, 0x41, 0xb9,
  0x00, 0x00, 0x00, 0x00, 0x41, 0xb8, 0xff, 0xff, 0xff, 0xff, 0xb9, 0x02,
  0x10, 0x00, 0x00, 0xba, 0x03, 0x00, 0x00, 0x00, 0xbe, 0x00, 0x40, 0x00,
  0x00, 0xbf, 0x00, 0x00, 0x00, 0x00, 0xe8, 0x36, 0xf2, 0xff, 0xff, 0x48,
  0x89, 0x45, 0xe8, 0x48, 0x8b, 0x45, 0xe8, 0xbe, 0x00, 0x40, 0x00, 0x00,
  0x48, 0x89, 0xc7, 0xe8, 0x03, 0xf2, 0xff, 0xff, 0x48, 0x8b, 0x45, 0xe8,
  0xc6, 0x00, 0x01, 0x48, 0x8b, 0x45, 0xe8, 0xbe, 0x00, 0x40, 0x00, 0x00,
  0x48, 0x89, 0xc7, 0xe8, 0xeb, 0xf1, 0xff, 0xff, 0x48, 0x8d, 0x05, 0x3f,
  0x0b, 0x00, 0x00, 0x48, 0x89, 0x05, 0xea, 0x14, 0x02, 0x00, 0x48, 0xc7,
  0x05, 0xe7, 0x14, 0x02, 0x00, 0x43, 0x00, 0x00, 0x00, 0x48, 0xc7, 0x05,
  0xe4, 0x14, 0x02, 0x00, 0x02, 0x00, 0x00, 0x00, 0x48, 0x8b, 0x45, 0xe8,
  0x48, 0x05, 0x00, 0x40, 0x00, 0x00, 0x48, 0x89, 0x05, 0xdb, 0x14, 0x02,
  0x00, 0x48, 0xc7, 0x05, 0xd8, 0x14, 0x02, 0x00, 0x3b, 0x00, 0x00, 0x00,
  0x48, 0x8b, 0x05, 0x09, 0x07, 0x02, 0x00, 0xba, 0x28, 0x00, 0x00, 0x00,
  0x48, 0x8d, 0x0d, 0xa5, 0x14, 0x02, 0x00, 0x48, 0x89, 0xce, 0x48, 0x89,
  0xc7, 0xe8, 0x12, 0xf7, 0xff, 0xff, 0xc7, 0x05, 0x0c, 0x15, 0x02, 0x00,
  0x01, 0x00, 0x00, 0x00, 0x48, 0xc7, 0x45, 0xf8, 0x00, 0x00, 0x00, 0x00,
  0x48, 0x83, 0x7d, 0xd8, 0x00, 0x74, 0x2b, 0x48, 0x8b, 0x45, 0xd8, 0x41,
  0xb9, 0x00, 0x00, 0x00, 0x00, 0x41, 0xb8, 0xff, 0xff, 0xff, 0xff, 0xb9,
  0x02, 0x10, 0x00, 0x00, 0xba, 0x03, 0x00, 0x00, 0x00, 0x48, 0x89, 0xc6,
  0xbf, 0x00, 0x00, 0x00, 0x00, 0xe8, 0x6b, 0xf1, 0xff, 0xff, 0x48, 0x89,
  0x45, 0xf8, 0x48, 0x8b, 0x55, 0xd8, 0x48, 0x8b, 0x45, 0xf8, 0x48, 0x89,
  0xd6, 0x48, 0x89, 0xc7, 0xe8, 0x36, 0xf1, 0xff, 0xff, 0x48, 0xc7, 0x45,
  0xf0, 0x00, 0x00, 0x00, 0x00, 0xeb, 0x19, 0x48, 0x8b, 0x55, 0xf8, 0x48,
  0x8b, 0x45, 0xf0, 0x48, 0x01, 0xd0, 0x48, 0x8b, 0x55, 0xf0, 0x88, 0x10,
  0x48, 0x81, 0x45, 0xf0, 0x00, 0x10, 0x00, 0x00, 0x48, 0x8b, 0x45, 0xf0,
  0x48, 0x3b, 0x45, 0xd8, 0x72, 0xdd, 0x48, 0x8b, 0x55, 0xd8, 0x48, 0x8b,
  0x45, 0xf8, 0x48, 0x89, 0xd6, 0x48, 0x89, 0xc7, 0xe8, 0xf6, 0xf0, 0xff,
  0xff, 0x48, 0x8b, 0x45, 0xf8, 0x48, 0x89, 0x05, 0xc8, 0x13, 0x02, 0x00,
  0x48, 0x8b, 0x05, 0xc1, 0x13, 0x02, 0x00, 0x48, 0x89, 0x05, 0xc2, 0x13,
  0x02, 0x00, 0x48, 0x8b, 0x15, 0xb3, 0x13, 0x02, 0x00, 0x48, 0x8b, 0x45,
  0xd8, 0x48, 0x01, 0xd0, 0x48, 0x89, 0x05, 0xb5, 0x13, 0x02, 0x00, 0x90,
  0xc9, 0xc3, 0xf3, 0x0f, 0x1e, 0xfa, 0x55, 0x48, 0x89, 0xe5, 0x89, 0x7d,
  0xec, 0x48, 0x89, 0x75, 0xe0, 0x48, 0x89, 0x55, 0xd8, 0x48, 0x8b, 0x45,
  0xd8, 0x48, 0x89, 0x45, 0xf8, 0x48, 0x8b, 0x45, 0xf8, 0x48, 0x83, 0xc0,
  0x10, 0x48, 0x83, 0xc0, 0x30, 0x48, 0x89, 0x45, 0xf0, 0x48, 0x8b, 0x45,
  0xf0, 0x48, 0x8b, 0x80, 0xb0, 0x00, 0x00, 0x00, 0x80, 0xe4, 0xfe, 0x48,
  0x89, 0xc2, 0x48, 0x8b, 0x45, 0xf0, 0x48, 0x89, 0x90, 0xb0, 0x00, 0x00,
  0x00, 0x90, 0x5d, 0xc3, 0xf3, 0x0f, 0x1e, 0xfa, 0x55, 0x48, 0x89, 0xe5,
  0x48, 0x83, 0xec, 0x30, 0x48, 0x89, 0x7d, 0xd8, 0x8b, 0x05, 0xf2, 0x13,
  0x02, 0x00, 0x85, 0xc0, 0x75, 0x4c, 0x48, 0x8b, 0x45, 0xd8, 0x48, 0x89,
  0xc7, 0xe8, 0xcc, 0xfd, 0xff, 0xff, 0x66, 0x0f, 0xef, 0xc0, 0x0f, 0x29,
  0x45, 0xe0, 0x0f, 0x29, 0x45, 0xf0, 0x48, 0x8d, 0x05, 0x7d, 0xff, 0xff,
  0xff, 0x48, 0x89, 0x45, 0xe0, 0xc7, 0x45, 0xe8, 0x40, 0x00, 0x00, 0x00,
  0x48, 0x8d, 0x45, 0xe0, 0xba, 0x00, 0x00, 0x00, 0x00, 0x48, 0x89, 0xc6,
  0xbf, 0x05, 0x00, 0x00, 0x00, 0xe8, 0x2b, 0xf0, 0xff, 0xff, 0xc7, 0x05,
  0xa4, 0x13, 0x02, 0x00, 0x01, 0x00, 0x00, 0x00, 0xeb, 0x01, 0x90, 0xc9,
  0xc3, 0xf3, 0x0f, 0x1e, 0xfa, 0x55, 0x48, 0x89, 0xe5, 0x48, 0x83, 0xec,
  0x10, 0x48, 0x8b, 0x05, 0x64, 0x05, 0x02, 0x00, 0x48, 0x89, 0xc1, 0xba,
  0x28, 0x00, 0x00, 0x00, 0x48, 0x8d, 0x05, 0xfd, 0x12, 0x02, 0x00, 0x48,
  0x89, 0xc6, 0x48, 0x89, 0xcf, 0xe8, 0xfe, 0x09, 0x00, 0x00, 0x58, 0x9c,
  0x80, 0x4c, 0x24, 0x01, 0x01, 0x9d, 0x50, 0x48, 0x89, 0x45, 0xf8, 0x90,
  0xc9, 0xc3, 0xf3, 0x0f, 0x1e, 0xfa, 0x55, 0x48, 0x89, 0xe5, 0x48, 0x83,
  0xec, 0x50, 0x48, 0x89, 0x7d, 0xb8, 0x48, 0x8b, 0x45, 0xb8, 0x48, 0x8b,
  0x40, 0x18, 0x48, 0x89, 0x45, 0xf8, 0x48, 0x8b, 0x05, 0xdf, 0x13, 0x02,
  0x00, 0x48, 0x89, 0x45, 0xf0, 0x48, 0x8b, 0x05, 0x14, 0x05, 0x02, 0x00,
  0x48, 0x89, 0x45, 0xc0, 0x48, 0x8b, 0x45, 0xf0, 0x48, 0x89, 0x45, 0xc8,
  0x48, 0xc7, 0x45, 0xd0, 0x20, 0x00, 0x00, 0x00, 0x48, 0x8b, 0x45, 0xb8,
  0x48, 0x8b, 0x40, 0x10, 0x48, 0x89, 0x45, 0xd8, 0x48, 0x8b, 0x45, 0xf8,
  0x48, 0x89, 0x45, 0xe0, 0x48, 0xc7, 0x45, 0xe8, 0x00, 0x00, 0x00, 0x00,
  0x48, 0x83, 0x6d, 0xf8, 0x30, 0x48, 0x8b, 0x45, 0xf8, 0x48, 0x8d, 0x4d,
  0xc0, 0xba, 0x30, 0x00, 0x00, 0x00, 0x48, 0x89, 0xce, 0x48, 0x89, 0xc7,
  0xe8, 0x73, 0x09, 0x00, 0x00, 0x48, 0x8b, 0x45, 0xb8, 0x48, 0x8d, 0x50,
  0x18, 0x48, 0x8b, 0x45, 0xf8, 0x48, 0x89, 0x02, 0x48, 0x8b, 0x45, 0xb8,
  0x48, 0x83, 0xc0, 0x10, 0x48, 0x8b, 0x10, 0x48, 0x8b, 0x45, 0xb8, 0x48,
  0x83, 0xc0, 0x10, 0x80, 0xe6, 0xfe, 0x48, 0x89, 0x10, 0x90, 0xc9, 0xc3,
  0xf3, 0x0f, 0x1e, 0xfa, 0x55, 0x48, 0x89, 0xe5, 0x48, 0x83, 0xec, 0x10,
  0x48, 0x89, 0x7d, 0xf8, 0x48, 0x8b, 0x45, 0xf8, 0x48, 0x8b, 0x10, 0x48,
  0x8b, 0x05, 0x46, 0x13, 0x02, 0x00, 0x48, 0x39, 0xc2, 0x75, 0x11, 0x48,
  0x8b, 0x45, 0xf8, 0x48, 0x89, 0xc7, 0xe8, 0x2b, 0xff, 0xff, 0xff, 0xe9,
  0x3f, 0x01, 0x00, 0x00, 0x48, 0x8b, 0x45, 0xf8, 0x48, 0x8b, 0x10, 0x48,
  0x8b, 0x05, 0x22, 0x12, 0x02, 0x00, 0x48, 0x39, 0xc2, 0x0f, 0x85, 0xde,
  0x00, 0x00, 0x00, 0x48, 0x8b, 0x15, 0x1a, 0x12, 0x02, 0x00, 0x48, 0x8b,
  0x45, 0xf8, 0x48, 0x89, 0x10, 0x48, 0x8b, 0x45, 0xf8, 0x48, 0x8d, 0x50,
  0x60, 0x48, 0x8b, 0x05, 0x14, 0x12, 0x02, 0x00, 0x48, 0x89, 0x02, 0x48,
  0x8b, 0x45, 0xf8, 0x48, 0x8d, 0x50, 0x58, 0x48, 0x8b, 0x05, 0x0a, 0x12,
  0x02, 0x00, 0x48, 0x89, 0x02, 0x48, 0x8b, 0x45, 0xf8, 0x48, 0x8d, 0x50,
  0x38, 0x48, 0x8b, 0x05, 0x00, 0x12, 0x02, 0x00, 0x48, 0x89, 0x02, 0x48,
  0x8b, 0x45, 0xf8, 0x48, 0x8d, 0x50, 0x30, 0x48, 0x8b, 0x05, 0xf6, 0x11,
  0x02, 0x00, 0x48, 0x89, 0x02, 0x48, 0x8b, 0x45, 0xf8, 0x48, 0x8d, 0x50,
  0x68, 0x48, 0x8b, 0x05, 0xec, 0x11, 0x02, 0x00, 0x48, 0x89, 0x02, 0x48,
  0x8b, 0x45, 0xf8, 0x48, 0x8d, 0x50, 0x70, 0x48, 0x8b, 0x05, 0xe2, 0x11,
  0x02, 0x00, 0x48, 0x89, 0x02, 0x8b, 0x05, 0xe9, 0x11, 0x02, 0x00, 0x85,
  0xc0, 0x74, 0x4c, 0x48, 0x8b, 0x45, 0xf8, 0x48, 0x83, 0xc0, 0x18, 0x48,
  0x8b, 0x10, 0x48, 0x8b, 0x45, 0xf8, 0x48, 0x83, 0xc0, 0x18, 0x48, 0x83,
  0xea, 0x08, 0x48, 0x89, 0x10, 0x48, 0x8b, 0x45, 0xf8, 0x48, 0x83, 0xc0,
  0x18, 0x48, 0x8b, 0x00, 0x48, 0x89, 0xc1, 0x48, 0x8b, 0x45, 0xf8, 0xba,
  0x08, 0x00, 0x00, 0x00, 0x48, 0x89, 0xc6, 0x48, 0x89, 0xcf, 0xe8, 0x3d,
  0x08, 0x00, 0x00, 0x48, 0x8b, 0x15, 0x4a, 0x12, 0x02, 0x00, 0x48, 0x8b,
  0x45, 0xf8, 0x48, 0x89, 0x10, 0xeb, 0x58, 0x48, 0x8b, 0x45, 0xf8, 0x48,
  0x89, 0xc7, 0xe8, 0x33, 0xfe, 0xff, 0xff, 0xeb, 0x4a, 0x48, 0x8b, 0x45,
  0xf8, 0x48, 0x8b, 0x10, 0x48, 0x8b, 0x05, 0xb5, 0x12, 0x02, 0x00, 0x48,
  0x39, 0xc2, 0x75, 0x37, 0x48, 0x8b, 0x45, 0xf8, 0x48, 0x8b, 0x40, 0x28,
  0x48, 0x89, 0x05, 0x61, 0x11, 0x02, 0x00, 0x48, 0x8b, 0x45, 0xf8, 0x48,
  0x83, 0xc0, 0x28, 0x48, 0xc7, 0x00, 0x00, 0x00, 0x00, 0x00, 0x48, 0x8b,
  0x45, 0xf8, 0x48, 0x83, 0xc0, 0x10, 0x48, 0x8b, 0x10, 0x48, 0x8b, 0x45,
  0xf8, 0x48, 0x83, 0xc0, 0x10, 0x80, 0xe6, 0xfe, 0x48, 0x89, 0x10, 0xc9,
  0xc3, 0xf3, 0x0f, 0x1e, 0xfa, 0x55, 0x48, 0x89, 0xe5, 0x48, 0x83, 0xec,
  0x10, 0x48, 0x89, 0x7d, 0xf8, 0x48, 0x8b, 0x45, 0xf8, 0x48, 0x8b, 0x10,
  0x48, 0x8b, 0x05, 0xd1, 0x11, 0x02, 0x00, 0x48, 0x39, 0xc2, 0x75, 0x11,
  0x48, 0x8b, 0x45, 0xf8, 0x48, 0x89, 0xc7, 0xe8, 0xb6, 0xfd, 0xff, 0xff,
  0xe9, 0x6a, 0x01, 0x00, 0x00, 0x48, 0x8b, 0x45, 0xf8, 0x48, 0x8b, 0x10,
  0x48, 0x8b, 0x05, 0xad, 0x10, 0x02, 0x00, 0x48, 0x39, 0xc2, 0x0f, 0x85,
  0xd4, 0x00, 0x00, 0x00, 0x48, 0x8b, 0x15, 0xa5, 0x10, 0x02, 0x00, 0x48,
  0x8b, 0x45, 0xf8, 0x48, 0x89, 0x10, 0x48, 0x8b, 0x45, 0xf8, 0x48, 0x8d,
  0x50, 0x60, 0x48, 0x8b, 0x05, 0x9f, 0x10, 0x02, 0x00, 0x48, 0x89, 0x02,
  0x48, 0x8b, 0x45, 0xf8, 0x48, 0x8d, 0x50, 0x58, 0x48, 0x8b, 0x05, 0x95,
  0x10, 0x02, 0x00, 0x48, 0x89, 0x02, 0x48, 0x8b, 0x45, 0xf8, 0x48, 0x8d,
  0x50, 0x38, 0x48, 0x8b, 0x05, 0x8b, 0x10, 0x02, 0x00, 0x48, 0x89, 0x02,
  0x48, 0x8b, 0x45, 0xf8, 0x48, 0x8d, 0x50, 0x30, 0x48, 0x8b, 0x05, 0x81,
  0x10, 0x02, 0x00, 0x48, 0x89, 0x02, 0x48, 0x8b, 0x45, 0xf8, 0x48, 0x8d,
  0x50, 0x68, 0x48, 0x8b, 0x05, 0x77, 0x10, 0x02, 0x00, 0x48, 0x89, 0x02,
  0x48, 0x8b, 0x45, 0xf8, 0x48, 0x8d, 0x50, 0x70, 0x48, 0x8b, 0x05, 0x6d,
  0x10, 0x02, 0x00, 0x48, 0x89, 0x02, 0x8b, 0x05, 0x74, 0x10, 0x02, 0x00,
  0x85, 0xc0, 0x0f, 0x84, 0xcb, 0x00, 0x00, 0x00, 0x48, 0x8b, 0x45, 0xf8,
  0x48, 0x83, 0xc0, 0x18, 0x48, 0x8b, 0x10, 0x48, 0x8b, 0x45, 0xf8, 0x48,
  0x83, 0xc0, 0x18, 0x48, 0x83, 0xea, 0x08, 0x48, 0x89, 0x10, 0x48, 0x8b,
  0x45, 0xf8, 0x48, 0x83, 0xc0, 0x18, 0x48, 0x8b, 0x00, 0x48, 0x89, 0xc1,
  0x48, 0x8b, 0x45, 0xf8, 0xba, 0x08, 0x00, 0x00, 0x00, 0x48, 0x89, 0xc6,
  0x48, 0x89, 0xcf, 0xe8, 0xc4, 0x06, 0x00, 0x00, 0x48, 0x8b, 0x15, 0xd1,
  0x10, 0x02, 0x00, 0x48, 0x8b, 0x45, 0xf8, 0x48, 0x89, 0x10, 0xeb, 0x7f,
  0x48, 0x8b, 0x45, 0xf8, 0x48, 0x8b, 0x10, 0x48, 0x8b, 0x05, 0x4a, 0x11,
  0x02, 0x00, 0x48, 0x39, 0xc2, 0x75, 0x39, 0x48, 0x8b, 0x45, 0xf8, 0x48,
  0x8b, 0x40, 0x28, 0x48, 0x89, 0x05, 0xf6, 0x0f, 0x02, 0x00, 0x48, 0x8b,
  0x45, 0xf8, 0x48, 0x83, 0xc0, 0x28, 0x48, 0xc7, 0x00, 0x00, 0x00, 0x00,
  0x00, 0x48, 0x8b, 0x45, 0xf8, 0x48, 0x83, 0xc0, 0x10, 0x48, 0x8b, 0x10,
  0x48, 0x8b, 0x45, 0xf8, 0x48, 0x83, 0xc0, 0x10, 0x80, 0xe6, 0xfe, 0x48,
  0x89, 0x10, 0xeb, 0x33, 0x48, 0x8b, 0x45, 0xf8, 0x48, 0x83, 0xc0, 0x30,
  0x48, 0x8b, 0x00, 0x48, 0x83, 0xf8, 0x03, 0x75, 0x22, 0x48, 0x8b, 0x45,
  0xf8, 0x48, 0x83, 0xc0, 0x68, 0x48, 0x8b, 0x00, 0x48, 0x3d, 0x03, 0x02,
  0x00, 0x00, 0x75, 0x0f, 0x48, 0x8b, 0x45, 0xf8, 0x48, 0x83, 0xc0, 0x30,
  0x48, 0xc7, 0x00, 0x07, 0x00, 0x00, 0x00, 0xc9, 0xc3, 0xf3, 0x0f, 0x1e,
  0xfa, 0x55, 0x48, 0x89, 0xe5, 0x48, 0x81, 0xec, 0xf0, 0x00, 0x00, 0x00,
  0x48, 0x89, 0xbd, 0x18, 0xff, 0xff, 0xff, 0x48, 0x89, 0xb5, 0x58, 0xff,
  0xff, 0xff, 0x48, 0x89, 0x95, 0x60, 0xff, 0xff, 0xff, 0x48, 0x89, 0x8d,
  0x68, 0xff, 0xff, 0xff, 0x4c, 0x89, 0x85, 0x70, 0xff, 0xff, 0xff, 0x4c,
  0x89, 0x8d, 0x78, 0xff, 0xff, 0xff, 0x84, 0xc0, 0x74, 0x20, 0x0f, 0x29,
  0x45, 0x80, 0x0f, 0x29, 0x4d, 0x90, 0x0f, 0x29, 0x55, 0xa0, 0x0f, 0x29,
  0x5d, 0xb0, 0x0f, 0x29, 0x65, 0xc0, 0x0f, 0x29, 0x6d, 0xd0, 0x0f, 0x29,
  0x75, 0xe0, 0x0f, 0x29, 0x7d, 0xf0, 0xc7, 0x85, 0x20, 0xff, 0xff, 0xff,
  0x08, 0x00, 0x00, 0x00, 0xc7, 0x85, 0x24, 0xff, 0xff, 0xff, 0x30, 0x00,
  0x00, 0x00, 0x48, 0x8d, 0x45, 0x10, 0x48, 0x89, 0x85, 0x28, 0xff, 0xff,
  0xff, 0x48, 0x8d, 0x85, 0x50, 0xff, 0xff, 0xff, 0x48, 0x89, 0x85, 0x30,
  0xff, 0xff, 0xff, 0xc7, 0x85, 0x4c, 0xff, 0xff, 0xff, 0x00, 0x00, 0x00,
  0x00, 0xeb, 0x66, 0x8b, 0x85, 0x20, 0xff, 0xff, 0xff, 0x83, 0xf8, 0x2f,
  0x77, 0x23, 0x48, 0x8b, 0x85, 0x30, 0xff, 0xff, 0xff, 0x8b, 0x95, 0x20,
  0xff, 0xff, 0xff, 0x89, 0xd2, 0x48, 0x01, 0xd0, 0x8b, 0x95, 0x20, 0xff,
  0xff, 0xff, 0x83, 0xc2, 0x08, 0x89, 0x95, 0x20, 0xff, 0xff, 0xff, 0xeb,
  0x12, 0x48, 0x8b, 0x85, 0x28, 0xff, 0xff, 0xff, 0x48, 0x8d, 0x50, 0x08,
  0x48, 0x89, 0x95, 0x28, 0xff, 0xff, 0xff, 0x48, 0x8b, 0x00, 0x8b, 0x95,
  0x4c, 0xff, 0xff, 0xff, 0x48, 0x63, 0xd2, 0x48, 0x8d, 0x0c, 0xd5, 0x00,
  0x00, 0x00, 0x00, 0x48, 0x8d, 0x15, 0x76, 0x0e, 0x02, 0x00, 0x48, 0x89,
  0x04, 0x11, 0x83, 0x85, 0x4c, 0xff, 0xff, 0xff, 0x01, 0x83, 0xbd, 0x4c,
  0xff, 0xff, 0xff, 0x05, 0x7e, 0x91, 0x48, 0x8b, 0x85, 0x18, 0xff, 0xff,
  0xff, 0x48, 0x89, 0x05, 0x44, 0x0e, 0x02, 0x00, 0xbf, 0x00, 0x00, 0x00,
  0x00, 0xe8, 0x82, 0xfa, 0xff, 0xff, 0x48, 0x8d, 0x05, 0xab, 0xea, 0xff,
  0xff, 0x48, 0x89, 0x85, 0x40, 0xff, 0xff, 0xff, 0x48, 0x8b, 0x85, 0x40,
  0xff, 0xff, 0xff, 0x48, 0x89, 0x85, 0x38, 0xff, 0xff, 0xff, 0x48, 0x8d,
  0x05, 0xab, 0xfb, 0xff, 0xff, 0x48, 0x89, 0x05, 0xc8, 0x0d, 0x02, 0x00,
  0x48, 0x8b, 0x05, 0x01, 0x0e, 0x02, 0x00, 0x48, 0x85, 0xc0, 0x75, 0x24,
  0x48, 0x8b, 0x05, 0x45, 0x0f, 0x02, 0x00, 0x48, 0x05, 0xc8, 0x03, 0x00,
  0x00, 0xba, 0x08, 0x00, 0x00, 0x00, 0x48, 0x89, 0xc6, 0x48, 0x8d, 0x05,
  0xe0, 0x0d, 0x02, 0x00, 0x48, 0x89, 0xc7, 0xe8, 0xbc, 0x04, 0x00, 0x00,
  0xe8, 0x8c, 0xfa, 0xff, 0xff, 0x48, 0x8b, 0x85, 0x38, 0xff, 0xff, 0xff,
  0xff, 0xd0, 0x48, 0x8b, 0x05, 0x0b, 0x0e, 0x02, 0x00, 0xc9, 0xc3, 0xf3,
  0x0f, 0x1e, 0xfa, 0x55, 0x48, 0x89, 0xe5, 0x48, 0x83, 0xec, 0x20, 0x48,
  0x89, 0x7d, 0xe8, 0x48, 0x8b, 0x45, 0xe8, 0x48, 0x89, 0x05, 0xbe, 0x0d,
  0x02, 0x00, 0x48, 0x8b, 0x05, 0x57, 0x10, 0x02, 0x00, 0x48, 0x89, 0x05,
  0xa0, 0x0d, 0x02, 0x00, 0xbf, 0x00, 0x00, 0x00, 0x00, 0xe8, 0xde, 0xf9,
  0xff, 0xff, 0x48, 0x8d, 0x05, 0x07, 0xea, 0xff, 0xff, 0x48, 0x89, 0x45,
  0xf8, 0x48, 0x8b, 0x45, 0xf8, 0x48, 0x89, 0x45, 0xf0, 0x48, 0x8d, 0x05,
  0x85, 0xfc, 0xff, 0xff, 0x48, 0x89, 0x05, 0x2d, 0x0d, 0x02, 0x00, 0x48,
  0x8b, 0x05, 0x66, 0x0d, 0x02, 0x00, 0x48, 0x85, 0xc0, 0x75, 0x24, 0x48,
  0x8b, 0x05, 0xaa, 0x0e, 0x02, 0x00, 0x48, 0x05, 0xc8, 0x03, 0x00, 0x00,
  0xba, 0x08, 0x00, 0x00, 0x00, 0x48, 0x89, 0xc6, 0x48, 0x8d, 0x05, 0x45,
  0x0d, 0x02, 0x00, 0x48, 0x89, 0xc7, 0xe8, 0x21, 0x04, 0x00, 0x00, 0xe8,
  0xf1, 0xf9, 0xff, 0xff, 0x48, 0x8b, 0x45, 0xf0, 0xff, 0xd0, 0x48, 0x8b,
  0x05, 0x73, 0x0d, 0x02, 0x00, 0xc9, 0xc3, 0xf3, 0x0f, 0x1e, 0xfa, 0x55,
  0x48, 0x89, 0xe5, 0x48, 0x83, 0xec, 0x20, 0x48, 0x89, 0x7d, 0xf8, 0x48,
  0x89, 0x75, 0xf0, 0x48, 0x89, 0x55, 0xe8, 0x48, 0x8b, 0x05, 0xd2, 0x0f,
  0x02, 0x00, 0x48, 0x8b, 0x55, 0xf0, 0x48, 0x8b, 0x75, 0xf8, 0xff, 0x75,
  0xe8, 0x6a, 0x00, 0x41, 0xb9, 0x00, 0x00, 0x00, 0x00, 0x41, 0xb8, 0x00,
  0x00, 0x00, 0x00, 0xb9, 0x00, 0x00, 0x00, 0x00, 0x48, 0x89, 0xc7, 0xb8,
  0x00, 0x00, 0x00, 0x00, 0xe8, 0x90, 0xfd, 0xff, 0xff, 0x48, 0x83, 0xc4,
  0x10, 0xc9, 0xc3, 0xf3, 0x0f, 0x1e, 0xfa, 0x55, 0x48, 0x89, 0xe5, 0x48,
  0x83, 0xec, 0x10, 0x48, 0x89, 0x7d, 0xf8, 0x48, 0x8b, 0x15, 0x5a, 0x0e,
  0x02, 0x00, 0x48, 0x8b, 0x05, 0x4b, 0x0e, 0x02, 0x00, 0x48, 0x8b, 0x75,
  0xf8, 0xb9, 0x02, 0x00, 0x00, 0x00, 0x48, 0x89, 0xc7, 0xb8, 0x00, 0x00,
  0x00, 0x00, 0xe8, 0x56, 0xfd, 0xff, 0xff, 0xc9, 0xc3, 0xf3, 0x0f, 0x1e,
  0xfa, 0x55, 0x48, 0x89, 0xe5, 0x48, 0x83, 0xec, 0x30, 0xe8, 0x2c, 0xed,
  0xff, 0xff, 0x48, 0x8b, 0x05, 0x7b, 0xfe, 0x01, 0x00, 0x48, 0x85, 0xc0,
  0x0f, 0x85, 0xbd, 0x00, 0x00, 0x00, 0x48, 0x8b, 0x05, 0x83, 0xfe, 0x01,
  0x00, 0x48, 0x8d, 0x48, 0x48, 0x48, 0x8d, 0x45, 0xf8, 0xba, 0x08, 0x00,
  0x00, 0x00, 0x48, 0x89, 0xce, 0x48, 0x89, 0xc7, 0xe8, 0xe7, 0xed, 0xff,
  0xff, 0x48, 0x8b, 0x4d, 0xf8, 0x48, 0x8d, 0x45, 0xf0, 0xba, 0x08, 0x00,
  0x00, 0x00, 0x48, 0x89, 0xce, 0x48, 0x89, 0xc7, 0xe8, 0xcf, 0xed, 0xff,
  0xff, 0x8b, 0x15, 0x31, 0xfe, 0x01, 0x00, 0x89, 0xd0, 0x01, 0xc0, 0x01,
  0xd0, 0xc1, 0xe0, 0x04, 0x48, 0x63, 0xd0, 0x48, 0x8b, 0x45, 0xf0, 0x48,
  0x01, 0xd0, 0x48, 0x8d, 0x48, 0x08, 0x48, 0x8d, 0x45, 0xe8, 0xba, 0x08,
  0x00, 0x00, 0x00, 0x48, 0x89, 0xce, 0x48, 0x89, 0xc7, 0xe8, 0x9e, 0xed,
  0xff, 0xff, 0x48, 0x8b, 0x4d, 0xe8, 0x48, 0x8d, 0x45, 0xe0, 0xba, 0x08,
  0x00, 0x00, 0x00, 0x48, 0x89, 0xce, 0x48, 0x89, 0xc7, 0xe8, 0x86, 0xed,
  0xff, 0xff, 0x48, 0x8b, 0x45, 0xe0, 0x48, 0x8d, 0x48, 0x18, 0x48, 0x8d,
  0x45, 0xd8, 0xba, 0x08, 0x00, 0x00, 0x00, 0x48, 0x89, 0xce, 0x48, 0x89,
  0xc7, 0xe8, 0x6a, 0xed, 0xff, 0xff, 0x48, 0x8b, 0x45, 0xd8, 0x48, 0x05,
  0x20, 0x01, 0x00, 0x00, 0xba, 0x08, 0x00, 0x00, 0x00, 0x48, 0x89, 0xc6,
  0x48, 0x8d, 0x05, 0xbd, 0xfd, 0x01, 0x00, 0x48, 0x89, 0xc7, 0xe8, 0x49,
  0xed, 0xff, 0xff, 0x90, 0xc9, 0xc3, 0xf3, 0x0f, 0x1e, 0xfa, 0x55, 0x48,
  0x89, 0xe5, 0x48, 0x83, 0xec, 0x20, 0x48, 0x89, 0x7d, 0xf8, 0x89, 0x75,
  0xf4, 0x89, 0x55, 0xf0, 0x48, 0x89, 0x4d, 0xe8, 0x4c, 0x89, 0x45, 0xe0,
  0x8b, 0x45, 0xf4, 0x89, 0x05, 0x83, 0xfd, 0x01, 0x00, 0x8b, 0x45, 0xf0,
  0x89, 0x05, 0x7e, 0xfd, 0x01, 0x00, 0x48, 0x8b, 0x45, 0xe8, 0x48, 0x89,
  0x05, 0x77, 0xfd, 0x01, 0x00, 0x48, 0x8b, 0x45, 0xe0, 0x48, 0x89, 0x05,
  0x74, 0xfd, 0x01, 0x00, 0xe8, 0xeb, 0x85, 0x00, 0x00, 0x85, 0xc0, 0x75,
  0x0c, 0xe8, 0xcb, 0xfe, 0xff, 0xff, 0xb8, 0x00, 0x00, 0x00, 0x00, 0xeb,
  0x05, 0xb8, 0xff, 0xff, 0xff, 0xff, 0xc9, 0xc3, 0xf3, 0x0f, 0x1e, 0xfa,
  0x55, 0x48, 0x89, 0xe5, 0x48, 0x83, 0xec, 0x20, 0xc7, 0x45, 0xf8, 0x01,
  0x00, 0x00, 0x00, 0xc7, 0x45, 0xfc, 0x2e, 0x00, 0x00, 0x00, 0x48, 0xc7,
  0x45, 0xf0, 0x08, 0x00, 0x00, 0x00, 0xc7, 0x45, 0xec, 0x00, 0x00, 0x00,
  0x00, 0x48, 0x8d, 0x4d, 0xf0, 0x48, 0x8d, 0x55, 0xec, 0x48, 0x8d, 0x45,
  0xf8, 0x41, 0xb9, 0x00, 0x00, 0x00, 0x00, 0x41, 0xb8, 0x00, 0x00, 0x00,
  0x00, 0xbe, 0x02, 0x00, 0x00, 0x00, 0x48, 0x89, 0xc7, 0xe8, 0xd3, 0xe7,
  0xff, 0xff, 0x8b, 0x45, 0xec, 0xc9, 0xc3, 0x0f, 0x1f, 0x44, 0x00, 0x00,
  0x50, 0x57, 0x48, 0x89, 0xe0, 0x6a, 0x3b, 0x50, 0x68, 0x02, 0x02, 0x01,
  0x00, 0x6a, 0x43, 0x48, 0x8d, 0x05, 0x8e, 0x00, 0x00, 0x00, 0x50, 0x48,
  0x8b, 0x3d, 0x1a, 0xfd, 0x01, 0x00, 0x48, 0x89, 0xe6, 0x48, 0xc7, 0xc2,
  0x28, 0x00, 0x00, 0x00, 0xe8, 0x2b, 0xed, 0xff, 0xff, 0x48, 0x83, 0xc4,
  0x28, 0x48, 0x8b, 0x3c, 0x24, 0x6a, 0x00, 0xff, 0x77, 0x38, 0x8b, 0x87,
  0x88, 0x00, 0x00, 0x00, 0x50, 0x6a, 0x20, 0xff, 0xb7, 0x80, 0x00, 0x00,
  0x00, 0x48, 0x8b, 0x3d, 0xe0, 0xfc, 0x01, 0x00, 0x48, 0x89, 0xe6, 0x48,
  0xc7, 0xc2, 0x28, 0x00, 0x00, 0x00, 0xe8, 0xf9, 0xec, 0xff, 0xff, 0x48,
  0x83, 0xc4, 0x28, 0x48, 0x8b, 0x3c, 0x24, 0x48, 0x87, 0x07, 0x48, 0x87,
  0x4f, 0x10, 0x48, 0x87, 0x57, 0x18, 0x48, 0x87, 0x5f, 0x08, 0x48, 0x87,
  0x6f, 0x30, 0x48, 0x87, 0x77, 0x20, 0x4c, 0x87, 0x47, 0x40, 0x4c, 0x87,
  0x4f, 0x48, 0x4c, 0x87, 0x57, 0x50, 0x4c, 0x87, 0x5f, 0x58, 0x4c, 0x87,
  0x67, 0x60, 0x4c, 0x87, 0x6f, 0x68, 0x4c, 0x87, 0x77, 0x70, 0x4c, 0x87,
  0x7f, 0x78, 0x48, 0x8b, 0x7f, 0x28, 0xcd, 0x09, 0x48, 0x87, 0x3c, 0x24,
  0x48, 0x87, 0x07, 0x48, 0x87, 0x4f, 0x10, 0x48, 0x87, 0x57, 0x18, 0x48,
  0x87, 0x5f, 0x08, 0x48, 0x87, 0x6f, 0x30, 0x48, 0x87, 0x77, 0x20, 0x48,
  0x8b, 0x04, 0x24, 0x48, 0x89, 0x47, 0x28, 0x4c, 0x87, 0x47, 0x40, 0x4c,
  0x87, 0x4f, 0x48, 0x4c, 0x87, 0x57, 0x50, 0x4c, 0x87, 0x5f, 0x58, 0x4c,
  0x87, 0x67, 0x60, 0x4c, 0x87, 0x6f, 0x68, 0x4c, 0x87, 0x77, 0x70, 0x4c,
  0x87, 0x7f, 0x78, 0x48, 0x89, 0x3c, 0x24, 0x48, 0x83, 0xec, 0x28, 0x48,
  0x89, 0xe7, 0x48, 0x8b, 0x35, 0x37, 0xfc, 0x01, 0x00, 0x48, 0xc7, 0xc2,
  0x28, 0x00, 0x00, 0x00, 0xe8, 0x87, 0xeb, 0xff, 0xff, 0x48, 0x8b, 0x7c,
  0x24, 0x28, 0x48, 0x8b, 0x04, 0x24, 0x48, 0x89, 0x87, 0x80, 0x00, 0x00,
  0x00, 0x48, 0x8b, 0x44, 0x24, 0x10, 0x89, 0x87, 0x88, 0x00, 0x00, 0x00,
  0x48, 0x8b, 0x44, 0x24, 0x18, 0x48, 0x89, 0x47, 0x38, 0x48, 0x83, 0xc4,
  0x38, 0xc3, 0x41, 0x57, 0x41, 0x56, 0x41, 0x55, 0x41, 0x54, 0x41, 0x53,
  0x41, 0x52, 0x41, 0x51, 0x41, 0x50, 0x57, 0x56, 0x55, 0x6a, 0x00, 0x53,
  0x52, 0x51, 0x50, 0x48, 0x83, 0xec, 0x28, 0x48, 0x89, 0xe7, 0x48, 0x8b,
  0x35, 0xdb, 0xfb, 0x01, 0x00, 0x48, 0xc7, 0xc2, 0x28, 0x00, 0x00, 0x00,
  0xe8, 0x8b, 0x00, 0x00, 0x00, 0x48, 0xc7, 0xc1, 0xa8, 0x00, 0x00, 0x00,
  0x48, 0x8b, 0x05, 0x59, 0x24, 0x01, 0x00, 0x48, 0x39, 0xc8, 0x48, 0x0f,
  0x42, 0xc8, 0x48, 0x8b, 0x05, 0x43, 0x09, 0x02, 0x00, 0x48, 0x2b, 0x05,
  0x34, 0x09, 0x02, 0x00, 0x48, 0x39, 0xc8, 0x48, 0x0f, 0x42, 0xc8, 0x48,
  0x8b, 0x3d, 0x26, 0x09, 0x02, 0x00, 0x48, 0x89, 0xe6, 0xf3, 0xa4, 0x48,
  0x89, 0x3d, 0x1a, 0x09, 0x02, 0x00, 0x80, 0x4c, 0x24, 0x12, 0x01, 0x48,
  0x83, 0x3d, 0x1d, 0x09, 0x02, 0x00, 0x00, 0x74, 0x0b, 0x48, 0x89, 0xe7,
  0x55, 0xff, 0x15, 0x11, 0x09, 0x02, 0x00, 0x5d, 0x48, 0x8b, 0x3d, 0x71,
  0xfb, 0x01, 0x00, 0x48, 0x89, 0xe6, 0x48, 0xc7, 0xc2, 0x28, 0x00, 0x00,
  0x00, 0xe8, 0x1e, 0x00, 0x00, 0x00, 0x48, 0x83, 0xc4, 0x28, 0x58, 0x59,
  0x5a, 0x5b, 0x5d, 0x5d, 0x5e, 0x5f, 0x41, 0x58, 0x41, 0x59, 0x41, 0x5a,
  0x41, 0x5b, 0x41, 0x5c, 0x41, 0x5d, 0x41, 0x5e, 0x41, 0x5f, 0xcd, 0x09,
  0x48, 0x89, 0xd1, 0x48, 0x89, 0xe8, 0xcd, 0xb3, 0x48, 0x89, 0xc5, 0xc3,
  0xf3, 0x0f, 0x1e, 0xfa, 0x55, 0x48, 0x89, 0xe5, 0x48, 0x8b, 0x05, 0xf9,
  0xfa, 0x01, 0x00, 0x48, 0x05, 0x58, 0xdc, 0x76, 0x02, 0x48, 0x89, 0x05,
  0x6c, 0x09, 0x02, 0x00, 0x48, 0x8b, 0x05, 0xe5, 0xfa, 0x01, 0x00, 0x48,
  0x05, 0x80, 0xdc, 0x42, 0x06, 0x48, 0x89, 0x05, 0x60, 0x09, 0x02, 0x00,
  0x48, 0x8b, 0x05, 0xd1, 0xfa, 0x01, 0x00, 0x48, 0x05, 0x20, 0xee, 0x42,
  0x06, 0x48, 0x89, 0x05, 0x54, 0x09, 0x02, 0x00, 0x48, 0x8b, 0x05, 0xbd,
  0xfa, 0x01, 0x00, 0x48, 0x05, 0x20, 0x08, 0x43, 0x06, 0x48, 0x89, 0x05,
  0x48, 0x09, 0x02, 0x00, 0x48, 0x8b, 0x05, 0xa9, 0xfa, 0x01, 0x00, 0x48,
  0x05, 0x80, 0x22, 0x43, 0x06, 0x48, 0x89, 0x05, 0x3c, 0x09, 0x02, 0x00,
  0x48, 0x8b, 0x05, 0x95, 0xfa, 0x01, 0x00, 0x48, 0x2d, 0xbc, 0xef, 0x9a,
  0x00, 0x48, 0x89, 0x05, 0x30, 0x09, 0x02, 0x00, 0x48, 0x8b, 0x05, 0x81,
  0xfa, 0x01, 0x00, 0x48, 0x2d, 0xc3, 0xef, 0x9a, 0x00, 0x48, 0x89, 0x05,
  0x24, 0x09, 0x02, 0x00, 0x48, 0x8b, 0x05, 0x6d, 0xfa, 0x01, 0x00, 0x48,
  0x2d, 0xc6, 0xef, 0x9a, 0x00, 0x48, 0x89, 0x05, 0x18, 0x09, 0x02, 0x00,
  0x48, 0x8b, 0x05, 0x59, 0xfa, 0x01, 0x00, 0x48, 0x2d, 0x9a, 0xf7, 0x96,
  0x00, 0x48, 0x89, 0x05, 0x0c, 0x09, 0x02, 0x00, 0x48, 0x8b, 0x05, 0x45,
  0xfa, 0x01, 0x00, 0x48, 0x2d, 0x6a, 0x04, 0x9b, 0x00, 0x48, 0x89, 0x05,
  0x00, 0x09, 0x02, 0x00, 0x48, 0x8b, 0x05, 0x31, 0xfa, 0x01, 0x00, 0x48,
  0x2d, 0x3c, 0x18, 0x9b, 0x00, 0x48, 0x89, 0x05, 0xf4, 0x08, 0x02, 0x00,
  0x48, 0x8b, 0x05, 0x1d, 0xfa, 0x01, 0x00, 0x48, 0x2d, 0x13, 0x65, 0x9b,
  0x00, 0x48, 0x89, 0x05, 0xe8, 0x08, 0x02, 0x00, 0x48, 0x8b, 0x05, 0x09,
  0xfa, 0x01, 0x00, 0x48, 0x2d, 0xfa, 0x63, 0x9b, 0x00, 0x48, 0x89, 0x05,
  0xdc, 0x08, 0x02, 0x00, 0x48, 0x8b, 0x05, 0xf5, 0xf9, 0x01, 0x00, 0x48,
  0x2d, 0x07, 0x63, 0x9b, 0x00, 0x48, 0x89, 0x05, 0xd0, 0x08, 0x02, 0x00,
  0x48, 0x8b, 0x05, 0xe1, 0xf9, 0x01, 0x00, 0x48, 0x2d, 0x9e, 0x09, 0x39,
  0x00, 0x48, 0x89, 0x05, 0xc4, 0x08, 0x02, 0x00, 0x48, 0x8b, 0x05, 0xcd,
  0xf9, 0x01, 0x00, 0x48, 0x2d, 0x0e, 0x0a, 0x39, 0x00, 0x48, 0x89, 0x05,
  0xb8, 0x08, 0x02, 0x00, 0x48, 0x8b, 0x05, 0xb9, 0xf9, 0x01, 0x00, 0x48,
  0x2d, 0x3a, 0x18, 0x9b, 0x00, 0x48, 0x89, 0x05, 0xac, 0x08, 0x02, 0x00,
  0x48, 0x8b, 0x05, 0xa5, 0xf9, 0x01, 0x00, 0x48, 0x2d, 0x00, 0x67, 0x9b,
  0x00, 0x48, 0x89, 0x05, 0xa0, 0x08, 0x02, 0x00, 0x48, 0x8b, 0x05, 0x91,
  0xf9, 0x01, 0x00, 0x48, 0x2d, 0x51, 0xe6, 0x8e, 0x00, 0x48, 0x89, 0x05,
  0x94, 0x08, 0x02, 0x00, 0x48, 0x8b, 0x05, 0x7d, 0xf9, 0x01, 0x00, 0x48,
  0x2d, 0x4b, 0xe6, 0x8e, 0x00, 0x48, 0x89, 0x05, 0x88, 0x08, 0x02, 0x00,
  0x48, 0x8b, 0x05, 0x69, 0xf9, 0x01, 0x00, 0x48, 0x2d, 0xbd, 0x92, 0x2c,
  0x00, 0x48, 0x89, 0x05, 0x7c, 0x08, 0x02, 0x00, 0x48, 0x8b, 0x05, 0x55,
  0xf9, 0x01, 0x00, 0x48, 0x2d, 0xbb, 0x92, 0x2c, 0x00, 0x48, 0x89, 0x05,
  0x70, 0x08, 0x02, 0x00, 0x48, 0x8b, 0x05, 0x41, 0xf9, 0x01, 0x00, 0x48,
  0x2d, 0x1e, 0xd2, 0x1d, 0x00, 0x48, 0x89, 0x05, 0x64, 0x08, 0x02, 0x00,
  0x48, 0x8b, 0x05, 0x2d, 0xf9, 0x01, 0x00, 0x48, 0x2d, 0x1c, 0xd2, 0x1d,
  0x00, 0x48, 0x89, 0x05, 0x58, 0x08, 0x02, 0x00, 0x48, 0x8b, 0x05, 0x19,
  0xf9, 0x01, 0x00, 0x48, 0x2d, 0x9f, 0x54, 0x6b, 0x00, 0x48, 0x89, 0x05,
  0x4c, 0x08, 0x02, 0x00, 0x48, 0x8b, 0x05, 0x05, 0xf9, 0x01, 0x00, 0x48,
  0x2d, 0x49, 0x54, 0x6b, 0x00, 0x48, 0x89, 0x05, 0x40, 0x08, 0x02, 0x00,
  0x48, 0x8b, 0x05, 0xf1, 0xf8, 0x01, 0x00, 0x48, 0x2d, 0x49, 0x6d, 0x62,
  0x00, 0x48, 0x89, 0x05, 0x34, 0x08, 0x02, 0x00, 0x48, 0x8b, 0x05, 0xdd,
  0xf8, 0x01, 0x00, 0x48, 0x05, 0x20, 0xf7, 0x16, 0x00, 0x48, 0x89, 0x05,
  0x28, 0x08, 0x02, 0x00, 0x48, 0x8b, 0x05, 0xc9, 0xf8, 0x01, 0x00, 0x48,
  0x05, 0x70, 0x71, 0x16, 0x00, 0x48, 0x89, 0x05, 0x1c, 0x08, 0x02, 0x00,
  0x48, 0x8b, 0x05, 0xb5, 0xf8, 0x01, 0x00, 0x48, 0x05, 0xd8, 0x0c, 0xca,
  0x00, 0x48, 0x89, 0x05, 0x10, 0x08, 0x02, 0x00, 0x48, 0x8b, 0x05, 0xa1,
  0xf8, 0x01, 0x00, 0x48, 0x05, 0x50, 0x0e, 0xca, 0x00, 0x48, 0x89, 0x05,
  0x04, 0x08, 0x02, 0x00, 0x48, 0x8b, 0x05, 0x8d, 0xf8, 0x01, 0x00, 0x48,
  0x2d, 0xf0, 0x5d, 0x67, 0x00, 0x48, 0x89, 0x05, 0xf8, 0x07, 0x02, 0x00,
  0x48, 0x8b, 0x05, 0x79, 0xf8, 0x01, 0x00, 0x48, 0x2d, 0x40, 0xa5, 0x88,
  0x00, 0x48, 0x89, 0x05, 0xec, 0x07, 0x02, 0x00, 0x48, 0x8b, 0x05, 0x65,
  0xf8, 0x01, 0x00, 0x48, 0x2d, 0xbf, 0x91, 0x7e, 0x00, 0x48, 0x89, 0x05,
  0xe0, 0x07, 0x02, 0x00, 0x48, 0x8b, 0x05, 0x51, 0xf8, 0x01, 0x00, 0x48,
  0x2d, 0x9c, 0x91, 0x7e, 0x00, 0x48, 0x89, 0x05, 0xd4, 0x07, 0x02, 0x00,
  0x48, 0x8b, 0x05, 0x3d, 0xf8, 0x01, 0x00, 0x48, 0x2d, 0xa0, 0xa2, 0x0a,
  0x00, 0x48, 0x89, 0x05, 0xc8, 0x07, 0x02, 0x00, 0x48, 0x8b, 0x05, 0x29,
  0xf8, 0x01, 0x00, 0x48, 0x05, 0x70, 0x3d, 0x2d, 0x01, 0x48, 0x89, 0x05,
  0xbc, 0x07, 0x02, 0x00, 0x48, 0x8b, 0x05, 0x15, 0xf8, 0x01, 0x00, 0x48,
  0x2d, 0x0d, 0x9e, 0x88, 0x00, 0x48, 0x89, 0x05, 0xb0, 0x07, 0x02, 0x00,
  0x48, 0x8b, 0x05, 0x01, 0xf8, 0x01, 0x00, 0x48, 0x2d, 0xa8, 0x88, 0x2c,
  0x00, 0x48, 0x89, 0x05, 0xa4, 0x07, 0x02, 0x00, 0x48, 0x8b, 0x05, 0xed,
  0xf7, 0x01, 0x00, 0x48, 0x2d, 0x67, 0xa0, 0x88, 0x00, 0x48, 0x89, 0x05,
  0x98, 0x07, 0x02, 0x00, 0x48, 0x8b, 0x05, 0xd9, 0xf7, 0x01, 0x00, 0x48,
  0x2d, 0xca, 0x9c, 0x88, 0x00, 0x48, 0x89, 0x05, 0x8c, 0x07, 0x02, 0x00,
  0x48, 0x8b, 0x05, 0xc5, 0xf7, 0x01, 0x00, 0x48, 0x2d, 0x03, 0x9c, 0x88,
  0x00, 0x48, 0x89, 0x05, 0x80, 0x07, 0x02, 0x00, 0x48, 0x8b, 0x05, 0xb1,
  0xf7, 0x01, 0x00, 0x48, 0x2d, 0x12, 0x91, 0x88, 0x00, 0x48, 0x89, 0x05,
  0x74, 0x07, 0x02, 0x00, 0x48, 0x8b, 0x05, 0x9d, 0xf7, 0x01, 0x00, 0x48,
  0x2d, 0x95, 0x95, 0x88, 0x00, 0x48, 0x89, 0x05, 0x68, 0x07, 0x02, 0x00,
  0x48, 0x8b, 0x05, 0x89, 0xf7, 0x01, 0x00, 0x48, 0x2d, 0xbc, 0xa1, 0x88,
  0x00, 0x48, 0x89, 0x05, 0x5c, 0x07, 0x02, 0x00, 0x48, 0x8b, 0x05, 0x75,
  0xf7, 0x01, 0x00, 0x48, 0x2d, 0x81, 0x9e, 0x88, 0x00, 0x48, 0x89, 0x05,
  0x50, 0x07, 0x02, 0x00, 0x48, 0x8b, 0x05, 0x61, 0xf7, 0x01, 0x00, 0x48,
  0x2d, 0x54, 0x99, 0x88, 0x00, 0x48, 0x89, 0x05, 0x44, 0x07, 0x02, 0x00,
  0x48, 0x8b, 0x05, 0x4d, 0xf7, 0x01, 0x00, 0x48, 0x2d, 0xcc, 0x91, 0x88,
  0x00, 0x48, 0x89, 0x05, 0x38, 0x07, 0x02, 0x00, 0x48, 0x8b, 0x05, 0x39,
  0xf7, 0x01, 0x00, 0x48, 0x2d, 0xbe, 0xa5, 0x88, 0x00, 0x48, 0x89, 0x05,
  0x2c, 0x07, 0x02, 0x00, 0x48, 0x8b, 0x05, 0x25, 0xf7, 0x01, 0x00, 0x48,
  0x2d, 0xb0, 0xd9, 0x92, 0x00, 0x48, 0x89, 0x05, 0x20, 0x07, 0x02, 0x00,
  0x48, 0x8b, 0x05, 0x11, 0xf7, 0x01, 0x00, 0x48, 0x2d, 0x7b, 0xdf, 0x92,
  0x00, 0x48, 0x89, 0x05, 0x14, 0x07, 0x02, 0x00, 0x48, 0x8b, 0x05, 0xfd,
  0xf6, 0x01, 0x00, 0x48, 0x2d, 0x05, 0xdf, 0x92, 0x00, 0x48, 0x89, 0x05,
  0x08, 0x07, 0x02, 0x00, 0x48, 0x8b, 0x05, 0xe9, 0xf6, 0x01, 0x00, 0x48,
  0x2d, 0x60, 0xdc, 0x92, 0x00, 0x48, 0x89, 0x05, 0xfc, 0x06, 0x02, 0x00,
  0x48, 0x8b, 0x05, 0xd5, 0xf6, 0x01, 0x00, 0x48, 0x2d, 0x30, 0x1e, 0x8d,
  0x00, 0x48, 0x89, 0x05, 0xf0, 0x06, 0x02, 0x00, 0x48, 0x8b, 0x05, 0xc1,
  0xf6, 0x01, 0x00, 0x48, 0x2d, 0xf2, 0x1d, 0x8d, 0x00, 0x48, 0x89, 0x05,
  0xe4, 0x06, 0x02, 0x00, 0x48, 0x8b, 0x05, 0xad, 0xf6, 0x01, 0x00, 0x48,
  0x2d, 0x50, 0x00, 0x97, 0x00, 0x48, 0x89, 0x05, 0xd8, 0x06, 0x02, 0x00,
  0x48, 0x8b, 0x05, 0x99, 0xf6, 0x01, 0x00, 0x48, 0x2d, 0x00, 0x01, 0x97,
  0x00, 0x48, 0x89, 0x05, 0xcc, 0x06, 0x02, 0x00, 0x48, 0x8b, 0x05, 0x85,
  0xf6, 0x01, 0x00, 0x48, 0x2d, 0x90, 0x57, 0x47, 0x00, 0x48, 0x89, 0x05,
  0xc0, 0x06, 0x02, 0x00, 0x48, 0x8b, 0x05, 0x71, 0xf6, 0x01, 0x00, 0x48,
  0x2d, 0x00, 0xf1, 0x9a, 0x00, 0x48, 0x89, 0x05, 0xb4, 0x06, 0x02, 0x00,
  0x48, 0x8b, 0x05, 0x5d, 0xf6, 0x01, 0x00, 0x48, 0x2d, 0xf8, 0xf0, 0x9a,
  0x00, 0x48, 0x89, 0x05, 0xa8, 0x06, 0x02, 0x00, 0x48, 0x8b, 0x05, 0x49,
  0xf6, 0x01, 0x00, 0x48, 0x05, 0x88, 0xfe, 0xd4, 0x00, 0x48, 0x89, 0x05,
  0x9c, 0x06, 0x02, 0x00, 0x48, 0x8b, 0x05, 0x35, 0xf6, 0x01, 0x00, 0x48,
  0x2d, 0x1b, 0xf0, 0x9a, 0x00, 0x48, 0x89, 0x05, 0x90, 0x06, 0x02, 0x00,
  0x48, 0x8b, 0x05, 0x21, 0xf6, 0x01, 0x00, 0x48, 0x2d, 0x17, 0xf0, 0x9a,
  0x00, 0x48, 0x89, 0x05, 0x84, 0x06, 0x02, 0x00, 0x48, 0x8b, 0x05, 0x0d,
  0xf6, 0x01, 0x00, 0x48, 0x2d, 0x70, 0xf5, 0x94, 0x00, 0x48, 0x89, 0x05,
  0x78, 0x06, 0x02, 0x00, 0x48, 0x8b, 0x05, 0xf9, 0xf5, 0x01, 0x00, 0x48,
  0x05, 0x18, 0xe2, 0x1b, 0x03, 0x48, 0x89, 0x05, 0x6c, 0x06, 0x02, 0x00,
  0x48, 0x8b, 0x05, 0xe5, 0xf5, 0x01, 0x00, 0x48, 0x05, 0x30, 0x98, 0xd9,
  0x02, 0x48, 0x89, 0x05, 0x60, 0x06, 0x02, 0x00, 0x48, 0x8b, 0x05, 0xd1,
  0xf5, 0x01, 0x00, 0x48, 0x05, 0x74, 0x64, 0x46, 0x06, 0x48, 0x89, 0x05,
  0x54, 0x06, 0x02, 0x00, 0x48, 0x8b, 0x05, 0xbd, 0xf5, 0x01, 0x00, 0x48,
  0x05, 0x7d, 0x64, 0x46, 0x06, 0x48, 0x89, 0x05, 0x48, 0x06, 0x02, 0x00,
  0x48, 0x8b, 0x05, 0xa9, 0xf5, 0x01, 0x00, 0x48, 0x05, 0x98, 0x64, 0x46,
  0x06, 0x48, 0x89, 0x05, 0x3c, 0x06, 0x02, 0x00, 0x48, 0x8b, 0x05, 0x95,
  0xf5, 0x01, 0x00, 0x48, 0x05, 0x00, 0x65, 0x46, 0x06, 0x48, 0x89, 0x05,
  0x30, 0x06, 0x02, 0x00, 0x48, 0x8b, 0x05, 0x81, 0xf5, 0x01, 0x00, 0x48,
  0x89, 0x05, 0x2a, 0x06, 0x02, 0x00, 0x48, 0x8b, 0x05, 0x73, 0xf5, 0x01,
  0x00, 0x48, 0x83, 0xc0, 0x02, 0x48, 0x89, 0x05, 0x20, 0x06, 0x02, 0x00,
  0x48, 0x8b, 0x05, 0x61, 0xf5, 0x01, 0x00, 0x48, 0x89, 0x05, 0x1a, 0x06,
  0x02, 0x00, 0x48, 0x8b, 0x05, 0x53, 0xf5, 0x01, 0x00, 0x48, 0x89, 0x05,
  0x14, 0x06, 0x02, 0x00, 0x48, 0x8b, 0x05, 0x45, 0xf5, 0x01, 0x00, 0x48,
  0x89, 0x05, 0x0e, 0x06, 0x02, 0x00, 0x48, 0x8b, 0x05, 0x37, 0xf5, 0x01,
  0x00, 0x48, 0x89, 0x05, 0x08, 0x06, 0x02, 0x00, 0x48, 0x8b, 0x05, 0x29,
  0xf5, 0x01, 0x00, 0x48, 0x89, 0x05, 0x02, 0x06, 0x02, 0x00, 0x48, 0x8b,
  0x05, 0x1b, 0xf5, 0x01, 0x00, 0x48, 0x89, 0x05, 0xfc, 0x05, 0x02, 0x00,
  0x90, 0x5d, 0xc3, 0xf3, 0x0f, 0x1e, 0xfa, 0x55, 0x48, 0x89, 0xe5, 0x48,
  0x8b, 0x05, 0x02, 0xf5, 0x01, 0x00, 0x48, 0x05, 0x58, 0xdc, 0x76, 0x02,
  0x48, 0x89, 0x05, 0x75, 0x03, 0x02, 0x00, 0x48, 0x8b, 0x05, 0xee, 0xf4,
  0x01, 0x00, 0x48, 0x05, 0x80, 0xdc, 0x42, 0x06, 0x48, 0x89, 0x05, 0x69,
  0x03, 0x02, 0x00, 0x48, 0x8b, 0x05, 0xda, 0xf4, 0x01, 0x00, 0x48, 0x05,
  0x20, 0xee, 0x42, 0x06, 0x48, 0x89, 0x05, 0x5d, 0x03, 0x02, 0x00, 0x48,
  0x8b, 0x05, 0xc6, 0xf4, 0x01, 0x00, 0x48, 0x05, 0x20, 0x08, 0x43, 0x06,
  0x48, 0x89, 0x05, 0x51, 0x03, 0x02, 0x00, 0x48, 0x8b, 0x05, 0xb2, 0xf4,
  0x01, 0x00, 0x48, 0x05, 0x80, 0x22, 0x43, 0x06, 0x48, 0x89, 0x05, 0x45,
  0x03, 0x02, 0x00, 0x48, 0x8b, 0x05, 0x9e, 0xf4, 0x01, 0x00, 0x48, 0x2d,
  0xbc, 0xef, 0x9a, 0x00, 0x48, 0x89, 0x05, 0x39, 0x03, 0x02, 0x00, 0x48,
  0x8b, 0x05, 0x8a, 0xf4, 0x01, 0x00, 0x48, 0x2d, 0xc3, 0xef, 0x9a, 0x00,
  0x48, 0x89, 0x05, 0x2d, 0x03, 0x02, 0x00, 0x48, 0x8b, 0x05, 0x76, 0xf4,
  0x01, 0x00, 0x48, 0x2d, 0xc6, 0xef, 0x9a, 0x00, 0x48, 0x89, 0x05, 0x21,
  0x03, 0x02, 0x00, 0x48, 0x8b, 0x05, 0x62, 0xf4, 0x01, 0x00, 0x48, 0x2d,
  0x9a, 0xf7, 0x96, 0x00, 0x48, 0x89, 0x05, 0x15, 0x03, 0x02, 0x00, 0x48,
  0x8b, 0x05, 0x4e, 0xf4, 0x01, 0x00, 0x48, 0x2d, 0x6a, 0x04, 0x9b, 0x00,
  0x48, 0x89, 0x05, 0x09, 0x03, 0x02, 0x00, 0x48, 0x8b, 0x05, 0x3a, 0xf4,
  0x01, 0x00, 0x48, 0x2d, 0x3c, 0x18, 0x9b, 0x00, 0x48, 0x89, 0x05, 0xfd,
  0x02, 0x02, 0x00, 0x48, 0x8b, 0x05, 0x26, 0xf4, 0x01, 0x00, 0x48, 0x2d,
  0x13, 0x65, 0x9b, 0x00, 0x48, 0x89, 0x05, 0xf1, 0x02, 0x02, 0x00, 0x48,
  0x8b, 0x05, 0x12, 0xf4, 0x01, 0x00, 0x48, 0x2d, 0xfa, 0x63, 0x9b, 0x00,
  0x48, 0x89, 0x05, 0xe5, 0x02, 0x02, 0x00, 0x48, 0x8b, 0x05, 0xfe, 0xf3,
  0x01, 0x00, 0x48, 0x2d, 0x07, 0x63, 0x9b, 0x00, 0x48, 0x89, 0x05, 0xd9,
  0x02, 0x02, 0x00, 0x48, 0x8b, 0x05, 0xea, 0xf3, 0x01, 0x00, 0x48, 0x2d,
  0x5e, 0x09, 0x39, 0x00, 0x48, 0x89, 0x05, 0xcd, 0x02, 0x02, 0x00, 0x48,
  0x8b, 0x05, 0xd6, 0xf3, 0x01, 0x00, 0x48, 0x2d, 0xce, 0x09, 0x39, 0x00,
  0x48, 0x89, 0x05, 0xc1, 0x02, 0x02, 0x00, 0x48, 0x8b, 0x05, 0xc2, 0xf3,
  0x01, 0x00, 0x48, 0x2d, 0x3a, 0x18, 0x9b, 0x00, 0x48, 0x89, 0x05, 0xb5,
  0x02, 0x02, 0x00, 0x48, 0x8b, 0x05, 0xae, 0xf3, 0x01, 0x00, 0x48, 0x2d,
  0x00, 0x67, 0x9b, 0x00, 0x48, 0x89, 0x05, 0xa9, 0x02, 0x02, 0x00, 0x48,
  0x8b, 0x05, 0x9a, 0xf3, 0x01, 0x00, 0x48, 0x2d, 0x51, 0xe6, 0x8e, 0x00,
  0x48, 0x89, 0x05, 0x9d, 0x02, 0x02, 0x00, 0x48, 0x8b, 0x05, 0x86, 0xf3,
  0x01, 0x00, 0x48, 0x2d, 0x4b, 0xe6, 0x8e, 0x00, 0x48, 0x89, 0x05, 0x91,
  0x02, 0x02, 0x00, 0x48, 0x8b, 0x05, 0x72, 0xf3, 0x01, 0x00, 0x48, 0x2d,
  0x7d, 0x92, 0x2c, 0x00, 0x48, 0x89, 0x05, 0x85, 0x02, 0x02, 0x00, 0x48,
  0x8b, 0x05, 0x5e, 0xf3, 0x01, 0x00, 0x48, 0x2d, 0x7b, 0x92, 0x2c, 0x00,
  0x48, 0x89, 0x05, 0x79, 0x02, 0x02, 0x00, 0x48, 0x8b, 0x05, 0x4a, 0xf3,
  0x01, 0x00, 0x48, 0x2d, 0xde, 0xd1, 0x1d, 0x00, 0x48, 0x89, 0x05, 0x6d,
  0x02, 0x02, 0x00, 0x48, 0x8b, 0x05, 0x36, 0xf3, 0x01, 0x00, 0x48, 0x2d,
  0xdc, 0xd1, 0x1d, 0x00, 0x48, 0x89, 0x05, 0x61, 0x02, 0x02, 0x00, 0x48,
  0x8b, 0x05, 0x22, 0xf3, 0x01, 0x00, 0x48, 0x2d, 0x5f, 0x54, 0x6b, 0x00,
  0x48, 0x89, 0x05, 0x55, 0x02, 0x02, 0x00, 0x48, 0x8b, 0x05, 0x0e, 0xf3,
  0x01, 0x00, 0x48, 0x2d, 0x09, 0x54, 0x6b, 0x00, 0x48, 0x89, 0x05, 0x49,
  0x02, 0x02, 0x00, 0x48, 0x8b, 0x05, 0xfa, 0xf2, 0x01, 0x00, 0x48, 0x2d,
  0x09, 0x6d, 0x62, 0x00, 0x48, 0x89, 0x05, 0x3d, 0x02, 0x02, 0x00, 0x48,
  0x8b, 0x05, 0xe6, 0xf2, 0x01, 0x00, 0x48, 0x05, 0x20, 0xf7, 0x16, 0x00,
  0x48, 0x89, 0x05, 0x31, 0x02, 0x02, 0x00, 0x48, 0x8b, 0x05, 0xd2, 0xf2,
  0x01, 0x00, 0x48, 0x05, 0x70, 0x71, 0x16, 0x00, 0x48, 0x89, 0x05, 0x25,
  0x02, 0x02, 0x00, 0x48, 0x8b, 0x05, 0xbe, 0xf2, 0x01, 0x00, 0x48, 0x05,
  0xd8, 0x0c, 0xca, 0x00, 0x48, 0x89, 0x05, 0x19, 0x02, 0x02, 0x00, 0x48,
  0x8b, 0x05, 0xaa, 0xf2, 0x01, 0x00, 0x48, 0x05, 0x50, 0x0e, 0xca, 0x00,
  0x48, 0x89, 0x05, 0x0d, 0x02, 0x02, 0x00, 0x48, 0x8b, 0x05, 0x96, 0xf2,
  0x01, 0x00, 0x48, 0x2d, 0xb0, 0x5d, 0x67, 0x00, 0x48, 0x89, 0x05, 0x01,
  0x02, 0x02, 0x00, 0x48, 0x8b, 0x05, 0x82, 0xf2, 0x01, 0x00, 0x48, 0x2d,
  0x40, 0xa5, 0x88, 0x00, 0x48, 0x89, 0x05, 0xf5, 0x01, 0x02, 0x00, 0x48,
  0x8b, 0x05, 0x6e, 0xf2, 0x01, 0x00, 0x48, 0x2d, 0x7f, 0x91, 0x7e, 0x00,
  0x48, 0x89, 0x05, 0xe9, 0x01, 0x02, 0x00, 0x48, 0x8b, 0x05, 0x5a, 0xf2,
  0x01, 0x00, 0x48, 0x2d, 0x5c, 0x91, 0x7e, 0x00, 0x48, 0x89, 0x05, 0xdd,
  0x01, 0x02, 0x00, 0x48, 0x8b, 0x05, 0x46, 0xf2, 0x01, 0x00, 0x48, 0x2d,
  0x60, 0xa2, 0x0a, 0x00, 0x48, 0x89, 0x05, 0xd1, 0x01, 0x02, 0x00, 0x48,
  0x8b, 0x05, 0x32, 0xf2, 0x01, 0x00, 0x48, 0x05, 0x70, 0x3d, 0x2d, 0x01,
  0x48, 0x89, 0x05, 0xc5, 0x01, 0x02, 0x00, 0x48, 0x8b, 0x05, 0x1e, 0xf2,
  0x01, 0x00, 0x48, 0x2d, 0xcd, 0x9d, 0x88, 0x00, 0x48, 0x89, 0x05, 0xb9,
  0x01, 0x02, 0x00, 0x48, 0x8b, 0x05, 0x0a, 0xf2, 0x01, 0x00, 0x48, 0x2d,
  0x68, 0x88, 0x2c, 0x00, 0x48, 0x89, 0x05, 0xad, 0x01, 0x02, 0x00, 0x48,
  0x8b, 0x05, 0xf6, 0xf1, 0x01, 0x00, 0x48, 0x2d, 0x27, 0xa0, 0x88, 0x00,
  0x48, 0x89, 0x05, 0xa1, 0x01, 0x02, 0x00, 0x48, 0x8b, 0x05, 0xe2, 0xf1,
  0x01, 0x00, 0x48, 0x2d, 0x8a, 0x9c, 0x88, 0x00, 0x48, 0x89, 0x05, 0x95,
  0x01, 0x02, 0x00, 0x48, 0x8b, 0x05, 0xce, 0xf1, 0x01, 0x00, 0x48, 0x2d,
  0xc3, 0x9b, 0x88, 0x00, 0x48, 0x89, 0x05, 0x89, 0x01, 0x02, 0x00, 0x48,
  0x8b, 0x05, 0xba, 0xf1, 0x01, 0x00, 0x48, 0x2d, 0xd2, 0x90, 0x88, 0x00,
  0x48, 0x89, 0x05, 0x7d, 0x01, 0x02, 0x00, 0x48, 0x8b, 0x05, 0xa6, 0xf1,
  0x01, 0x00, 0x48, 0x2d, 0x55, 0x95, 0x88, 0x00, 0x48, 0x89, 0x05, 0x71,
  0x01, 0x02, 0x00, 0x48, 0x8b, 0x05, 0x92, 0xf1, 0x01, 0x00, 0x48, 0x2d,
  0xbc, 0xa1, 0x88, 0x00, 0x48, 0x89, 0x05, 0x65, 0x01, 0x02, 0x00, 0x48,
  0x8b, 0x05, 0x7e, 0xf1, 0x01, 0x00, 0x48, 0x2d, 0x41, 0x9e, 0x88, 0x00,
  0x48, 0x89, 0x05, 0x59, 0x01, 0x02, 0x00, 0x48, 0x8b, 0x05, 0x6a, 0xf1,
  0x01, 0x00, 0x48, 0x2d, 0x14, 0x99, 0x88, 0x00, 0x48, 0x89, 0x05, 0x4d,
  0x01, 0x02, 0x00, 0x48, 0x8b, 0x05, 0x56, 0xf1, 0x01, 0x00, 0x48, 0x2d,
  0x8c, 0x91, 0x88, 0x00, 0x48, 0x89, 0x05, 0x41, 0x01, 0x02, 0x00, 0x48,
  0x8b, 0x05, 0x42, 0xf1, 0x01, 0x00, 0x48, 0x2d, 0xbe, 0xa5, 0x88, 0x00,
  0x48, 0x89, 0x05, 0x35, 0x01, 0x02, 0x00, 0x48, 0x8b, 0x05, 0x2e, 0xf1,
  0x01, 0x00, 0x48, 0x2d, 0xb0, 0xd9, 0x92, 0x00, 0x48, 0x89, 0x05, 0x29,
  0x01, 0x02, 0x00, 0x48, 0x8b, 0x05, 0x1a, 0xf1, 0x01, 0x00, 0x48, 0x2d,
  0x7b, 0xdf, 0x92, 0x00, 0x48, 0x89, 0x05, 0x1d, 0x01, 0x02, 0x00, 0x48,
  0x8b, 0x05, 0x06, 0xf1, 0x01, 0x00, 0x48, 0x2d, 0x05, 0xdf, 0x92, 0x00,
  0x48, 0x89, 0x05, 0x11, 0x01, 0x02, 0x00, 0x48, 0x8b, 0x05, 0xf2, 0xf0,
  0x01, 0x00, 0x48, 0x2d, 0x60, 0xdc, 0x92, 0x00, 0x48, 0x89, 0x05, 0x05,
  0x01, 0x02, 0x00, 0x48, 0x8b, 0x05, 0xde, 0xf0, 0x01, 0x00, 0x48, 0x2d,
  0x30, 0x1e, 0x8d, 0x00, 0x48, 0x89, 0x05, 0xf9, 0x00, 0x02, 0x00, 0x48,
  0x8b, 0x05, 0xca, 0xf0, 0x01, 0x00, 0x48, 0x2d, 0xf2, 0x1d, 0x8d, 0x00,
  0x48, 0x89, 0x05, 0xed, 0x00, 0x02, 0x00, 0x48, 0x8b, 0x05, 0xb6, 0xf0,
  0x01, 0x00, 0x48, 0x2d, 0x50, 0x00, 0x97, 0x00, 0x48, 0x89, 0x05, 0xe1,
  0x00, 0x02, 0x00, 0x48, 0x8b, 0x05, 0xa2, 0xf0, 0x01, 0x00, 0x48, 0x2d,
  0x00, 0x01, 0x97, 0x00, 0x48, 0x89, 0x05, 0xd5, 0x00, 0x02, 0x00, 0x48,
  0x8b, 0x05, 0x8e, 0xf0, 0x01, 0x00, 0x48, 0x2d, 0x50, 0x57, 0x47, 0x00,
  0x48, 0x89, 0x05, 0xc9, 0x00, 0x02, 0x00, 0x48, 0x8b, 0x05, 0x7a, 0xf0,
  0x01, 0x00, 0x48, 0x2d, 0x00, 0xf1, 0x9a, 0x00, 0x48, 0x89, 0x05, 0xbd,
  0x00, 0x02, 0x00, 0x48, 0x8b, 0x05, 0x66, 0xf0, 0x01, 0x00, 0x48, 0x2d,
  0xf8, 0xf0, 0x9a, 0x00, 0x48, 0x89, 0x05, 0xb1, 0x00, 0x02, 0x00, 0x48,
  0x8b, 0x05, 0x52, 0xf0, 0x01, 0x00, 0x48, 0x05, 0x88, 0xfe, 0xd4, 0x00,
  0x48, 0x89, 0x05, 0xa5, 0x00, 0x02, 0x00, 0x48, 0x8b, 0x05, 0x3e, 0xf0,
  0x01, 0x00, 0x48, 0x2d, 0x1b, 0xf0, 0x9a, 0x00, 0x48, 0x89, 0x05, 0x99,
  0x00, 0x02, 0x00, 0x48, 0x8b, 0x05, 0x2a, 0xf0, 0x01, 0x00, 0x48, 0x2d,
  0x17, 0xf0, 0x9a, 0x00, 0x48, 0x89, 0x05, 0x8d, 0x00, 0x02, 0x00, 0x48,
  0x8b, 0x05, 0x16, 0xf0, 0x01, 0x00, 0x48, 0x2d, 0xb8, 0xf6, 0x94, 0x00,
  0x48, 0x89, 0x05, 0x81, 0x00, 0x02, 0x00, 0x48, 0x8b, 0x05, 0x02, 0xf0,
  0x01, 0x00, 0x48, 0x05, 0x18, 0xe2, 0x1b, 0x03, 0x48, 0x89, 0x05, 0x75,
  0x00, 0x02, 0x00, 0x48, 0x8b, 0x05, 0xee, 0xef, 0x01, 0x00, 0x48, 0x05,
  0x30, 0x98, 0xd9, 0x02, 0x48, 0x89, 0x05, 0x69, 0x00, 0x02, 0x00, 0x48,
  0x8b, 0x05, 0xda, 0xef, 0x01, 0x00, 0x48, 0x05, 0x74, 0x64, 0x46, 0x06,
  0x48, 0x89, 0x05, 0x5d, 0x00, 0x02, 0x00, 0x48, 0x8b, 0x05, 0xc6, 0xef,
  0x01, 0x00, 0x48, 0x05, 0x7d, 0x64, 0x46, 0x06, 0x48, 0x89, 0x05, 0x51,
  0x00, 0x02, 0x00, 0x48, 0x8b, 0x05, 0xb2, 0xef, 0x01, 0x00, 0x48, 0x05,
  0x90, 0x64, 0x46, 0x06, 0x48, 0x89, 0x05, 0x45, 0x00, 0x02, 0x00, 0x48,
  0x8b, 0x05, 0x9e, 0xef, 0x01, 0x00, 0x48, 0x05, 0x00, 0x65, 0x46, 0x06,
  0x48, 0x89, 0x05, 0x39, 0x00, 0x02, 0x00, 0x48, 0x8b, 0x05, 0x8a, 0xef,
  0x01, 0x00, 0x48, 0x89, 0x05, 0x33, 0x00, 0x02, 0x00, 0x48, 0x8b, 0x05,
  0x7c, 0xef, 0x01, 0x00, 0x48, 0x83, 0xc0, 0x02, 0x48, 0x89, 0x05, 0x29,
  0x00, 0x02, 0x00, 0x48, 0x8b, 0x05, 0x6a, 0xef, 0x01, 0x00, 0x48, 0x2d,
  0xa0, 0x2a, 0x0c, 0x00, 0x48, 0x89, 0x05, 0x1d, 0x00, 0x02, 0x00, 0x48,
  0x8b, 0x05, 0x56, 0xef, 0x01, 0x00, 0x48, 0x89, 0x05, 0x17, 0x00, 0x02,
  0x00, 0x48, 0x8b, 0x05, 0x48, 0xef, 0x01, 0x00, 0x48, 0x2d, 0xf0, 0x68,
  0x35, 0x00, 0x48, 0x89, 0x05, 0x0b, 0x00, 0x02, 0x00, 0x48, 0x8b, 0x05,
  0x34, 0xef, 0x01, 0x00, 0x48, 0x89, 0x05, 0x05, 0x00, 0x02, 0x00, 0x48,
  0x8b, 0x05, 0x26, 0xef, 0x01, 0x00, 0x48, 0x89, 0x05, 0xff, 0xff, 0x01,
  0x00, 0x48, 0x8b, 0x05, 0x18, 0xef, 0x01, 0x00, 0x48, 0x89, 0x05, 0xf9,
  0xff, 0x01, 0x00, 0x90, 0x5d, 0xc3, 0xf3, 0x0f, 0x1e, 0xfa, 0x55, 0x48,
  0x89, 0xe5, 0x48, 0x8b, 0x05, 0xff, 0xee, 0x01, 0x00, 0x48, 0x05, 0x58,
  0xdc, 0x76, 0x02, 0x48, 0x89, 0x05, 0x72, 0xfd, 0x01, 0x00, 0x48, 0x8b,
  0x05, 0xeb, 0xee, 0x01, 0x00, 0x48, 0x05, 0x80, 0xdc, 0x42, 0x06, 0x48,
  0x89, 0x05, 0x66, 0xfd, 0x01, 0x00, 0x48, 0x8b, 0x05, 0xd7, 0xee, 0x01,
  0x00, 0x48, 0x05, 0x20, 0xee, 0x42, 0x06, 0x48, 0x89, 0x05, 0x5a, 0xfd,
  0x01, 0x00, 0x48, 0x8b, 0x05, 0xc3, 0xee, 0x01, 0x00, 0x48, 0x05, 0x20,
  0x08, 0x43, 0x06, 0x48, 0x89, 0x05, 0x4e, 0xfd, 0x01, 0x00, 0x48, 0x8b,
  0x05, 0xaf, 0xee, 0x01, 0x00, 0x48, 0x05, 0x80, 0x22, 0x43, 0x06, 0x48,
  0x89, 0x05, 0x42, 0xfd, 0x01, 0x00, 0x48, 0x8b, 0x05, 0x9b, 0xee, 0x01,
  0x00, 0x48, 0x2d, 0x7c, 0xec, 0x9a, 0x00, 0x48, 0x89, 0x05, 0x36, 0xfd,
  0x01, 0x00, 0x48, 0x8b, 0x05, 0x87, 0xee, 0x01, 0x00, 0x48, 0x2d, 0x83,
  0xec, 0x9a, 0x00, 0x48, 0x89, 0x05, 0x2a, 0xfd, 0x01, 0x00, 0x48, 0x8b,
  0x05, 0x73, 0xee, 0x01, 0x00, 0x48, 0x2d, 0x86, 0xec, 0x9a, 0x00, 0x48,
  0x89, 0x05, 0x1e, 0xfd, 0x01, 0x00, 0x48, 0x8b, 0x05, 0x5f, 0xee, 0x01,
  0x00, 0x48, 0x2d, 0x5a, 0xf4, 0x96, 0x00, 0x48, 0x89, 0x05, 0x12, 0xfd,
  0x01, 0x00, 0x48, 0x8b, 0x05, 0x4b, 0xee, 0x01, 0x00, 0x48, 0x2d, 0x2a,
  0x01, 0x9b, 0x00, 0x48, 0x89, 0x05, 0x06, 0xfd, 0x01, 0x00, 0x48, 0x8b,
  0x05, 0x37, 0xee, 0x01, 0x00, 0x48, 0x2d, 0xfc, 0x14, 0x9b, 0x00, 0x48,
  0x89, 0x05, 0xfa, 0xfc, 0x01, 0x00, 0x48, 0x8b, 0x05, 0x23, 0xee, 0x01,
  0x00, 0x48, 0x2d, 0xd3, 0x61, 0x9b, 0x00, 0x48, 0x89, 0x05, 0xee, 0xfc,
  0x01, 0x00, 0x48, 0x8b, 0x05, 0x0f, 0xee, 0x01, 0x00, 0x48, 0x2d, 0xba,
  0x60, 0x9b, 0x00, 0x48, 0x89, 0x05, 0xe2, 0xfc, 0x01, 0x00, 0x48, 0x8b,
  0x05, 0xfb, 0xed, 0x01, 0x00, 0x48, 0x2d, 0xc7, 0x5f, 0x9b, 0x00, 0x48,
  0x89, 0x05, 0xd6, 0xfc, 0x01, 0x00, 0x48, 0x8b, 0x05, 0xe7, 0xed, 0x01,
  0x00, 0x48, 0x2d, 0x0e, 0x06, 0x39, 0x00, 0x48, 0x89, 0x05, 0xca, 0xfc,
  0x01, 0x00, 0x48, 0x8b, 0x05, 0xd3, 0xed, 0x01, 0x00, 0x48, 0x2d, 0x7e,
  0x06, 0x39, 0x00, 0x48, 0x89, 0x05, 0xbe, 0xfc, 0x01, 0x00, 0x48, 0x8b,
  0x05, 0xbf, 0xed, 0x01, 0x00, 0x48, 0x2d, 0xfa, 0x14, 0x9b, 0x00, 0x48,
  0x89, 0x05, 0xb2, 0xfc, 0x01, 0x00, 0x48, 0x8b, 0x05, 0xab, 0xed, 0x01,
  0x00, 0x48, 0x2d, 0xc0, 0x63, 0x9b, 0x00, 0x48, 0x89, 0x05, 0xa6, 0xfc,
  0x01, 0x00, 0x48, 0x8b, 0x05, 0x97, 0xed, 0x01, 0x00, 0x48, 0x2d, 0x11,
  0xe3, 0x8e, 0x00, 0x48, 0x89, 0x05, 0x9a, 0xfc, 0x01, 0x00, 0x48, 0x8b,
  0x05, 0x83, 0xed, 0x01, 0x00, 0x48, 0x2d, 0x0b, 0xe3, 0x8e, 0x00, 0x48,
  0x89, 0x05, 0x8e, 0xfc, 0x01, 0x00, 0x48, 0x8b, 0x05, 0x6f, 0xed, 0x01,
  0x00, 0x48, 0x2d, 0x2d, 0x8f, 0x2c, 0x00, 0x48, 0x89, 0x05, 0x82, 0xfc,
  0x01, 0x00, 0x48, 0x8b, 0x05, 0x5b, 0xed, 0x01, 0x00, 0x48, 0x2d, 0x2b,
  0x8f, 0x2c, 0x00, 0x48, 0x89, 0x05, 0x76, 0xfc, 0x01, 0x00, 0x48, 0x8b,
  0x05, 0x47, 0xed, 0x01, 0x00, 0x48, 0x2d, 0x1e, 0xcd, 0x1d, 0x00, 0x48,
  0x89, 0x05, 0x6a, 0xfc, 0x01, 0x00, 0x48, 0x8b, 0x05, 0x33, 0xed, 0x01,
  0x00, 0x48, 0x2d, 0x1c, 0xcd, 0x1d, 0x00, 0x48, 0x89, 0x05, 0x5e, 0xfc,
  0x01, 0x00, 0x48, 0x8b, 0x05, 0x1f, 0xed, 0x01, 0x00, 0x48, 0x2d, 0x0f,
  0x51, 0x6b, 0x00, 0x48, 0x89, 0x05, 0x52, 0xfc, 0x01, 0x00, 0x48, 0x8b,
  0x05, 0x0b, 0xed, 0x01, 0x00, 0x48, 0x2d, 0xb9, 0x50, 0x6b, 0x00, 0x48,
  0x89, 0x05, 0x46, 0xfc, 0x01, 0x00, 0x48, 0x8b, 0x05, 0xf7, 0xec, 0x01,
  0x00, 0x48, 0x2d, 0xb9, 0x69, 0x62, 0x00, 0x48, 0x89, 0x05, 0x3a, 0xfc,
  0x01, 0x00, 0x48, 0x8b, 0x05, 0xe3, 0xec, 0x01, 0x00, 0x48, 0x05, 0x20,
  0xf7, 0x16, 0x00, 0x48, 0x89, 0x05, 0x2e, 0xfc, 0x01, 0x00, 0x48, 0x8b,
  0x05, 0xcf, 0xec, 0x01, 0x00, 0x48, 0x05, 0x70, 0x71, 0x16, 0x00, 0x48,
  0x89, 0x05, 0x22, 0xfc, 0x01, 0x00, 0x48, 0x8b, 0x05, 0xbb, 0xec, 0x01,
  0x00, 0x48, 0x05, 0xd8, 0x0c, 0xca, 0x00, 0x48, 0x89, 0x05, 0x16, 0xfc,
  0x01, 0x00, 0x48, 0x8b, 0x05, 0xa7, 0xec, 0x01, 0x00, 0x48, 0x05, 0x50,
  0x0e, 0xca, 0x00, 0x48, 0x89, 0x05, 0x0a, 0xfc, 0x01, 0x00, 0x48, 0x8b,
  0x05, 0x93, 0xec, 0x01, 0x00, 0x48, 0x2d, 0x60, 0x5a, 0x67, 0x00, 0x48,
  0x89, 0x05, 0xfe, 0xfb, 0x01, 0x00, 0x48, 0x8b, 0x05, 0x7f, 0xec, 0x01,
  0x00, 0x48, 0x2d, 0x00, 0xa2, 0x88, 0x00, 0x48, 0x89, 0x05, 0xf2, 0xfb,
  0x01, 0x00, 0x48, 0x8b, 0x05, 0x6b, 0xec, 0x01, 0x00, 0x48, 0x2d, 0x2f,
  0x8e, 0x7e, 0x00, 0x48, 0x89, 0x05, 0xe6, 0xfb, 0x01, 0x00, 0x48, 0x8b,
  0x05, 0x57, 0xec, 0x01, 0x00, 0x48, 0x2d, 0x0c, 0x8e, 0x7e, 0x00, 0x48,
  0x89, 0x05, 0xda, 0xfb, 0x01, 0x00, 0x48, 0x8b, 0x05, 0x43, 0xec, 0x01,
  0x00, 0x48, 0x2d, 0xa0, 0x9d, 0x0a, 0x00, 0x48, 0x89, 0x05, 0xce, 0xfb,
  0x01, 0x00, 0x48, 0x8b, 0x05, 0x2f, 0xec, 0x01, 0x00, 0x48, 0x05, 0x70,
  0x3d, 0x2d, 0x01, 0x48, 0x89, 0x05, 0xc2, 0xfb, 0x01, 0x00, 0x48, 0x8b,
  0x05, 0x1b, 0xec, 0x01, 0x00, 0x48, 0x2d, 0x7d, 0x9a, 0x88, 0x00, 0x48,
  0x89, 0x05, 0xb6, 0xfb, 0x01, 0x00, 0x48, 0x8b, 0x05, 0x07, 0xec, 0x01,
  0x00, 0x48, 0x2d, 0x18, 0x85, 0x2c, 0x00, 0x48, 0x89, 0x05, 0xaa, 0xfb,
  0x01, 0x00, 0x48, 0x8b, 0x05, 0xf3, 0xeb, 0x01, 0x00, 0x48, 0x2d, 0xd7,
  0x9c, 0x88, 0x00, 0x48, 0x89, 0x05, 0x9e, 0xfb, 0x01, 0x00, 0x48, 0x8b,
  0x05, 0xdf, 0xeb, 0x01, 0x00, 0x48, 0x2d, 0x3a, 0x99, 0x88, 0x00, 0x48,
  0x89, 0x05, 0x92, 0xfb, 0x01, 0x00, 0x48, 0x8b, 0x05, 0xcb, 0xeb, 0x01,
  0x00, 0x48, 0x2d, 0x73, 0x98, 0x88, 0x00, 0x48, 0x89, 0x05, 0x86, 0xfb,
  0x01, 0x00, 0x48, 0x8b, 0x05, 0xb7, 0xeb, 0x01, 0x00, 0x48, 0x2d, 0x82,
  0x8d, 0x88, 0x00, 0x48, 0x89, 0x05, 0x7a, 0xfb, 0x01, 0x00, 0x48, 0x8b,
  0x05, 0xa3, 0xeb, 0x01, 0x00, 0x48, 0x2d, 0x05, 0x92, 0x88, 0x00, 0x48,
  0x89, 0x05, 0x6e, 0xfb, 0x01, 0x00, 0x48, 0x8b, 0x05, 0x8f, 0xeb, 0x01,
  0x00, 0x48, 0x2d, 0x7c, 0x9e, 0x88, 0x00, 0x48, 0x89, 0x05, 0x62, 0xfb,
  0x01, 0x00, 0x48, 0x8b, 0x05, 0x7b, 0xeb, 0x01, 0x00, 0x48, 0x2d, 0xf1,
  0x9a, 0x88, 0x00, 0x48, 0x89, 0x05, 0x56, 0xfb, 0x01, 0x00, 0x48, 0x8b,
  0x05, 0x67, 0xeb, 0x01, 0x00, 0x48, 0x2d, 0xc4, 0x95, 0x88, 0x00, 0x48,
  0x89, 0x05, 0x4a, 0xfb, 0x01, 0x00, 0x48, 0x8b, 0x05, 0x53, 0xeb, 0x01,
  0x00, 0x48, 0x2d, 0x3c, 0x8e, 0x88, 0x00, 0x48, 0x89, 0x05, 0x3e, 0xfb,
  0x01, 0x00, 0x48, 0x8b, 0x05, 0x3f, 0xeb, 0x01, 0x00, 0x48, 0x2d, 0x7e,
  0xa2, 0x88, 0x00, 0x48, 0x89, 0x05, 0x32, 0xfb, 0x01, 0x00, 0x48, 0x8b,
  0x05, 0x2b, 0xeb, 0x01, 0x00, 0x48, 0x2d, 0x70, 0xd6, 0x92, 0x00, 0x48,
  0x89, 0x05, 0x26, 0xfb, 0x01, 0x00, 0x48, 0x8b, 0x05, 0x17, 0xeb, 0x01,
  0x00, 0x48, 0x2d, 0x3b, 0xdc, 0x92, 0x00, 0x48, 0x89, 0x05, 0x1a, 0xfb,
  0x01, 0x00, 0x48, 0x8b, 0x05, 0x03, 0xeb, 0x01, 0x00, 0x48, 0x2d, 0xc5,
  0xdb, 0x92, 0x00, 0x48, 0x89, 0x05, 0x0e, 0xfb, 0x01, 0x00, 0x48, 0x8b,
  0x05, 0xef, 0xea, 0x01, 0x00, 0x48, 0x2d, 0x20, 0xd9, 0x92, 0x00, 0x48,
  0x89, 0x05, 0x02, 0xfb, 0x01, 0x00, 0x48, 0x8b, 0x05, 0xdb, 0xea, 0x01,
  0x00, 0x48, 0x2d, 0xf0, 0x1a, 0x8d, 0x00, 0x48, 0x89, 0x05, 0xf6, 0xfa,
  0x01, 0x00, 0x48, 0x8b, 0x05, 0xc7, 0xea, 0x01, 0x00, 0x48, 0x2d, 0xb2,
  0x1a, 0x8d, 0x00, 0x48, 0x89, 0x05, 0xea, 0xfa, 0x01, 0x00, 0x48, 0x8b,
  0x05, 0xb3, 0xea, 0x01, 0x00, 0x48, 0x2d, 0x10, 0xfd, 0x96, 0x00, 0x48,
  0x89, 0x05, 0xde, 0xfa, 0x01, 0x00, 0x48, 0x8b, 0x05, 0x9f, 0xea, 0x01,
  0x00, 0x48, 0x2d, 0xc0, 0xfd, 0x96, 0x00, 0x48, 0x89, 0x05, 0xd2, 0xfa,
  0x01, 0x00, 0x48, 0x8b, 0x05, 0x8b, 0xea, 0x01, 0x00, 0x48, 0x2d, 0x00,
  0x54, 0x47, 0x00, 0x48, 0x89, 0x05, 0xc6, 0xfa, 0x01, 0x00, 0x48, 0x8b,
  0x05, 0x77, 0xea, 0x01, 0x00, 0x48, 0x2d, 0xc0, 0xed, 0x9a, 0x00, 0x48,
  0x89, 0x05, 0xba, 0xfa, 0x01, 0x00, 0x48, 0x8b, 0x05, 0x63, 0xea, 0x01,
  0x00, 0x48, 0x2d, 0xb8, 0xed, 0x9a, 0x00, 0x48, 0x89, 0x05, 0xae, 0xfa,
  0x01, 0x00, 0x48, 0x8b, 0x05, 0x4f, 0xea, 0x01, 0x00, 0x48, 0x05, 0x88,
  0xfe, 0xd4, 0x00, 0x48, 0x89, 0x05, 0xa2, 0xfa, 0x01, 0x00, 0x48, 0x8b,
  0x05, 0x3b, 0xea, 0x01, 0x00, 0x48, 0x2d, 0xdb, 0xec, 0x9a, 0x00, 0x48,
  0x89, 0x05, 0x96, 0xfa, 0x01, 0x00, 0x48, 0x8b, 0x05, 0x27, 0xea, 0x01,
  0x00, 0x48, 0x2d, 0xd7, 0xec, 0x9a, 0x00, 0x48, 0x89, 0x05, 0x8a, 0xfa,
  0x01, 0x00, 0x48, 0x8b, 0x05, 0x13, 0xea, 0x01, 0x00, 0x48, 0x2d, 0xd0,
  0xe7, 0x94, 0x00, 0x48, 0x89, 0x05, 0x7e, 0xfa, 0x01, 0x00, 0x48, 0x8b,
  0x05, 0xff, 0xe9, 0x01, 0x00, 0x48, 0x05, 0x18, 0xe2, 0x1b, 0x03, 0x48,
  0x89, 0x05, 0x72, 0xfa, 0x01, 0x00, 0x48, 0x8b, 0x05, 0xeb, 0xe9, 0x01,
  0x00, 0x48, 0x05, 0x30, 0x98, 0xd9, 0x02, 0x48, 0x89, 0x05, 0x66, 0xfa,
  0x01, 0x00, 0x48, 0x8b, 0x05, 0xd7, 0xe9, 0x01, 0x00, 0x48, 0x05, 0x74,
  0x64, 0x46, 0x06, 0x48, 0x89, 0x05, 0x5a, 0xfa, 0x01, 0x00, 0x48, 0x8b,
  0x05, 0xc3, 0xe9, 0x01, 0x00, 0x48, 0x05, 0x7d, 0x64, 0x46, 0x06, 0x48,
  0x89, 0x05, 0x4e, 0xfa, 0x01, 0x00, 0x48, 0x8b, 0x05, 0xaf, 0xe9, 0x01,
  0x00, 0x48, 0x05, 0x98, 0x64, 0x46, 0x06, 0x48, 0x89, 0x05, 0x42, 0xfa,
  0x01, 0x00, 0x48, 0x8b, 0x05, 0x9b, 0xe9, 0x01, 0x00, 0x48, 0x05, 0x00,
  0x65, 0x46, 0x06, 0x48, 0x89, 0x05, 0x36, 0xfa, 0x01, 0x00, 0x48, 0x8b,
  0x05, 0x87, 0xe9, 0x01, 0x00, 0x48, 0x89, 0x05, 0x30, 0xfa, 0x01, 0x00,
  0x48, 0x8b, 0x05, 0x79, 0xe9, 0x01, 0x00, 0x48, 0x83, 0xc0, 0x02, 0x48,
  0x89, 0x05, 0x26, 0xfa, 0x01, 0x00, 0x48, 0x8b, 0x05, 0x67, 0xe9, 0x01,
  0x00, 0x48, 0x2d, 0xe0, 0x25, 0x0c, 0x00, 0x48, 0x89, 0x05, 0x1a, 0xfa,
  0x01, 0x00, 0x48, 0x8b, 0x05, 0x53, 0xe9, 0x01, 0x00, 0x48, 0x89, 0x05,
  0x14, 0xfa, 0x01, 0x00, 0x48, 0x8b, 0x05, 0x45, 0xe9, 0x01, 0x00, 0x48,
  0x2d, 0xa0, 0x65, 0x35, 0x00, 0x48, 0x89, 0x05, 0x08, 0xfa, 0x01, 0x00,
  0x48, 0x8b, 0x05, 0x31, 0xe9, 0x01, 0x00, 0x48, 0x89, 0x05, 0x02, 0xfa,
  0x01, 0x00, 0x48, 0x8b, 0x05, 0x23, 0xe9, 0x01, 0x00, 0x48, 0x89, 0x05,
  0xfc, 0xf9, 0x01, 0x00, 0x48, 0x8b, 0x05, 0x15, 0xe9, 0x01, 0x00, 0x48,
  0x89, 0x05, 0xf6, 0xf9, 0x01, 0x00, 0x90, 0x5d, 0xc3, 0xf3, 0x0f, 0x1e,
  0xfa, 0x55, 0x48, 0x89, 0xe5, 0x48, 0x8b, 0x05, 0xfc, 0xe8, 0x01, 0x00,
  0x48, 0x05, 0x58, 0xdc, 0x76, 0x02, 0x48, 0x89, 0x05, 0x6f, 0xf7, 0x01,
  0x00, 0x48, 0x8b, 0x05, 0xe8, 0xe8, 0x01, 0x00, 0x48, 0x05, 0x80, 0xdc,
  0x42, 0x06, 0x48, 0x89, 0x05, 0x63, 0xf7, 0x01, 0x00, 0x48, 0x8b, 0x05,
  0xd4, 0xe8, 0x01, 0x00, 0x48, 0x05, 0x20, 0xee, 0x42, 0x06, 0x48, 0x89,
  0x05, 0x57, 0xf7, 0x01, 0x00, 0x48, 0x8b, 0x05, 0xc0, 0xe8, 0x01, 0x00,
  0x48, 0x05, 0x20, 0x08, 0x43, 0x06, 0x48, 0x89, 0x05, 0x4b, 0xf7, 0x01,
  0x00, 0x48, 0x8b, 0x05, 0xac, 0xe8, 0x01, 0x00, 0x48, 0x05, 0x80, 0x22,
  0x43, 0x06, 0x48, 0x89, 0x05, 0x3f, 0xf7, 0x01, 0x00, 0x48, 0x8b, 0x05,
  0x98, 0xe8, 0x01, 0x00, 0x48, 0x2d, 0x7c, 0xec, 0x9a, 0x00, 0x48, 0x89,
  0x05, 0x33, 0xf7, 0x01, 0x00, 0x48, 0x8b, 0x05, 0x84, 0xe8, 0x01, 0x00,
  0x48, 0x2d, 0x83, 0xec, 0x9a, 0x00, 0x48, 0x89, 0x05, 0x27, 0xf7, 0x01,
  0x00, 0x48, 0x8b, 0x05, 0x70, 0xe8, 0x01, 0x00, 0x48, 0x2d, 0x86, 0xec,
  0x9a, 0x00, 0x48, 0x89, 0x05, 0x1b, 0xf7, 0x01, 0x00, 0x48, 0x8b, 0x05,
  0x5c, 0xe8, 0x01, 0x00, 0x48, 0x2d, 0x5a, 0xf4, 0x96, 0x00, 0x48, 0x89,
  0x05, 0x0f, 0xf7, 0x01, 0x00, 0x48, 0x8b, 0x05, 0x48, 0xe8, 0x01, 0x00,
  0x48, 0x2d, 0x2a, 0x01, 0x9b, 0x00, 0x48, 0x89, 0x05, 0x03, 0xf7, 0x01,
  0x00, 0x48, 0x8b, 0x05, 0x34, 0xe8, 0x01, 0x00, 0x48, 0x2d, 0xfc, 0x14,
  0x9b, 0x00, 0x48, 0x89, 0x05, 0xf7, 0xf6, 0x01, 0x00, 0x48, 0x8b, 0x05,
  0x20, 0xe8, 0x01, 0x00, 0x48, 0x2d, 0xd3, 0x61, 0x9b, 0x00, 0x48, 0x89,
  0x05, 0xeb, 0xf6, 0x01, 0x00, 0x48, 0x8b, 0x05, 0x0c, 0xe8, 0x01, 0x00,
  0x48, 0x2d, 0xba, 0x60, 0x9b, 0x00, 0x48, 0x89, 0x05, 0xdf, 0xf6, 0x01,
  0x00, 0x48, 0x8b, 0x05, 0xf8, 0xe7, 0x01, 0x00, 0x48, 0x2d, 0xc7, 0x5f,
  0x9b, 0x00, 0x48, 0x89, 0x05, 0xd3, 0xf6, 0x01, 0x00, 0x48, 0x8b, 0x05,
  0xe4, 0xe7, 0x01, 0x00, 0x48, 0x2d, 0x0e, 0x06, 0x39, 0x00, 0x48, 0x89,
  0x05, 0xc7, 0xf6, 0x01, 0x00, 0x48, 0x8b, 0x05, 0xd0, 0xe7, 0x01, 0x00,
  0x48, 0x2d, 0x7e, 0x06, 0x39, 0x00, 0x48, 0x89, 0x05, 0xbb, 0xf6, 0x01,
  0x00, 0x48, 0x8b, 0x05, 0xbc, 0xe7, 0x01, 0x00, 0x48, 0x2d, 0xfa, 0x14,
  0x9b, 0x00, 0x48, 0x89, 0x05, 0xaf, 0xf6, 0x01, 0x00, 0x48, 0x8b, 0x05,
  0xa8, 0xe7, 0x01, 0x00, 0x48, 0x2d, 0xc0, 0x63, 0x9b, 0x00, 0x48, 0x89,
  0x05, 0xa3, 0xf6, 0x01, 0x00, 0x48, 0x8b, 0x05, 0x94, 0xe7, 0x01, 0x00,
  0x48, 0x2d, 0x11, 0xe3, 0x8e, 0x00, 0x48, 0x89, 0x05, 0x97, 0xf6, 0x01,
  0x00, 0x48, 0x8b, 0x05, 0x80, 0xe7, 0x01, 0x00, 0x48, 0x2d, 0x0b, 0xe3,
  0x8e, 0x00, 0x48, 0x89, 0x05, 0x8b, 0xf6, 0x01, 0x00, 0x48, 0x8b, 0x05,
  0x6c, 0xe7, 0x01, 0x00, 0x48, 0x2d, 0x2d, 0x8f, 0x2c, 0x00, 0x48, 0x89,
  0x05, 0x7f, 0xf6, 0x01, 0x00, 0x48, 0x8b, 0x05, 0x58, 0xe7, 0x01, 0x00,
  0x48, 0x2d, 0x2b, 0x8f, 0x2c, 0x00, 0x48, 0x89, 0x05, 0x73, 0xf6, 0x01,
  0x00, 0x48, 0x8b, 0x05, 0x44, 0xe7, 0x01, 0x00, 0x48, 0x2d, 0x1e, 0xcd,
  0x1d, 0x00, 0x48, 0x89, 0x05, 0x67, 0xf6, 0x01, 0x00, 0x48, 0x8b, 0x05,
  0x30, 0xe7, 0x01, 0x00, 0x48, 0x2d, 0x1c, 0xcd, 0x1d, 0x00, 0x48, 0x89,
  0x05, 0x5b, 0xf6, 0x01, 0x00, 0x48, 0x8b, 0x05, 0x1c, 0xe7, 0x01, 0x00,
  0x48, 0x2d, 0x0f, 0x51, 0x6b, 0x00, 0x48, 0x89, 0x05, 0x4f, 0xf6, 0x01,
  0x00, 0x48, 0x8b, 0x05, 0x08, 0xe7, 0x01, 0x00, 0x48, 0x2d, 0xb9, 0x50,
  0x6b, 0x00, 0x48, 0x89, 0x05, 0x43, 0xf6, 0x01, 0x00, 0x48, 0x8b, 0x05,
  0xf4, 0xe6, 0x01, 0x00, 0x48, 0x2d, 0xb9, 0x69, 0x62, 0x00, 0x48, 0x89,
  0x05, 0x37, 0xf6, 0x01, 0x00, 0x48, 0x8b, 0x05, 0xe0, 0xe6, 0x01, 0x00,
  0x48, 0x05, 0x20, 0xf7, 0x16, 0x00, 0x48, 0x89, 0x05, 0x2b, 0xf6, 0x01,
  0x00, 0x48, 0x8b, 0x05, 0xcc, 0xe6, 0x01, 0x00, 0x48, 0x05, 0x70, 0x71,
  0x16, 0x00, 0x48, 0x89, 0x05, 0x1f, 0xf6, 0x01, 0x00, 0x48, 0x8b, 0x05,
  0xb8, 0xe6, 0x01, 0x00, 0x48, 0x05, 0xd8, 0x0c, 0xca, 0x00, 0x48, 0x89,
  0x05, 0x13, 0xf6, 0x01, 0x00, 0x48, 0x8b, 0x05, 0xa4, 0xe6, 0x01, 0x00,
  0x48, 0x05, 0x50, 0x0e, 0xca, 0x00, 0x48, 0x89, 0x05, 0x07, 0xf6, 0x01,
  0x00, 0x48, 0x8b, 0x05, 0x90, 0xe6, 0x01, 0x00, 0x48, 0x2d, 0x60, 0x5a,
  0x67, 0x00, 0x48, 0x89, 0x05, 0xfb, 0xf5, 0x01, 0x00, 0x48, 0x8b, 0x05,
  0x7c, 0xe6, 0x01, 0x00, 0x48, 0x2d, 0x00, 0xa2, 0x88, 0x00, 0x48, 0x89,
  0x05, 0xef, 0xf5, 0x01, 0x00, 0x48, 0x8b, 0x05, 0x68, 0xe6, 0x01, 0x00,
  0x48, 0x2d, 0x2f, 0x8e, 0x7e, 0x00, 0x48, 0x89, 0x05, 0xe3, 0xf5, 0x01,
  0x00, 0x48, 0x8b, 0x05, 0x54, 0xe6, 0x01, 0x00, 0x48, 0x2d, 0x0c, 0x8e,
  0x7e, 0x00, 0x48, 0x89, 0x05, 0xd7, 0xf5, 0x01, 0x00, 0x48, 0x8b, 0x05,
  0x40, 0xe6, 0x01, 0x00, 0x48, 0x2d, 0xa0, 0x9d, 0x0a, 0x00, 0x48, 0x89,
  0x05, 0xcb, 0xf5, 0x01, 0x00, 0x48, 0x8b, 0x05, 0x2c, 0xe6, 0x01, 0x00,
  0x48, 0x05, 0x70, 0x3d, 0x2d, 0x01, 0x48, 0x89, 0x05, 0xbf, 0xf5, 0x01,
  0x00, 0x48, 0x8b, 0x05, 0x18, 0xe6, 0x01, 0x00, 0x48, 0x2d, 0x7d, 0x9a,
  0x88, 0x00, 0x48, 0x89, 0x05, 0xb3, 0xf5, 0x01, 0x00, 0x48, 0x8b, 0x05,
  0x04, 0xe6, 0x01, 0x00, 0x48, 0x2d, 0x18, 0x85, 0x2c, 0x00, 0x48, 0x89,
  0x05, 0xa7, 0xf5, 0x01, 0x00, 0x48, 0x8b, 0x05, 0xf0, 0xe5, 0x01, 0x00,
  0x48, 0x2d, 0xd7, 0x9c, 0x88, 0x00, 0x48, 0x89, 0x05, 0x9b, 0xf5, 0x01,
  0x00, 0x48, 0x8b, 0x05, 0xdc, 0xe5, 0x01, 0x00, 0x48, 0x2d, 0x3a, 0x99,
  0x88, 0x00, 0x48, 0x89, 0x05, 0x8f, 0xf5, 0x01, 0x00, 0x48, 0x8b, 0x05,
  0xc8, 0xe5, 0x01, 0x00, 0x48, 0x2d, 0x73, 0x98, 0x88, 0x00, 0x48, 0x89,
  0x05, 0x83, 0xf5, 0x01, 0x00, 0x48, 0x8b, 0x05, 0xb4, 0xe5, 0x01, 0x00,
  0x48, 0x2d, 0x82, 0x8d, 0x88, 0x00, 0x48, 0x89, 0x05, 0x77, 0xf5, 0x01,
  0x00, 0x48, 0x8b, 0x05, 0xa0, 0xe5, 0x01, 0x00, 0x48, 0x2d, 0x05, 0x92,
  0x88, 0x00, 0x48, 0x89, 0x05, 0x6b, 0xf5, 0x01, 0x00, 0x48, 0x8b, 0x05,
  0x8c, 0xe5, 0x01, 0x00, 0x48, 0x2d, 0x7c, 0x9e, 0x88, 0x00, 0x48, 0x89,
  0x05, 0x5f, 0xf5, 0x01, 0x00, 0x48, 0x8b, 0x05, 0x78, 0xe5, 0x01, 0x00,
  0x48, 0x2d, 0xf1, 0x9a, 0x88, 0x00, 0x48, 0x89, 0x05, 0x53, 0xf5, 0x01,
  0x00, 0x48, 0x8b, 0x05, 0x64, 0xe5, 0x01, 0x00, 0x48, 0x2d, 0xc4, 0x95,
  0x88, 0x00, 0x48, 0x89, 0x05, 0x47, 0xf5, 0x01, 0x00, 0x48, 0x8b, 0x05,
  0x50, 0xe5, 0x01, 0x00, 0x48, 0x2d, 0x3c, 0x8e, 0x88, 0x00, 0x48, 0x89,
  0x05, 0x3b, 0xf5, 0x01, 0x00, 0x48, 0x8b, 0x05, 0x3c, 0xe5, 0x01, 0x00,
  0x48, 0x2d, 0x7e, 0xa2, 0x88, 0x00, 0x48, 0x89, 0x05, 0x2f, 0xf5, 0x01,
  0x00, 0x48, 0x8b, 0x05, 0x28, 0xe5, 0x01, 0x00, 0x48, 0x2d, 0x70, 0xd6,
  0x92, 0x00, 0x48, 0x89, 0x05, 0x23, 0xf5, 0x01, 0x00, 0x48, 0x8b, 0x05,
  0x14, 0xe5, 0x01, 0x00, 0x48, 0x2d, 0x3b, 0xdc, 0x92, 0x00, 0x48, 0x89,
  0x05, 0x17, 0xf5, 0x01, 0x00, 0x48, 0x8b, 0x05, 0x00, 0xe5, 0x01, 0x00,
  0x48, 0x2d, 0xc5, 0xdb, 0x92, 0x00, 0x48, 0x89, 0x05, 0x0b, 0xf5, 0x01,
  0x00, 0x48, 0x8b, 0x05, 0xec, 0xe4, 0x01, 0x00, 0x48, 0x2d, 0x20, 0xd9,
  0x92, 0x00, 0x48, 0x89, 0x05, 0xff, 0xf4, 0x01, 0x00, 0x48, 0x8b, 0x05,
  0xd8, 0xe4, 0x01, 0x00, 0x48, 0x2d, 0xf0, 0x1a, 0x8d, 0x00, 0x48, 0x89,
  0x05, 0xf3, 0xf4, 0x01, 0x00, 0x48, 0x8b, 0x05, 0xc4, 0xe4, 0x01, 0x00,
  0x48, 0x2d, 0xb2, 0x1a, 0x8d, 0x00, 0x48, 0x89, 0x05, 0xe7, 0xf4, 0x01,
  0x00, 0x48, 0x8b, 0x05, 0xb0, 0xe4, 0x01, 0x00, 0x48, 0x2d, 0x10, 0xfd,
  0x96, 0x00, 0x48, 0x89, 0x05, 0xdb, 0xf4, 0x01, 0x00, 0x48, 0x8b, 0x05,
  0x9c, 0xe4, 0x01, 0x00, 0x48, 0x2d, 0xc0, 0xfd, 0x96, 0x00, 0x48, 0x89,
  0x05, 0xcf, 0xf4, 0x01, 0x00, 0x48, 0x8b, 0x05, 0x88, 0xe4, 0x01, 0x00,
  0x48, 0x2d, 0x00, 0x54, 0x47, 0x00, 0x48, 0x89, 0x05, 0xc3, 0xf4, 0x01,
  0x00, 0x48, 0x8b, 0x05, 0x74, 0xe4, 0x01, 0x00, 0x48, 0x2d, 0xc0, 0xed,
  0x9a, 0x00, 0x48, 0x89, 0x05, 0xb7, 0xf4, 0x01, 0x00, 0x48, 0x8b, 0x05,
  0x60, 0xe4, 0x01, 0x00, 0x48, 0x2d, 0xb8, 0xed, 0x9a, 0x00, 0x48, 0x89,
  0x05, 0xab, 0xf4, 0x01, 0x00, 0x48, 0x8b, 0x05, 0x4c, 0xe4, 0x01, 0x00,
  0x48, 0x05, 0x88, 0xfe, 0xd4, 0x00, 0x48, 0x89, 0x05, 0x9f, 0xf4, 0x01,
  0x00, 0x48, 0x8b, 0x05, 0x38, 0xe4, 0x01, 0x00, 0x48, 0x2d, 0xdb, 0xec,
  0x9a, 0x00, 0x48, 0x89, 0x05, 0x93, 0xf4, 0x01, 0x00, 0x48, 0x8b, 0x05,
  0x24, 0xe4, 0x01, 0x00, 0x48, 0x2d, 0xd7, 0xec, 0x9a, 0x00, 0x48, 0x89,
  0x05, 0x87, 0xf4, 0x01, 0x00, 0x48, 0x8b, 0x05, 0x10, 0xe4, 0x01, 0x00,
  0x48, 0x2d, 0xd0, 0xe4, 0x94, 0x00, 0x48, 0x89, 0x05, 0x7b, 0xf4, 0x01,
  0x00, 0x48, 0x8b, 0x05, 0xfc, 0xe3, 0x01, 0x00, 0x48, 0x05, 0x18, 0xe2,
  0x1b, 0x03, 0x48, 0x89, 0x05, 0x6f, 0xf4, 0x01, 0x00, 0x48, 0x8b, 0x05,
  0xe8, 0xe3, 0x01, 0x00, 0x48, 0x05, 0x30, 0x98, 0xd9, 0x02, 0x48, 0x89,
  0x05, 0x63, 0xf4, 0x01, 0x00, 0x48, 0x8b, 0x05, 0xd4, 0xe3, 0x01, 0x00,
  0x48, 0x05, 0x74, 0x64, 0x46, 0x06, 0x48, 0x89, 0x05, 0x57, 0xf4, 0x01,
  0x00, 0x48, 0x8b, 0x05, 0xc0, 0xe3, 0x01, 0x00, 0x48, 0x05, 0x7d, 0x64,
  0x46, 0x06, 0x48, 0x89, 0x05, 0x4b, 0xf4, 0x01, 0x00, 0x48, 0x8b, 0x05,
  0xac, 0xe3, 0x01, 0x00, 0x48, 0x05, 0x98, 0x64, 0x46, 0x06, 0x48, 0x89,
  0x05, 0x3f, 0xf4, 0x01, 0x00, 0x48, 0x8b, 0x05, 0x98, 0xe3, 0x01, 0x00,
  0x48, 0x05, 0x00, 0x65, 0x46, 0x06, 0x48, 0x89, 0x05, 0x33, 0xf4, 0x01,
  0x00, 0x48, 0x8b, 0x05, 0x84, 0xe3, 0x01, 0x00, 0x48, 0x89, 0x05, 0x2d,
  0xf4, 0x01, 0x00, 0x48, 0x8b, 0x05, 0x76, 0xe3, 0x01, 0x00, 0x48, 0x83,
  0xc0, 0x02, 0x48, 0x89, 0x05, 0x23, 0xf4, 0x01, 0x00, 0x48, 0x8b, 0x05,
  0x64, 0xe3, 0x01, 0x00, 0x48, 0x2d, 0xe0, 0x25, 0x0c, 0x00, 0x48, 0x89,
  0x05, 0x17, 0xf4, 0x01, 0x00, 0x48, 0x8b, 0x05, 0x50, 0xe3, 0x01, 0x00,
  0x48, 0x89, 0x05, 0x11, 0xf4, 0x01, 0x00, 0x48, 0x8b, 0x05, 0x42, 0xe3,
  0x01, 0x00, 0x48, 0x2d, 0xa0, 0x65, 0x35, 0x00, 0x48, 0x89, 0x05, 0x05,
  0xf4, 0x01, 0x00, 0x48, 0x8b, 0x05, 0x2e, 0xe3, 0x01, 0x00, 0x48, 0x89,
  0x05, 0xff, 0xf3, 0x01, 0x00, 0x48, 0x8b, 0x05, 0x20, 0xe3, 0x01, 0x00,
  0x48, 0x89, 0x05, 0xf9, 0xf3, 0x01, 0x00, 0x48, 0x8b, 0x05, 0x12, 0xe3,
  0x01, 0x00, 0x48, 0x89, 0x05, 0xf3, 0xf3, 0x01, 0x00, 0x90, 0x5d, 0xc3,
  0xf3, 0x0f, 0x1e, 0xfa, 0x55, 0x48, 0x89, 0xe5, 0x48, 0x8b, 0x05, 0xf9,
  0xe2, 0x01, 0x00, 0x48, 0x05, 0xb8, 0xdc, 0x7e, 0x02, 0x48, 0x89, 0x05,
  0x6c, 0xf1, 0x01, 0x00, 0x48, 0x8b, 0x05, 0xe5, 0xe2, 0x01, 0x00, 0x48,
  0x05, 0x80, 0xdc, 0x4c, 0x06, 0x48, 0x89, 0x05, 0x60, 0xf1, 0x01, 0x00,
  0x48, 0x8b, 0x05, 0xd1, 0xe2, 0x01, 0x00, 0x48, 0x05, 0x30, 0xee, 0x4c,
  0x06, 0x48, 0x89, 0x05, 0x54, 0xf1, 0x01, 0x00, 0x48, 0x8b, 0x05, 0xbd,
  0xe2, 0x01, 0x00, 0x48, 0x05, 0x30, 0x08, 0x4d, 0x06, 0x48, 0x89, 0x05,
  0x48, 0xf1, 0x01, 0x00, 0x48, 0x8b, 0x05, 0xa9, 0xe2, 0x01, 0x00, 0x48,
  0x05, 0x80, 0x22, 0x4d, 0x06, 0x48, 0x89, 0x05, 0x3c, 0xf1, 0x01, 0x00,
  0x48, 0x8b, 0x05, 0x95, 0xe2, 0x01, 0x00, 0x48, 0x2d, 0x4c, 0xf8, 0x9c,
  0x00, 0x48, 0x89, 0x05, 0x30, 0xf1, 0x01, 0x00, 0x48, 0x8b, 0x05, 0x81,
  0xe2, 0x01, 0x00, 0x48, 0x2d, 0x53, 0xf8, 0x9c, 0x00, 0x48, 0x89, 0x05,
  0x24, 0xf1, 0x01, 0x00, 0x48, 0x8b, 0x05, 0x6d, 0xe2, 0x01, 0x00, 0x48,
  0x2d, 0x56, 0xf8, 0x9c, 0x00, 0x48, 0x89, 0x05, 0x18, 0xf1, 0x01, 0x00,
  0x48, 0x8b, 0x05, 0x59, 0xe2, 0x01, 0x00, 0x48, 0x2d, 0x2a, 0x00, 0x99,
  0x00, 0x48, 0x89, 0x05, 0x0c, 0xf1, 0x01, 0x00, 0x48, 0x8b, 0x05, 0x45,
  0xe2, 0x01, 0x00, 0x48, 0x2d, 0xfa, 0x0c, 0x9d, 0x00, 0x48, 0x89, 0x05,
  0x00, 0xf1, 0x01, 0x00, 0x48, 0x8b, 0x05, 0x31, 0xe2, 0x01, 0x00, 0x48,
  0x2d, 0xcc, 0x20, 0x9d, 0x00, 0x48, 0x89, 0x05, 0xf4, 0xf0, 0x01, 0x00,
  0x48, 0x8b, 0x05, 0x1d, 0xe2, 0x01, 0x00, 0x48, 0x2d, 0x93, 0x6d, 0x9d,
  0x00, 0x48, 0x89, 0x05, 0xe8, 0xf0, 0x01, 0x00, 0x48, 0x8b, 0x05, 0x09,
  0xe2, 0x01, 0x00, 0x48, 0x2d, 0x7a, 0x6c, 0x9d, 0x00, 0x48, 0x89, 0x05,
  0xdc, 0xf0, 0x01, 0x00, 0x48, 0x8b, 0x05, 0xf5, 0xe1, 0x01, 0x00, 0x48,
  0x2d, 0x87, 0x6b, 0x9d, 0x00, 0x48, 0x89, 0x05, 0xd0, 0xf0, 0x01, 0x00,
  0x48, 0x8b, 0x05, 0xe1, 0xe1, 0x01, 0x00, 0x48, 0x2d, 0x7e, 0x70, 0x39,
  0x00, 0x48, 0x89, 0x05, 0xc4, 0xf0, 0x01, 0x00, 0x48, 0x8b, 0x05, 0xcd,
  0xe1, 0x01, 0x00, 0x48, 0x2d, 0xee, 0x70, 0x39, 0x00, 0x48, 0x89, 0x05,
  0xb8, 0xf0, 0x01, 0x00, 0x48, 0x8b, 0x05, 0xb9, 0xe1, 0x01, 0x00, 0x48,
  0x2d, 0xca, 0x20, 0x9d, 0x00, 0x48, 0x89, 0x05, 0xac, 0xf0, 0x01, 0x00,
  0x48, 0x8b, 0x05, 0xa5, 0xe1, 0x01, 0x00, 0x48, 0x2d, 0x80, 0x6f, 0x9d,
  0x00, 0x48, 0x89, 0x05, 0xa0, 0xf0, 0x01, 0x00, 0x48, 0x8b, 0x05, 0x91,
  0xe1, 0x01, 0x00, 0x48, 0x2d, 0x61, 0xac, 0x90, 0x00, 0x48, 0x89, 0x05,
  0x94, 0xf0, 0x01, 0x00, 0x48, 0x8b, 0x05, 0x7d, 0xe1, 0x01, 0x00, 0x48,
  0x2d, 0x5b, 0xac, 0x90, 0x00, 0x48, 0x89, 0x05, 0x88, 0xf0, 0x01, 0x00,
  0x48, 0x8b, 0x05, 0x69, 0xe1, 0x01, 0x00, 0x48, 0x2d, 0xfd, 0xd3, 0x2c,
  0x00, 0x48, 0x89, 0x05, 0x7c, 0xf0, 0x01, 0x00, 0x48, 0x8b, 0x05, 0x55,
  0xe1, 0x01, 0x00, 0x48, 0x2d, 0xfb, 0xd3, 0x2c, 0x00, 0x48, 0x89, 0x05,
  0x70, 0xf0, 0x01, 0x00, 0x48, 0x8b, 0x05, 0x41, 0xe1, 0x01, 0x00, 0x48,
  0x2d, 0xae, 0xf3, 0x1d, 0x00, 0x48, 0x89, 0x05, 0x64, 0xf0, 0x01, 0x00,
  0x48, 0x8b, 0x05, 0x2d, 0xe1, 0x01, 0x00, 0x48, 0x2d, 0xac, 0xf3, 0x1d,
  0x00, 0x48, 0x89, 0x05, 0x58, 0xf0, 0x01, 0x00, 0x48, 0x8b, 0x05, 0x19,
  0xe1, 0x01, 0x00, 0x48, 0x2d, 0x89, 0x29, 0x6c, 0x00, 0x48, 0x89, 0x05,
  0x4c, 0xf0, 0x01, 0x00, 0x48, 0x8b, 0x05, 0x05, 0xe1, 0x01, 0x00, 0x48,
  0x2d, 0x33, 0x29, 0x6c, 0x00, 0x48, 0x89, 0x05, 0x40, 0xf0, 0x01, 0x00,
  0x48, 0x8b, 0x05, 0xf1, 0xe0, 0x01, 0x00, 0x48, 0x2d, 0xb9, 0x1e, 0x63,
  0x00, 0x48, 0x89, 0x05, 0x34, 0xf0, 0x01, 0x00, 0x48, 0x8b, 0x05, 0xdd,
  0xe0, 0x01, 0x00, 0x48, 0x05, 0xc0, 0x09, 0x17, 0x00, 0x48, 0x89, 0x05,
  0x28, 0xf0, 0x01, 0x00, 0x48, 0x8b, 0x05, 0xc9, 0xe0, 0x01, 0x00, 0x48,
  0x05, 0x10, 0x84, 0x16, 0x00, 0x48, 0x89, 0x05, 0x1c, 0xf0, 0x01, 0x00,
  0x48, 0x8b, 0x05, 0xb5, 0xe0, 0x01, 0x00, 0x48, 0x05, 0xb8, 0x1b, 0xd1,
  0x00, 0x48, 0x89, 0x05, 0x10, 0xf0, 0x01, 0x00, 0x48, 0x8b, 0x05, 0xa1,
  0xe0, 0x01, 0x00, 0x48, 0x05, 0x30, 0x1d, 0xd1, 0x00, 0x48, 0x89, 0x05,
  0x04, 0xf0, 0x01, 0x00, 0x48, 0x8b, 0x05, 0x8d, 0xe0, 0x01, 0x00, 0x48,
  0x2d, 0xc0, 0x24, 0x68, 0x00, 0x48, 0x89, 0x05, 0xf8, 0xef, 0x01, 0x00,
  0x48, 0x8b, 0x05, 0x79, 0xe0, 0x01, 0x00, 0x48, 0x2d, 0x40, 0x5c, 0x8a,
  0x00, 0x48, 0x89, 0x05, 0xec, 0xef, 0x01, 0x00, 0x48, 0x8b, 0x05, 0x65,
  0xe0, 0x01, 0x00, 0x48, 0x2d, 0x11, 0x23, 0x80, 0x00, 0x48, 0x89, 0x05,
  0xe0, 0xef, 0x01, 0x00, 0x48, 0x8b, 0x05, 0x51, 0xe0, 0x01, 0x00, 0x48,
  0x2d, 0xee, 0x22, 0x80, 0x00, 0x48, 0x89, 0x05, 0xd4, 0xef, 0x01, 0x00,
  0x48, 0x8b, 0x05, 0x3d, 0xe0, 0x01, 0x00, 0x48, 0x2d, 0xe0, 0x9b, 0x0a,
  0x00, 0x48, 0x89, 0x05, 0xc8, 0xef, 0x01, 0x00, 0x48, 0x8b, 0x05, 0x29,
  0xe0, 0x01, 0x00, 0x48, 0x05, 0x80, 0x60, 0x34, 0x01, 0x48, 0x89, 0x05,
  0xbc, 0xef, 0x01, 0x00, 0x48, 0x8b, 0x05, 0x15, 0xe0, 0x01, 0x00, 0x48,
  0x2d, 0xcd, 0x54, 0x8a, 0x00, 0x48, 0x89, 0x05, 0xb0, 0xef, 0x01, 0x00,
  0x48, 0x8b, 0x05, 0x01, 0xe0, 0x01, 0x00, 0x48, 0x2d, 0xf8, 0xc9, 0x2c,
  0x00, 0x48, 0x89, 0x05, 0xa4, 0xef, 0x01, 0x00, 0x48, 0x8b, 0x05, 0xed,
  0xdf, 0x01, 0x00, 0x48, 0x2d, 0x27, 0x57, 0x8a, 0x00, 0x48, 0x89, 0x05,
  0x98, 0xef, 0x01, 0x00, 0x48, 0x8b, 0x05, 0xd9, 0xdf, 0x01, 0x00, 0x48,
  0x2d, 0x8a, 0x53, 0x8a, 0x00, 0x48, 0x89, 0x05, 0x8c, 0xef, 0x01, 0x00,
  0x48, 0x8b, 0x05, 0xc5, 0xdf, 0x01, 0x00, 0x48, 0x2d, 0xc3, 0x52, 0x8a,
  0x00, 0x48, 0x89, 0x05, 0x80, 0xef, 0x01, 0x00, 0x48, 0x8b, 0x05, 0xb1,
  0xdf, 0x01, 0x00, 0x48, 0x2d, 0xd2, 0x47, 0x8a, 0x00, 0x48, 0x89, 0x05,
  0x74, 0xef, 0x01, 0x00, 0x48, 0x8b, 0x05, 0x9d, 0xdf, 0x01, 0x00, 0x48,
  0x2d, 0x55, 0x4c, 0x8a, 0x00, 0x48, 0x89, 0x05, 0x68, 0xef, 0x01, 0x00,
  0x48, 0x8b, 0x05, 0x89, 0xdf, 0x01, 0x00, 0x48, 0x2d, 0xbc, 0x58, 0x8a,
  0x00, 0x48, 0x89, 0x05, 0x5c, 0xef, 0x01, 0x00, 0x48, 0x8b, 0x05, 0x75,
  0xdf, 0x01, 0x00, 0x48, 0x2d, 0x41, 0x55, 0x8a, 0x00, 0x48, 0x89, 0x05,
  0x50, 0xef, 0x01, 0x00, 0x48, 0x8b, 0x05, 0x61, 0xdf, 0x01, 0x00, 0x48,
  0x2d, 0x14, 0x50, 0x8a, 0x00, 0x48, 0x89, 0x05, 0x44, 0xef, 0x01, 0x00,
  0x48, 0x8b, 0x05, 0x4d, 0xdf, 0x01, 0x00, 0x48, 0x2d, 0x8c, 0x48, 0x8a,
  0x00, 0x48, 0x89, 0x05, 0x38, 0xef, 0x01, 0x00, 0x48, 0x8b, 0x05, 0x39,
  0xdf, 0x01, 0x00, 0x48, 0x2d, 0xbe, 0x5c, 0x8a, 0x00, 0x48, 0x89, 0x05,
  0x2c, 0xef, 0x01, 0x00, 0x48, 0x8b, 0x05, 0x25, 0xdf, 0x01, 0x00, 0x48,
  0x2d, 0xf0, 0xa7, 0x94, 0x00, 0x48, 0x89, 0x05, 0x20, 0xef, 0x01, 0x00,
  0x48, 0x8b, 0x05, 0x11, 0xdf, 0x01, 0x00, 0x48, 0x2d, 0xa4, 0xad, 0x94,
  0x00, 0x48, 0x89, 0x05, 0x14, 0xef, 0x01, 0x00, 0x48, 0x8b, 0x05, 0xfd,
  0xde, 0x01, 0x00, 0x48, 0x2d, 0x2e, 0xad, 0x94, 0x00, 0x48, 0x89, 0x05,
  0x08, 0xef, 0x01, 0x00, 0x48, 0x8b, 0x05, 0xe9, 0xde, 0x01, 0x00, 0x48,
  0x2d, 0xa0, 0xaa, 0x94, 0x00, 0x48, 0x89, 0x05, 0xfc, 0xee, 0x01, 0x00,
  0x48, 0x8b, 0x05, 0xd5, 0xde, 0x01, 0x00, 0x48, 0x2d, 0x40, 0xd9, 0x8e,
  0x00, 0x48, 0x89, 0x05, 0xf0, 0xee, 0x01, 0x00, 0x48, 0x8b, 0x05, 0xc1,
  0xde, 0x01, 0x00, 0x48, 0x2d, 0x02, 0xd9, 0x8e, 0x00, 0x48, 0x89, 0x05,
  0xe4, 0xee, 0x01, 0x00, 0x48, 0x8b, 0x05, 0xad, 0xde, 0x01, 0x00, 0x48,
  0x2d, 0xe0, 0x08, 0x99, 0x00, 0x48, 0x89, 0x05, 0xd8, 0xee, 0x01, 0x00,
  0x48, 0x8b, 0x05, 0x99, 0xde, 0x01, 0x00, 0x48, 0x2d, 0x90, 0x09, 0x99,
  0x00, 0x48, 0x89, 0x05, 0xcc, 0xee, 0x01, 0x00, 0x48, 0x8b, 0x05, 0x85,
  0xde, 0x01, 0x00, 0x48, 0x2d, 0x40, 0x9e, 0x47, 0x00, 0x48, 0x89, 0x05,
  0xc0, 0xee, 0x01, 0x00, 0x48, 0x8b, 0x05, 0x71, 0xde, 0x01, 0x00, 0x48,
  0x2d, 0x90, 0xf9, 0x9c, 0x00, 0x48, 0x89, 0x05, 0xb4, 0xee, 0x01, 0x00,
  0x48, 0x8b, 0x05, 0x5d, 0xde, 0x01, 0x00, 0x48, 0x2d, 0x88, 0xf9, 0x9c,
  0x00, 0x48, 0x89, 0x05, 0xa8, 0xee, 0x01, 0x00, 0x48, 0x8b, 0x05, 0x49,
  0xde, 0x01, 0x00, 0x48, 0x05, 0xe8, 0x16, 0xdc, 0x00, 0x48, 0x89, 0x05,
  0x9c, 0xee, 0x01, 0x00, 0x48, 0x8b, 0x05, 0x35, 0xde, 0x01, 0x00, 0x48,
  0x2d, 0xab, 0xf8, 0x9c, 0x00, 0x48, 0x89, 0x05, 0x90, 0xee, 0x01, 0x00,
  0x48, 0x8b, 0x05, 0x21, 0xde, 0x01, 0x00, 0x48, 0x2d, 0xa7, 0xf8, 0x9c,
  0x00, 0x48, 0x89, 0x05, 0x84, 0xee, 0x01, 0x00, 0x48, 0x8b, 0x05, 0x0d,
  0xde, 0x01, 0x00, 0x48, 0x2d, 0x30, 0xbc, 0x96, 0x00, 0x48, 0x89, 0x05,
  0x78, 0xee, 0x01, 0x00, 0x48, 0x8b, 0x05, 0xf9, 0xdd, 0x01, 0x00, 0x48,
  0x05, 0x78, 0x7a, 0x25, 0x03, 0x48, 0x89, 0x05, 0x6c, 0xee, 0x01, 0x00,
  0x48, 0x8b, 0x05, 0xe5, 0xdd, 0x01, 0x00, 0x48, 0x05, 0x30, 0x18, 0xe3,
  0x02, 0x48, 0x89, 0x05, 0x60, 0xee, 0x01, 0x00, 0x48, 0x8b, 0x05, 0xd1,
  0xdd, 0x01, 0x00, 0x48, 0x05, 0x74, 0x64, 0x50, 0x06, 0x48, 0x89, 0x05,
  0x54, 0xee, 0x01, 0x00, 0x48, 0x8b, 0x05, 0xbd, 0xdd, 0x01, 0x00, 0x48,
  0x05, 0x7d, 0x64, 0x50, 0x06, 0x48, 0x89, 0x05, 0x48, 0xee, 0x01, 0x00,
  0x48, 0x8b, 0x05, 0xa9, 0xdd, 0x01, 0x00, 0x48, 0x05, 0x98, 0x64, 0x50,
  0x06, 0x48, 0x89, 0x05, 0x3c, 0xee, 0x01, 0x00, 0x48, 0x8b, 0x05, 0x95,
  0xdd, 0x01, 0x00, 0x48, 0x05, 0x00, 0x65, 0x50, 0x06, 0x48, 0x89, 0x05,
  0x30, 0xee, 0x01, 0x00, 0x48, 0x8b, 0x05, 0x81, 0xdd, 0x01, 0x00, 0x48,
  0x89, 0x05, 0x2a, 0xee, 0x01, 0x00, 0x48, 0x8b, 0x05, 0x73, 0xdd, 0x01,
  0x00, 0x48, 0x83, 0xc0, 0x02, 0x48, 0x89, 0x05, 0x20, 0xee, 0x01, 0x00,
  0x48, 0x8b, 0x05, 0x61, 0xdd, 0x01, 0x00, 0x48, 0x89, 0x05, 0x1a, 0xee,
  0x01, 0x00, 0x48, 0x8b, 0x05, 0x53, 0xdd, 0x01, 0x00, 0x48, 0x89, 0x05,
  0x14, 0xee, 0x01, 0x00, 0x48, 0x8b, 0x05, 0x45, 0xdd, 0x01, 0x00, 0x48,
  0x89, 0x05, 0x0e, 0xee, 0x01, 0x00, 0x48, 0x8b, 0x05, 0x37, 0xdd, 0x01,
  0x00, 0x48, 0x89, 0x05, 0x08, 0xee, 0x01, 0x00, 0x48, 0x8b, 0x05, 0x29,
  0xdd, 0x01, 0x00, 0x48, 0x89, 0x05, 0x02, 0xee, 0x01, 0x00, 0x48, 0x8b,
  0x05, 0x1b, 0xdd, 0x01, 0x00, 0x48, 0x89, 0x05, 0xfc, 0xed, 0x01, 0x00,
  0x90, 0x5d, 0xc3, 0xf3, 0x0f, 0x1e, 0xfa, 0x55, 0x48, 0x89, 0xe5, 0x48,
  0x8b, 0x05, 0x02, 0xdd, 0x01, 0x00, 0x48, 0x05, 0xb8, 0xdc, 0x7e, 0x02,
  0x48, 0x89, 0x05, 0x75, 0xeb, 0x01, 0x00, 0x48, 0x8b, 0x05, 0xee, 0xdc,
  0x01, 0x00, 0x48, 0x05, 0x80, 0xdc, 0x4c, 0x06, 0x48, 0x89, 0x05, 0x69,
  0xeb, 0x01, 0x00, 0x48, 0x8b, 0x05, 0xda, 0xdc, 0x01, 0x00, 0x48, 0x05,
  0x30, 0xee, 0x4c, 0x06, 0x48, 0x89, 0x05, 0x5d, 0xeb, 0x01, 0x00, 0x48,
  0x8b, 0x05, 0xc6, 0xdc, 0x01, 0x00, 0x48, 0x05, 0x30, 0x08, 0x4d, 0x06,
  0x48, 0x89, 0x05, 0x51, 0xeb, 0x01, 0x00, 0x48, 0x8b, 0x05, 0xb2, 0xdc,
  0x01, 0x00, 0x48, 0x05, 0x80, 0x22, 0x4d, 0x06, 0x48, 0x89, 0x05, 0x45,
  0xeb, 0x01, 0x00, 0x48, 0x8b, 0x05, 0x9e, 0xdc, 0x01, 0x00, 0x48, 0x2d,
  0x4c, 0xf8, 0x9c, 0x00, 0x48, 0x89, 0x05, 0x39, 0xeb, 0x01, 0x00, 0x48,
  0x8b, 0x05, 0x8a, 0xdc, 0x01, 0x00, 0x48, 0x2d, 0x53, 0xf8, 0x9c, 0x00,
  0x48, 0x89, 0x05, 0x2d, 0xeb, 0x01, 0x00, 0x48, 0x8b, 0x05, 0x76, 0xdc,
  0x01, 0x00, 0x48, 0x2d, 0x56, 0xf8, 0x9c, 0x00, 0x48, 0x89, 0x05, 0x21,
  0xeb, 0x01, 0x00, 0x48, 0x8b, 0x05, 0x62, 0xdc, 0x01, 0x00, 0x48, 0x2d,
  0x2a, 0x00, 0x99, 0x00, 0x48, 0x89, 0x05, 0x15, 0xeb, 0x01, 0x00, 0x48,
  0x8b, 0x05, 0x4e, 0xdc, 0x01, 0x00, 0x48, 0x2d, 0xfa, 0x0c, 0x9d, 0x00,
  0x48, 0x89, 0x05, 0x09, 0xeb, 0x01, 0x00, 0x48, 0x8b, 0x05, 0x3a, 0xdc,
  0x01, 0x00, 0x48, 0x2d, 0xcc, 0x20, 0x9d, 0x00, 0x48, 0x89, 0x05, 0xfd,
  0xea, 0x01, 0x00, 0x48, 0x8b, 0x05, 0x26, 0xdc, 0x01, 0x00, 0x48, 0x2d,
  0x93, 0x6d, 0x9d, 0x00, 0x48, 0x89, 0x05, 0xf1, 0xea, 0x01, 0x00, 0x48,
  0x8b, 0x05, 0x12, 0xdc, 0x01, 0x00, 0x48, 0x2d, 0x7a, 0x6c, 0x9d, 0x00,
  0x48, 0x89, 0x05, 0xe5, 0xea, 0x01, 0x00, 0x48, 0x8b, 0x05, 0xfe, 0xdb,
  0x01, 0x00, 0x48, 0x2d, 0x87, 0x6b, 0x9d, 0x00, 0x48, 0x89, 0x05, 0xd9,
  0xea, 0x01, 0x00, 0x48, 0x8b, 0x05, 0xea, 0xdb, 0x01, 0x00, 0x48, 0x2d,
  0x2e, 0x70, 0x39, 0x00, 0x48, 0x89, 0x05, 0xcd, 0xea, 0x01, 0x00, 0x48,
  0x8b, 0x05, 0xd6, 0xdb, 0x01, 0x00, 0x48, 0x2d, 0x9e, 0x70, 0x39, 0x00,
  0x48, 0x89, 0x05, 0xc1, 0xea, 0x01, 0x00, 0x48, 0x8b, 0x05, 0xc2, 0xdb,
  0x01, 0x00, 0x48, 0x2d, 0xca, 0x20, 0x9d, 0x00, 0x48, 0x89, 0x05, 0xb5,
  0xea, 0x01, 0x00, 0x48, 0x8b, 0x05, 0xae, 0xdb, 0x01, 0x00, 0x48, 0x2d,
  0x80, 0x6f, 0x9d, 0x00, 0x48, 0x89, 0x05, 0xa9, 0xea, 0x01, 0x00, 0x48,
  0x8b, 0x05, 0x9a, 0xdb, 0x01, 0x00, 0x48, 0x2d, 0x61, 0xac, 0x90, 0x00,
  0x48, 0x89, 0x05, 0x9d, 0xea, 0x01, 0x00, 0x48, 0x8b, 0x05, 0x86, 0xdb,
  0x01, 0x00, 0x48, 0x2d, 0x5b, 0xac, 0x90, 0x00, 0x48, 0x89, 0x05, 0x91,
  0xea, 0x01, 0x00, 0x48, 0x8b, 0x05, 0x72, 0xdb, 0x01, 0x00, 0x48, 0x2d,
  0xad, 0xd3, 0x2c, 0x00, 0x48, 0x89, 0x05, 0x85, 0xea, 0x01, 0x00, 0x48,
  0x8b, 0x05, 0x5e, 0xdb, 0x01, 0x00, 0x48, 0x2d, 0xab, 0xd3, 0x2c, 0x00,
  0x48, 0x89, 0x05, 0x79, 0xea, 0x01, 0x00, 0x48, 0x8b, 0x05, 0x4a, 0xdb,
  0x01, 0x00, 0x48, 0x2d, 0x5e, 0xf3, 0x1d, 0x00, 0x48, 0x89, 0x05, 0x6d,
  0xea, 0x01, 0x00, 0x48, 0x8b, 0x05, 0x36, 0xdb, 0x01, 0x00, 0x48, 0x2d,
  0x5c, 0xf3, 0x1d, 0x00, 0x48, 0x89, 0x05, 0x61, 0xea, 0x01, 0x00, 0x48,
  0x8b, 0x05, 0x22, 0xdb, 0x01, 0x00, 0x48, 0x2d, 0x89, 0x29, 0x6c, 0x00,
  0x48, 0x89, 0x05, 0x55, 0xea, 0x01, 0x00, 0x48, 0x8b, 0x05, 0x0e, 0xdb,
  0x01, 0x00, 0x48, 0x2d, 0x33, 0x29, 0x6c, 0x00, 0x48, 0x89, 0x05, 0x49,
  0xea, 0x01, 0x00, 0x48, 0x8b, 0x05, 0xfa, 0xda, 0x01, 0x00, 0x48, 0x2d,
  0x99, 0x1e, 0x63, 0x00, 0x48, 0x89, 0x05, 0x3d, 0xea, 0x01, 0x00, 0x48,
  0x8b, 0x05, 0xe6, 0xda, 0x01, 0x00, 0x48, 0x05, 0xc0, 0x09, 0x17, 0x00,
  0x48, 0x89, 0x05, 0x31, 0xea, 0x01, 0x00, 0x48, 0x8b, 0x05, 0xd2, 0xda,
  0x01, 0x00, 0x48, 0x05, 0x10, 0x84, 0x16, 0x00, 0x48, 0x89, 0x05, 0x25,
  0xea, 0x01, 0x00, 0x48, 0x8b, 0x05, 0xbe, 0xda, 0x01, 0x00, 0x48, 0x05,
  0xb8, 0x1b, 0xd1, 0x00, 0x48, 0x89, 0x05, 0x19, 0xea, 0x01, 0x00, 0x48,
  0x8b, 0x05, 0xaa, 0xda, 0x01, 0x00, 0x48, 0x05, 0x30, 0x1d, 0xd1, 0x00,
  0x48, 0x89, 0x05, 0x0d, 0xea, 0x01, 0x00, 0x48, 0x8b, 0x05, 0x96, 0xda,
  0x01, 0x00, 0x48, 0x2d, 0xc0, 0x24, 0x68, 0x00, 0x48, 0x89, 0x05, 0x01,
  0xea, 0x01, 0x00, 0x48, 0x8b, 0x05, 0x82, 0xda, 0x01, 0x00, 0x48, 0x2d,
  0x40, 0x5c, 0x8a, 0x00, 0x48, 0x89, 0x05, 0xf5, 0xe9, 0x01, 0x00, 0x48,
  0x8b, 0x05, 0x6e, 0xda, 0x01, 0x00, 0x48, 0x2d, 0x11, 0x23, 0x80, 0x00,
  0x48, 0x89, 0x05, 0xe9, 0xe9, 0x01, 0x00, 0x48, 0x8b, 0x05, 0x5a, 0xda,
  0x01, 0x00, 0x48, 0x2d, 0xee, 0x22, 0x80, 0x00, 0x48, 0x89, 0x05, 0xdd,
  0xe9, 0x01, 0x00, 0x48, 0x8b, 0x05, 0x46, 0xda, 0x01, 0x00, 0x48, 0x2d,
  0x90, 0x9b, 0x0a, 0x00, 0x48, 0x89, 0x05, 0xd1, 0xe9, 0x01, 0x00, 0x48,
  0x8b, 0x05, 0x32, 0xda, 0x01, 0x00, 0x48, 0x05, 0x80, 0x60, 0x34, 0x01,
  0x48, 0x89, 0x05, 0xc5, 0xe9, 0x01, 0x00, 0x48, 0x8b, 0x05, 0x1e, 0xda,
  0x01, 0x00, 0x48, 0x2d, 0xcd, 0x54, 0x8a, 0x00, 0x48, 0x89, 0x05, 0xb9,
  0xe9, 0x01, 0x00, 0x48, 0x8b, 0x05, 0x0a, 0xda, 0x01, 0x00, 0x48, 0x2d,
  0xa8, 0xc9, 0x2c, 0x00, 0x48, 0x89, 0x05, 0xad, 0xe9, 0x01, 0x00, 0x48,
  0x8b, 0x05, 0xf6, 0xd9, 0x01, 0x00, 0x48, 0x2d, 0x27, 0x57, 0x8a, 0x00,
  0x48, 0x89, 0x05, 0xa1, 0xe9, 0x01, 0x00, 0x48, 0x8b, 0x05, 0xe2, 0xd9,
  0x01, 0x00, 0x48, 0x2d, 0x8a, 0x53, 0x8a, 0x00, 0x48, 0x89, 0x05, 0x95,
  0xe9, 0x01, 0x00, 0x48, 0x8b, 0x05, 0xce, 0xd9, 0x01, 0x00, 0x48, 0x2d,
  0xc3, 0x52, 0x8a, 0x00, 0x48, 0x89, 0x05, 0x89, 0xe9, 0x01, 0x00, 0x48,
  0x8b, 0x05, 0xba, 0xd9, 0x01, 0x00, 0x48, 0x2d, 0xd2, 0x47, 0x8a, 0x00,
  0x48, 0x89, 0x05, 0x7d, 0xe9, 0x01, 0x00, 0x48, 0x8b, 0x05, 0xa6, 0xd9,
  0x01, 0x00, 0x48, 0x2d, 0x55, 0x4c, 0x8a, 0x00, 0x48, 0x89, 0x05, 0x71,
  0xe9, 0x01, 0x00, 0x48, 0x8b, 0x05, 0x92, 0xd9, 0x01, 0x00, 0x48, 0x2d,
  0xbc, 0x58, 0x8a, 0x00, 0x48, 0x89, 0x05, 0x65, 0xe9, 0x01, 0x00, 0x48,
  0x8b, 0x05, 0x7e, 0xd9, 0x01, 0x00, 0x48, 0x2d, 0x41, 0x55, 0x8a, 0x00,
  0x48, 0x89, 0x05, 0x59, 0xe9, 0x01, 0x00, 0x48, 0x8b, 0x05, 0x6a, 0xd9,
  0x01, 0x00, 0x48, 0x2d, 0x14, 0x50, 0x8a, 0x00, 0x48, 0x89, 0x05, 0x4d,
  0xe9, 0x01, 0x00, 0x48, 0x8b, 0x05, 0x56, 0xd9, 0x01, 0x00, 0x48, 0x2d,
  0x8c, 0x48, 0x8a, 0x00, 0x48, 0x89, 0x05, 0x41, 0xe9, 0x01, 0x00, 0x48,
  0x8b, 0x05, 0x42, 0xd9, 0x01, 0x00, 0x48, 0x2d, 0xbe, 0x5c, 0x8a, 0x00,
  0x48, 0x89, 0x05, 0x35, 0xe9, 0x01, 0x00, 0x48, 0x8b, 0x05, 0x2e, 0xd9,
  0x01, 0x00, 0x48, 0x2d, 0xf0, 0xa7, 0x94, 0x00, 0x48, 0x89, 0x05, 0x29,
  0xe9, 0x01, 0x00, 0x48, 0x8b, 0x05, 0x1a, 0xd9, 0x01, 0x00, 0x48, 0x2d,
  0xa4, 0xad, 0x94, 0x00, 0x48, 0x89, 0x05, 0x1d, 0xe9, 0x01, 0x00, 0x48,
  0x8b, 0x05, 0x06, 0xd9, 0x01, 0x00, 0x48, 0x2d, 0x2e, 0xad, 0x94, 0x00,
  0x48, 0x89, 0x05, 0x11, 0xe9, 0x01, 0x00, 0x48, 0x8b, 0x05, 0xf2, 0xd8,
  0x01, 0x00, 0x48, 0x2d, 0xa0, 0xaa, 0x94, 0x00, 0x48, 0x89, 0x05, 0x05,
  0xe9, 0x01, 0x00, 0x48, 0x8b, 0x05, 0xde, 0xd8, 0x01, 0x00, 0x48, 0x2d,
  0x40, 0xd9, 0x8e, 0x00, 0x48, 0x89, 0x05, 0xf9, 0xe8, 0x01, 0x00, 0x48,
  0x8b, 0x05, 0xca, 0xd8, 0x01, 0x00, 0x48, 0x2d, 0x02, 0xd9, 0x8e, 0x00,
  0x48, 0x89, 0x05, 0xed, 0xe8, 0x01, 0x00, 0x48, 0x8b, 0x05, 0xb6, 0xd8,
  0x01, 0x00, 0x48, 0x2d, 0xe0, 0x08, 0x99, 0x00, 0x48, 0x89, 0x05, 0xe1,
  0xe8, 0x01, 0x00, 0x48, 0x8b, 0x05, 0xa2, 0xd8, 0x01, 0x00, 0x48, 0x2d,
  0x90, 0x09, 0x99, 0x00, 0x48, 0x89, 0x05, 0xd5, 0xe8, 0x01, 0x00, 0x48,
  0x8b, 0x05, 0x8e, 0xd8, 0x01, 0x00, 0x48, 0x2d, 0xf0, 0x9d, 0x47, 0x00,
  0x48, 0x89, 0x05, 0xc9, 0xe8, 0x01, 0x00, 0x48, 0x8b, 0x05, 0x7a, 0xd8,
  0x01, 0x00, 0x48, 0x2d, 0x90, 0xf9, 0x9c, 0x00, 0x48, 0x89, 0x05, 0xbd,
  0xe8, 0x01, 0x00, 0x48, 0x8b, 0x05, 0x66, 0xd8, 0x01, 0x00, 0x48, 0x2d,
  0x88, 0xf9, 0x9c, 0x00, 0x48, 0x89, 0x05, 0xb1, 0xe8, 0x01, 0x00, 0x48,
  0x8b, 0x05, 0x52, 0xd8, 0x01, 0x00, 0x48, 0x05, 0xe8, 0x16, 0xdc, 0x00,
  0x48, 0x89, 0x05, 0xa5, 0xe8, 0x01, 0x00, 0x48, 0x8b, 0x05, 0x3e, 0xd8,
  0x01, 0x00, 0x48, 0x2d, 0xab, 0xf8, 0x9c, 0x00, 0x48, 0x89, 0x05, 0x99,
  0xe8, 0x01, 0x00, 0x48, 0x8b, 0x05, 0x2a, 0xd8, 0x01, 0x00, 0x48, 0x2d,
  0xa7, 0xf8, 0x9c, 0x00, 0x48, 0x89, 0x05, 0x8d, 0xe8, 0x01, 0x00, 0x48,
  0x8b, 0x05, 0x16, 0xd8, 0x01, 0x00, 0x48, 0x2d, 0x08, 0xd2, 0x96, 0x00,
  0x48, 0x89, 0x05, 0x81, 0xe8, 0x01, 0x00, 0x48, 0x8b, 0x05, 0x02, 0xd8,
  0x01, 0x00, 0x48, 0x05, 0x78, 0x7a, 0x25, 0x03, 0x48, 0x89, 0x05, 0x75,
  0xe8, 0x01, 0x00, 0x48, 0x8b, 0x05, 0xee, 0xd7, 0x01, 0x00, 0x48, 0x05,
  0x30, 0x18, 0xe3, 0x02, 0x48, 0x89, 0x05, 0x69, 0xe8, 0x01, 0x00, 0x48,
  0x8b, 0x05, 0xda, 0xd7, 0x01, 0x00, 0x48, 0x05, 0x74, 0x54, 0x50, 0x06,
  0x48, 0x89, 0x05, 0x5d, 0xe8, 0x01, 0x00, 0x48, 0x8b, 0x05, 0xc6, 0xd7,
  0x01, 0x00, 0x48, 0x05, 0x7d, 0x54, 0x50, 0x06, 0x48, 0x89, 0x05, 0x51,
  0xe8, 0x01, 0x00, 0x48, 0x8b, 0x05, 0xb2, 0xd7, 0x01, 0x00, 0x48, 0x05,
  0x98, 0x54, 0x50, 0x06, 0x48, 0x89, 0x05, 0x45, 0xe8, 0x01, 0x00, 0x48,
  0x8b, 0x05, 0x9e, 0xd7, 0x01, 0x00, 0x48, 0x05, 0x00, 0x55, 0x50, 0x06,
  0x48, 0x89, 0x05, 0x39, 0xe8, 0x01, 0x00, 0x48, 0x8b, 0x05, 0x8a, 0xd7,
  0x01, 0x00, 0x48, 0x89, 0x05, 0x33, 0xe8, 0x01, 0x00, 0x48, 0x8b, 0x05,
  0x7c, 0xd7, 0x01, 0x00, 0x48, 0x83, 0xc0, 0x02, 0x48, 0x89, 0x05, 0x29,
  0xe8, 0x01, 0x00, 0x48, 0x8b, 0x05, 0x6a, 0xd7, 0x01, 0x00, 0x48, 0x89,
  0x05, 0x23, 0xe8, 0x01, 0x00, 0x48, 0x8b, 0x05, 0x5c, 0xd7, 0x01, 0x00,
  0x48, 0x89, 0x05, 0x1d, 0xe8, 0x01, 0x00, 0x48, 0x8b, 0x05, 0x4e, 0xd7,
  0x01, 0x00, 0x48, 0x89, 0x05, 0x17, 0xe8, 0x01, 0x00, 0x48, 0x8b, 0x05,
  0x40, 0xd7, 0x01, 0x00, 0x48, 0x89, 0x05, 0x11, 0xe8, 0x01, 0x00, 0x48,
  0x8b, 0x05, 0x32, 0xd7, 0x01, 0x00, 0x48, 0x89, 0x05, 0x0b, 0xe8, 0x01,
  0x00, 0x48, 0x8b, 0x05, 0x24, 0xd7, 0x01, 0x00, 0x48, 0x89, 0x05, 0x05,
  0xe8, 0x01, 0x00, 0x90, 0x5d, 0xc3, 0xf3, 0x0f, 0x1e, 0xfa, 0x55, 0x48,
  0x89, 0xe5, 0x48, 0x8b, 0x05, 0x0b, 0xd7, 0x01, 0x00, 0x48, 0x05, 0xb8,
  0xdc, 0x7e, 0x02, 0x48, 0x89, 0x05, 0x7e, 0xe5, 0x01, 0x00, 0x48, 0x8b,
  0x05, 0xf7, 0xd6, 0x01, 0x00, 0x48, 0x05, 0x80, 0xdc, 0x4c, 0x06, 0x48,
  0x89, 0x05, 0x72, 0xe5, 0x01, 0x00, 0x48, 0x8b, 0x05, 0xe3, 0xd6, 0x01,
  0x00, 0x48, 0x05, 0x30, 0xee, 0x4c, 0x06, 0x48, 0x89, 0x05, 0x66, 0xe5,
  0x01, 0x00, 0x48, 0x8b, 0x05, 0xcf, 0xd6, 0x01, 0x00, 0x48, 0x05, 0x30,
  0x08, 0x4d, 0x06, 0x48, 0x89, 0x05, 0x5a, 0xe5, 0x01, 0x00, 0x48, 0x8b,
  0x05, 0xbb, 0xd6, 0x01, 0x00, 0x48, 0x05, 0x80, 0x22, 0x4d, 0x06, 0x48,
  0x89, 0x05, 0x4e, 0xe5, 0x01, 0x00, 0x48, 0x8b, 0x05, 0xa7, 0xd6, 0x01,
  0x00, 0x48, 0x2d, 0x4c, 0xf8, 0x9c, 0x00, 0x48, 0x89, 0x05, 0x42, 0xe5,
  0x01, 0x00, 0x48, 0x8b, 0x05, 0x93, 0xd6, 0x01, 0x00, 0x48, 0x2d, 0x53,
  0xf8, 0x9c, 0x00, 0x48, 0x89, 0x05, 0x36, 0xe5, 0x01, 0x00, 0x48, 0x8b,
  0x05, 0x7f, 0xd6, 0x01, 0x00, 0x48, 0x2d, 0x56, 0xf8, 0x9c, 0x00, 0x48,
  0x89, 0x05, 0x2a, 0xe5, 0x01, 0x00, 0x48, 0x8b, 0x05, 0x6b, 0xd6, 0x01,
  0x00, 0x48, 0x2d, 0x2a, 0x00, 0x99, 0x00, 0x48, 0x89, 0x05, 0x1e, 0xe5,
  0x01, 0x00, 0x48, 0x8b, 0x05, 0x57, 0xd6, 0x01, 0x00, 0x48, 0x2d, 0xfa,
  0x0c, 0x9d, 0x00, 0x48, 0x89, 0x05, 0x12, 0xe5, 0x01, 0x00, 0x48, 0x8b,
  0x05, 0x43, 0xd6, 0x01, 0x00, 0x48, 0x2d, 0xcc, 0x20, 0x9d, 0x00, 0x48,
  0x89, 0x05, 0x06, 0xe5, 0x01, 0x00, 0x48, 0x8b, 0x05, 0x2f, 0xd6, 0x01,
  0x00, 0x48, 0x2d, 0x93, 0x6d, 0x9d, 0x00, 0x48, 0x89, 0x05, 0xfa, 0xe4,
  0x01, 0x00, 0x48, 0x8b, 0x05, 0x1b, 0xd6, 0x01, 0x00, 0x48, 0x2d, 0x7a,
  0x6c, 0x9d, 0x00, 0x48, 0x89, 0x05, 0xee, 0xe4, 0x01, 0x00, 0x48, 0x8b,
  0x05, 0x07, 0xd6, 0x01, 0x00, 0x48, 0x2d, 0x87, 0x6b, 0x9d, 0x00, 0x48,
  0x89, 0x05, 0xe2, 0xe4, 0x01, 0x00, 0x48, 0x8b, 0x05, 0xf3, 0xd5, 0x01,
  0x00, 0x48, 0x2d, 0x9e, 0x6f, 0x39, 0x00, 0x48, 0x89, 0x05, 0xd6, 0xe4,
  0x01, 0x00, 0x48, 0x8b, 0x05, 0xdf, 0xd5, 0x01, 0x00, 0x48, 0x2d, 0x0e,
  0x70, 0x39, 0x00, 0x48, 0x89, 0x05, 0xca, 0xe4, 0x01, 0x00, 0x48, 0x8b,
  0x05, 0xcb, 0xd5, 0x01, 0x00, 0x48, 0x2d, 0xca, 0x20, 0x9d, 0x00, 0x48,
  0x89, 0x05, 0xbe, 0xe4, 0x01, 0x00, 0x48, 0x8b, 0x05, 0xb7, 0xd5, 0x01,
  0x00, 0x48, 0x2d, 0x80, 0x6f, 0x9d, 0x00, 0x48, 0x89, 0x05, 0xb2, 0xe4,
  0x01, 0x00, 0x48, 0x8b, 0x05, 0xa3, 0xd5, 0x01, 0x00, 0x48, 0x2d, 0x61,
  0xac, 0x90, 0x00, 0x48, 0x89, 0x05, 0xa6, 0xe4, 0x01, 0x00, 0x48, 0x8b,
  0x05, 0x8f, 0xd5, 0x01, 0x00, 0x48, 0x2d, 0x5b, 0xac, 0x90, 0x00, 0x48,
  0x89, 0x05, 0x9a, 0xe4, 0x01, 0x00, 0x48, 0x8b, 0x05, 0x7b, 0xd5, 0x01,
  0x00, 0x48, 0x2d, 0x1d, 0xd3, 0x2c, 0x00, 0x48, 0x89, 0x05, 0x8e, 0xe4,
  0x01, 0x00, 0x48, 0x8b, 0x05, 0x67, 0xd5, 0x01, 0x00, 0x48, 0x2d, 0x1b,
  0xd3, 0x2c, 0x00, 0x48, 0x89, 0x05, 0x82, 0xe4, 0x01, 0x00, 0x48, 0x8b,
  0x05, 0x53, 0xd5, 0x01, 0x00, 0x48, 0x2d, 0xce, 0xf2, 0x1d, 0x00, 0x48,
  0x89, 0x05, 0x76, 0xe4, 0x01, 0x00, 0x48, 0x8b, 0x05, 0x3f, 0xd5, 0x01,
  0x00, 0x48, 0x2d, 0xcc, 0xf2, 0x1d, 0x00, 0x48, 0x89, 0x05, 0x6a, 0xe4,
  0x01, 0x00, 0x48, 0x8b, 0x05, 0x2b, 0xd5, 0x01, 0x00, 0x48, 0x2d, 0x89,
  0x29, 0x6c, 0x00, 0x48, 0x89, 0x05, 0x5e, 0xe4, 0x01, 0x00, 0x48, 0x8b,
  0x05, 0x17, 0xd5, 0x01, 0x00, 0x48, 0x2d, 0x33, 0x29, 0x6c, 0x00, 0x48,
  0x89, 0x05, 0x52, 0xe4, 0x01, 0x00, 0x48, 0x8b, 0x05, 0x03, 0xd5, 0x01,
  0x00, 0x48, 0x2d, 0xa9, 0x1e, 0x63, 0x00, 0x48, 0x89, 0x05, 0x46, 0xe4,
  0x01, 0x00, 0x48, 0x8b, 0x05, 0xef, 0xd4, 0x01, 0x00, 0x48, 0x05, 0xc0,
  0x09, 0x17, 0x00, 0x48, 0x89, 0x05, 0x3a, 0xe4, 0x01, 0x00, 0x48, 0x8b,
  0x05, 0xdb, 0xd4, 0x01, 0x00, 0x48, 0x05, 0x10, 0x84, 0x16, 0x00, 0x48,
  0x89, 0x05, 0x2e, 0xe4, 0x01, 0x00, 0x48, 0x8b, 0x05, 0xc7, 0xd4, 0x01,
  0x00, 0x48, 0x05, 0xb8, 0x1b, 0xd1, 0x00, 0x48, 0x89, 0x05, 0x22, 0xe4,
  0x01, 0x00, 0x48, 0x8b, 0x05, 0xb3, 0xd4, 0x01, 0x00, 0x48, 0x05, 0x30,
  0x1d, 0xd1, 0x00, 0x48, 0x89, 0x05, 0x16, 0xe4, 0x01, 0x00, 0x48, 0x8b,
  0x05, 0x9f, 0xd4, 0x01, 0x00, 0x48, 0x2d, 0xc0, 0x24, 0x68, 0x00, 0x48,
  0x89, 0x05, 0x0a, 0xe4, 0x01, 0x00, 0x48, 0x8b, 0x05, 0x8b, 0xd4, 0x01,
  0x00, 0x48, 0x2d, 0x40, 0x5c, 0x8a, 0x00, 0x48, 0x89, 0x05, 0xfe, 0xe3,
  0x01, 0x00, 0x48, 0x8b, 0x05, 0x77, 0xd4, 0x01, 0x00, 0x48, 0x2d, 0x11,
  0x23, 0x80, 0x00, 0x48, 0x89, 0x05, 0xf2, 0xe3, 0x01, 0x00, 0x48, 0x8b,
  0x05, 0x63, 0xd4, 0x01, 0x00, 0x48, 0x2d, 0xee, 0x22, 0x80, 0x00, 0x48,
  0x89, 0x05, 0xe6, 0xe3, 0x01, 0x00, 0x48, 0x8b, 0x05, 0x4f, 0xd4, 0x01,
  0x00, 0x48, 0x2d, 0x00, 0x9b, 0x0a, 0x00, 0x48, 0x89, 0x05, 0xda, 0xe3,
  0x01, 0x00, 0x48, 0x8b, 0x05, 0x3b, 0xd4, 0x01, 0x00, 0x48, 0x05, 0x80,
  0x60, 0x34, 0x01, 0x48, 0x89, 0x05, 0xce, 0xe3, 0x01, 0x00, 0x48, 0x8b,
  0x05, 0x27, 0xd4, 0x01, 0x00, 0x48, 0x2d, 0xcd, 0x54, 0x8a, 0x00, 0x48,
  0x89, 0x05, 0xc2, 0xe3, 0x01, 0x00, 0x48, 0x8b, 0x05, 0x13, 0xd4, 0x01,
  0x00, 0x48, 0x2d, 0x18, 0xc9, 0x2c, 0x00, 0x48, 0x89, 0x05, 0xb6, 0xe3,
  0x01, 0x00, 0x48, 0x8b, 0x05, 0xff, 0xd3, 0x01, 0x00, 0x48, 0x2d, 0x27,
  0x57, 0x8a, 0x00, 0x48, 0x89, 0x05, 0xaa, 0xe3, 0x01, 0x00, 0x48, 0x8b,
  0x05, 0xeb, 0xd3, 0x01, 0x00, 0x48, 0x2d, 0x8a, 0x53, 0x8a, 0x00, 0x48,
  0x89, 0x05, 0x9e, 0xe3, 0x01, 0x00, 0x48, 0x8b, 0x05, 0xd7, 0xd3, 0x01,
  0x00, 0x48, 0x2d, 0xc3, 0x52, 0x8a, 0x00, 0x48, 0x89, 0x05, 0x92, 0xe3,
  0x01, 0x00, 0x48, 0x8b, 0x05, 0xc3, 0xd3, 0x01, 0x00, 0x48, 0x2d, 0xd2,
  0x47, 0x8a, 0x00, 0x48, 0x89, 0x05, 0x86, 0xe3, 0x01, 0x00, 0x48, 0x8b,
  0x05, 0xaf, 0xd3, 0x01, 0x00, 0x48, 0x2d, 0x55, 0x4c, 0x8a, 0x00, 0x48,
  0x89, 0x05, 0x7a, 0xe3, 0x01, 0x00, 0x48, 0x8b, 0x05, 0x9b, 0xd3, 0x01,
  0x00, 0x48, 0x2d, 0xbc, 0x58, 0x8a, 0x00, 0x48, 0x89, 0x05, 0x6e, 0xe3,
  0x01, 0x00, 0x48, 0x8b, 0x05, 0x87, 0xd3, 0x01, 0x00, 0x48, 0x2d, 0x41,
  0x55, 0x8a, 0x00, 0x48, 0x89, 0x05, 0x62, 0xe3, 0x01, 0x00, 0x48, 0x8b,
  0x05, 0x73, 0xd3, 0x01, 0x00, 0x48, 0x2d, 0x14, 0x50, 0x8a, 0x00, 0x48,
  0x89, 0x05, 0x56, 0xe3, 0x01, 0x00, 0x48, 0x8b, 0x05, 0x5f, 0xd3, 0x01,
  0x00, 0x48, 0x2d, 0x8c, 0x48, 0x8a, 0x00, 0x48, 0x89, 0x05, 0x4a, 0xe3,
  0x01, 0x00, 0x48, 0x8b, 0x05, 0x4b, 0xd3, 0x01, 0x00, 0x48, 0x2d, 0xbe,
  0x5c, 0x8a, 0x00, 0x48, 0x89, 0x05, 0x3e, 0xe3, 0x01, 0x00, 0x48, 0x8b,
  0x05, 0x37, 0xd3, 0x01, 0x00, 0x48, 0x2d, 0xf0, 0xa7, 0x94, 0x00, 0x48,
  0x89, 0x05, 0x32, 0xe3, 0x01, 0x00, 0x48, 0x8b, 0x05, 0x23, 0xd3, 0x01,
  0x00, 0x48, 0x2d, 0xa4, 0xad, 0x94, 0x00, 0x48, 0x89, 0x05, 0x26, 0xe3,
  0x01, 0x00, 0x48, 0x8b, 0x05, 0x0f, 0xd3, 0x01, 0x00, 0x48, 0x2d, 0x2e,
  0xad, 0x94, 0x00, 0x48, 0x89, 0x05, 0x1a, 0xe3, 0x01, 0x00, 0x48, 0x8b,
  0x05, 0xfb, 0xd2, 0x01, 0x00, 0x48, 0x2d, 0xa0, 0xaa, 0x94, 0x00, 0x48,
  0x89, 0x05, 0x0e, 0xe3, 0x01, 0x00, 0x48, 0x8b, 0x05, 0xe7, 0xd2, 0x01,
  0x00, 0x48, 0x2d, 0x40, 0xd9, 0x8e, 0x00, 0x48, 0x89, 0x05, 0x02, 0xe3,
  0x01, 0x00, 0x48, 0x8b, 0x05, 0xd3, 0xd2, 0x01, 0x00, 0x48, 0x2d, 0x02,
  0xd9, 0x8e, 0x00, 0x48, 0x89, 0x05, 0xf6, 0xe2, 0x01, 0x00, 0x48, 0x8b,
  0x05, 0xbf, 0xd2, 0x01, 0x00, 0x48, 0x2d, 0xe0, 0x08, 0x99, 0x00, 0x48,
  0x89, 0x05, 0xea, 0xe2, 0x01, 0x00, 0x48, 0x8b, 0x05, 0xab, 0xd2, 0x01,
  0x00, 0x48, 0x2d, 0x90, 0x09, 0x99, 0x00, 0x48, 0x89, 0x05, 0xde, 0xe2,
  0x01, 0x00, 0x48, 0x8b, 0x05, 0x97, 0xd2, 0x01, 0x00, 0x48, 0x2d, 0x60,
  0x9d, 0x47, 0x00, 0x48, 0x89, 0x05, 0xd2, 0xe2, 0x01, 0x00, 0x48, 0x8b,
  0x05, 0x83, 0xd2, 0x01, 0x00, 0x48, 0x2d, 0x90, 0xf9, 0x9c, 0x00, 0x48,
  0x89, 0x05, 0xc6, 0xe2, 0x01, 0x00, 0x48, 0x8b, 0x05, 0x6f, 0xd2, 0x01,
  0x00, 0x48, 0x2d, 0x88, 0xf9, 0x9c, 0x00, 0x48, 0x89, 0x05, 0xba, 0xe2,
  0x01, 0x00, 0x48, 0x8b, 0x05, 0x5b, 0xd2, 0x01, 0x00, 0x48, 0x05, 0xe8,
  0x16, 0xdc, 0x00, 0x48, 0x89, 0x05, 0xae, 0xe2, 0x01, 0x00, 0x48, 0x8b,
  0x05, 0x47, 0xd2, 0x01, 0x00, 0x48, 0x2d, 0xab, 0xf8, 0x9c, 0x00, 0x48,
  0x89, 0x05, 0xa2, 0xe2, 0x01, 0x00, 0x48, 0x8b, 0x05, 0x33, 0xd2, 0x01,
  0x00, 0x48, 0x2d, 0xa7, 0xf8, 0x9c, 0x00, 0x48, 0x89, 0x05, 0x96, 0xe2,
  0x01, 0x00, 0x48, 0x8b, 0x05, 0x1f, 0xd2, 0x01, 0x00, 0x48, 0x2d, 0x70,
  0xbe, 0x96, 0x00, 0x48, 0x89, 0x05, 0x8a, 0xe2, 0x01, 0x00, 0x48, 0x8b,
  0x05, 0x0b, 0xd2, 0x01, 0x00, 0x48, 0x05, 0x78, 0x7a, 0x25, 0x03, 0x48,
  0x89, 0x05, 0x7e, 0xe2, 0x01, 0x00, 0x48, 0x8b, 0x05, 0xf7, 0xd1, 0x01,
  0x00, 0x48, 0x05, 0x30, 0x18, 0xe3, 0x02, 0x48, 0x89, 0x05, 0x72, 0xe2,
  0x01, 0x00, 0x48, 0x8b, 0x05, 0xe3, 0xd1, 0x01, 0x00, 0x48, 0x05, 0x74,
  0x64, 0x50, 0x06, 0x48, 0x89, 0x05, 0x66, 0xe2, 0x01, 0x00, 0x48, 0x8b,
  0x05, 0xcf, 0xd1, 0x01, 0x00, 0x48, 0x05, 0x7d, 0x64, 0x50, 0x06, 0x48,
  0x89, 0x05, 0x5a, 0xe2, 0x01, 0x00, 0x48, 0x8b, 0x05, 0xbb, 0xd1, 0x01,
  0x00, 0x48, 0x05, 0x98, 0x64, 0x50, 0x06, 0x48, 0x89, 0x05, 0x4e, 0xe2,
  0x01, 0x00, 0x48, 0x8b, 0x05, 0xa7, 0xd1, 0x01, 0x00, 0x48, 0x05, 0x00,
  0x65, 0x50, 0x06, 0x48, 0x89, 0x05, 0x42, 0xe2, 0x01, 0x00, 0x48, 0x8b,
  0x05, 0x93, 0xd1, 0x01, 0x00, 0x48, 0x2d, 0x12, 0xa3, 0x85, 0x00, 0x48,
  0x89, 0x05, 0x36, 0xe2, 0x01, 0x00, 0x48, 0x8b, 0x05, 0x7f, 0xd1, 0x01,
  0x00, 0x48, 0x2d, 0xd2, 0xa2, 0x85, 0x00, 0x48, 0x89, 0x05, 0x2a, 0xe2,
  0x01, 0x00, 0x48, 0x8b, 0x05, 0x6b, 0xd1, 0x01, 0x00, 0x48, 0x2d, 0xd0,
  0x1e, 0x0c, 0x00, 0x48, 0x89, 0x05, 0x1e, 0xe2, 0x01, 0x00, 0x48, 0x8b,
  0x05, 0x57, 0xd1, 0x01, 0x00, 0x48, 0x05, 0x98, 0x2b, 0xd4, 0x00, 0x48,
  0x89, 0x05, 0x12, 0xe2, 0x01, 0x00, 0x48, 0x8b, 0x05, 0x43, 0xd1, 0x01,
  0x00, 0x48, 0x2d, 0xf0, 0xeb, 0x35, 0x00, 0x48, 0x89, 0x05, 0x06, 0xe2,
  0x01, 0x00, 0x48, 0x8b, 0x05, 0x2f, 0xd1, 0x01, 0x00, 0x48, 0x2d, 0x4d,
  0xb9, 0x70, 0x00, 0x48, 0x89, 0x05, 0xfa, 0xe1, 0x01, 0x00, 0x48, 0x8b,
  0x05, 0x1b, 0xd1, 0x01, 0x00, 0x48, 0x2d, 0xc2, 0x9a, 0x0a, 0x00, 0x48,
  0x89, 0x05, 0xee, 0xe1, 0x01, 0x00, 0x48, 0x8b, 0x05, 0x07, 0xd1, 0x01,
  0x00, 0x48, 0x2d, 0xbc, 0x9a, 0x0a, 0x00, 0x48, 0x89, 0x05, 0xe2, 0xe1,
  0x01, 0x00, 0x90, 0x5d, 0xc3, 0xf3, 0x0f, 0x1e, 0xfa, 0x55, 0x48, 0x89,
  0xe5, 0x48, 0x8b, 0x05, 0xe8, 0xd0, 0x01, 0x00, 0x48, 0x05, 0xb8, 0xdc,
  0x7e, 0x02, 0x48, 0x89, 0x05, 0x5b, 0xdf, 0x01, 0x00, 0x48, 0x8b, 0x05,
  0xd4, 0xd0, 0x01, 0x00, 0x48, 0x05, 0x80, 0xdc, 0x4c, 0x06, 0x48, 0x89,
  0x05, 0x4f, 0xdf, 0x01, 0x00, 0x48, 0x8b, 0x05, 0xc0, 0xd0, 0x01, 0x00,
  0x48, 0x05, 0x30, 0xee, 0x4c, 0x06, 0x48, 0x89, 0x05, 0x43, 0xdf, 0x01,
  0x00, 0x48, 0x8b, 0x05, 0xac, 0xd0, 0x01, 0x00, 0x48, 0x05, 0x30, 0x08,
  0x4d, 0x06, 0x48, 0x89, 0x05, 0x37, 0xdf, 0x01, 0x00, 0x48, 0x8b, 0x05,
  0x98, 0xd0, 0x01, 0x00, 0x48, 0x05, 0x80, 0x22, 0x4d, 0x06, 0x48, 0x89,
  0x05, 0x2b, 0xdf, 0x01, 0x00, 0x48, 0x8b, 0x05, 0x84, 0xd0, 0x01, 0x00,
  0x48, 0x2d, 0x4c, 0xf8, 0x9c, 0x00, 0x48, 0x89, 0x05, 0x1f, 0xdf, 0x01,
  0x00, 0x48, 0x8b, 0x05, 0x70, 0xd0, 0x01, 0x00, 0x48, 0x2d, 0x53, 0xf8,
  0x9c, 0x00, 0x48, 0x89, 0x05, 0x13, 0xdf, 0x01, 0x00, 0x48, 0x8b, 0x05,
  0x5c, 0xd0, 0x01, 0x00, 0x48, 0x2d, 0x56, 0xf8, 0x9c, 0x00, 0x48, 0x89,
  0x05, 0x07, 0xdf, 0x01, 0x00, 0x48, 0x8b, 0x05, 0x48, 0xd0, 0x01, 0x00,
  0x48, 0x2d, 0x2a, 0x00, 0x99, 0x00, 0x48, 0x89, 0x05, 0xfb, 0xde, 0x01,
  0x00, 0x48, 0x8b, 0x05, 0x34, 0xd0, 0x01, 0x00, 0x48, 0x2d, 0xfa, 0x0c,
  0x9d, 0x00, 0x48, 0x89, 0x05, 0xef, 0xde, 0x01, 0x00, 0x48, 0x8b, 0x05,
  0x20, 0xd0, 0x01, 0x00, 0x48, 0x2d, 0xcc, 0x20, 0x9d, 0x00, 0x48, 0x89,
  0x05, 0xe3, 0xde, 0x01, 0x00, 0x48, 0x8b, 0x05, 0x0c, 0xd0, 0x01, 0x00,
  0x48, 0x2d, 0x93, 0x6d, 0x9d, 0x00, 0x48, 0x89, 0x05, 0xd7, 0xde, 0x01,
  0x00, 0x48, 0x8b, 0x05, 0xf8, 0xcf, 0x01, 0x00, 0x48, 0x2d, 0x7a, 0x6c,
  0x9d, 0x00, 0x48, 0x89, 0x05, 0xcb, 0xde, 0x01, 0x00, 0x48, 0x8b, 0x05,
  0xe4, 0xcf, 0x01, 0x00, 0x48, 0x2d, 0x87, 0x6b, 0x9d, 0x00, 0x48, 0x89,
  0x05, 0xbf, 0xde, 0x01, 0x00, 0x48, 0x8b, 0x05, 0xd0, 0xcf, 0x01, 0x00,
  0x48, 0x2d, 0x4e, 0x6e, 0x39, 0x00, 0x48, 0x89, 0x05, 0xb3, 0xde, 0x01,
  0x00, 0x48, 0x8b, 0x05, 0xbc, 0xcf, 0x01, 0x00, 0x48, 0x2d, 0xbe, 0x6e,
  0x39, 0x00, 0x48, 0x89, 0x05, 0xa7, 0xde, 0x01, 0x00, 0x48, 0x8b, 0x05,
  0xa8, 0xcf, 0x01, 0x00, 0x48, 0x2d, 0xe1, 0x6d, 0x39, 0x00, 0x48, 0x89,
  0x05, 0x9b, 0xde, 0x01, 0x00, 0x48, 0x8b, 0x05, 0x94, 0xcf, 0x01, 0x00,
  0x48, 0x2d, 0x80, 0x6f, 0x9d, 0x00, 0x48, 0x89, 0x05, 0x8f, 0xde, 0x01,
  0x00, 0x48, 0x8b, 0x05, 0x80, 0xcf, 0x01, 0x00, 0x48, 0x2d, 0x61, 0xac,
  0x90, 0x00, 0x48, 0x89, 0x05, 0x83, 0xde, 0x01, 0x00, 0x48, 0x8b, 0x05,
  0x6c, 0xcf, 0x01, 0x00, 0x48, 0x2d, 0x5b, 0xac, 0x90, 0x00, 0x48, 0x89,
  0x05, 0x77, 0xde, 0x01, 0x00, 0x48, 0x8b, 0x05, 0x58, 0xcf, 0x01, 0x00,
  0x48, 0x2d, 0x6d, 0xd1, 0x2c, 0x00, 0x48, 0x89, 0x05, 0x6b, 0xde, 0x01,
  0x00, 0x48, 0x8b, 0x05, 0x44, 0xcf, 0x01, 0x00, 0x48, 0x2d, 0x6b, 0xd1,
  0x2c, 0x00, 0x48, 0x89, 0x05, 0x5f, 0xde, 0x01, 0x00, 0x48, 0x8b, 0x05,
  0x30, 0xcf, 0x01, 0x00, 0x48, 0x2d, 0x1e, 0xf1, 0x1d, 0x00, 0x48, 0x89,
  0x05, 0x53, 0xde, 0x01, 0x00, 0x48, 0x8b, 0x05, 0x1c, 0xcf, 0x01, 0x00,
  0x48, 0x2d, 0x1c, 0xf1, 0x1d, 0x00, 0x48, 0x89, 0x05, 0x47, 0xde, 0x01,
  0x00, 0x48, 0x8b, 0x05, 0x08, 0xcf, 0x01, 0x00, 0x48, 0x2d, 0x59, 0x29,
  0x6c, 0x00, 0x48, 0x89, 0x05, 0x3b, 0xde, 0x01, 0x00, 0x48, 0x8b, 0x05,
  0xf4, 0xce, 0x01, 0x00, 0x48, 0x2d, 0x03, 0x29, 0x6c, 0x00, 0x48, 0x89,
  0x05, 0x2f, 0xde, 0x01, 0x00, 0x48, 0x8b, 0x05, 0xe0, 0xce, 0x01, 0x00,
  0x48, 0x2d, 0x79, 0x1e, 0x63, 0x00, 0x48, 0x89, 0x05, 0x23, 0xde, 0x01,
  0x00, 0x48, 0x8b, 0x05, 0xcc, 0xce, 0x01, 0x00, 0x48, 0x05, 0xc0, 0x09,
  0x17, 0x00, 0x48, 0x89, 0x05, 0x17, 0xde, 0x01, 0x00, 0x48, 0x8b, 0x05,
  0xb8, 0xce, 0x01, 0x00, 0x48, 0x05, 0x10, 0x84, 0x16, 0x00, 0x48, 0x89,
  0x05, 0x0b, 0xde, 0x01, 0x00, 0x48, 0x8b, 0x05, 0xa4, 0xce, 0x01, 0x00,
  0x48, 0x05, 0xb8, 0x1b, 0xd1, 0x00, 0x48, 0x89, 0x05, 0xff, 0xdd, 0x01,
  0x00, 0x48, 0x8b, 0x05, 0x90, 0xce, 0x01, 0x00, 0x48, 0x05, 0x30, 0x1d,
  0xd1, 0x00, 0x48, 0x89, 0x05, 0xf3, 0xdd, 0x01, 0x00, 0x48, 0x8b, 0x05,
  0x7c, 0xce, 0x01, 0x00, 0x48, 0x2d, 0x90, 0x24, 0x68, 0x00, 0x48, 0x89,
  0x05, 0xe7, 0xdd, 0x01, 0x00, 0x48, 0x8b, 0x05, 0x68, 0xce, 0x01, 0x00,
  0x48, 0x2d, 0xe0, 0x5b, 0x8a, 0x00, 0x48, 0x89, 0x05, 0xdb, 0xdd, 0x01,
  0x00, 0x48, 0x8b, 0x05, 0x54, 0xce, 0x01, 0x00, 0x48, 0x2d, 0xe1, 0x22,
  0x80, 0x00, 0x48, 0x89, 0x05, 0xcf, 0xdd, 0x01, 0x00, 0x48, 0x8b, 0x05,
  0x40, 0xce, 0x01, 0x00, 0x48, 0x2d, 0xbe, 0x22, 0x80, 0x00, 0x48, 0x89,
  0x05, 0xc3, 0xdd, 0x01, 0x00, 0x48, 0x8b, 0x05, 0x2c, 0xce, 0x01, 0x00,
  0x48, 0x2d, 0x40, 0x99, 0x0a, 0x00, 0x48, 0x89, 0x05, 0xb7, 0xdd, 0x01,
  0x00, 0x48, 0x8b, 0x05, 0x18, 0xce, 0x01, 0x00, 0x48, 0x05, 0x80, 0x60,
  0x34, 0x01, 0x48, 0x89, 0x05, 0xab, 0xdd, 0x01, 0x00, 0x48, 0x8b, 0x05,
  0x04, 0xce, 0x01, 0x00, 0x48, 0x2d, 0x6d, 0x54, 0x8a, 0x00, 0x48, 0x89,
  0x05, 0x9f, 0xdd, 0x01, 0x00, 0x48, 0x8b, 0x05, 0xf0, 0xcd, 0x01, 0x00,
  0x48, 0x2d, 0x68, 0xc7, 0x2c, 0x00, 0x48, 0x89, 0x05, 0x93, 0xdd, 0x01,
  0x00, 0x48, 0x8b, 0x05, 0xdc, 0xcd, 0x01, 0x00, 0x48, 0x2d, 0xc7, 0x56,
  0x8a, 0x00, 0x48, 0x89, 0x05, 0x87, 0xdd, 0x01, 0x00, 0x48, 0x8b, 0x05,
  0xc8, 0xcd, 0x01, 0x00, 0x48, 0x2d, 0x2a, 0x53, 0x8a, 0x00, 0x48, 0x89,
  0x05, 0x7b, 0xdd, 0x01, 0x00, 0x48, 0x8b, 0x05, 0xb4, 0xcd, 0x01, 0x00,
  0x48, 0x2d, 0x63, 0x52, 0x8a, 0x00, 0x48, 0x89, 0x05, 0x6f, 0xdd, 0x01,
  0x00, 0x48, 0x8b, 0x05, 0xa0, 0xcd, 0x01, 0x00, 0x48, 0x2d, 0x72, 0x47,
  0x8a, 0x00, 0x48, 0x89, 0x05, 0x63, 0xdd, 0x01, 0x00, 0x48, 0x8b, 0x05,
  0x8c, 0xcd, 0x01, 0x00, 0x48, 0x2d, 0xf5, 0x4b, 0x8a, 0x00, 0x48, 0x89,
  0x05, 0x57, 0xdd, 0x01, 0x00, 0x48, 0x8b, 0x05, 0x78, 0xcd, 0x01, 0x00,
  0x48, 0x2d, 0x5c, 0x58, 0x8a, 0x00, 0x48, 0x89, 0x05, 0x4b, 0xdd, 0x01,
  0x00, 0x48, 0x8b, 0x05, 0x64, 0xcd, 0x01, 0x00, 0x48, 0x2d, 0xe1, 0x54,
  0x8a, 0x00, 0x48, 0x89, 0x05, 0x3f, 0xdd, 0x01, 0x00, 0x48, 0x8b, 0x05,
  0x50, 0xcd, 0x01, 0x00, 0x48, 0x2d, 0xb4, 0x4f, 0x8a, 0x00, 0x48, 0x89,
  0x05, 0x33, 0xdd, 0x01, 0x00, 0x48, 0x8b, 0x05, 0x3c, 0xcd, 0x01, 0x00,
  0x48, 0x2d, 0x2c, 0x48, 0x8a, 0x00, 0x48, 0x89, 0x05, 0x27, 0xdd, 0x01,
  0x00, 0x48, 0x8b, 0x05, 0x28, 0xcd, 0x01, 0x00, 0x48, 0x2d, 0x5e, 0x5c,
  0x8a, 0x00, 0x48, 0x89, 0x05, 0x1b, 0xdd, 0x01, 0x00, 0x48, 0x8b, 0x05,
  0x14, 0xcd, 0x01, 0x00, 0x48, 0x2d, 0xf0, 0xa7, 0x94, 0x00, 0x48, 0x89,
  0x05, 0x0f, 0xdd, 0x01, 0x00, 0x48, 0x8b, 0x05, 0x00, 0xcd, 0x01, 0x00,
  0x48, 0x2d, 0xa4, 0xad, 0x94, 0x00, 0x48, 0x89, 0x05, 0x03, 0xdd, 0x01,
  0x00, 0x48, 0x8b, 0x05, 0xec, 0xcc, 0x01, 0x00, 0x48, 0x2d, 0x2e, 0xad,
  0x94, 0x00, 0x48, 0x89, 0x05, 0xf7, 0xdc, 0x01, 0x00, 0x48, 0x8b, 0x05,
  0xd8, 0xcc, 0x01, 0x00, 0x48, 0x2d, 0xa0, 0xaa, 0x94, 0x00, 0x48, 0x89,
  0x05, 0xeb, 0xdc, 0x01, 0x00, 0x48, 0x8b, 0x05, 0xc4, 0xcc, 0x01, 0x00,
  0x48, 0x2d, 0x30, 0xd9, 0x8e, 0x00, 0x48, 0x89, 0x05, 0xdf, 0xdc, 0x01,
  0x00, 0x48, 0x8b, 0x05, 0xb0, 0xcc, 0x01, 0x00, 0x48, 0x2d, 0xf2, 0xd8,
  0x8e, 0x00, 0x48, 0x89, 0x05, 0xd3, 0xdc, 0x01, 0x00, 0x48, 0x8b, 0x05,
  0x9c, 0xcc, 0x01, 0x00, 0x48, 0x2d, 0xe0, 0x08, 0x99, 0x00, 0x48, 0x89,
  0x05, 0xc7, 0xdc, 0x01, 0x00, 0x48, 0x8b, 0x05, 0x88, 0xcc, 0x01, 0x00,
  0x48, 0x2d, 0x90, 0x09, 0x99, 0x00, 0x48, 0x89, 0x05, 0xbb, 0xdc, 0x01,
  0x00, 0x48, 0x8b, 0x05, 0x74, 0xcc, 0x01, 0x00, 0x48, 0x2d, 0x30, 0x9c,
  0x47, 0x00, 0x48, 0x89, 0x05, 0xaf, 0xdc, 0x01, 0x00, 0x48, 0x8b, 0x05,
  0x60, 0xcc, 0x01, 0x00, 0x48, 0x2d, 0x90, 0xf9, 0x9c, 0x00, 0x48, 0x89,
  0x05, 0xa3, 0xdc, 0x01, 0x00, 0x48, 0x8b, 0x05, 0x4c, 0xcc, 0x01, 0x00,
  0x48, 0x2d, 0x88, 0xf9, 0x9c, 0x00, 0x48, 0x89, 0x05, 0x97, 0xdc, 0x01,
  0x00, 0x48, 0x8b, 0x05, 0x38, 0xcc, 0x01, 0x00, 0x48, 0x05, 0xe8, 0x16,
  0xdc, 0x00, 0x48, 0x89, 0x05, 0x8b, 0xdc, 0x01, 0x00, 0x48, 0x8b, 0x05,
  0x24, 0xcc, 0x01, 0x00, 0x48, 0x2d, 0xab, 0xf8, 0x9c, 0x00, 0x48, 0x89,
  0x05, 0x7f, 0xdc, 0x01, 0x00, 0x48, 0x8b, 0x05, 0x10, 0xcc, 0x01, 0x00,
  0x48, 0x2d, 0xa7, 0xf8, 0x9c, 0x00, 0x48, 0x89, 0x05, 0x73, 0xdc, 0x01,
  0x00, 0x48, 0x8b, 0x05, 0xfc, 0xcb, 0x01, 0x00, 0x48, 0x2d, 0x88, 0xdb,
  0x96, 0x00, 0x48, 0x89, 0x05, 0x67, 0xdc, 0x01, 0x00, 0x48, 0x8b, 0x05,
  0xe8, 0xcb, 0x01, 0x00, 0x48, 0x05, 0x78, 0x7a, 0x25, 0x03, 0x48, 0x89,
  0x05, 0x5b, 0xdc, 0x01, 0x00, 0x48, 0x8b, 0x05, 0xd4, 0xcb, 0x01, 0x00,
  0x48, 0x05, 0x30, 0x18, 0xe3, 0x02, 0x48, 0x89, 0x05, 0x4f, 0xdc, 0x01,
  0x00, 0x48, 0x8b, 0x05, 0xc0, 0xcb, 0x01, 0x00, 0x48, 0x05, 0x74, 0x64,
  0x50, 0x06, 0x48, 0x89, 0x05, 0x43, 0xdc, 0x01, 0x00, 0x48, 0x8b, 0x05,
  0xac, 0xcb, 0x01, 0x00, 0x48, 0x05, 0x7d, 0x64, 0x50, 0x06, 0x48, 0x89,
  0x05, 0x37, 0xdc, 0x01, 0x00, 0x48, 0x8b, 0x05, 0x98, 0xcb, 0x01, 0x00,
  0x48, 0x05, 0x98, 0x64, 0x50, 0x06, 0x48, 0x89, 0x05, 0x2b, 0xdc, 0x01,
  0x00, 0x48, 0x8b, 0x05, 0x84, 0xcb, 0x01, 0x00, 0x48, 0x05, 0x00, 0x65,
  0x50, 0x06, 0x48, 0x89, 0x05, 0x1f, 0xdc, 0x01, 0x00, 0x48, 0x8b, 0x05,
  0x70, 0xcb, 0x01, 0x00, 0x48, 0x89, 0x05, 0x19, 0xdc, 0x01, 0x00, 0x48,
  0x8b, 0x05, 0x62, 0xcb, 0x01, 0x00, 0x48, 0x83, 0xc0, 0x02, 0x48, 0x89,
  0x05, 0x0f, 0xdc, 0x01, 0x00, 0x48, 0x8b, 0x05, 0x50, 0xcb, 0x01, 0x00,
  0x48, 0x89, 0x05, 0x09, 0xdc, 0x01, 0x00, 0x48, 0x8b, 0x05, 0x42, 0xcb,
  0x01, 0x00, 0x48, 0x89, 0x05, 0x03, 0xdc, 0x01, 0x00, 0x48, 0x8b, 0x05,
  0x34, 0xcb, 0x01, 0x00, 0x48, 0x89, 0x05, 0xfd, 0xdb, 0x01, 0x00, 0x48,
  0x8b, 0x05, 0x26, 0xcb, 0x01, 0x00, 0x48, 0x89, 0x05, 0xf7, 0xdb, 0x01,
  0x00, 0x48, 0x8b, 0x05, 0x18, 0xcb, 0x01, 0x00, 0x48, 0x89, 0x05, 0xf1,
  0xdb, 0x01, 0x00, 0x48, 0x8b, 0x05, 0x0a, 0xcb, 0x01, 0x00, 0x48, 0x89,
  0x05, 0xeb, 0xdb, 0x01, 0x00, 0x90, 0x5d, 0xc3, 0xf3, 0x0f, 0x1e, 0xfa,
  0x55, 0x48, 0x89, 0xe5, 0x48, 0x8b, 0x05, 0xf1, 0xca, 0x01, 0x00, 0x48,
  0x05, 0xb8, 0xdc, 0x7e, 0x02, 0x48, 0x89, 0x05, 0x64, 0xd9, 0x01, 0x00,
  0x48, 0x8b, 0x05, 0xdd, 0xca, 0x01, 0x00, 0x48, 0x05, 0x80, 0xdc, 0x4c,
  0x06, 0x48, 0x89, 0x05, 0x58, 0xd9, 0x01, 0x00, 0x48, 0x8b, 0x05, 0xc9,
  0xca, 0x01, 0x00, 0x48, 0x05, 0x30, 0xee, 0x4c, 0x06, 0x48, 0x89, 0x05,
  0x4c, 0xd9, 0x01, 0x00, 0x48, 0x8b, 0x05, 0xb5, 0xca, 0x01, 0x00, 0x48,
  0x05, 0x30, 0x08, 0x4d, 0x06, 0x48, 0x89, 0x05, 0x40, 0xd9, 0x01, 0x00,
  0x48, 0x8b, 0x05, 0xa1, 0xca, 0x01, 0x00, 0x48, 0x05, 0x80, 0x22, 0x4d,
  0x06, 0x48, 0x89, 0x05, 0x34, 0xd9, 0x01, 0x00, 0x48, 0x8b, 0x05, 0x8d,
  0xca, 0x01, 0x00, 0x48, 0x2d, 0x4c, 0xf8, 0x9c, 0x00, 0x48, 0x89, 0x05,
  0x28, 0xd9, 0x01, 0x00, 0x48, 0x8b, 0x05, 0x79, 0xca, 0x01, 0x00, 0x48,
  0x2d, 0x53, 0xf8, 0x9c, 0x00, 0x48, 0x89, 0x05, 0x1c, 0xd9, 0x01, 0x00,
  0x48, 0x8b, 0x05, 0x65, 0xca, 0x01, 0x00, 0x48, 0x2d, 0x56, 0xf8, 0x9c,
  0x00, 0x48, 0x89, 0x05, 0x10, 0xd9, 0x01, 0x00, 0x48, 0x8b, 0x05, 0x51,
  0xca, 0x01, 0x00, 0x48, 0x2d, 0x2a, 0x00, 0x99, 0x00, 0x48, 0x89, 0x05,
  0x04, 0xd9, 0x01, 0x00, 0x48, 0x8b, 0x05, 0x3d, 0xca, 0x01, 0x00, 0x48,
  0x2d, 0xfa, 0x0c, 0x9d, 0x00, 0x48, 0x89, 0x05, 0xf8, 0xd8, 0x01, 0x00,
  0x48, 0x8b, 0x05, 0x29, 0xca, 0x01, 0x00, 0x48, 0x2d, 0xcc, 0x20, 0x9d,
  0x00, 0x48, 0x89, 0x05, 0xec, 0xd8, 0x01, 0x00, 0x48, 0x8b, 0x05, 0x15,
  0xca, 0x01, 0x00, 0x48, 0x2d, 0x93, 0x6d, 0x9d, 0x00, 0x48, 0x89, 0x05,
  0xe0, 0xd8, 0x01, 0x00, 0x48, 0x8b, 0x05, 0x01, 0xca, 0x01, 0x00, 0x48,
  0x2d, 0x7a, 0x6c, 0x9d, 0x00, 0x48, 0x89, 0x05, 0xd4, 0xd8, 0x01, 0x00,
  0x48, 0x8b, 0x05, 0xed, 0xc9, 0x01, 0x00, 0x48, 0x2d, 0x87, 0x6b, 0x9d,
  0x00, 0x48, 0x89, 0x05, 0xc8, 0xd8, 0x01, 0x00, 0x48, 0x8b, 0x05, 0xd9,
  0xc9, 0x01, 0x00, 0x48, 0x2d, 0xae, 0x6a, 0x39, 0x00, 0x48, 0x89, 0x05,
  0xbc, 0xd8, 0x01, 0x00, 0x48, 0x8b, 0x05, 0xc5, 0xc9, 0x01, 0x00, 0x48,
  0x2d, 0x1e, 0x6b, 0x39, 0x00, 0x48, 0x89, 0x05, 0xb0, 0xd8, 0x01, 0x00,
  0x48, 0x8b, 0x05, 0xb1, 0xc9, 0x01, 0x00, 0x48, 0x2d, 0xca, 0x20, 0x9d,
  0x00, 0x48, 0x89, 0x05, 0xa4, 0xd8, 0x01, 0x00, 0x48, 0x8b, 0x05, 0x9d,
  0xc9, 0x01, 0x00, 0x48, 0x2d, 0x80, 0x6f, 0x9d, 0x00, 0x48, 0x89, 0x05,
  0x98, 0xd8, 0x01, 0x00, 0x48, 0x8b, 0x05, 0x89, 0xc9, 0x01, 0x00, 0x48,
  0x2d, 0x61, 0xac, 0x90, 0x00, 0x48, 0x89, 0x05, 0x8c, 0xd8, 0x01, 0x00,
  0x48, 0x8b, 0x05, 0x75, 0xc9, 0x01, 0x00, 0x48, 0x2d, 0x5b, 0xac, 0x90,
  0x00, 0x48, 0x89, 0x05, 0x80, 0xd8, 0x01, 0x00, 0x48, 0x8b, 0x05, 0x61,
  0xc9, 0x01, 0x00, 0x48, 0x2d, 0xcd, 0xcd, 0x2c, 0x00, 0x48, 0x89, 0x05,
  0x74, 0xd8, 0x01, 0x00, 0x48, 0x8b, 0x05, 0x4d, 0xc9, 0x01, 0x00, 0x48,
  0x2d, 0xcb, 0xcd, 0x2c, 0x00, 0x48, 0x89, 0x05, 0x68, 0xd8, 0x01, 0x00,
  0x48, 0x8b, 0x05, 0x39, 0xc9, 0x01, 0x00, 0x48, 0x2d, 0x7e, 0xed, 0x1d,
  0x00, 0x48, 0x89, 0x05, 0x5c, 0xd8, 0x01, 0x00, 0x48, 0x8b, 0x05, 0x25,
  0xc9, 0x01, 0x00, 0x48, 0x2d, 0x7c, 0xed, 0x1d, 0x00, 0x48, 0x89, 0x05,
  0x50, 0xd8, 0x01, 0x00, 0x48, 0x8b, 0x05, 0x11, 0xc9, 0x01, 0x00, 0x48,
  0x2d, 0x59, 0x29, 0x6c, 0x00, 0x48, 0x89, 0x05, 0x44, 0xd8, 0x01, 0x00,
  0x48, 0x8b, 0x05, 0xfd, 0xc8, 0x01, 0x00, 0x48, 0x2d, 0x03, 0x29, 0x6c,
  0x00, 0x48, 0x89, 0x05, 0x38, 0xd8, 0x01, 0x00, 0x48, 0x8b, 0x05, 0xe9,
  0xc8, 0x01, 0x00, 0x48, 0x2d, 0x79, 0x1e, 0x63, 0x00, 0x48, 0x89, 0x05,
  0x2c, 0xd8, 0x01, 0x00, 0x48, 0x8b, 0x05, 0xd5, 0xc8, 0x01, 0x00, 0x48,
  0x05, 0xc0, 0x09, 0x17, 0x00, 0x48, 0x89, 0x05, 0x20, 0xd8, 0x01, 0x00,
  0x48, 0x8b, 0x05, 0xc1, 0xc8, 0x01, 0x00, 0x48, 0x05, 0x10, 0x84, 0x16,
  0x00, 0x48, 0x89, 0x05, 0x14, 0xd8, 0x01, 0x00, 0x48, 0x8b, 0x05, 0xad,
  0xc8, 0x01, 0x00, 0x48, 0x05, 0xb8, 0x1b, 0xd1, 0x00, 0x48, 0x89, 0x05,
  0x08, 0xd8, 0x01, 0x00, 0x48, 0x8b, 0x05, 0x99, 0xc8, 0x01, 0x00, 0x48,
  0x05, 0x30, 0x1d, 0xd1, 0x00, 0x48, 0x89, 0x05, 0xfc, 0xd7, 0x01, 0x00,
  0x48, 0x8b, 0x05, 0x85, 0xc8, 0x01, 0x00, 0x48, 0x2d, 0x90, 0x24, 0x68,
  0x00, 0x48, 0x89, 0x05, 0xf0, 0xd7, 0x01, 0x00, 0x48, 0x8b, 0x05, 0x71,
  0xc8, 0x01, 0x00, 0x48, 0x2d, 0xe0, 0x5b, 0x8a, 0x00, 0x48, 0x89, 0x05,
  0xe4, 0xd7, 0x01, 0x00, 0x48, 0x8b, 0x05, 0x5d, 0xc8, 0x01, 0x00, 0x48,
  0x2d, 0xe1, 0x22, 0x80, 0x00, 0x48, 0x89, 0x05, 0xd8, 0xd7, 0x01, 0x00,
  0x48, 0x8b, 0x05, 0x49, 0xc8, 0x01, 0x00, 0x48, 0x2d, 0xbe, 0x22, 0x80,
  0x00, 0x48, 0x89, 0x05, 0xcc, 0xd7, 0x01, 0x00, 0x48, 0x8b, 0x05, 0x35,
  0xc8, 0x01, 0x00, 0x48, 0x2d, 0x10, 0x95, 0x0a, 0x00, 0x48, 0x89, 0x05,
  0xc0, 0xd7, 0x01, 0x00, 0x48, 0x8b, 0x05, 0x21, 0xc8, 0x01, 0x00, 0x48,
  0x05, 0x80, 0x60, 0x34, 0x01, 0x48, 0x89, 0x05, 0xb4, 0xd7, 0x01, 0x00,
  0x48, 0x8b, 0x05, 0x0d, 0xc8, 0x01, 0x00, 0x48, 0x2d, 0x6d, 0x54, 0x8a,
  0x00, 0x48, 0x89, 0x05, 0xa8, 0xd7, 0x01, 0x00, 0x48, 0x8b, 0x05, 0xf9,
  0xc7, 0x01, 0x00, 0x48, 0x2d, 0xc8, 0xc3, 0x2c, 0x00, 0x48, 0x89, 0x05,
  0x9c, 0xd7, 0x01, 0x00, 0x48, 0x8b, 0x05, 0xe5, 0xc7, 0x01, 0x00, 0x48,
  0x2d, 0xc7, 0x56, 0x8a, 0x00, 0x48, 0x89, 0x05, 0x90, 0xd7, 0x01, 0x00,
  0x48, 0x8b, 0x05, 0xd1, 0xc7, 0x01, 0x00, 0x48, 0x2d, 0x2a, 0x53, 0x8a,
  0x00, 0x48, 0x89, 0x05, 0x84, 0xd7, 0x01, 0x00, 0x48, 0x8b, 0x05, 0xbd,
  0xc7, 0x01, 0x00, 0x48, 0x2d, 0x63, 0x52, 0x8a, 0x00, 0x48, 0x89, 0x05,
  0x78, 0xd7, 0x01, 0x00, 0x48, 0x8b, 0x05, 0xa9, 0xc7, 0x01, 0x00, 0x48,
  0x2d, 0x72, 0x47, 0x8a, 0x00, 0x48, 0x89, 0x05, 0x6c, 0xd7, 0x01, 0x00,
  0x48, 0x8b, 0x05, 0x95, 0xc7, 0x01, 0x00, 0x48, 0x2d, 0xf5, 0x4b, 0x8a,
  0x00, 0x48, 0x89, 0x05, 0x60, 0xd7, 0x01, 0x00, 0x48, 0x8b, 0x05, 0x81,
  0xc7, 0x01, 0x00, 0x48, 0x2d, 0x5c, 0x58, 0x8a, 0x00, 0x48, 0x89, 0x05,
  0x54, 0xd7, 0x01, 0x00, 0x48, 0x8b, 0x05, 0x6d, 0xc7, 0x01, 0x00, 0x48,
  0x2d, 0xe1, 0x54, 0x8a, 0x00, 0x48, 0x89, 0x05, 0x48, 0xd7, 0x01, 0x00,
  0x48, 0x8b, 0x05, 0x59, 0xc7, 0x01, 0x00, 0x48, 0x2d, 0xb4, 0x4f, 0x8a,
  0x00, 0x48, 0x89, 0x05, 0x3c, 0xd7, 0x01, 0x00, 0x48, 0x8b, 0x05, 0x45,
  0xc7, 0x01, 0x00, 0x48, 0x2d, 0x2c, 0x48, 0x8a, 0x00, 0x48, 0x89, 0x05,
  0x30, 0xd7, 0x01, 0x00, 0x48, 0x8b, 0x05, 0x31, 0xc7, 0x01, 0x00, 0x48,
  0x2d, 0x5e, 0x5c, 0x8a, 0x00, 0x48, 0x89, 0x05, 0x24, 0xd7, 0x01, 0x00,
  0x48, 0x8b, 0x05, 0x1d, 0xc7, 0x01, 0x00, 0x48, 0x2d, 0xf0, 0xa7, 0x94,
  0x00, 0x48, 0x89, 0x05, 0x18, 0xd7, 0x01, 0x00, 0x48, 0x8b, 0x05, 0x09,
  0xc7, 0x01, 0x00, 0x48, 0x2d, 0xa4, 0xad, 0x94, 0x00, 0x48, 0x89, 0x05,
  0x0c, 0xd7, 0x01, 0x00, 0x48, 0x8b, 0x05, 0xf5, 0xc6, 0x01, 0x00, 0x48,
  0x2d, 0x2e, 0xad, 0x94, 0x00, 0x48, 0x89, 0x05, 0x00, 0xd7, 0x01, 0x00,
  0x48, 0x8b, 0x05, 0xe1, 0xc6, 0x01, 0x00, 0x48, 0x2d, 0xa0, 0xaa, 0x94,
  0x00, 0x48, 0x89, 0x05, 0xf4, 0xd6, 0x01, 0x00, 0x48, 0x8b, 0x05, 0xcd,
  0xc6, 0x01, 0x00, 0x48, 0x2d, 0x30, 0xd9, 0x8e, 0x00, 0x48, 0x89, 0x05,
  0xe8, 0xd6, 0x01, 0x00, 0x48, 0x8b, 0x05, 0xb9, 0xc6, 0x01, 0x00, 0x48,
  0x2d, 0xf2, 0xd8, 0x8e, 0x00, 0x48, 0x89, 0x05, 0xdc, 0xd6, 0x01, 0x00,
  0x48, 0x8b, 0x05, 0xa5, 0xc6, 0x01, 0x00, 0x48, 0x2d, 0xe0, 0x08, 0x99,
  0x00, 0x48, 0x89, 0x05, 0xd0, 0xd6, 0x01, 0x00, 0x48, 0x8b, 0x05, 0x91,
  0xc6, 0x01, 0x00, 0x48, 0x2d, 0x90, 0x09, 0x99, 0x00, 0x48, 0x89, 0x05,
  0xc4, 0xd6, 0x01, 0x00, 0x48, 0x8b, 0x05, 0x7d, 0xc6, 0x01, 0x00, 0x48,
  0x2d, 0x90, 0x98, 0x47, 0x00, 0x48, 0x89, 0x05, 0xb8, 0xd6, 0x01, 0x00,
  0x48, 0x8b, 0x05, 0x69, 0xc6, 0x01, 0x00, 0x48, 0x2d, 0x90, 0xf9, 0x9c,
  0x00, 0x48, 0x89, 0x05, 0xac, 0xd6, 0x01, 0x00, 0x48, 0x8b, 0x05, 0x55,
  0xc6, 0x01, 0x00, 0x48, 0x2d, 0x88, 0xf9, 0x9c, 0x00, 0x48, 0x89, 0x05,
  0xa0, 0xd6, 0x01, 0x00, 0x48, 0x8b, 0x05, 0x41, 0xc6, 0x01, 0x00, 0x48,
  0x05, 0xe8, 0x16, 0xdc, 0x00, 0x48, 0x89, 0x05, 0x94, 0xd6, 0x01, 0x00,
  0x48, 0x8b, 0x05, 0x2d, 0xc6, 0x01, 0x00, 0x48, 0x2d, 0xab, 0xf8, 0x9c,
  0x00, 0x48, 0x89, 0x05, 0x88, 0xd6, 0x01, 0x00, 0x48, 0x8b, 0x05, 0x19,
  0xc6, 0x01, 0x00, 0x48, 0x2d, 0xa7, 0xf8, 0x9c, 0x00, 0x48, 0x89, 0x05,
  0x7c, 0xd6, 0x01, 0x00, 0x48, 0x8b, 0x05, 0x05, 0xc6, 0x01, 0x00, 0x48,
  0x2d, 0x88, 0xd4, 0x96, 0x00, 0x48, 0x89, 0x05, 0x70, 0xd6, 0x01, 0x00,
  0x48, 0x8b, 0x05, 0xf1, 0xc5, 0x01, 0x00, 0x48, 0x05, 0x78, 0x7a, 0x25,
  0x03, 0x48, 0x89, 0x05, 0x64, 0xd6, 0x01, 0x00, 0x48, 0x8b, 0x05, 0xdd,
  0xc5, 0x01, 0x00, 0x48, 0x05, 0x30, 0x18, 0xe3, 0x02, 0x48, 0x89, 0x05,
  0x58, 0xd6, 0x01, 0x00, 0x48, 0x8b, 0x05, 0xc9, 0xc5, 0x01, 0x00, 0x48,
  0x05, 0x74, 0x64, 0x50, 0x06, 0x48, 0x89, 0x05, 0x4c, 0xd6, 0x01, 0x00,
  0x48, 0x8b, 0x05, 0xb5, 0xc5, 0x01, 0x00, 0x48, 0x05, 0x7d, 0x64, 0x50,
  0x06, 0x48, 0x89, 0x05, 0x40, 0xd6, 0x01, 0x00, 0x48, 0x8b, 0x05, 0xa1,
  0xc5, 0x01, 0x00, 0x48, 0x05, 0x98, 0x64, 0x50, 0x06, 0x48, 0x89, 0x05,
  0x34, 0xd6, 0x01, 0x00, 0x48, 0x8b, 0x05, 0x8d, 0xc5, 0x01, 0x00, 0x48,
  0x05, 0x00, 0x65, 0x50, 0x06, 0x48, 0x89, 0x05, 0x28, 0xd6, 0x01, 0x00,
  0x48, 0x8b, 0x05, 0x79, 0xc5, 0x01, 0x00, 0x48, 0x89, 0x05, 0x22, 0xd6,
  0x01, 0x00, 0x48, 0x8b, 0x05, 0x6b, 0xc5, 0x01, 0x00, 0x48, 0x83, 0xc0,
  0x02, 0x48, 0x89, 0x05, 0x18, 0xd6, 0x01, 0x00, 0x48, 0x8b, 0x05, 0x59,
  0xc5, 0x01, 0x00, 0x48, 0x2d, 0xe0, 0x18, 0x0c, 0x00, 0x48, 0x89, 0x05,
  0x0c, 0xd6, 0x01, 0x00, 0x48, 0x8b, 0x05, 0x45, 0xc5, 0x01, 0x00, 0x48,
  0x89, 0x05, 0x06, 0xd6, 0x01, 0x00, 0x48, 0x8b, 0x05, 0x37, 0xc5, 0x01,
  0x00, 0x48, 0x2d, 0x00, 0xe7, 0x35, 0x00, 0x48, 0x89, 0x05, 0xfa, 0xd5,
  0x01, 0x00, 0x48, 0x8b, 0x05, 0x23, 0xc5, 0x01, 0x00, 0x48, 0x89, 0x05,
  0xf4, 0xd5, 0x01, 0x00, 0x48, 0x8b, 0x05, 0x15, 0xc5, 0x01, 0x00, 0x48,
  0x89, 0x05, 0xee, 0xd5, 0x01, 0x00, 0x48, 0x8b, 0x05, 0x07, 0xc5, 0x01,
  0x00, 0x48, 0x89, 0x05, 0xe8, 0xd5, 0x01, 0x00, 0x90, 0x5d, 0xc3, 0xf3,
  0x0f, 0x1e, 0xfa, 0x55, 0x48, 0x89, 0xe5, 0x48, 0x8b, 0x05, 0xee, 0xc4,
  0x01, 0x00, 0x48, 0x05, 0x00, 0xdd, 0x91, 0x02, 0x48, 0x89, 0x05, 0x61,
  0xd3, 0x01, 0x00, 0x48, 0x8b, 0x05, 0xda, 0xc4, 0x01, 0x00, 0x48, 0x05,
  0xa0, 0xdc, 0x60, 0x06, 0x48, 0x89, 0x05, 0x55, 0xd3, 0x01, 0x00, 0x48,
  0x8b, 0x05, 0xc6, 0xc4, 0x01, 0x00, 0x48, 0x05, 0x50, 0xee, 0x60, 0x06,
  0x48, 0x89, 0x05, 0x49, 0xd3, 0x01, 0x00, 0x48, 0x8b, 0x05, 0xb2, 0xc4,
  0x01, 0x00, 0x48, 0x05, 0x50, 0x08, 0x61, 0x06, 0x48, 0x89, 0x05, 0x3d,
  0xd3, 0x01, 0x00, 0x48, 0x8b, 0x05, 0x9e, 0xc4, 0x01, 0x00, 0x48, 0x05,
  0x80, 0x26, 0x62, 0x06, 0x48, 0x89, 0x05, 0x31, 0xd3, 0x01, 0x00, 0x48,
  0x8b, 0x05, 0x8a, 0xc4, 0x01, 0x00, 0x48, 0x2d, 0x93, 0x4f, 0xa0, 0x00,
  0x48, 0x89, 0x05, 0x25, 0xd3, 0x01, 0x00, 0x48, 0x8b, 0x05, 0x76, 0xc4,
  0x01, 0x00, 0x48, 0x2d, 0x9a, 0x4f, 0xa0, 0x00, 0x48, 0x89, 0x05, 0x19,
  0xd3, 0x01, 0x00, 0x48, 0x8b, 0x05, 0x62, 0xc4, 0x01, 0x00, 0x48, 0x2d,
  0x9d, 0x4f, 0xa0, 0x00, 0x48, 0x89, 0x05, 0x0d, 0xd3, 0x01, 0x00, 0x48,
  0x8b, 0x05, 0x4e, 0xc4, 0x01, 0x00, 0x48, 0x2d, 0x6a, 0x57, 0x9c, 0x00,
  0x48, 0x89, 0x05, 0x01, 0xd3, 0x01, 0x00, 0x48, 0x8b, 0x05, 0x3a, 0xc4,
  0x01, 0x00, 0x48, 0x2d, 0x2a, 0x65, 0xa0, 0x00, 0x48, 0x89, 0x05, 0xf5,
  0xd2, 0x01, 0x00, 0x48, 0x8b, 0x05, 0x26, 0xc4, 0x01, 0x00, 0x48, 0x2d,
  0xfc, 0x78, 0xa0, 0x00, 0x48, 0x89, 0x05, 0xe9, 0xd2, 0x01, 0x00, 0x48,
  0x8b, 0x05, 0x12, 0xc4, 0x01, 0x00, 0x48, 0x2d, 0x13, 0xbf, 0xa0, 0x00,
  0x48, 0x89, 0x05, 0xdd, 0xd2, 0x01, 0x00, 0x48, 0x8b, 0x05, 0xfe, 0xc3,
  0x01, 0x00, 0x48, 0x2d, 0xfa, 0xbd, 0xa0, 0x00, 0x48, 0x89, 0x05, 0xd1,
  0xd2, 0x01, 0x00, 0x48, 0x8b, 0x05, 0xea, 0xc3, 0x01, 0x00, 0x48, 0x2d,
  0x07, 0xbd, 0xa0, 0x00, 0x48, 0x89, 0x05, 0xc5, 0xd2, 0x01, 0x00, 0x48,
  0x8b, 0x05, 0xd6, 0xc3, 0x01, 0x00, 0x48, 0x2d, 0x2e, 0x98, 0x3a, 0x00,
  0x48, 0x89, 0x05, 0xb9, 0xd2, 0x01, 0x00, 0x48, 0x8b, 0x05, 0xc2, 0xc3,
  0x01, 0x00, 0x48, 0x2d, 0x9e, 0x98, 0x3a, 0x00, 0x48, 0x89, 0x05, 0xad,
  0xd2, 0x01, 0x00, 0x48, 0x8b, 0x05, 0xae, 0xc3, 0x01, 0x00, 0x48, 0x2d,
  0xfa, 0x78, 0xa0, 0x00, 0x48, 0x89, 0x05, 0xa1, 0xd2, 0x01, 0x00, 0x48,
  0x8b, 0x05, 0x9a, 0xc3, 0x01, 0x00, 0x48, 0x2d, 0x00, 0xc1, 0xa0, 0x00,
  0x48, 0x89, 0x05, 0x95, 0xd2, 0x01, 0x00, 0x48, 0x8b, 0x05, 0x86, 0xc3,
  0x01, 0x00, 0x48, 0x2d, 0xa2, 0xef, 0x93, 0x00, 0x48, 0x89, 0x05, 0x89,
  0xd2, 0x01, 0x00, 0x48, 0x8b, 0x05, 0x72, 0xc3, 0x01, 0x00, 0x48, 0x2d,
  0x9c, 0xef, 0x93, 0x00, 0x48, 0x89, 0x05, 0x7d, 0xd2, 0x01, 0x00, 0x48,
  0x8b, 0x05, 0x5e, 0xc3, 0x01, 0x00, 0x48, 0x89, 0x05, 0x77, 0xd2, 0x01,
  0x00, 0x48, 0x8b, 0x05, 0x50, 0xc3, 0x01, 0x00, 0x48, 0x83, 0xc0, 0x02,
  0x48, 0x89, 0x05, 0x6d, 0xd2, 0x01, 0x00, 0x48, 0x8b, 0x05, 0x3e, 0xc3,
  0x01, 0x00, 0x48, 0x89, 0x05, 0x67, 0xd2, 0x01, 0x00, 0x48, 0x8b, 0x05,
  0x30, 0xc3, 0x01, 0x00, 0x48, 0x83, 0xc0, 0x02, 0x48, 0x89, 0x05, 0x5d,
  0xd2, 0x01, 0x00, 0x48, 0x8b, 0x05, 0x1e, 0xc3, 0x01, 0x00, 0x48, 0x2d,
  0xb0, 0x7d, 0x6e, 0x00, 0x48, 0x89, 0x05, 0x51, 0xd2, 0x01, 0x00, 0x48,
  0x8b, 0x05, 0x0a, 0xc3, 0x01, 0x00, 0x48, 0x2d, 0x6e, 0x7d, 0x6e, 0x00,
  0x48, 0x89, 0x05, 0x45, 0xd2, 0x01, 0x00, 0x48, 0x8b, 0x05, 0xf6, 0xc2,
  0x01, 0x00, 0x48, 0x2d, 0x49, 0x00, 0x65, 0x00, 0x48, 0x89, 0x05, 0x39,
  0xd2, 0x01, 0x00, 0x48, 0x8b, 0x05, 0xe2, 0xc2, 0x01, 0x00, 0x48, 0x05,
  0xf0, 0x1e, 0x1b, 0x00, 0x48, 0x89, 0x05, 0x2d, 0xd2, 0x01, 0x00, 0x48,
  0x8b, 0x05, 0xce, 0xc2, 0x01, 0x00, 0x48, 0x05, 0x40, 0x99, 0x1a, 0x00,
  0x48, 0x89, 0x05, 0x21, 0xd2, 0x01, 0x00, 0x48, 0x8b, 0x05, 0xba, 0xc2,
  0x01, 0x00, 0x48, 0x05, 0xe8, 0x0b, 0xe0, 0x00, 0x48, 0x89, 0x05, 0x15,
  0xd2, 0x01, 0x00, 0x48, 0x8b, 0x05, 0xa6, 0xc2, 0x01, 0x00, 0x48, 0x05,
  0x60, 0x0d, 0xe0, 0x00, 0x48, 0x89, 0x05, 0x09, 0xd2, 0x01, 0x00, 0x48,
  0x8b, 0x05, 0x92, 0xc2, 0x01, 0x00, 0x48, 0x2d, 0xe0, 0x5d, 0x6a, 0x00,
  0x48, 0x89, 0x05, 0xfd, 0xd1, 0x01, 0x00, 0x48, 0x8b, 0x05, 0x7e, 0xc2,
  0x01, 0x00, 0x48, 0x2d, 0xd0, 0x90, 0x8d, 0x00, 0x48, 0x89, 0x05, 0xf1,
  0xd1, 0x01, 0x00, 0x48, 0x8b, 0x05, 0x6a, 0xc2, 0x01, 0x00, 0x48, 0x2d,
  0xe1, 0x57, 0x83, 0x00, 0x48, 0x89, 0x05, 0xe5, 0xd1, 0x01, 0x00, 0x48,
  0x8b, 0x05, 0x56, 0xc2, 0x01, 0x00, 0x48, 0x2d, 0xbe, 0x57, 0x83, 0x00,
  0x48, 0x89, 0x05, 0xd9, 0xd1, 0x01, 0x00, 0x48, 0x8b, 0x05, 0x42, 0xc2,
  0x01, 0x00, 0x48, 0x2d, 0xf0, 0x4d, 0x0b, 0x00, 0x48, 0x89, 0x05, 0xcd,
  0xd1, 0x01, 0x00, 0x48, 0x8b, 0x05, 0x2e, 0xc2, 0x01, 0x00, 0x48, 0x05,
  0xa0, 0x55, 0x43, 0x01, 0x48, 0x89, 0x05, 0xc1, 0xd1, 0x01, 0x00, 0x48,
  0x8b, 0x05, 0x1a, 0xc2, 0x01, 0x00, 0x48, 0x2d, 0x8d, 0x89, 0x8d, 0x00,
  0x48, 0x89, 0x05, 0xb5, 0xd1, 0x01, 0x00, 0x48, 0x8b, 0x05, 0x06, 0xc2,
  0x01, 0x00, 0x48, 0x2d, 0x58, 0xd3, 0x2d, 0x00, 0x48, 0x89, 0x05, 0xa9,
  0xd1, 0x01, 0x00, 0x48, 0x8b, 0x05, 0xf2, 0xc1, 0x01, 0x00, 0x48, 0x2d,
  0xe7, 0x8b, 0x8d, 0x00, 0x48, 0x89, 0x05, 0x9d, 0xd1, 0x01, 0x00, 0x48,
  0x8b, 0x05, 0xde, 0xc1, 0x01, 0x00, 0x48, 0x2d, 0x5f, 0x88, 0x8d, 0x00,
  0x48, 0x89, 0x05, 0x91, 0xd1, 0x01, 0x00, 0x48, 0x8b, 0x05, 0xca, 0xc1,
  0x01, 0x00, 0x48, 0x2d, 0xa2, 0x87, 0x8d, 0x00, 0x48, 0x89, 0x05, 0x85,
  0xd1, 0x01, 0x00, 0x48, 0x8b, 0x05, 0xb6, 0xc1, 0x01, 0x00, 0x48, 0x2d,
  0xe4, 0x7e, 0x8d, 0x00, 0x48, 0x89, 0x05, 0x79, 0xd1, 0x01, 0x00, 0x48,
  0x8b, 0x05, 0xa2, 0xc1, 0x01, 0x00, 0x48, 0x2d, 0x19, 0x81, 0x8d, 0x00,
  0x48, 0x89, 0x05, 0x6d, 0xd1, 0x01, 0x00, 0x48, 0x8b, 0x05, 0x8e, 0xc1,
  0x01, 0x00, 0x48, 0x2d, 0x76, 0x8d, 0x8d, 0x00, 0x48, 0x89, 0x05, 0x61,
  0xd1, 0x01, 0x00, 0x48, 0x8b, 0x05, 0x7a, 0xc1, 0x01, 0x00, 0x48, 0x2d,
  0x01, 0x8a, 0x8d, 0x00, 0x48, 0x89, 0x05, 0x55, 0xd1, 0x01, 0x00, 0x48,
  0x8b, 0x05, 0x66, 0xc1, 0x01, 0x00, 0x48, 0x2d, 0x39, 0x84, 0x8d, 0x00,
  0x48, 0x89, 0x05, 0x49, 0xd1, 0x01, 0x00, 0x48, 0x8b, 0x05, 0x52, 0xc1,
  0x01, 0x00, 0x48, 0x2d, 0x58, 0x7c, 0x8d, 0x00, 0x48, 0x89, 0x05, 0x3d,
  0xd1, 0x01, 0x00, 0x48, 0x8b, 0x05, 0x3e, 0xc1, 0x01, 0x00, 0x48, 0x2d,
  0x4e, 0x91, 0x8d, 0x00, 0x48, 0x89, 0x05, 0x31, 0xd1, 0x01, 0x00, 0x48,
  0x8b, 0x05, 0x2a, 0xc1, 0x01, 0x00, 0x48, 0x2d, 0x30, 0xf4, 0x97, 0x00,
  0x48, 0x89, 0x05, 0x25, 0xd1, 0x01, 0x00, 0x48, 0x8b, 0x05, 0x16, 0xc1,
  0x01, 0x00, 0x48, 0x2d, 0xdf, 0xf9, 0x97, 0x00, 0x48, 0x89, 0x05, 0x19,
  0xd1, 0x01, 0x00, 0x48, 0x8b, 0x05, 0x02, 0xc1, 0x01, 0x00, 0x48, 0x2d,
  0x69, 0xf9, 0x97, 0x00, 0x48, 0x89, 0x05, 0x0d, 0xd1, 0x01, 0x00, 0x48,
  0x8b, 0x05, 0xee, 0xc0, 0x01, 0x00, 0x48, 0x2d, 0xe0, 0x05, 0x98, 0x00,
  0x48, 0x89, 0x05, 0x01, 0xd1, 0x01, 0x00, 0x48, 0x8b, 0x05, 0xda, 0xc0,
  0x01, 0x00, 0x48, 0x2d, 0xc0, 0x1a, 0x92, 0x00, 0x48, 0x89, 0x05, 0xf5,
  0xd0, 0x01, 0x00, 0x48, 0x8b, 0x05, 0xc6, 0xc0, 0x01, 0x00, 0x48, 0x2d,
  0x82, 0x1a, 0x92, 0x00, 0x48, 0x89, 0x05, 0xe9, 0xd0, 0x01, 0x00, 0x48,
  0x8b, 0x05, 0xb2, 0xc0, 0x01, 0x00, 0x48, 0x2d, 0x20, 0x60, 0x9c, 0x00,
  0x48, 0x89, 0x05, 0xdd, 0xd0, 0x01, 0x00, 0x48, 0x8b, 0x05, 0x9e, 0xc0,
  0x01, 0x00, 0x48, 0x2d, 0xd0, 0x60, 0x9c, 0x00, 0x48, 0x89, 0x05, 0xd1,
  0xd0, 0x01, 0x00, 0x48, 0x8b, 0x05, 0x8a, 0xc0, 0x01, 0x00, 0x48, 0x2d,
  0x80, 0xc0, 0x48, 0x00, 0x48, 0x89, 0x05, 0xc5, 0xd0, 0x01, 0x00, 0x48,
  0x8b, 0x05, 0x76, 0xc0, 0x01, 0x00, 0x48, 0x2d, 0xc0, 0x51, 0xa0, 0x00,
  0x48, 0x89, 0x05, 0xb9, 0xd0, 0x01, 0x00, 0x48, 0x8b, 0x05, 0x62, 0xc0,
  0x01, 0x00, 0x48, 0x2d, 0xb8, 0x51, 0xa0, 0x00, 0x48, 0x89, 0x05, 0xad,
  0xd0, 0x01, 0x00, 0x48, 0x8b, 0x05, 0x4e, 0xc0, 0x01, 0x00, 0x48, 0x05,
  0x38, 0xf9, 0xea, 0x00, 0x48, 0x89, 0x05, 0xa1, 0xd0, 0x01, 0x00, 0x48,
  0x8b, 0x05, 0x3a, 0xc0, 0x01, 0x00, 0x48, 0x2d, 0xf2, 0x4f, 0xa0, 0x00,
  0x48, 0x89, 0x05, 0x95, 0xd0, 0x01, 0x00, 0x48, 0x8b, 0x05, 0x26, 0xc0,
  0x01, 0x00, 0x48, 0x2d, 0xee, 0x4f, 0xa0, 0x00, 0x48, 0x89, 0x05, 0x89,
  0xd0, 0x01, 0x00, 0x48, 0x8b, 0x05, 0x12, 0xc0, 0x01, 0x00, 0x48, 0x2d,
  0x78, 0x2d, 0x9a, 0x00, 0x48, 0x89, 0x05, 0x7d, 0xd0, 0x01, 0x00, 0x48,
  0x8b, 0x05, 0xfe, 0xbf, 0x01, 0x00, 0x48, 0x05, 0x88, 0x8a, 0x39, 0x03,
  0x48, 0x89, 0x05, 0x71, 0xd0, 0x01, 0x00, 0x48, 0x8b, 0x05, 0xea, 0xbf,
  0x01, 0x00, 0x48, 0x05, 0x30, 0x18, 0xf5, 0x02, 0x48, 0x89, 0x05, 0x65,
  0xd0, 0x01, 0x00, 0x48, 0x8b, 0x05, 0xd6, 0xbf, 0x01, 0x00, 0x48, 0x05,
  0xec, 0x66, 0x64, 0x06, 0x48, 0x89, 0x05, 0x59, 0xd0, 0x01, 0x00, 0x48,
  0x8b, 0x05, 0xc2, 0xbf, 0x01, 0x00, 0x48, 0x05, 0xf5, 0x66, 0x64, 0x06,
  0x48, 0x89, 0x05, 0x4d, 0xd0, 0x01, 0x00, 0x48, 0x8b, 0x05, 0xae, 0xbf,
  0x01, 0x00, 0x48, 0x05, 0x10, 0x67, 0x64, 0x06, 0x48, 0x89, 0x05, 0x41,
  0xd0, 0x01, 0x00, 0x48, 0x8b, 0x05, 0x9a, 0xbf, 0x01, 0x00, 0x48, 0x05,
  0x78, 0x67, 0x64, 0x06, 0x48, 0x89, 0x05, 0x35, 0xd0, 0x01, 0x00, 0x48,
  0x8b, 0x05, 0x86, 0xbf, 0x01, 0x00, 0x48, 0x2d, 0xaa, 0xc5, 0x88, 0x00,
  0x48, 0x89, 0x05, 0x29, 0xd0, 0x01, 0x00, 0x48, 0x8b, 0x05, 0x72, 0xbf,
  0x01, 0x00, 0x48, 0x2d, 0xa8, 0xc5, 0x88, 0x00, 0x48, 0x89, 0x05, 0x1d,
  0xd0, 0x01, 0x00, 0x48, 0x8b, 0x05, 0x5e, 0xbf, 0x01, 0x00, 0x48, 0x2d,
  0xe0, 0xd1, 0x0c, 0x00, 0x48, 0x89, 0x05, 0x11, 0xd0, 0x01, 0x00, 0x48,
  0x8b, 0x05, 0x4a, 0xbf, 0x01, 0x00, 0x48, 0x89, 0x05, 0x0b, 0xd0, 0x01,
  0x00, 0x48, 0x8b, 0x05, 0x3c, 0xbf, 0x01, 0x00, 0x48, 0x2d, 0x60, 0x24,
  0x37, 0x00, 0x48, 0x89, 0x05, 0xff, 0xcf, 0x01, 0x00, 0x48, 0x8b, 0x05,
  0x28, 0xbf, 0x01, 0x00, 0x48, 0x2d, 0xf3, 0xe4, 0x73, 0x00, 0x48, 0x89,
  0x05, 0xf3, 0xcf, 0x01, 0x00, 0x48, 0x8b, 0x05, 0x14, 0xbf, 0x01, 0x00,
  0x48, 0x2d, 0xa3, 0x4d, 0x0b, 0x00, 0x48, 0x89, 0x05, 0xe7, 0xcf, 0x01,
  0x00, 0x48, 0x8b, 0x05, 0x00, 0xbf, 0x01, 0x00, 0x48, 0x2d, 0x9d, 0x4d,
  0x0b, 0x00, 0x48, 0x89, 0x05, 0xdb, 0xcf, 0x01, 0x00, 0x90, 0x5d, 0xc3,
  0xf3, 0x0f, 0x1e, 0xfa, 0x55, 0x48, 0x89, 0xe5, 0x48, 0x8b, 0x05, 0xe1,
  0xbe, 0x01, 0x00, 0x48, 0x05, 0x00, 0xdd, 0x91, 0x02, 0x48, 0x89, 0x05,
  0x54, 0xcd, 0x01, 0x00, 0x48, 0x8b, 0x05, 0xcd, 0xbe, 0x01, 0x00, 0x48,
  0x05, 0xa0, 0xdc, 0x60, 0x06, 0x48, 0x89, 0x05, 0x48, 0xcd, 0x01, 0x00,
  0x48, 0x8b, 0x05, 0xb9, 0xbe, 0x01, 0x00, 0x48, 0x05, 0x50, 0xee, 0x60,
  0x06, 0x48, 0x89, 0x05, 0x3c, 0xcd, 0x01, 0x00, 0x48, 0x8b, 0x05, 0xa5,
  0xbe, 0x01, 0x00, 0x48, 0x05, 0x50, 0x08, 0x61, 0x06, 0x48, 0x89, 0x05,
  0x30, 0xcd, 0x01, 0x00, 0x48, 0x8b, 0x05, 0x91, 0xbe, 0x01, 0x00, 0x48,
  0x05, 0x80, 0x26, 0x62, 0x06, 0x48, 0x89, 0x05, 0x24, 0xcd, 0x01, 0x00,
  0x48, 0x8b, 0x05, 0x7d, 0xbe, 0x01, 0x00, 0x48, 0x2d, 0x93, 0x4f, 0xa0,
  0x00, 0x48, 0x89, 0x05, 0x18, 0xcd, 0x01, 0x00, 0x48, 0x8b, 0x05, 0x69,
  0xbe, 0x01, 0x00, 0x48, 0x2d, 0x9a, 0x4f, 0xa0, 0x00, 0x48, 0x89, 0x05,
  0x0c, 0xcd, 0x01, 0x00, 0x48, 0x8b, 0x05, 0x55, 0xbe, 0x01, 0x00, 0x48,
  0x2d, 0x9d, 0x4f, 0xa0, 0x00, 0x48, 0x89, 0x05, 0x00, 0xcd, 0x01, 0x00,
  0x48, 0x8b, 0x05, 0x41, 0xbe, 0x01, 0x00, 0x48, 0x2d, 0x6a, 0x57, 0x9c,
  0x00, 0x48, 0x89, 0x05, 0xf4, 0xcc, 0x01, 0x00, 0x48, 0x8b, 0x05, 0x2d,
  0xbe, 0x01, 0x00, 0x48, 0x2d, 0x2a, 0x65, 0xa0, 0x00, 0x48, 0x89, 0x05,
  0xe8, 0xcc, 0x01, 0x00, 0x48, 0x8b, 0x05, 0x19, 0xbe, 0x01, 0x00, 0x48,
  0x2d, 0xfc, 0x78, 0xa0, 0x00, 0x48, 0x89, 0x05, 0xdc, 0xcc, 0x01, 0x00,
  0x48, 0x8b, 0x05, 0x05, 0xbe, 0x01, 0x00, 0x48, 0x2d, 0x13, 0xbf, 0xa0,
  0x00, 0x48, 0x89, 0x05, 0xd0, 0xcc, 0x01, 0x00, 0x48, 0x8b, 0x05, 0xf1,
  0xbd, 0x01, 0x00, 0x48, 0x2d, 0xfa, 0xbd, 0xa0, 0x00, 0x48, 0x89, 0x05,
  0xc4, 0xcc, 0x01, 0x00, 0x48, 0x8b, 0x05, 0xdd, 0xbd, 0x01, 0x00, 0x48,
  0x2d, 0x07, 0xbd, 0xa0, 0x00, 0x48, 0x89, 0x05, 0xb8, 0xcc, 0x01, 0x00,
  0x48, 0x8b, 0x05, 0xc9, 0xbd, 0x01, 0x00, 0x48, 0x2d, 0x2e, 0x98, 0x3a,
  0x00, 0x48, 0x89, 0x05, 0xac, 0xcc, 0x01, 0x00, 0x48, 0x8b, 0x05, 0xb5,
  0xbd, 0x01, 0x00, 0x48, 0x2d, 0x9e, 0x98, 0x3a, 0x00, 0x48, 0x89, 0x05,
  0xa0, 0xcc, 0x01, 0x00, 0x48, 0x8b, 0x05, 0xa1, 0xbd, 0x01, 0x00, 0x48,
  0x2d, 0xfa, 0x78, 0xa0, 0x00, 0x48, 0x89, 0x05, 0x94, 0xcc, 0x01, 0x00,
  0x48, 0x8b, 0x05, 0x8d, 0xbd, 0x01, 0x00, 0x48, 0x2d, 0x00, 0xc1, 0xa0,
  0x00, 0x48, 0x89, 0x05, 0x88, 0xcc, 0x01, 0x00, 0x48, 0x8b, 0x05, 0x79,
  0xbd, 0x01, 0x00, 0x48, 0x2d, 0xa2, 0xef, 0x93, 0x00, 0x48, 0x89, 0x05,
  0x7c, 0xcc, 0x01, 0x00, 0x48, 0x8b, 0x05, 0x65, 0xbd, 0x01, 0x00, 0x48,
  0x2d, 0x9c, 0xef, 0x93, 0x00, 0x48, 0x89, 0x05, 0x70, 0xcc, 0x01, 0x00,
  0x48, 0x8b, 0x05, 0x51, 0xbd, 0x01, 0x00, 0x48, 0x89, 0x05, 0x6a, 0xcc,
  0x01, 0x00, 0x48, 0x8b, 0x05, 0x43, 0xbd, 0x01, 0x00, 0x48, 0x83, 0xc0,
  0x02, 0x48, 0x89, 0x05, 0x60, 0xcc, 0x01, 0x00, 0x48, 0x8b, 0x05, 0x31,
  0xbd, 0x01, 0x00, 0x48, 0x89, 0x05, 0x5a, 0xcc, 0x01, 0x00, 0x48, 0x8b,
  0x05, 0x23, 0xbd, 0x01, 0x00, 0x48, 0x83, 0xc0, 0x02, 0x48, 0x89, 0x05,
  0x50, 0xcc, 0x01, 0x00, 0x48, 0x8b, 0x05, 0x11, 0xbd, 0x01, 0x00, 0x48,
  0x2d, 0xb0, 0x7d, 0x6e, 0x00, 0x48, 0x89, 0x05, 0x44, 0xcc, 0x01, 0x00,
  0x48, 0x8b, 0x05, 0xfd, 0xbc, 0x01, 0x00, 0x48, 0x2d, 0x6e, 0x7d, 0x6e,
  0x00, 0x48, 0x89, 0x05, 0x38, 0xcc, 0x01, 0x00, 0x48, 0x8b, 0x05, 0xe9,
  0xbc, 0x01, 0x00, 0x48, 0x2d, 0x49, 0x00, 0x65, 0x00, 0x48, 0x89, 0x05,
  0x2c, 0xcc, 0x01, 0x00, 0x48, 0x8b, 0x05, 0xd5, 0xbc, 0x01, 0x00, 0x48,
  0x05, 0xf0, 0x1e, 0x1b, 0x00, 0x48, 0x89, 0x05, 0x20, 0xcc, 0x01, 0x00,
  0x48, 0x8b, 0x05, 0xc1, 0xbc, 0x01, 0x00, 0x48, 0x05, 0x40, 0x99, 0x1a,
  0x00, 0x48, 0x89, 0x05, 0x14, 0xcc, 0x01, 0x00, 0x48, 0x8b, 0x05, 0xad,
  0xbc, 0x01, 0x00, 0x48, 0x05, 0xe8, 0x0b, 0xe0, 0x00, 0x48, 0x89, 0x05,
  0x08, 0xcc, 0x01, 0x00, 0x48, 0x8b, 0x05, 0x99, 0xbc, 0x01, 0x00, 0x48,
  0x05, 0x60, 0x0d, 0xe0, 0x00, 0x48, 0x89, 0x05, 0xfc, 0xcb, 0x01, 0x00,
  0x48, 0x8b, 0x05, 0x85, 0xbc, 0x01, 0x00, 0x48, 0x2d, 0xe0, 0x5d, 0x6a,
  0x00, 0x48, 0x89, 0x05, 0xf0, 0xcb, 0x01, 0x00, 0x48, 0x8b, 0x05, 0x71,
  0xbc, 0x01, 0x00, 0x48, 0x2d, 0xd0, 0x90, 0x8d, 0x00, 0x48, 0x89, 0x05,
  0xe4, 0xcb, 0x01, 0x00, 0x48, 0x8b, 0x05, 0x5d, 0xbc, 0x01, 0x00, 0x48,
  0x2d, 0xe1, 0x57, 0x83, 0x00, 0x48, 0x89, 0x05, 0xd8, 0xcb, 0x01, 0x00,
  0x48, 0x8b, 0x05, 0x49, 0xbc, 0x01, 0x00, 0x48, 0x2d, 0xbe, 0x57, 0x83,
  0x00, 0x48, 0x89, 0x05, 0xcc, 0xcb, 0x01, 0x00, 0x48, 0x8b, 0x05, 0x35,
  0xbc, 0x01, 0x00, 0x48, 0x2d, 0xf0, 0x4d, 0x0b, 0x00, 0x48, 0x89, 0x05,
  0xc0, 0xcb, 0x01, 0x00, 0x48, 0x8b, 0x05, 0x21, 0xbc, 0x01, 0x00, 0x48,
  0x05, 0xa0, 0x55, 0x43, 0x01, 0x48, 0x89, 0x05, 0xb4, 0xcb, 0x01, 0x00,
  0x48, 0x8b, 0x05, 0x0d, 0xbc, 0x01, 0x00, 0x48, 0x2d, 0x8d, 0x89, 0x8d,
  0x00, 0x48, 0x89, 0x05, 0xa8, 0xcb, 0x01, 0x00, 0x48, 0x8b, 0x05, 0xf9,
  0xbb, 0x01, 0x00, 0x48, 0x2d, 0x58, 0xd3, 0x2d, 0x00, 0x48, 0x89, 0x05,
  0x9c, 0xcb, 0x01, 0x00, 0x48, 0x8b, 0x05, 0xe5, 0xbb, 0x01, 0x00, 0x48,
  0x2d, 0xe7, 0x8b, 0x8d, 0x00, 0x48, 0x89, 0x05, 0x90, 0xcb, 0x01, 0x00,
  0x48, 0x8b, 0x05, 0xd1, 0xbb, 0x01, 0x00, 0x48, 0x2d, 0x5f, 0x88, 0x8d,
  0x00, 0x48, 0x89, 0x05, 0x84, 0xcb, 0x01, 0x00, 0x48, 0x8b, 0x05, 0xbd,
  0xbb, 0x01, 0x00, 0x48, 0x2d, 0xa2, 0x87, 0x8d, 0x00, 0x48, 0x89, 0x05,
  0x78, 0xcb, 0x01, 0x00, 0x48, 0x8b, 0x05, 0xa9, 0xbb, 0x01, 0x00, 0x48,
  0x2d, 0xe4, 0x7e, 0x8d, 0x00, 0x48, 0x89, 0x05, 0x6c, 0xcb, 0x01, 0x00,
  0x48, 0x8b, 0x05, 0x95, 0xbb, 0x01, 0x00, 0x48, 0x2d, 0x19, 0x81, 0x8d,
  0x00, 0x48, 0x89, 0x05, 0x60, 0xcb, 0x01, 0x00, 0x48, 0x8b, 0x05, 0x81,
  0xbb, 0x01, 0x00, 0x48, 0x2d, 0x76, 0x8d, 0x8d, 0x00, 0x48, 0x89, 0x05,
  0x54, 0xcb, 0x01, 0x00, 0x48, 0x8b, 0x05, 0x6d, 0xbb, 0x01, 0x00, 0x48,
  0x2d, 0x01, 0x8a, 0x8d, 0x00, 0x48, 0x89, 0x05, 0x48, 0xcb, 0x01, 0x00,
  0x48, 0x8b, 0x05, 0x59, 0xbb, 0x01, 0x00, 0x48, 0x2d, 0x39, 0x84, 0x8d,
  0x00, 0x48, 0x89, 0x05, 0x3c, 0xcb, 0x01, 0x00, 0x48, 0x8b, 0x05, 0x45,
  0xbb, 0x01, 0x00, 0x48, 0x2d, 0x58, 0x7c, 0x8d, 0x00, 0x48, 0x89, 0x05,
  0x30, 0xcb, 0x01, 0x00, 0x48, 0x8b, 0x05, 0x31, 0xbb, 0x01, 0x00, 0x48,
  0x2d, 0x4e, 0x91, 0x8d, 0x00, 0x48, 0x89, 0x05, 0x24, 0xcb, 0x01, 0x00,
  0x48, 0x8b, 0x05, 0x1d, 0xbb, 0x01, 0x00, 0x48, 0x2d, 0x30, 0xf4, 0x97,
  0x00, 0x48, 0x89, 0x05, 0x18, 0xcb, 0x01, 0x00, 0x48, 0x8b, 0x05, 0x09,
  0xbb, 0x01, 0x00, 0x48, 0x2d, 0xdf, 0xf9, 0x97, 0x00, 0x48, 0x89, 0x05,
  0x0c, 0xcb, 0x01, 0x00, 0x48, 0x8b, 0x05, 0xf5, 0xba, 0x01, 0x00, 0x48,
  0x2d, 0x69, 0xf9, 0x97, 0x00, 0x48, 0x89, 0x05, 0x00, 0xcb, 0x01, 0x00,
  0x48, 0x8b, 0x05, 0xe1, 0xba, 0x01, 0x00, 0x48, 0x2d, 0xe0, 0x05, 0x98,
  0x00, 0x48, 0x89, 0x05, 0xf4, 0xca, 0x01, 0x00, 0x48, 0x8b, 0x05, 0xcd,
  0xba, 0x01, 0x00, 0x48, 0x2d, 0xc0, 0x1a, 0x92, 0x00, 0x48, 0x89, 0x05,
  0xe8, 0xca, 0x01, 0x00, 0x48, 0x8b, 0x05, 0xb9, 0xba, 0x01, 0x00, 0x48,
  0x2d, 0x82, 0x1a, 0x92, 0x00, 0x48, 0x89, 0x05, 0xdc, 0xca, 0x01, 0x00,
  0x48, 0x8b, 0x05, 0xa5, 0xba, 0x01, 0x00, 0x48, 0x2d, 0x20, 0x60, 0x9c,
  0x00, 0x48, 0x89, 0x05, 0xd0, 0xca, 0x01, 0x00, 0x48, 0x8b, 0x05, 0x91,
  0xba, 0x01, 0x00, 0x48, 0x2d, 0xd0, 0x60, 0x9c, 0x00, 0x48, 0x89, 0x05,
  0xc4, 0xca, 0x01, 0x00, 0x48, 0x8b, 0x05, 0x7d, 0xba, 0x01, 0x00, 0x48,
  0x2d, 0x80, 0xc0, 0x48, 0x00, 0x48, 0x89, 0x05, 0xb8, 0xca, 0x01, 0x00,
  0x48, 0x8b, 0x05, 0x69, 0xba, 0x01, 0x00, 0x48, 0x2d, 0xc0, 0x51, 0xa0,
  0x00, 0x48, 0x89, 0x05, 0xac, 0xca, 0x01, 0x00, 0x48, 0x8b, 0x05, 0x55,
  0xba, 0x01, 0x00, 0x48, 0x2d, 0xb8, 0x51, 0xa0, 0x00, 0x48, 0x89, 0x05,
  0xa0, 0xca, 0x01, 0x00, 0x48, 0x8b, 0x05, 0x41, 0xba, 0x01, 0x00, 0x48,
  0x05, 0x38, 0xf9, 0xea, 0x00, 0x48, 0x89, 0x05, 0x94, 0xca, 0x01, 0x00,
  0x48, 0x8b, 0x05, 0x2d, 0xba, 0x01, 0x00, 0x48, 0x2d, 0xf2, 0x4f, 0xa0,
  0x00, 0x48, 0x89, 0x05, 0x88, 0xca, 0x01, 0x00, 0x48, 0x8b, 0x05, 0x19,
  0xba, 0x01, 0x00, 0x48, 0x2d, 0xee, 0x4f, 0xa0, 0x00, 0x48, 0x89, 0x05,
  0x7c, 0xca, 0x01, 0x00, 0x48, 0x8b, 0x05, 0x05, 0xba, 0x01, 0x00, 0x48,
  0x2d, 0xc8, 0x33, 0x9a, 0x00, 0x48, 0x89, 0x05, 0x70, 0xca, 0x01, 0x00,
  0x48, 0x8b, 0x05, 0xf1, 0xb9, 0x01, 0x00, 0x48, 0x05, 0x88, 0x8a, 0x39,
  0x03, 0x48, 0x89, 0x05, 0x64, 0xca, 0x01, 0x00, 0x48, 0x8b, 0x05, 0xdd,
  0xb9, 0x01, 0x00, 0x48, 0x05, 0x30, 0x18, 0xf5, 0x02, 0x48, 0x89, 0x05,
  0x58, 0xca, 0x01, 0x00, 0x48, 0x8b, 0x05, 0xc9, 0xb9, 0x01, 0x00, 0x48,
  0x05, 0xec, 0x66, 0x64, 0x06, 0x48, 0x89, 0x05, 0x4c, 0xca, 0x01, 0x00,
  0x48, 0x8b, 0x05, 0xb5, 0xb9, 0x01, 0x00, 0x48, 0x05, 0xf5, 0x66, 0x64,
  0x06, 0x48, 0x89, 0x05, 0x40, 0xca, 0x01, 0x00, 0x48, 0x8b, 0x05, 0xa1,
  0xb9, 0x01, 0x00, 0x48, 0x05, 0x10, 0x67, 0x64, 0x06, 0x48, 0x89, 0x05,
  0x34, 0xca, 0x01, 0x00, 0x48, 0x8b, 0x05, 0x8d, 0xb9, 0x01, 0x00, 0x48,
  0x05, 0x78, 0x67, 0x64, 0x06, 0x48, 0x89, 0x05, 0x28, 0xca, 0x01, 0x00,
  0x48, 0x8b, 0x05, 0x79, 0xb9, 0x01, 0x00, 0x48, 0x2d, 0xaa, 0xc5, 0x88,
  0x00, 0x48, 0x89, 0x05, 0x1c, 0xca, 0x01, 0x00, 0x48, 0x8b, 0x05, 0x65,
  0xb9, 0x01, 0x00, 0x48, 0x2d, 0xa8, 0xc5, 0x88, 0x00, 0x48, 0x89, 0x05,
  0x10, 0xca, 0x01, 0x00, 0x48, 0x8b, 0x05, 0x51, 0xb9, 0x01, 0x00, 0x48,
  0x2d, 0xe0, 0xd1, 0x0c, 0x00, 0x48, 0x89, 0x05, 0x04, 0xca, 0x01, 0x00,
  0x48, 0x8b, 0x05, 0x3d, 0xb9, 0x01, 0x00, 0x48, 0x89, 0x05, 0xfe, 0xc9,
  0x01, 0x00, 0x48, 0x8b, 0x05, 0x2f, 0xb9, 0x01, 0x00, 0x48, 0x2d, 0x60,
  0x24, 0x37, 0x00, 0x48, 0x89, 0x05, 0xf2, 0xc9, 0x01, 0x00, 0x48, 0x8b,
  0x05, 0x1b, 0xb9, 0x01, 0x00, 0x48, 0x89, 0x05, 0xec, 0xc9, 0x01, 0x00,
  0x48, 0x8b, 0x05, 0x0d, 0xb9, 0x01, 0x00, 0x48, 0x89, 0x05, 0xe6, 0xc9,
  0x01, 0x00, 0x48, 0x8b, 0x05, 0xff, 0xb8, 0x01, 0x00, 0x48, 0x89, 0x05,
  0xe0, 0xc9, 0x01, 0x00, 0x90, 0x5d, 0xc3, 0xf3, 0x0f, 0x1e, 0xfa, 0x55,
  0x48, 0x89, 0xe5, 0x48, 0x8b, 0x05, 0xe6, 0xb8, 0x01, 0x00, 0x48, 0x05,
  0x00, 0xdd, 0x91, 0x02, 0x48, 0x89, 0x05, 0x59, 0xc7, 0x01, 0x00, 0x48,
  0x8b, 0x05, 0xd2, 0xb8, 0x01, 0x00, 0x48, 0x05, 0xa0, 0xdc, 0x60, 0x06,
  0x48, 0x89, 0x05, 0x4d, 0xc7, 0x01, 0x00, 0x48, 0x8b, 0x05, 0xbe, 0xb8,
  0x01, 0x00, 0x48, 0x05, 0x50, 0xee, 0x60, 0x06, 0x48, 0x89, 0x05, 0x41,
  0xc7, 0x01, 0x00, 0x48, 0x8b, 0x05, 0xaa, 0xb8, 0x01, 0x00, 0x48, 0x05,
  0x50, 0x08, 0x61, 0x06, 0x48, 0x89, 0x05, 0x35, 0xc7, 0x01, 0x00, 0x48,
  0x8b, 0x05, 0x96, 0xb8, 0x01, 0x00, 0x48, 0x05, 0x80, 0x26, 0x62, 0x06,
  0x48, 0x89, 0x05, 0x29, 0xc7, 0x01, 0x00, 0x48, 0x8b, 0x05, 0x82, 0xb8,
  0x01, 0x00, 0x48, 0x2d, 0x93, 0x4f, 0xa0, 0x00, 0x48, 0x89, 0x05, 0x1d,
  0xc7, 0x01, 0x00, 0x48, 0x8b, 0x05, 0x6e, 0xb8, 0x01, 0x00, 0x48, 0x2d,
  0x9a, 0x4f, 0xa0, 0x00, 0x48, 0x89, 0x05, 0x11, 0xc7, 0x01, 0x00, 0x48,
  0x8b, 0x05, 0x5a, 0xb8, 0x01, 0x00, 0x48, 0x2d, 0x9d, 0x4f, 0xa0, 0x00,
  0x48, 0x89, 0x05, 0x05, 0xc7, 0x01, 0x00, 0x48, 0x8b, 0x05, 0x46, 0xb8,
  0x01, 0x00, 0x48, 0x2d, 0x6a, 0x57, 0x9c, 0x00, 0x48, 0x89, 0x05, 0xf9,
  0xc6, 0x01, 0x00, 0x48, 0x8b, 0x05, 0x32, 0xb8, 0x01, 0x00, 0x48, 0x2d,
  0x2a, 0x65, 0xa0, 0x00, 0x48, 0x89, 0x05, 0xed, 0xc6, 0x01, 0x00, 0x48,
  0x8b, 0x05, 0x1e, 0xb8, 0x01, 0x00, 0x48, 0x2d, 0xfc, 0x78, 0xa0, 0x00,
  0x48, 0x89, 0x05, 0xe1, 0xc6, 0x01, 0x00, 0x48, 0x8b, 0x05, 0x0a, 0xb8,
  0x01, 0x00, 0x48, 0x2d, 0x13, 0xbf, 0xa0, 0x00, 0x48, 0x89, 0x05, 0xd5,
  0xc6, 0x01, 0x00, 0x48, 0x8b, 0x05, 0xf6, 0xb7, 0x01, 0x00, 0x48, 0x2d,
  0xfa, 0xbd, 0xa0, 0x00, 0x48, 0x89, 0x05, 0xc9, 0xc6, 0x01, 0x00, 0x48,
  0x8b, 0x05, 0xe2, 0xb7, 0x01, 0x00, 0x48, 0x2d, 0x07, 0xbd, 0xa0, 0x00,
  0x48, 0x89, 0x05, 0xbd, 0xc6, 0x01, 0x00, 0x48, 0x8b, 0x05, 0xce, 0xb7,
  0x01, 0x00, 0x48, 0x2d, 0x5e, 0x96, 0x3a, 0x00, 0x48, 0x89, 0x05, 0xb1,
  0xc6, 0x01, 0x00, 0x48, 0x8b, 0x05, 0xba, 0xb7, 0x01, 0x00, 0x48, 0x2d,
  0xce, 0x96, 0x3a, 0x00, 0x48, 0x89, 0x05, 0xa5, 0xc6, 0x01, 0x00, 0x48,
  0x8b, 0x05, 0xa6, 0xb7, 0x01, 0x00, 0x48, 0x2d, 0xfa, 0x78, 0xa0, 0x00,
  0x48, 0x89, 0x05, 0x99, 0xc6, 0x01, 0x00, 0x48, 0x8b, 0x05, 0x92, 0xb7,
  0x01, 0x00, 0x48, 0x2d, 0x00, 0xc1, 0xa0, 0x00, 0x48, 0x89, 0x05, 0x8d,
  0xc6, 0x01, 0x00, 0x48, 0x8b, 0x05, 0x7e, 0xb7, 0x01, 0x00, 0x48, 0x2d,
  0xa2, 0xef, 0x93, 0x00, 0x48, 0x89, 0x05, 0x81, 0xc6, 0x01, 0x00, 0x48,
  0x8b, 0x05, 0x6a, 0xb7, 0x01, 0x00, 0x48, 0x2d, 0x9c, 0xef, 0x93, 0x00,
  0x48, 0x89, 0x05, 0x75, 0xc6, 0x01, 0x00, 0x48, 0x8b, 0x05, 0x56, 0xb7,
  0x01, 0x00, 0x48, 0x89, 0x05, 0x6f, 0xc6, 0x01, 0x00, 0x48, 0x8b, 0x05,
  0x48, 0xb7, 0x01, 0x00, 0x48, 0x83, 0xc0, 0x02, 0x48, 0x89, 0x05, 0x65,
  0xc6, 0x01, 0x00, 0x48, 0x8b, 0x05, 0x36, 0xb7, 0x01, 0x00, 0x48, 0x89,
  0x05, 0x5f, 0xc6, 0x01, 0x00, 0x48, 0x8b, 0x05, 0x28, 0xb7, 0x01, 0x00,
  0x48, 0x83, 0xc0, 0x02, 0x48, 0x89, 0x05, 0x55, 0xc6, 0x01, 0x00, 0x48,
  0x8b, 0x05, 0x16, 0xb7, 0x01, 0x00, 0x48, 0x2d, 0xe0, 0x7b, 0x6e, 0x00,
  0x48, 0x89, 0x05, 0x49, 0xc6, 0x01, 0x00, 0x48, 0x8b, 0x05, 0x02, 0xb7,
  0x01, 0x00, 0x48, 0x2d, 0x9e, 0x7b, 0x6e, 0x00, 0x48, 0x89, 0x05, 0x3d,
  0xc6, 0x01, 0x00, 0x48, 0x8b, 0x05, 0xee, 0xb6, 0x01, 0x00, 0x48, 0x2d,
  0x79, 0xfe, 0x64, 0x00, 0x48, 0x89, 0x05, 0x31, 0xc6, 0x01, 0x00, 0x48,
  0x8b, 0x05, 0xda, 0xb6, 0x01, 0x00, 0x48, 0x05, 0x40, 0x20, 0x1b, 0x00,
  0x48, 0x89, 0x05, 0x25, 0xc6, 0x01, 0x00, 0x48, 0x8b, 0x05, 0xc6, 0xb6,
  0x01, 0x00, 0x48, 0x05, 0x90, 0x9a, 0x1a, 0x00, 0x48, 0x89, 0x05, 0x19,
  0xc6, 0x01, 0x00, 0x48, 0x8b, 0x05, 0xb2, 0xb6, 0x01, 0x00, 0x48, 0x05,
  0xe8, 0x0b, 0xe0, 0x00, 0x48, 0x89, 0x05, 0x0d, 0xc6, 0x01, 0x00, 0x48,
  0x8b, 0x05, 0x9e, 0xb6, 0x01, 0x00, 0x48, 0x05, 0x60, 0x0d, 0xe0, 0x00,
  0x48, 0x89, 0x05, 0x01, 0xc6, 0x01, 0x00, 0x48, 0x8b, 0x05, 0x8a, 0xb6,
  0x01, 0x00, 0x48, 0x2d, 0x10, 0x5c, 0x6a, 0x00, 0x48, 0x89, 0x05, 0xf5,
  0xc5, 0x01, 0x00, 0x48, 0x8b, 0x05, 0x76, 0xb6, 0x01, 0x00, 0x48, 0x2d,
  0xd0, 0x90, 0x8d, 0x00, 0x48, 0x89, 0x05, 0xe9, 0xc5, 0x01, 0x00, 0x48,
  0x8b, 0x05, 0x62, 0xb6, 0x01, 0x00, 0x48, 0x2d, 0xe1, 0x57, 0x83, 0x00,
  0x48, 0x89, 0x05, 0xdd, 0xc5, 0x01, 0x00, 0x48, 0x8b, 0x05, 0x4e, 0xb6,
  0x01, 0x00, 0x48, 0x2d, 0xbe, 0x57, 0x83, 0x00, 0x48, 0x89, 0x05, 0xd1,
  0xc5, 0x01, 0x00, 0x48, 0x8b, 0x05, 0x3a, 0xb6, 0x01, 0x00, 0x48, 0x2d,
  0xc0, 0x4a, 0x0b, 0x00, 0x48, 0x89, 0x05, 0xc5, 0xc5, 0x01, 0x00, 0x48,
  0x8b, 0x05, 0x26, 0xb6, 0x01, 0x00, 0x48, 0x05, 0xa0, 0x55, 0x43, 0x01,
  0x48, 0x89, 0x05, 0xb9, 0xc5, 0x01, 0x00, 0x48, 0x8b, 0x05, 0x12, 0xb6,
  0x01, 0x00, 0x48, 0x2d, 0x8d, 0x89, 0x8d, 0x00, 0x48, 0x89, 0x05, 0xad,
  0xc5, 0x01, 0x00, 0x48, 0x8b, 0x05, 0xfe, 0xb5, 0x01, 0x00, 0x48, 0x2d,
  0x08, 0xd1, 0x2d, 0x00, 0x48, 0x89, 0x05, 0xa1, 0xc5, 0x01, 0x00, 0x48,
  0x8b, 0x05, 0xea, 0xb5, 0x01, 0x00, 0x48, 0x2d, 0xe7, 0x8b, 0x8d, 0x00,
  0x48, 0x89, 0x05, 0x95, 0xc5, 0x01, 0x00, 0x48, 0x8b, 0x05, 0xd6, 0xb5,
  0x01, 0x00, 0x48, 0x2d, 0x5f, 0x88, 0x8d, 0x00, 0x48, 0x89, 0x05, 0x89,
  0xc5, 0x01, 0x00, 0x48, 0x8b, 0x05, 0xc2, 0xb5, 0x01, 0x00, 0x48, 0x2d,
  0xa2, 0x87, 0x8d, 0x00, 0x48, 0x89, 0x05, 0x7d, 0xc5, 0x01, 0x00, 0x48,
  0x8b, 0x05, 0xae, 0xb5, 0x01, 0x00, 0x48, 0x2d, 0xe4, 0x7e, 0x8d, 0x00,
  0x48, 0x89, 0x05, 0x71, 0xc5, 0x01, 0x00, 0x48, 0x8b, 0x05, 0x9a, 0xb5,
  0x01, 0x00, 0x48, 0x2d, 0x19, 0x81, 0x8d, 0x00, 0x48, 0x89, 0x05, 0x65,
  0xc5, 0x01, 0x00, 0x48, 0x8b, 0x05, 0x86, 0xb5, 0x01, 0x00, 0x48, 0x2d,
  0x76, 0x8d, 0x8d, 0x00, 0x48, 0x89, 0x05, 0x59, 0xc5, 0x01, 0x00, 0x48,
  0x8b, 0x05, 0x72, 0xb5, 0x01, 0x00, 0x48, 0x2d, 0x01, 0x8a, 0x8d, 0x00,
  0x48, 0x89, 0x05, 0x4d, 0xc5, 0x01, 0x00, 0x48, 0x8b, 0x05, 0x5e, 0xb5,
  0x01, 0x00, 0x48, 0x2d, 0x39, 0x84, 0x8d, 0x00, 0x48, 0x89, 0x05, 0x41,
  0xc5, 0x01, 0x00, 0x48, 0x8b, 0x05, 0x4a, 0xb5, 0x01, 0x00, 0x48, 0x2d,
  0x58, 0x7c, 0x8d, 0x00, 0x48, 0x89, 0x05, 0x35, 0xc5, 0x01, 0x00, 0x48,
  0x8b, 0x05, 0x36, 0xb5, 0x01, 0x00, 0x48, 0x2d, 0x4e, 0x91, 0x8d, 0x00,
  0x48, 0x89, 0x05, 0x29, 0xc5, 0x01, 0x00, 0x48, 0x8b, 0x05, 0x22, 0xb5,
  0x01, 0x00, 0x48, 0x2d, 0x30, 0xf4, 0x97, 0x00, 0x48, 0x89, 0x05, 0x1d,
  0xc5, 0x01, 0x00, 0x48, 0x8b, 0x05, 0x0e, 0xb5, 0x01, 0x00, 0x48, 0x2d,
  0xdf, 0xf9, 0x97, 0x00, 0x48, 0x89, 0x05, 0x11, 0xc5, 0x01, 0x00, 0x48,
  0x8b, 0x05, 0xfa, 0xb4, 0x01, 0x00, 0x48, 0x2d, 0x69, 0xf9, 0x97, 0x00,
  0x48, 0x89, 0x05, 0x05, 0xc5, 0x01, 0x00, 0x48, 0x8b, 0x05, 0xe6, 0xb4,
  0x01, 0x00, 0x48, 0x2d, 0xe0, 0x05, 0x98, 0x00, 0x48, 0x89, 0x05, 0xf9,
  0xc4, 0x01, 0x00, 0x48, 0x8b, 0x05, 0xd2, 0xb4, 0x01, 0x00, 0x48, 0x2d,
  0xc0, 0x1a, 0x92, 0x00, 0x48, 0x89, 0x05, 0xed, 0xc4, 0x01, 0x00, 0x48,
  0x8b, 0x05, 0xbe, 0xb4, 0x01, 0x00, 0x48, 0x2d, 0x82, 0x1a, 0x92, 0x00,
  0x48, 0x89, 0x05, 0xe1, 0xc4, 0x01, 0x00, 0x48, 0x8b, 0x05, 0xaa, 0xb4,
  0x01, 0x00, 0x48, 0x2d, 0x20, 0x60, 0x9c, 0x00, 0x48, 0x89, 0x05, 0xd5,
  0xc4, 0x01, 0x00, 0x48, 0x8b, 0x05, 0x96, 0xb4, 0x01, 0x00, 0x48, 0x2d,
  0xd0, 0x60, 0x9c, 0x00, 0x48, 0x89, 0x05, 0xc9, 0xc4, 0x01, 0x00, 0x48,
  0x8b, 0x05, 0x82, 0xb4, 0x01, 0x00, 0x48, 0x2d, 0xb0, 0xbe, 0x48, 0x00,
  0x48, 0x89, 0x05, 0xbd, 0xc4, 0x01, 0x00, 0x48, 0x8b, 0x05, 0x6e, 0xb4,
  0x01, 0x00, 0x48, 0x2d, 0xc0, 0x51, 0xa0, 0x00, 0x48, 0x89, 0x05, 0xb1,
  0xc4, 0x01, 0x00, 0x48, 0x8b, 0x05, 0x5a, 0xb4, 0x01, 0x00, 0x48, 0x2d,
  0xb8, 0x51, 0xa0, 0x00, 0x48, 0x89, 0x05, 0xa5, 0xc4, 0x01, 0x00, 0x48,
  0x8b, 0x05, 0x46, 0xb4, 0x01, 0x00, 0x48, 0x05, 0x38, 0x09, 0xeb, 0x00,
  0x48, 0x89, 0x05, 0x99, 0xc4, 0x01, 0x00, 0x48, 0x8b, 0x05, 0x32, 0xb4,
  0x01, 0x00, 0x48, 0x2d, 0xf2, 0x4f, 0xa0, 0x00, 0x48, 0x89, 0x05, 0x8d,
  0xc4, 0x01, 0x00, 0x48, 0x8b, 0x05, 0x1e, 0xb4, 0x01, 0x00, 0x48, 0x2d,
  0xee, 0x4f, 0xa0, 0x00, 0x48, 0x89, 0x05, 0x81, 0xc4, 0x01, 0x00, 0x48,
  0x8b, 0x05, 0x0a, 0xb4, 0x01, 0x00, 0x48, 0x2d, 0x70, 0x3e, 0x9a, 0x00,
  0x48, 0x89, 0x05, 0x75, 0xc4, 0x01, 0x00, 0x48, 0x8b, 0x05, 0xf6, 0xb3,
  0x01, 0x00, 0x48, 0x05, 0x88, 0x8a, 0x39, 0x03, 0x48, 0x89, 0x05, 0x69,
  0xc4, 0x01, 0x00, 0x48, 0x8b, 0x05, 0xe2, 0xb3, 0x01, 0x00, 0x48, 0x05,
  0x30, 0x18, 0xf5, 0x02, 0x48, 0x89, 0x05, 0x5d, 0xc4, 0x01, 0x00, 0x48,
  0x8b, 0x05, 0xce, 0xb3, 0x01, 0x00, 0x48, 0x05, 0xec, 0x66, 0x64, 0x06,
  0x48, 0x89, 0x05, 0x51, 0xc4, 0x01, 0x00, 0x48, 0x8b, 0x05, 0xba, 0xb3,
  0x01, 0x00, 0x48, 0x05, 0xf5, 0x66, 0x64, 0x06, 0x48, 0x89, 0x05, 0x45,
  0xc4, 0x01, 0x00, 0x48, 0x8b, 0x05, 0xa6, 0xb3, 0x01, 0x00, 0x48, 0x05,
  0x10, 0x67, 0x64, 0x06, 0x48, 0x89, 0x05, 0x39, 0xc4, 0x01, 0x00, 0x48,
  0x8b, 0x05, 0x92, 0xb3, 0x01, 0x00, 0x48, 0x05, 0x78, 0x67, 0x64, 0x06,
  0x48, 0x89, 0x05, 0x2d, 0xc4, 0x01, 0x00, 0x48, 0x8b, 0x05, 0x7e, 0xb3,
  0x01, 0x00, 0x48, 0x89, 0x05, 0x27, 0xc4, 0x01, 0x00, 0x48, 0x8b, 0x05,
  0x70, 0xb3, 0x01, 0x00, 0x48, 0x83, 0xc0, 0x02, 0x48, 0x89, 0x05, 0x1d,
  0xc4, 0x01, 0x00, 0x48, 0x8b, 0x05, 0x5e, 0xb3, 0x01, 0x00, 0x48, 0x2d,
  0xb0, 0xce, 0x0c, 0x00, 0x48, 0x89, 0x05, 0x11, 0xc4, 0x01, 0x00, 0x48,
  0x8b, 0x05, 0x4a, 0xb3, 0x01, 0x00, 0x48, 0x89, 0x05, 0x0b, 0xc4, 0x01,
  0x00, 0x48, 0x8b, 0x05, 0x3c, 0xb3, 0x01, 0x00, 0x48, 0x2d, 0x90, 0x22,
  0x37, 0x00, 0x48, 0x89, 0x05, 0xff, 0xc3, 0x01, 0x00, 0x48, 0x8b, 0x05,
  0x28, 0xb3, 0x01, 0x00, 0x48, 0x89, 0x05, 0xf9, 0xc3, 0x01, 0x00, 0x48,
  0x8b, 0x05, 0x1a, 0xb3, 0x01, 0x00, 0x48, 0x89, 0x05, 0xf3, 0xc3, 0x01,
  0x00, 0x48, 0x8b, 0x05, 0x0c, 0xb3, 0x01, 0x00, 0x48, 0x89, 0x05, 0xed,
  0xc3, 0x01, 0x00, 0x90, 0x5d, 0xc3, 0xf3, 0x0f, 0x1e, 0xfa, 0x55, 0x48,
  0x89, 0xe5, 0x48, 0x8b, 0x05, 0xf3, 0xb2, 0x01, 0x00, 0x48, 0x05, 0x00,
  0xdd, 0x91, 0x02, 0x48, 0x89, 0x05, 0x66, 0xc1, 0x01, 0x00, 0x48, 0x8b,
  0x05, 0xdf, 0xb2, 0x01, 0x00, 0x48, 0x05, 0xa0, 0xdc, 0x60, 0x06, 0x48,
  0x89, 0x05, 0x5a, 0xc1, 0x01, 0x00, 0x48, 0x8b, 0x05, 0xcb, 0xb2, 0x01,
  0x00, 0x48, 0x05, 0x50, 0xee, 0x60, 0x06, 0x48, 0x89, 0x05, 0x4e, 0xc1,
  0x01, 0x00, 0x48, 0x8b, 0x05, 0xb7, 0xb2, 0x01, 0x00, 0x48, 0x05, 0x50,
  0x08, 0x61, 0x06, 0x48, 0x89, 0x05, 0x42, 0xc1, 0x01, 0x00, 0x48, 0x8b,
  0x05, 0xa3, 0xb2, 0x01, 0x00, 0x48, 0x05, 0x80, 0x26, 0x62, 0x06, 0x48,
  0x89, 0x05, 0x36, 0xc1, 0x01, 0x00, 0x48, 0x8b, 0x05, 0x8f, 0xb2, 0x01,
  0x00, 0x48, 0x2d, 0xd3, 0x4f, 0xa0, 0x00, 0x48, 0x89, 0x05, 0x2a, 0xc1,
  0x01, 0x00, 0x48, 0x8b, 0x05, 0x7b, 0xb2, 0x01, 0x00, 0x48, 0x2d, 0xda,
  0x4f, 0xa0, 0x00, 0x48, 0x89, 0x05, 0x1e, 0xc1, 0x01, 0x00, 0x48, 0x8b,
  0x05, 0x67, 0xb2, 0x01, 0x00, 0x48, 0x2d, 0xdd, 0x4f, 0xa0, 0x00, 0x48,
  0x89, 0x05, 0x12, 0xc1, 0x01, 0x00, 0x48, 0x8b, 0x05, 0x53, 0xb2, 0x01,
  0x00, 0x48, 0x2d, 0xaa, 0x57, 0x9c, 0x00, 0x48, 0x89, 0x05, 0x06, 0xc1,
  0x01, 0x00, 0x48, 0x8b, 0x05, 0x3f, 0xb2, 0x01, 0x00, 0x48, 0x2d, 0x6a,
  0x65, 0xa0, 0x00, 0x48, 0x89, 0x05, 0xfa, 0xc0, 0x01, 0x00, 0x48, 0x8b,
  0x05, 0x2b, 0xb2, 0x01, 0x00, 0x48, 0x2d, 0x3c, 0x79, 0xa0, 0x00, 0x48,
  0x89, 0x05, 0xee, 0xc0, 0x01, 0x00, 0x48, 0x8b, 0x05, 0x17, 0xb2, 0x01,
  0x00, 0x48, 0x2d, 0x53, 0xbf, 0xa0, 0x00, 0x48, 0x89, 0x05, 0xe2, 0xc0,
  0x01, 0x00, 0x48, 0x8b, 0x05, 0x03, 0xb2, 0x01, 0x00, 0x48, 0x2d, 0x3a,
  0xbe, 0xa0, 0x00, 0x48, 0x89, 0x05, 0xd6, 0xc0, 0x01, 0x00, 0x48, 0x8b,
  0x05, 0xef, 0xb1, 0x01, 0x00, 0x48, 0x2d, 0x47, 0xbd, 0xa0, 0x00, 0x48,
  0x89, 0x05, 0xca, 0xc0, 0x01, 0x00, 0x48, 0x8b, 0x05, 0xdb, 0xb1, 0x01,
  0x00, 0x48, 0x2d, 0x6e, 0x88, 0x3a, 0x00, 0x48, 0x89, 0x05, 0xbe, 0xc0,
  0x01, 0x00, 0x48, 0x8b, 0x05, 0xc7, 0xb1, 0x01, 0x00, 0x48, 0x2d, 0xde,
  0x88, 0x3a, 0x00, 0x48, 0x89, 0x05, 0xb2, 0xc0, 0x01, 0x00, 0x48, 0x8b,
  0x05, 0xb3, 0xb1, 0x01, 0x00, 0x48, 0x2d, 0x3a, 0x79, 0xa0, 0x00, 0x48,
  0x89, 0x05, 0xa6, 0xc0, 0x01, 0x00, 0x48, 0x8b, 0x05, 0x9f, 0xb1, 0x01,
  0x00, 0x48, 0x2d, 0x40, 0xc1, 0xa0, 0x00, 0x48, 0x89, 0x05, 0x9a, 0xc0,
  0x01, 0x00, 0x48, 0x8b, 0x05, 0x8b, 0xb1, 0x01, 0x00, 0x48, 0x2d, 0xe2,
  0xef, 0x93, 0x00, 0x48, 0x89, 0x05, 0x8e, 0xc0, 0x01, 0x00, 0x48, 0x8b,
  0x05, 0x77, 0xb1, 0x01, 0x00, 0x48, 0x2d, 0xdc, 0xef, 0x93, 0x00, 0x48,
  0x89, 0x05, 0x82, 0xc0, 0x01, 0x00, 0x48, 0x8b, 0x05, 0x63, 0xb1, 0x01,
  0x00, 0x48, 0x89, 0x05, 0x7c, 0xc0, 0x01, 0x00, 0x48, 0x8b, 0x05, 0x55,
  0xb1, 0x01, 0x00, 0x48, 0x83, 0xc0, 0x02, 0x48, 0x89, 0x05, 0x72, 0xc0,
  0x01, 0x00, 0x48, 0x8b, 0x05, 0x43, 0xb1, 0x01, 0x00, 0x48, 0x89, 0x05,
  0x6c, 0xc0, 0x01, 0x00, 0x48, 0x8b, 0x05, 0x35, 0xb1, 0x01, 0x00, 0x48,
  0x83, 0xc0, 0x02, 0x48, 0x89, 0x05, 0x62, 0xc0, 0x01, 0x00, 0x48, 0x8b,
  0x05, 0x23, 0xb1, 0x01, 0x00, 0x48, 0x2d, 0x30, 0x7b, 0x6e, 0x00, 0x48,
  0x89, 0x05, 0x56, 0xc0, 0x01, 0x00, 0x48, 0x8b, 0x05, 0x0f, 0xb1, 0x01,
  0x00, 0x48, 0x2d, 0xee, 0x7a, 0x6e, 0x00, 0x48, 0x89, 0x05, 0x4a, 0xc0,
  0x01, 0x00, 0x48, 0x8b, 0x05, 0xfb, 0xb0, 0x01, 0x00, 0x48, 0x2d, 0x79,
  0xfb, 0x64, 0x00, 0x48, 0x89, 0x05, 0x3e, 0xc0, 0x01, 0x00, 0x48, 0x8b,
  0x05, 0xe7, 0xb0, 0x01, 0x00, 0x48, 0x05, 0x10, 0x22, 0x1b, 0x00, 0x48,
  0x89, 0x05, 0x32, 0xc0, 0x01, 0x00, 0x48, 0x8b, 0x05, 0xd3, 0xb0, 0x01,
  0x00, 0x48, 0x05, 0x60, 0x9c, 0x1a, 0x00, 0x48, 0x89, 0x05, 0x26, 0xc0,
  0x01, 0x00, 0x48, 0x8b, 0x05, 0xbf, 0xb0, 0x01, 0x00, 0x48, 0x05, 0xe8,
  0x0b, 0xe0, 0x00, 0x48, 0x89, 0x05, 0x1a, 0xc0, 0x01, 0x00, 0x48, 0x8b,
  0x05, 0xab, 0xb0, 0x01, 0x00, 0x48, 0x05, 0x60, 0x0d, 0xe0, 0x00, 0x48,
  0x89, 0x05, 0x0e, 0xc0, 0x01, 0x00, 0x48, 0x8b, 0x05, 0x97, 0xb0, 0x01,
  0x00, 0x48, 0x2d, 0x60, 0x5b, 0x6a, 0x00, 0x48, 0x89, 0x05, 0x02, 0xc0,
  0x01, 0x00, 0x48, 0x8b, 0x05, 0x83, 0xb0, 0x01, 0x00, 0x48, 0x2d, 0x10,
  0x91, 0x8d, 0x00, 0x48, 0x89, 0x05, 0xf6, 0xbf, 0x01, 0x00, 0x48, 0x8b,
  0x05, 0x6f, 0xb0, 0x01, 0x00, 0x48, 0x2d, 0x31, 0x57, 0x83, 0x00, 0x48,
  0x89, 0x05, 0xea, 0xbf, 0x01, 0x00, 0x48, 0x8b, 0x05, 0x5b, 0xb0, 0x01,
  0x00, 0x48, 0x2d, 0x0e, 0x57, 0x83, 0x00, 0x48, 0x89, 0x05, 0xde, 0xbf,
  0x01, 0x00, 0x48, 0x8b, 0x05, 0x47, 0xb0, 0x01, 0x00, 0x48, 0x2d, 0xd0,
  0x3c, 0x0b, 0x00, 0x48, 0x89, 0x05, 0xd2, 0xbf, 0x01, 0x00, 0x48, 0x8b,
  0x05, 0x33, 0xb0, 0x01, 0x00, 0x48, 0x05, 0xa0, 0x55, 0x43, 0x01, 0x48,
  0x89, 0x05, 0xc6, 0xbf, 0x01, 0x00, 0x48, 0x8b, 0x05, 0x1f, 0xb0, 0x01,
  0x00, 0x48, 0x2d, 0xcd, 0x89, 0x8d, 0x00, 0x48, 0x89, 0x05, 0xba, 0xbf,
  0x01, 0x00, 0x48, 0x8b, 0x05, 0x0b, 0xb0, 0x01, 0x00, 0x48, 0x2d, 0x18,
  0xc3, 0x2d, 0x00, 0x48, 0x89, 0x05, 0xae, 0xbf, 0x01, 0x00, 0x48, 0x8b,
  0x05, 0xf7, 0xaf, 0x01, 0x00, 0x48, 0x2d, 0x27, 0x8c, 0x8d, 0x00, 0x48,
  0x89, 0x05, 0xa2, 0xbf, 0x01, 0x00, 0x48, 0x8b, 0x05, 0xe3, 0xaf, 0x01,
  0x00, 0x48, 0x2d, 0x9f, 0x88, 0x8d, 0x00, 0x48, 0x89, 0x05, 0x96, 0xbf,
  0x01, 0x00, 0x48, 0x8b, 0x05, 0xcf, 0xaf, 0x01, 0x00, 0x48, 0x2d, 0xe2,
  0x87, 0x8d, 0x00, 0x48, 0x89, 0x05, 0x8a, 0xbf, 0x01, 0x00, 0x48, 0x8b,
  0x05, 0xbb, 0xaf, 0x01, 0x00, 0x48, 0x2d, 0x24, 0x7f, 0x8d, 0x00, 0x48,
  0x89, 0x05, 0x7e, 0xbf, 0x01, 0x00, 0x48, 0x8b, 0x05, 0xa7, 0xaf, 0x01,
  0x00, 0x48, 0x2d, 0x59, 0x81, 0x8d, 0x00, 0x48, 0x89, 0x05, 0x72, 0xbf,
  0x01, 0x00, 0x48, 0x8b, 0x05, 0x93, 0xaf, 0x01, 0x00, 0x48, 0x2d, 0xb6,
  0x8d, 0x8d, 0x00, 0x48, 0x89, 0x05, 0x66, 0xbf, 0x01, 0x00, 0x48, 0x8b,
  0x05, 0x7f, 0xaf, 0x01, 0x00, 0x48, 0x2d, 0x41, 0x8a, 0x8d, 0x00, 0x48,
  0x89, 0x05, 0x5a, 0xbf, 0x01, 0x00, 0x48, 0x8b, 0x05, 0x6b, 0xaf, 0x01,
  0x00, 0x48, 0x2d, 0x79, 0x84, 0x8d, 0x00, 0x48, 0x89, 0x05, 0x4e, 0xbf,
  0x01, 0x00, 0x48, 0x8b, 0x05, 0x57, 0xaf, 0x01, 0x00, 0x48, 0x2d, 0x98,
  0x7c, 0x8d, 0x00, 0x48, 0x89, 0x05, 0x42, 0xbf, 0x01, 0x00, 0x48, 0x8b,
  0x05, 0x43, 0xaf, 0x01, 0x00, 0x48, 0x2d, 0x8e, 0x91, 0x8d, 0x00, 0x48,
  0x89, 0x05, 0x36, 0xbf, 0x01, 0x00, 0x48, 0x8b, 0x05, 0x2f, 0xaf, 0x01,
  0x00, 0x48, 0x2d, 0x70, 0xf4, 0x97, 0x00, 0x48, 0x89, 0x05, 0x2a, 0xbf,
  0x01, 0x00, 0x48, 0x8b, 0x05, 0x1b, 0xaf, 0x01, 0x00, 0x48, 0x2d, 0x1f,
  0xfa, 0x97, 0x00, 0x48, 0x89, 0x05, 0x1e, 0xbf, 0x01, 0x00, 0x48, 0x8b,
  0x05, 0x07, 0xaf, 0x01, 0x00, 0x48, 0x2d, 0xa9, 0xf9, 0x97, 0x00, 0x48,
  0x89, 0x05, 0x12, 0xbf, 0x01, 0x00, 0x48, 0x8b, 0x05, 0xf3, 0xae, 0x01,
  0x00, 0x48, 0x2d, 0x20, 0x06, 0x98, 0x00, 0x48, 0x89, 0x05, 0x06, 0xbf,
  0x01, 0x00, 0x48, 0x8b, 0x05, 0xdf, 0xae, 0x01, 0x00, 0x48, 0x2d, 0x00,
  0x1b, 0x92, 0x00, 0x48, 0x89, 0x05, 0xfa, 0xbe, 0x01, 0x00, 0x48, 0x8b,
  0x05, 0xcb, 0xae, 0x01, 0x00, 0x48, 0x2d, 0xc2, 0x1a, 0x92, 0x00, 0x48,
  0x89, 0x05, 0xee, 0xbe, 0x01, 0x00, 0x48, 0x8b, 0x05, 0xb7, 0xae, 0x01,
  0x00, 0x48, 0x2d, 0x60, 0x60, 0x9c, 0x00, 0x48, 0x89, 0x05, 0xe2, 0xbe,
  0x01, 0x00, 0x48, 0x8b, 0x05, 0xa3, 0xae, 0x01, 0x00, 0x48, 0x2d, 0x10,
  0x61, 0x9c, 0x00, 0x48, 0x89, 0x05, 0xd6, 0xbe, 0x01, 0x00, 0x48, 0x8b,
  0x05, 0x8f, 0xae, 0x01, 0x00, 0x48, 0x2d, 0xc0, 0xb0, 0x48, 0x00, 0x48,
  0x89, 0x05, 0xca, 0xbe, 0x01, 0x00, 0x48, 0x8b, 0x05, 0x7b, 0xae, 0x01,
  0x00, 0x48, 0x2d, 0x00, 0x52, 0xa0, 0x00, 0x48, 0x89, 0x05, 0xbe, 0xbe,
  0x01, 0x00, 0x48, 0x8b, 0x05, 0x67, 0xae, 0x01, 0x00, 0x48, 0x2d, 0xf8,
  0x51, 0xa0, 0x00, 0x48, 0x89, 0x05, 0xb2, 0xbe, 0x01, 0x00, 0x48, 0x8b,
  0x05, 0x53, 0xae, 0x01, 0x00, 0x48, 0x05, 0x38, 0xf9, 0xea, 0x00, 0x48,
  0x89, 0x05, 0xa6, 0xbe, 0x01, 0x00, 0x48, 0x8b, 0x05, 0x3f, 0xae, 0x01,
  0x00, 0x48, 0x2d, 0x32, 0x50, 0xa0, 0x00, 0x48, 0x89, 0x05, 0x9a, 0xbe,
  0x01, 0x00, 0x48, 0x8b, 0x05, 0x2b, 0xae, 0x01, 0x00, 0x48, 0x2d, 0x2e,
  0x50, 0xa0, 0x00, 0x48, 0x89, 0x05, 0x8e, 0xbe, 0x01, 0x00, 0x48, 0x8b,
  0x05, 0x17, 0xae, 0x01, 0x00, 0x48, 0x2d, 0x70, 0xfc, 0x99, 0x00, 0x48,
  0x89, 0x05, 0x82, 0xbe, 0x01, 0x00, 0x48, 0x8b, 0x05, 0x03, 0xae, 0x01,
  0x00, 0x48, 0x05, 0x88, 0x4a, 0x39, 0x03, 0x48, 0x89, 0x05, 0x76, 0xbe,
  0x01, 0x00, 0x48, 0x8b, 0x05, 0xef, 0xad, 0x01, 0x00, 0x48, 0x05, 0x30,
  0xd8, 0xf4, 0x02, 0x48, 0x89, 0x05, 0x6a, 0xbe, 0x01, 0x00, 0x48, 0x8b,
  0x05, 0xdb, 0xad, 0x01, 0x00, 0x48, 0x05, 0xec, 0x66, 0x64, 0x06, 0x48,
  0x89, 0x05, 0x5e, 0xbe, 0x01, 0x00, 0x48, 0x8b, 0x05, 0xc7, 0xad, 0x01,
  0x00, 0x48, 0x05, 0xf5, 0x66, 0x64, 0x06, 0x48, 0x89, 0x05, 0x52, 0xbe,
  0x01, 0x00, 0x48, 0x8b, 0x05, 0xb3, 0xad, 0x01, 0x00, 0x48, 0x05, 0x10,
  0x67, 0x64, 0x06, 0x48, 0x89, 0x05, 0x46, 0xbe, 0x01, 0x00, 0x48, 0x8b,
  0x05, 0x9f, 0xad, 0x01, 0x00, 0x48, 0x05, 0x78, 0x67, 0x64, 0x06, 0x48,
  0x89, 0x05, 0x3a, 0xbe, 0x01, 0x00, 0x48, 0x8b, 0x05, 0x8b, 0xad, 0x01,
  0x00, 0x48, 0x89, 0x05, 0x34, 0xbe, 0x01, 0x00, 0x48, 0x8b, 0x05, 0x7d,
  0xad, 0x01, 0x00, 0x48, 0x83, 0xc0, 0x02, 0x48, 0x89, 0x05, 0x2a, 0xbe,
  0x01, 0x00, 0x48, 0x8b, 0x05, 0x6b, 0xad, 0x01, 0x00, 0x48, 0x2d, 0xc0,
  0xc0, 0x0c, 0x00, 0x48, 0x89, 0x05, 0x1e, 0xbe, 0x01, 0x00, 0x48, 0x8b,
  0x05, 0x57, 0xad, 0x01, 0x00, 0x48, 0x89, 0x05, 0x18, 0xbe, 0x01, 0x00,
  0x48, 0x8b, 0x05, 0x49, 0xad, 0x01, 0x00, 0x48, 0x2d, 0xa0, 0x14, 0x37,
  0x00, 0x48, 0x89, 0x05, 0x0c, 0xbe, 0x01, 0x00, 0x48, 0x8b, 0x05, 0x35,
  0xad, 0x01, 0x00, 0x48, 0x89, 0x05, 0x06, 0xbe, 0x01, 0x00, 0x48, 0x8b,
  0x05, 0x27, 0xad, 0x01, 0x00, 0x48, 0x89, 0x05, 0x00, 0xbe, 0x01, 0x00,
  0x48, 0x8b, 0x05, 0x19, 0xad, 0x01, 0x00, 0x48, 0x89, 0x05, 0xfa, 0xbd,
  0x01, 0x00, 0x90, 0x5d, 0xc3, 0xf3, 0x0f, 0x1e, 0xfa, 0x55, 0x48, 0x89,
  0xe5, 0x48, 0x8b, 0x05, 0x00, 0xad, 0x01, 0x00, 0x48, 0x05, 0x20, 0x9d,
  0x86, 0x02, 0x48, 0x89, 0x05, 0x73, 0xbb, 0x01, 0x00, 0x48, 0x8b, 0x05,
  0xec, 0xac, 0x01, 0x00, 0x48, 0x05, 0xe0, 0xdd, 0x55, 0x06, 0x48, 0x89,
  0x05, 0x67, 0xbb, 0x01, 0x00, 0x48, 0x8b, 0x05, 0xd8, 0xac, 0x01, 0x00,
  0x48, 0x05, 0x00, 0xf0, 0x55, 0x06, 0x48, 0x89, 0x05, 0x5b, 0xbb, 0x01,
  0x00, 0x48, 0x8b, 0x05, 0xc4, 0xac, 0x01, 0x00, 0x48, 0x05, 0x00, 0x0a,
  0x56, 0x06, 0x48, 0x89, 0x05, 0x4f, 0xbb, 0x01, 0x00, 0x48, 0x8b, 0x05,
  0xb0, 0xac, 0x01, 0x00, 0x48, 0x05, 0x80, 0x28, 0x57, 0x06, 0x48, 0x89,
  0x05, 0x43, 0xbb, 0x01, 0x00, 0x48, 0x8b, 0x05, 0x9c, 0xac, 0x01, 0x00,
  0x48, 0x2d, 0x13, 0xb8, 0xa1, 0x00, 0x48, 0x89, 0x05, 0x37, 0xbb, 0x01,
  0x00, 0x48, 0x8b, 0x05, 0x88, 0xac, 0x01, 0x00, 0x48, 0x2d, 0x1a, 0xb8,
  0xa1, 0x00, 0x48, 0x89, 0x05, 0x2b, 0xbb, 0x01, 0x00, 0x48, 0x8b, 0x05,
  0x74, 0xac, 0x01, 0x00, 0x48, 0x2d, 0x1d, 0xb8, 0xa1, 0x00, 0x48, 0x89,
  0x05, 0x1f, 0xbb, 0x01, 0x00, 0x48, 0x8b, 0x05, 0x60, 0xac, 0x01, 0x00,
  0x48, 0x2d, 0xea, 0xbf, 0x9d, 0x00, 0x48, 0x89, 0x05, 0x13, 0xbb, 0x01,
  0x00, 0x48, 0x8b, 0x05, 0x4c, 0xac, 0x01, 0x00, 0x48, 0x2d, 0xaa, 0xcd,
  0xa1, 0x00, 0x48, 0x89, 0x05, 0x07, 0xbb, 0x01, 0x00, 0x48, 0x8b, 0x05,
  0x38, 0xac, 0x01, 0x00, 0x48, 0x2d, 0x7c, 0xe1, 0xa1, 0x00, 0x48, 0x89,
  0x05, 0xfb, 0xba, 0x01, 0x00, 0x48, 0x8b, 0x05, 0x24, 0xac, 0x01, 0x00,
  0x48, 0x2d, 0x93, 0x27, 0xa2, 0x00, 0x48, 0x89, 0x05, 0xef, 0xba, 0x01,
  0x00, 0x48, 0x8b, 0x05, 0x10, 0xac, 0x01, 0x00, 0x48, 0x2d, 0x7a, 0x26,
  0xa2, 0x00, 0x48, 0x89, 0x05, 0xe3, 0xba, 0x01, 0x00, 0x48, 0x8b, 0x05,
  0xfc, 0xab, 0x01, 0x00, 0x48, 0x2d, 0x87, 0x25, 0xa2, 0x00, 0x48, 0x89,
  0x05, 0xd7, 0xba, 0x01, 0x00, 0x48, 0x8b, 0x05, 0xe8, 0xab, 0x01, 0x00,
  0x48, 0x2d, 0x4e, 0xa3, 0x3a, 0x00, 0x48, 0x89, 0x05, 0xcb, 0xba, 0x01,
  0x00, 0x48, 0x8b, 0x05, 0xd4, 0xab, 0x01, 0x00, 0x48, 0x2d, 0xbe, 0xa3,
  0x3a, 0x00, 0x48, 0x89, 0x05, 0xbf, 0xba, 0x01, 0x00, 0x48, 0x8b, 0x05,
  0xc0, 0xab, 0x01, 0x00, 0x48, 0x2d, 0x7a, 0xe1, 0xa1, 0x00, 0x48, 0x89,
  0x05, 0xb3, 0xba, 0x01, 0x00, 0x48, 0x8b, 0x05, 0xac, 0xab, 0x01, 0x00,
  0x48, 0x2d, 0x80, 0x29, 0xa2, 0x00, 0x48, 0x89, 0x05, 0xa7, 0xba, 0x01,
  0x00, 0x48, 0x8b, 0x05, 0x98, 0xab, 0x01, 0x00, 0x48, 0x2d, 0xd2, 0x46,
  0x95, 0x00, 0x48, 0x89, 0x05, 0x9b, 0xba, 0x01, 0x00, 0x48, 0x8b, 0x05,
  0x84, 0xab, 0x01, 0x00, 0x48, 0x2d, 0xcc, 0x46, 0x95, 0x00, 0x48, 0x89,
  0x05, 0x8f, 0xba, 0x01, 0x00, 0x48, 0x8b, 0x05, 0x70, 0xab, 0x01, 0x00,
  0x48, 0x89, 0x05, 0x89, 0xba, 0x01, 0x00, 0x48, 0x8b, 0x05, 0x62, 0xab,
  0x01, 0x00, 0x48, 0x83, 0xc0, 0x02, 0x48, 0x89, 0x05, 0x7f, 0xba, 0x01,
  0x00, 0x48, 0x8b, 0x05, 0x50, 0xab, 0x01, 0x00, 0x48, 0x89, 0x05, 0x79,
  0xba, 0x01, 0x00, 0x48, 0x8b, 0x05, 0x42, 0xab, 0x01, 0x00, 0x48, 0x83,
  0xc0, 0x02, 0x48, 0x89, 0x05, 0x6f, 0xba, 0x01, 0x00, 0x48, 0x8b, 0x05,
  0x30, 0xab, 0x01, 0x00, 0x48, 0x2d, 0x92, 0x6b, 0x6f, 0x00, 0x48, 0x89,
  0x05, 0x63, 0xba, 0x01, 0x00, 0x48, 0x8b, 0x05, 0x1c, 0xab, 0x01, 0x00,
  0x48, 0x2d, 0x68, 0x6b, 0x6f, 0x00, 0x48, 0x89, 0x05, 0x57, 0xba, 0x01,
  0x00, 0x48, 0x8b, 0x05, 0x08, 0xab, 0x01, 0x00, 0x48, 0x2d, 0xa9, 0xc2,
  0x65, 0x00, 0x48, 0x89, 0x05, 0x4b, 0xba, 0x01, 0x00, 0x48, 0x8b, 0x05,
  0xf4, 0xaa, 0x01, 0x00, 0x48, 0x05, 0xa0, 0x49, 0x1b, 0x00, 0x48, 0x89,
  0x05, 0x3f, 0xba, 0x01, 0x00, 0x48, 0x8b, 0x05, 0xe0, 0xaa, 0x01, 0x00,
  0x48, 0x05, 0xf0, 0xc3, 0x1a, 0x00, 0x48, 0x89, 0x05, 0x33, 0xba, 0x01,
  0x00, 0x48, 0x8b, 0x05, 0xcc, 0xaa, 0x01, 0x00, 0x48, 0x05, 0xa8, 0x10,
  0xe2, 0x00, 0x48, 0x89, 0x05, 0x27, 0xba, 0x01, 0x00, 0x48, 0x8b, 0x05,
  0xb8, 0xaa, 0x01, 0x00, 0x48, 0x05, 0x20, 0x12, 0xe2, 0x00, 0x48, 0x89,
  0x05, 0x1b, 0xba, 0x01, 0x00, 0x48, 0x8b, 0x05, 0xa4, 0xaa, 0x01, 0x00,
  0x48, 0x2d, 0xc0, 0x28, 0x6b, 0x00, 0x48, 0x89, 0x05, 0x0f, 0xba, 0x01,
  0x00, 0x48, 0x8b, 0x05, 0x90, 0xaa, 0x01, 0x00, 0x48, 0x2d, 0x20, 0xd1,
  0x8e, 0x00, 0x48, 0x89, 0x05, 0x03, 0xba, 0x01, 0x00, 0x48, 0x8b, 0x05,
  0x7c, 0xaa, 0x01, 0x00, 0x48, 0x2d, 0x71, 0x4a, 0x84, 0x00, 0x48, 0x89,
  0x05, 0xf7, 0xb9, 0x01, 0x00, 0x48, 0x8b, 0x05, 0x68, 0xaa, 0x01, 0x00,
  0x48, 0x2d, 0x4e, 0x4a, 0x84, 0x00, 0x48, 0x89, 0x05, 0xeb, 0xb9, 0x01,
  0x00, 0x48, 0x8b, 0x05, 0x54, 0xaa, 0x01, 0x00, 0x48, 0x2d, 0xc0, 0xa4,
  0x0a, 0x00, 0x48, 0x89, 0x05, 0xdf, 0xb9, 0x01, 0x00, 0x48, 0x8b, 0x05,
  0x40, 0xaa, 0x01, 0x00, 0x48, 0x05, 0x90, 0x66, 0x45, 0x01, 0x48, 0x89,
  0x05, 0xd3, 0xb9, 0x01, 0x00, 0x48, 0x8b, 0x05, 0x2c, 0xaa, 0x01, 0x00,
  0x48, 0x2d, 0xed, 0xc9, 0x8e, 0x00, 0x48, 0x89, 0x05, 0xc7, 0xb9, 0x01,
  0x00, 0x48, 0x8b, 0x05, 0x18, 0xaa, 0x01, 0x00, 0x48, 0x2d, 0x88, 0xa9,
  0x2d, 0x00, 0x48, 0x89, 0x05, 0xbb, 0xb9, 0x01, 0x00, 0x48, 0x8b, 0x05,
  0x04, 0xaa, 0x01, 0x00, 0x48, 0x2d, 0x47, 0xcc, 0x8e, 0x00, 0x48, 0x89,
  0x05, 0xaf, 0xb9, 0x01, 0x00, 0x48, 0x8b, 0x05, 0xf0, 0xa9, 0x01, 0x00,
  0x48, 0x2d, 0xbf, 0xc8, 0x8e, 0x00, 0x48, 0x89, 0x05, 0xa3, 0xb9, 0x01,
  0x00, 0x48, 0x8b, 0x05, 0xdc, 0xa9, 0x01, 0x00, 0x48, 0x2d, 0x02, 0xc8,
  0x8e, 0x00, 0x48, 0x89, 0x05, 0x97, 0xb9, 0x01, 0x00, 0x48, 0x8b, 0x05,
  0xc8, 0xa9, 0x01, 0x00, 0x48, 0x2d, 0x44, 0xbf, 0x8e, 0x00, 0x48, 0x89,
  0x05, 0x8b, 0xb9, 0x01, 0x00, 0x48, 0x8b, 0x05, 0xb4, 0xa9, 0x01, 0x00,
  0x48, 0x2d, 0x79, 0xc1, 0x8e, 0x00, 0x48, 0x89, 0x05, 0x7f, 0xb9, 0x01,
  0x00, 0x48, 0x8b, 0x05, 0xa0, 0xa9, 0x01, 0x00, 0x48, 0x2d, 0xd9, 0xcd,
  0x8e, 0x00, 0x48, 0x89, 0x05, 0x73, 0xb9, 0x01, 0x00, 0x48, 0x8b, 0x05,
  0x8c, 0xa9, 0x01, 0x00, 0x48, 0x2d, 0x61, 0xca, 0x8e, 0x00, 0x48, 0x89,
  0x05, 0x67, 0xb9, 0x01, 0x00, 0x48, 0x8b, 0x05, 0x78, 0xa9, 0x01, 0x00,
  0x48, 0x2d, 0x99, 0xc4, 0x8e, 0x00, 0x48, 0x89, 0x05, 0x5b, 0xb9, 0x01,
  0x00, 0x48, 0x8b, 0x05, 0x64, 0xa9, 0x01, 0x00, 0x48, 0x2d, 0xa8, 0xbc,
  0x8e, 0x00, 0x48, 0x89, 0x05, 0x4f, 0xb9, 0x01, 0x00, 0x48, 0x8b, 0x05,
  0x50, 0xa9, 0x01, 0x00, 0x48, 0x2d, 0x9e, 0xd1, 0x8e, 0x00, 0x48, 0x89,
  0x05, 0x43, 0xb9, 0x01, 0x00, 0x48, 0x8b, 0x05, 0x3c, 0xa9, 0x01, 0x00,
  0x48, 0x2d, 0x81, 0x53, 0x99, 0x00, 0x48, 0x89, 0x05, 0x37, 0xb9, 0x01,
  0x00, 0x48, 0x8b, 0x05, 0x28, 0xa9, 0x01, 0x00, 0x48, 0x2d, 0x31, 0x59,
  0x99, 0x00, 0x48, 0x89, 0x05, 0x2b, 0xb9, 0x01, 0x00, 0x48, 0x8b, 0x05,
  0x14, 0xa9, 0x01, 0x00, 0x48, 0x2d, 0xbb, 0x58, 0x99, 0x00, 0x48, 0x89,
  0x05, 0x1f, 0xb9, 0x01, 0x00, 0x48, 0x8b, 0x05, 0x00, 0xa9, 0x01, 0x00,
  0x48, 0x2d, 0x00, 0x64, 0x99, 0x00, 0x48, 0x89, 0x05, 0x13, 0xb9, 0x01,
  0x00, 0x48, 0x8b, 0x05, 0xec, 0xa8, 0x01, 0x00, 0x48, 0x2d, 0x80, 0x60,
  0x93, 0x00, 0x48, 0x89, 0x05, 0x07, 0xb9, 0x01, 0x00, 0x48, 0x8b, 0x05,
  0xd8, 0xa8, 0x01, 0x00, 0x48, 0x2d, 0x42, 0x60, 0x93, 0x00, 0x48, 0x89,
  0x05, 0xfb, 0xb8, 0x01, 0x00, 0x48, 0x8b, 0x05, 0xc4, 0xa8, 0x01, 0x00,
  0x48, 0x2d, 0xa0, 0xc8, 0x9d, 0x00, 0x48, 0x89, 0x05, 0xef, 0xb8, 0x01,
  0x00, 0x48, 0x8b, 0x05, 0xb0, 0xa8, 0x01, 0x00, 0x48, 0x2d, 0x50, 0xc9,
  0x9d, 0x00, 0x48, 0x89, 0x05, 0xe3, 0xb8, 0x01, 0x00, 0x48, 0x8b, 0x05,
  0x9c, 0xa8, 0x01, 0x00, 0x48, 0x2d, 0x00, 0x02, 0x49, 0x00, 0x48, 0x89,
  0x05, 0xd7, 0xb8, 0x01, 0x00, 0x48, 0x8b, 0x05, 0x88, 0xa8, 0x01, 0x00,
  0x48, 0x2d, 0x40, 0xba, 0xa1, 0x00, 0x48, 0x89, 0x05, 0xcb, 0xb8, 0x01,
  0x00, 0x48, 0x8b, 0x05, 0x74, 0xa8, 0x01, 0x00, 0x48, 0x2d, 0x38, 0xba,
  0xa1, 0x00, 0x48, 0x89, 0x05, 0xbf, 0xb8, 0x01, 0x00, 0x48, 0x8b, 0x05,
  0x60, 0xa8, 0x01, 0x00, 0x48, 0x05, 0x48, 0x20, 0xed, 0x00, 0x48, 0x89,
  0x05, 0xb3, 0xb8, 0x01, 0x00, 0x48, 0x8b, 0x05, 0x4c, 0xa8, 0x01, 0x00,
  0x48, 0x2d, 0x72, 0xb8, 0xa1, 0x00, 0x48, 0x89, 0x05, 0xa7, 0xb8, 0x01,
  0x00, 0x48, 0x8b, 0x05, 0x38, 0xa8, 0x01, 0x00, 0x48, 0x2d, 0x6e, 0xb8,
  0xa1, 0x00, 0x48, 0x89, 0x05, 0x9b, 0xb8, 0x01, 0x00, 0x48, 0x8b, 0x05,
  0x24, 0xa8, 0x01, 0x00, 0x48, 0x2d, 0xe0, 0x99, 0x9b, 0x00, 0x48, 0x89,
  0x05, 0x8f, 0xb8, 0x01, 0x00, 0x48, 0x8b, 0x05, 0x10, 0xa8, 0x01, 0x00,
  0x48, 0x05, 0x58, 0x43, 0x2e, 0x03, 0x48, 0x89, 0x05, 0x83, 0xb8, 0x01,
  0x00, 0x48, 0x8b, 0x05, 0xfc, 0xa7, 0x01, 0x00, 0x48, 0x05, 0x30, 0xd8,
  0xe9, 0x02, 0x48, 0x89, 0x05, 0x77, 0xb8, 0x01, 0x00, 0x48, 0x8b, 0x05,
  0xe8, 0xa7, 0x01, 0x00, 0x48, 0x05, 0xec, 0x68, 0x59, 0x06, 0x48, 0x89,
  0x05, 0x6b, 0xb8, 0x01, 0x00, 0x48, 0x8b, 0x05, 0xd4, 0xa7, 0x01, 0x00,
  0x48, 0x05, 0xf5, 0x68, 0x59, 0x06, 0x48, 0x89, 0x05, 0x5f, 0xb8, 0x01,
  0x00, 0x48, 0x8b, 0x05, 0xc0, 0xa7, 0x01, 0x00, 0x48, 0x05, 0x10, 0x69,
  0x59, 0x06, 0x48, 0x89, 0x05, 0x53, 0xb8, 0x01, 0x00, 0x48, 0x8b, 0x05,
  0xac, 0xa7, 0x01, 0x00, 0x48, 0x05, 0x78, 0x69, 0x59, 0x06, 0x48, 0x89,
  0x05, 0x47, 0xb8, 0x01, 0x00, 0x48, 0x8b, 0x05, 0x98, 0xa7, 0x01, 0x00,
  0x48, 0x89, 0x05, 0x41, 0xb8, 0x01, 0x00, 0x48, 0x8b, 0x05, 0x8a, 0xa7,
  0x01, 0x00, 0x48, 0x83, 0xc0, 0x02, 0x48, 0x89, 0x05, 0x37, 0xb8, 0x01,
  0x00, 0x48, 0x8b, 0x05, 0x78, 0xa7, 0x01, 0x00, 0x48, 0x2d, 0x50, 0x2b,
  0x0c, 0x00, 0x48, 0x89, 0x05, 0x2b, 0xb8, 0x01, 0x00, 0x48, 0x8b, 0x05,
  0x64, 0xa7, 0x01, 0x00, 0x48, 0x89, 0x05, 0x25, 0xb8, 0x01, 0x00, 0x48,
  0x8b, 0x05, 0x56, 0xa7, 0x01, 0x00, 0x48, 0x2d, 0xb0, 0x2d, 0x37, 0x00,
  0x48, 0x89, 0x05, 0x19, 0xb8, 0x01, 0x00, 0x48, 0x8b, 0x05, 0x42, 0xa7,
  0x01, 0x00, 0x48, 0x89, 0x05, 0x13, 0xb8, 0x01, 0x00, 0x48, 0x8b, 0x05,
  0x34, 0xa7, 0x01, 0x00, 0x48, 0x89, 0x05, 0x0d, 0xb8, 0x01, 0x00, 0x48,
  0x8b, 0x05, 0x26, 0xa7, 0x01, 0x00, 0x48, 0x89, 0x05, 0x07, 0xb8, 0x01,
  0x00, 0x90, 0x5d, 0xc3, 0xf3, 0x0f, 0x1e, 0xfa, 0x55, 0x48, 0x89, 0xe5,
  0x48, 0x8b, 0x05, 0x0d, 0xa7, 0x01, 0x00, 0x48, 0x05, 0x20, 0x9d, 0x86,
  0x02, 0x48, 0x89, 0x05, 0x80, 0xb5, 0x01, 0x00, 0x48, 0x8b, 0x05, 0xf9,
  0xa6, 0x01, 0x00, 0x48, 0x05, 0xe0, 0xdd, 0x55, 0x06, 0x48, 0x89, 0x05,
  0x74, 0xb5, 0x01, 0x00, 0x48, 0x8b, 0x05, 0xe5, 0xa6, 0x01, 0x00, 0x48,
  0x05, 0x00, 0xf0, 0x55, 0x06, 0x48, 0x89, 0x05, 0x68, 0xb5, 0x01, 0x00,
  0x48, 0x8b, 0x05, 0xd1, 0xa6, 0x01, 0x00, 0x48, 0x05, 0x00, 0x0a, 0x56,
  0x06, 0x48, 0x89, 0x05, 0x5c, 0xb5, 0x01, 0x00, 0x48, 0x8b, 0x05, 0xbd,
  0xa6, 0x01, 0x00, 0x48, 0x05, 0x80, 0x28, 0x57, 0x06, 0x48, 0x89, 0x05,
  0x50, 0xb5, 0x01, 0x00, 0x48, 0x8b, 0x05, 0xa9, 0xa6, 0x01, 0x00, 0x48,
  0x2d, 0x13, 0xb8, 0xa1, 0x00, 0x48, 0x89, 0x05, 0x44, 0xb5, 0x01, 0x00,
  0x48, 0x8b, 0x05, 0x95, 0xa6, 0x01, 0x00, 0x48, 0x2d, 0x1a, 0xb8, 0xa1,
  0x00, 0x48, 0x89, 0x05, 0x38, 0xb5, 0x01, 0x00, 0x48, 0x8b, 0x05, 0x81,
  0xa6, 0x01, 0x00, 0x48, 0x2d, 0x1d, 0xb8, 0xa1, 0x00, 0x48, 0x89, 0x05,
  0x2c, 0xb5, 0x01, 0x00, 0x48, 0x8b, 0x05, 0x6d, 0xa6, 0x01, 0x00, 0x48,
  0x2d, 0xea, 0xbf, 0x9d, 0x00, 0x48, 0x89, 0x05, 0x20, 0xb5, 0x01, 0x00,
  0x48, 0x8b, 0x05, 0x59, 0xa6, 0x01, 0x00, 0x48, 0x2d, 0xaa, 0xcd, 0xa1,
  0x00, 0x48, 0x89, 0x05, 0x14, 0xb5, 0x01, 0x00, 0x48, 0x8b, 0x05, 0x45,
  0xa6, 0x01, 0x00, 0x48, 0x2d, 0x7c, 0xe1, 0xa1, 0x00, 0x48, 0x89, 0x05,
  0x08, 0xb5, 0x01, 0x00, 0x48, 0x8b, 0x05, 0x31, 0xa6, 0x01, 0x00, 0x48,
  0x2d, 0x93, 0x27, 0xa2, 0x00, 0x48, 0x89, 0x05, 0xfc, 0xb4, 0x01, 0x00,
  0x48, 0x8b, 0x05, 0x1d, 0xa6, 0x01, 0x00, 0x48, 0x2d, 0x7a, 0x26, 0xa2,
  0x00, 0x48, 0x89, 0x05, 0xf0, 0xb4, 0x01, 0x00, 0x48, 0x8b, 0x05, 0x09,
  0xa6, 0x01, 0x00, 0x48, 0x2d, 0x87, 0x25, 0xa2, 0x00, 0x48, 0x89, 0x05,
  0xe4, 0xb4, 0x01, 0x00, 0x48, 0x8b, 0x05, 0xf5, 0xa5, 0x01, 0x00, 0x48,
  0x2d, 0x6e, 0xa3, 0x3a, 0x00, 0x48, 0x89, 0x05, 0xd8, 0xb4, 0x01, 0x00,
  0x48, 0x8b, 0x05, 0xe1, 0xa5, 0x01, 0x00, 0x48, 0x2d, 0xde, 0xa3, 0x3a,
  0x00, 0x48, 0x89, 0x05, 0xcc, 0xb4, 0x01, 0x00, 0x48, 0x8b, 0x05, 0xcd,
  0xa5, 0x01, 0x00, 0x48, 0x2d, 0x7a, 0xe1, 0xa1, 0x00, 0x48, 0x89, 0x05,
  0xc0, 0xb4, 0x01, 0x00, 0x48, 0x8b, 0x05, 0xb9, 0xa5, 0x01, 0x00, 0x48,
  0x2d, 0x80, 0x29, 0xa2, 0x00, 0x48, 0x89, 0x05, 0xb4, 0xb4, 0x01, 0x00,
  0x48, 0x8b, 0x05, 0xa5, 0xa5, 0x01, 0x00, 0x48, 0x2d, 0xd2, 0x46, 0x95,
  0x00, 0x48, 0x89, 0x05, 0xa8, 0xb4, 0x01, 0x00, 0x48, 0x8b, 0x05, 0x91,
  0xa5, 0x01, 0x00, 0x48, 0x2d, 0xcc, 0x46, 0x95, 0x00, 0x48, 0x89, 0x05,
  0x9c, 0xb4, 0x01, 0x00, 0x48, 0x8b, 0x05, 0x7d, 0xa5, 0x01, 0x00, 0x48,
  0x89, 0x05, 0x96, 0xb4, 0x01, 0x00, 0x48, 0x8b, 0x05, 0x6f, 0xa5, 0x01,
  0x00, 0x48, 0x83, 0xc0, 0x02, 0x48, 0x89, 0x05, 0x8c, 0xb4, 0x01, 0x00,
  0x48, 0x8b, 0x05, 0x5d, 0xa5, 0x01, 0x00, 0x48, 0x89, 0x05, 0x86, 0xb4,
  0x01, 0x00, 0x48, 0x8b, 0x05, 0x4f, 0xa5, 0x01, 0x00, 0x48, 0x83, 0xc0,
  0x02, 0x48, 0x89, 0x05, 0x7c, 0xb4, 0x01, 0x00, 0x48, 0x8b, 0x05, 0x3d,
  0xa5, 0x01, 0x00, 0x48, 0x2d, 0x92, 0x6b, 0x6f, 0x00, 0x48, 0x89, 0x05,
  0x70, 0xb4, 0x01, 0x00, 0x48, 0x8b, 0x05, 0x29, 0xa5, 0x01, 0x00, 0x48,
  0x2d, 0x68, 0x6b, 0x6f, 0x00, 0x48, 0x89, 0x05, 0x64, 0xb4, 0x01, 0x00,
  0x48, 0x8b, 0x05, 0x15, 0xa5, 0x01, 0x00, 0x48, 0x2d, 0xc9, 0xc2, 0x65,
  0x00, 0x48, 0x89, 0x05, 0x58, 0xb4, 0x01, 0x00, 0x48, 0x8b, 0x05, 0x01,
  0xa5, 0x01, 0x00, 0x48, 0x05, 0xf0, 0x49, 0x1b, 0x00, 0x48, 0x89, 0x05,
  0x4c, 0xb4, 0x01, 0x00, 0x48, 0x8b, 0x05, 0xed, 0xa4, 0x01, 0x00, 0x48,
  0x05, 0x40, 0xc4, 0x1a, 0x00, 0x48, 0x89, 0x05, 0x40, 0xb4, 0x01, 0x00,
  0x48, 0x8b, 0x05, 0xd9, 0xa4, 0x01, 0x00, 0x48, 0x05, 0xa8, 0x10, 0xe2,
  0x00, 0x48, 0x89, 0x05, 0x34, 0xb4, 0x01, 0x00, 0x48, 0x8b, 0x05, 0xc5,
  0xa4, 0x01, 0x00, 0x48, 0x05, 0x20, 0x12, 0xe2, 0x00, 0x48, 0x89, 0x05,
  0x28, 0xb4, 0x01, 0x00, 0x48, 0x8b, 0x05, 0xb1, 0xa4, 0x01, 0x00, 0x48,
  0x2d, 0xc0, 0x28, 0x6b, 0x00, 0x48, 0x89, 0x05, 0x1c, 0xb4, 0x01, 0x00,
  0x48, 0x8b, 0x05, 0x9d, 0xa4, 0x01, 0x00, 0x48, 0x2d, 0x20, 0xd1, 0x8e,
  0x00, 0x48, 0x89, 0x05, 0x10, 0xb4, 0x01, 0x00, 0x48, 0x8b, 0x05, 0x89,
  0xa4, 0x01, 0x00, 0x48, 0x2d, 0x71, 0x4a, 0x84, 0x00, 0x48, 0x89, 0x05,
  0x04, 0xb4, 0x01, 0x00, 0x48, 0x8b, 0x05, 0x75, 0xa4, 0x01, 0x00, 0x48,
  0x2d, 0x4e, 0x4a, 0x84, 0x00, 0x48, 0x89, 0x05, 0xf8, 0xb3, 0x01, 0x00,
  0x48, 0x8b, 0x05, 0x61, 0xa4, 0x01, 0x00, 0x48, 0x2d, 0xe0, 0xa4, 0x0a,
  0x00, 0x48, 0x89, 0x05, 0xec, 0xb3, 0x01, 0x00, 0x48, 0x8b, 0x05, 0x4d,
  0xa4, 0x01, 0x00, 0x48, 0x05, 0x90, 0x66, 0x45, 0x01, 0x48, 0x89, 0x05,
  0xe0, 0xb3, 0x01, 0x00, 0x48, 0x8b, 0x05, 0x39, 0xa4, 0x01, 0x00, 0x48,
  0x2d, 0xed, 0xc9, 0x8e, 0x00, 0x48, 0x89, 0x05, 0xd4, 0xb3, 0x01, 0x00,
  0x48, 0x8b, 0x05, 0x25, 0xa4, 0x01, 0x00, 0x48, 0x2d, 0xa8, 0xa9, 0x2d,
  0x00, 0x48, 0x89, 0x05, 0xc8, 0xb3, 0x01, 0x00, 0x48, 0x8b, 0x05, 0x11,
  0xa4, 0x01, 0x00, 0x48, 0x2d, 0x47, 0xcc, 0x8e, 0x00, 0x48, 0x89, 0x05,
  0xbc, 0xb3, 0x01, 0x00, 0x48, 0x8b, 0x05, 0xfd, 0xa3, 0x01, 0x00, 0x48,
  0x2d, 0xbf, 0xc8, 0x8e, 0x00, 0x48, 0x89, 0x05, 0xb0, 0xb3, 0x01, 0x00,
  0x48, 0x8b, 0x05, 0xe9, 0xa3, 0x01, 0x00, 0x48, 0x2d, 0x02, 0xc8, 0x8e,
  0x00, 0x48, 0x89, 0x05, 0xa4, 0xb3, 0x01, 0x00, 0x48, 0x8b, 0x05, 0xd5,
  0xa3, 0x01, 0x00, 0x48, 0x2d, 0x44, 0xbf, 0x8e, 0x00, 0x48, 0x89, 0x05,
  0x98, 0xb3, 0x01, 0x00, 0x48, 0x8b, 0x05, 0xc1, 0xa3, 0x01, 0x00, 0x48,
  0x2d, 0x79, 0xc1, 0x8e, 0x00, 0x48, 0x89, 0x05, 0x8c, 0xb3, 0x01, 0x00,
  0x48, 0x8b, 0x05, 0xad, 0xa3, 0x01, 0x00, 0x48, 0x2d, 0xd9, 0xcd, 0x8e,
  0x00, 0x48, 0x89, 0x05, 0x80, 0xb3, 0x01, 0x00, 0x48, 0x8b, 0x05, 0x99,
  0xa3, 0x01, 0x00, 0x48, 0x2d, 0x61, 0xca, 0x8e, 0x00, 0x48, 0x89, 0x05,
  0x74, 0xb3, 0x01, 0x00, 0x48, 0x8b, 0x05, 0x85, 0xa3, 0x01, 0x00, 0x48,
  0x2d, 0x99, 0xc4, 0x8e, 0x00, 0x48, 0x89, 0x05, 0x68, 0xb3, 0x01, 0x00,
  0x48, 0x8b, 0x05, 0x71, 0xa3, 0x01, 0x00, 0x48, 0x2d, 0xa8, 0xbc, 0x8e,
  0x00, 0x48, 0x89, 0x05, 0x5c, 0xb3, 0x01, 0x00, 0x48, 0x8b, 0x05, 0x5d,
  0xa3, 0x01, 0x00, 0x48, 0x2d, 0x9e, 0xd1, 0x8e, 0x00, 0x48, 0x89, 0x05,
  0x50, 0xb3, 0x01, 0x00, 0x48, 0x8b, 0x05, 0x49, 0xa3, 0x01, 0x00, 0x48,
  0x2d, 0x81, 0x53, 0x99, 0x00, 0x48, 0x89, 0x05, 0x44, 0xb3, 0x01, 0x00,
  0x48, 0x8b, 0x05, 0x35, 0xa3, 0x01, 0x00, 0x48, 0x2d, 0x31, 0x59, 0x99,
  0x00, 0x48, 0x89, 0x05, 0x38, 0xb3, 0x01, 0x00, 0x48, 0x8b, 0x05, 0x21,
  0xa3, 0x01, 0x00, 0x48, 0x2d, 0xbb, 0x58, 0x99, 0x00, 0x48, 0x89, 0x05,
  0x2c, 0xb3, 0x01, 0x00, 0x48, 0x8b, 0x05, 0x0d, 0xa3, 0x01, 0x00, 0x48,
  0x2d, 0x00, 0x64, 0x99, 0x00, 0x48, 0x89, 0x05, 0x20, 0xb3, 0x01, 0x00,
  0x48, 0x8b, 0x05, 0xf9, 0xa2, 0x01, 0x00, 0x48, 0x2d, 0x80, 0x60, 0x93,
  0x00, 0x48, 0x89, 0x05, 0x14, 0xb3, 0x01, 0x00, 0x48, 0x8b, 0x05, 0xe5,
  0xa2, 0x01, 0x00, 0x48, 0x2d, 0x42, 0x60, 0x93, 0x00, 0x48, 0x89, 0x05,
  0x08, 0xb3, 0x01, 0x00, 0x48, 0x8b, 0x05, 0xd1, 0xa2, 0x01, 0x00, 0x48,
  0x2d, 0xa0, 0xc8, 0x9d, 0x00, 0x48, 0x89, 0x05, 0xfc, 0xb2, 0x01, 0x00,
  0x48, 0x8b, 0x05, 0xbd, 0xa2, 0x01, 0x00, 0x48, 0x2d, 0x50, 0xc9, 0x9d,
  0x00, 0x48, 0x89, 0x05, 0xf0, 0xb2, 0x01, 0x00, 0x48, 0x8b, 0x05, 0xa9,
  0xa2, 0x01, 0x00, 0x48, 0x2d, 0x20, 0x02, 0x49, 0x00, 0x48, 0x89, 0x05,
  0xe4, 0xb2, 0x01, 0x00, 0x48, 0x8b, 0x05, 0x95, 0xa2, 0x01, 0x00, 0x48,
  0x2d, 0x40, 0xba, 0xa1, 0x00, 0x48, 0x89, 0x05, 0xd8, 0xb2, 0x01, 0x00,
  0x48, 0x8b, 0x05, 0x81, 0xa2, 0x01, 0x00, 0x48, 0x2d, 0x38, 0xba, 0xa1,
  0x00, 0x48, 0x89, 0x05, 0xcc, 0xb2, 0x01, 0x00, 0x48, 0x8b, 0x05, 0x6d,
  0xa2, 0x01, 0x00, 0x48, 0x05, 0x48, 0x20, 0xed, 0x00, 0x48, 0x89, 0x05,
  0xc0, 0xb2, 0x01, 0x00, 0x48, 0x8b, 0x05, 0x59, 0xa2, 0x01, 0x00, 0x48,
  0x2d, 0x72, 0xb8, 0xa1, 0x00, 0x48, 0x89, 0x05, 0xb4, 0xb2, 0x01, 0x00,
  0x48, 0x8b, 0x05, 0x45, 0xa2, 0x01, 0x00, 0x48, 0x2d, 0x6e, 0xb8, 0xa1,
  0x00, 0x48, 0x89, 0x05, 0xa8, 0xb2, 0x01, 0x00, 0x48, 0x8b, 0x05, 0x31,
  0xa2, 0x01, 0x00, 0x48, 0x2d, 0x20, 0x9e, 0x9b, 0x00, 0x48, 0x89, 0x05,
  0x9c, 0xb2, 0x01, 0x00, 0x48, 0x8b, 0x05, 0x1d, 0xa2, 0x01, 0x00, 0x48,
  0x05, 0x58, 0x43, 0x2e, 0x03, 0x48, 0x89, 0x05, 0x90, 0xb2, 0x01, 0x00,
  0x48, 0x8b, 0x05, 0x09, 0xa2, 0x01, 0x00, 0x48, 0x05, 0x30, 0xd8, 0xe9,
  0x02, 0x48, 0x89, 0x05, 0x84, 0xb2, 0x01, 0x00, 0x48, 0x8b, 0x05, 0xf5,
  0xa1, 0x01, 0x00, 0x48, 0x05, 0xec, 0x68, 0x59, 0x06, 0x48, 0x89, 0x05,
  0x78, 0xb2, 0x01, 0x00, 0x48, 0x8b, 0x05, 0xe1, 0xa1, 0x01, 0x00, 0x48,
  0x05, 0xf5, 0x68, 0x59, 0x06, 0x48, 0x89, 0x05, 0x6c, 0xb2, 0x01, 0x00,
  0x48, 0x8b, 0x05, 0xcd, 0xa1, 0x01, 0x00, 0x48, 0x05, 0x10, 0x69, 0x59,
  0x06, 0x48, 0x89, 0x05, 0x60, 0xb2, 0x01, 0x00, 0x48, 0x8b, 0x05, 0xb9,
  0xa1, 0x01, 0x00, 0x48, 0x05, 0x78, 0x69, 0x59, 0x06, 0x48, 0x89, 0x05,
  0x54, 0xb2, 0x01, 0x00, 0x48, 0x8b, 0x05, 0xa5, 0xa1, 0x01, 0x00, 0x48,
  0x89, 0x05, 0x4e, 0xb2, 0x01, 0x00, 0x48, 0x8b, 0x05, 0x97, 0xa1, 0x01,
  0x00, 0x48, 0x83, 0xc0, 0x02, 0x48, 0x89, 0x05, 0x44, 0xb2, 0x01, 0x00,
  0x48, 0x8b, 0x05, 0x85, 0xa1, 0x01, 0x00, 0x48, 0x2d, 0x70, 0x2b, 0x0c,
  0x00, 0x48, 0x89, 0x05, 0x38, 0xb2, 0x01, 0x00, 0x48, 0x8b, 0x05, 0x71,
  0xa1, 0x01, 0x00, 0x48, 0x89, 0x05, 0x32, 0xb2, 0x01, 0x00, 0x48, 0x8b,
  0x05, 0x63, 0xa1, 0x01, 0x00, 0x48, 0x2d, 0xd0, 0x2d, 0x37, 0x00, 0x48,
  0x89, 0x05, 0x26, 0xb2, 0x01, 0x00, 0x48, 0x8b, 0x05, 0x4f, 0xa1, 0x01,
  0x00, 0x48, 0x89, 0x05, 0x20, 0xb2, 0x01, 0x00, 0x48, 0x8b, 0x05, 0x41,
  0xa1, 0x01, 0x00, 0x48, 0x89, 0x05, 0x1a, 0xb2, 0x01, 0x00, 0x48, 0x8b,
  0x05, 0x33, 0xa1, 0x01, 0x00, 0x48, 0x89, 0x05, 0x14, 0xb2, 0x01, 0x00,
  0x90, 0x5d, 0xc3, 0xf3, 0x0f, 0x1e, 0xfa, 0x55, 0x48, 0x89, 0xe5, 0x48,
  0x8b, 0x05, 0x1a, 0xa1, 0x01, 0x00, 0x48, 0x05, 0x20, 0x9d, 0x86, 0x02,
  0x48, 0x89, 0x05, 0x8d, 0xaf, 0x01, 0x00, 0x48, 0x8b, 0x05, 0x06, 0xa1,
  0x01, 0x00, 0x48, 0x05, 0xe0, 0xdd, 0x55, 0x06, 0x48, 0x89, 0x05, 0x81,
  0xaf, 0x01, 0x00, 0x48, 0x8b, 0x05, 0xf2, 0xa0, 0x01, 0x00, 0x48, 0x05,
  0x00, 0xf0, 0x55, 0x06, 0x48, 0x89, 0x05, 0x75, 0xaf, 0x01, 0x00, 0x48,
  0x8b, 0x05, 0xde, 0xa0, 0x01, 0x00, 0x48, 0x05, 0x00, 0x0a, 0x56, 0x06,
  0x48, 0x89, 0x05, 0x69, 0xaf, 0x01, 0x00, 0x48, 0x8b, 0x05, 0xca, 0xa0,
  0x01, 0x00, 0x48, 0x05, 0x80, 0x28, 0x57, 0x06, 0x48, 0x89, 0x05, 0x5d,
  0xaf, 0x01, 0x00, 0x48, 0x8b, 0x05, 0xb6, 0xa0, 0x01, 0x00, 0x48, 0x2d,
  0x13, 0xb8, 0xa1, 0x00, 0x48, 0x89, 0x05, 0x51, 0xaf, 0x01, 0x00, 0x48,
  0x8b, 0x05, 0xa2, 0xa0, 0x01, 0x00, 0x48, 0x2d, 0x1a, 0xb8, 0xa1, 0x00,
  0x48, 0x89, 0x05, 0x45, 0xaf, 0x01, 0x00, 0x48, 0x8b, 0x05, 0x8e, 0xa0,
  0x01, 0x00, 0x48, 0x2d, 0x1d, 0xb8, 0xa1, 0x00, 0x48, 0x89, 0x05, 0x39,
  0xaf, 0x01, 0x00, 0x48, 0x8b, 0x05, 0x7a, 0xa0, 0x01, 0x00, 0x48, 0x2d,
  0xea, 0xbf, 0x9d, 0x00, 0x48, 0x89, 0x05, 0x2d, 0xaf, 0x01, 0x00, 0x48,
  0x8b, 0x05, 0x66, 0xa0, 0x01, 0x00, 0x48, 0x2d, 0xaa, 0xcd, 0xa1, 0x00,
  0x48, 0x89, 0x05, 0x21, 0xaf, 0x01, 0x00, 0x48, 0x8b, 0x05, 0x52, 0xa0,
  0x01, 0x00, 0x48, 0x2d, 0x7c, 0xe1, 0xa1, 0x00, 0x48, 0x89, 0x05, 0x15,
  0xaf, 0x01, 0x00, 0x48, 0x8b, 0x05, 0x3e, 0xa0, 0x01, 0x00, 0x48, 0x2d,
  0x93, 0x27, 0xa2, 0x00, 0x48, 0x89, 0x05, 0x09, 0xaf, 0x01, 0x00, 0x48,
  0x8b, 0x05, 0x2a, 0xa0, 0x01, 0x00, 0x48, 0x2d, 0x7a, 0x26, 0xa2, 0x00,
  0x48, 0x89, 0x05, 0xfd, 0xae, 0x01, 0x00, 0x48, 0x8b, 0x05, 0x16, 0xa0,
  0x01, 0x00, 0x48, 0x2d, 0x87, 0x25, 0xa2, 0x00, 0x48, 0x89, 0x05, 0xf1,
  0xae, 0x01, 0x00, 0x48, 0x8b, 0x05, 0x02, 0xa0, 0x01, 0x00, 0x48, 0x2d,
  0xde, 0xa0, 0x3a, 0x00, 0x48, 0x89, 0x05, 0xe5, 0xae, 0x01, 0x00, 0x48,
  0x8b, 0x05, 0xee, 0x9f, 0x01, 0x00, 0x48, 0x2d, 0x4e, 0xa1, 0x3a, 0x00,
  0x48, 0x89, 0x05, 0xd9, 0xae, 0x01, 0x00, 0x48, 0x8b, 0x05, 0xda, 0x9f,
  0x01, 0x00, 0x48, 0x2d, 0x7a, 0xe1, 0xa1, 0x00, 0x48, 0x89, 0x05, 0xcd,
  0xae, 0x01, 0x00, 0x48, 0x8b, 0x05, 0xc6, 0x9f, 0x01, 0x00, 0x48, 0x2d,
  0x80, 0x29, 0xa2, 0x00, 0x48, 0x89, 0x05, 0xc1, 0xae, 0x01, 0x00, 0x48,
  0x8b, 0x05, 0xb2, 0x9f, 0x01, 0x00, 0x48, 0x2d, 0xe2, 0x46, 0x95, 0x00,
  0x48, 0x89, 0x05, 0xb5, 0xae, 0x01, 0x00, 0x48, 0x8b, 0x05, 0x9e, 0x9f,
  0x01, 0x00, 0x48, 0x2d, 0xdc, 0x46, 0x95, 0x00, 0x48, 0x89, 0x05, 0xa9,
  0xae, 0x01, 0x00, 0x48, 0x8b, 0x05, 0x8a, 0x9f, 0x01, 0x00, 0x48, 0x89,
  0x05, 0xa3, 0xae, 0x01, 0x00, 0x48, 0x8b, 0x05, 0x7c, 0x9f, 0x01, 0x00,
  0x48, 0x83, 0xc0, 0x02, 0x48, 0x89, 0x05, 0x99, 0xae, 0x01, 0x00, 0x48,
  0x8b, 0x05, 0x6a, 0x9f, 0x01, 0x00, 0x48, 0x89, 0x05, 0x93, 0xae, 0x01,
  0x00, 0x48, 0x8b, 0x05, 0x5c, 0x9f, 0x01, 0x00, 0x48, 0x83, 0xc0, 0x02,
  0x48, 0x89, 0x05, 0x89, 0xae, 0x01, 0x00, 0x48, 0x8b, 0x05, 0x4a, 0x9f,
  0x01, 0x00, 0x48, 0x2d, 0x12, 0x6b, 0x6f, 0x00, 0x48, 0x89, 0x05, 0x7d,
  0xae, 0x01, 0x00, 0x48, 0x8b, 0x05, 0x36, 0x9f, 0x01, 0x00, 0x48, 0x2d,
  0xe8, 0x6a, 0x6f, 0x00, 0x48, 0x89, 0x05, 0x71, 0xae, 0x01, 0x00, 0x48,
  0x8b, 0x05, 0x22, 0x9f, 0x01, 0x00, 0x48, 0x2d, 0x99, 0xc1, 0x65, 0x00,
  0x48, 0x89, 0x05, 0x65, 0xae, 0x01, 0x00, 0x48, 0x8b, 0x05, 0x0e, 0x9f,
  0x01, 0x00, 0x48, 0x05, 0xf0, 0x49, 0x1b, 0x00, 0x48, 0x89, 0x05, 0x59,
  0xae, 0x01, 0x00, 0x48, 0x8b, 0x05, 0xfa, 0x9e, 0x01, 0x00, 0x48, 0x05,
  0x40, 0xc4, 0x1a, 0x00, 0x48, 0x89, 0x05, 0x4d, 0xae, 0x01, 0x00, 0x48,
  0x8b, 0x05, 0xe6, 0x9e, 0x01, 0x00, 0x48, 0x05, 0xa8, 0x10, 0xe2, 0x00,
  0x48, 0x89, 0x05, 0x41, 0xae, 0x01, 0x00, 0x48, 0x8b, 0x05, 0xd2, 0x9e,
  0x01, 0x00, 0x48, 0x05, 0x20, 0x12, 0xe2, 0x00, 0x48, 0x89, 0x05, 0x35,
  0xae, 0x01, 0x00, 0x48, 0x8b, 0x05, 0xbe, 0x9e, 0x01, 0x00, 0x48, 0x2d,
  0x90, 0x27, 0x6b, 0x00, 0x48, 0x89, 0x05, 0x29, 0xae, 0x01, 0x00, 0x48,
  0x8b, 0x05, 0xaa, 0x9e, 0x01, 0x00, 0x48, 0x2d, 0x00, 0xd1, 0x8e, 0x00,
  0x48, 0x89, 0x05, 0x1d, 0xae, 0x01, 0x00, 0x48, 0x8b, 0x05, 0x96, 0x9e,
  0x01, 0x00, 0x48, 0x2d, 0x51, 0x4a, 0x84, 0x00, 0x48, 0x89, 0x05, 0x11,
  0xae, 0x01, 0x00, 0x48, 0x8b, 0x05, 0x82, 0x9e, 0x01, 0x00, 0x48, 0x2d,
  0x2e, 0x4a, 0x84, 0x00, 0x48, 0x89, 0x05, 0x05, 0xae, 0x01, 0x00, 0x48,
  0x8b, 0x05, 0x6e, 0x9e, 0x01, 0x00, 0x48, 0x2d, 0x40, 0x9d, 0x0a, 0x00,
  0x48, 0x89, 0x05, 0xf9, 0xad, 0x01, 0x00, 0x48, 0x8b, 0x05, 0x5a, 0x9e,
  0x01, 0x00, 0x48, 0x05, 0x90, 0x66, 0x45, 0x01, 0x48, 0x89, 0x05, 0xed,
  0xad, 0x01, 0x00, 0x48, 0x8b, 0x05, 0x46, 0x9e, 0x01, 0x00, 0x48, 0x2d,
  0xcd, 0xc9, 0x8e, 0x00, 0x48, 0x89, 0x05, 0xe1, 0xad, 0x01, 0x00, 0x48,
  0x8b, 0x05, 0x32, 0x9e, 0x01, 0x00, 0x48, 0x2d, 0x18, 0xa2, 0x2d, 0x00,
  0x48, 0x89, 0x05, 0xd5, 0xad, 0x01, 0x00, 0x48, 0x8b, 0x05, 0x1e, 0x9e,
  0x01, 0x00, 0x48, 0x2d, 0x27, 0xcc, 0x8e, 0x00, 0x48, 0x89, 0x05, 0xc9,
  0xad, 0x01, 0x00, 0x48, 0x8b, 0x05, 0x0a, 0x9e, 0x01, 0x00, 0x48, 0x2d,
  0x9f, 0xc8, 0x8e, 0x00, 0x48, 0x89, 0x05, 0xbd, 0xad, 0x01, 0x00, 0x48,
  0x8b, 0x05, 0xf6, 0x9d, 0x01, 0x00, 0x48, 0x2d, 0xe2, 0xc7, 0x8e, 0x00,
  0x48, 0x89, 0x05, 0xb1, 0xad, 0x01, 0x00, 0x48, 0x8b, 0x05, 0xe2, 0x9d,
  0x01, 0x00, 0x48, 0x2d, 0x24, 0xbf, 0x8e, 0x00, 0x48, 0x89, 0x05, 0xa5,
  0xad, 0x01, 0x00, 0x48, 0x8b, 0x05, 0xce, 0x9d, 0x01, 0x00, 0x48, 0x2d,
  0x59, 0xc1, 0x8e, 0x00, 0x48, 0x89, 0x05, 0x99, 0xad, 0x01, 0x00, 0x48,
  0x8b, 0x05, 0xba, 0x9d, 0x01, 0x00, 0x48, 0x2d, 0xb9, 0xcd, 0x8e, 0x00,
  0x48, 0x89, 0x05, 0x8d, 0xad, 0x01, 0x00, 0x48, 0x8b, 0x05, 0xa6, 0x9d,
  0x01, 0x00, 0x48, 0x2d, 0x41, 0xca, 0x8e, 0x00, 0x48, 0x89, 0x05, 0x81,
  0xad, 0x01, 0x00, 0x48, 0x8b, 0x05, 0x92, 0x9d, 0x01, 0x00, 0x48, 0x2d,
  0x79, 0xc4, 0x8e, 0x00, 0x48, 0x89, 0x05, 0x75, 0xad, 0x01, 0x00, 0x48,
  0x8b, 0x05, 0x7e, 0x9d, 0x01, 0x00, 0x48, 0x2d, 0x88, 0xbc, 0x8e, 0x00,
  0x48, 0x89, 0x05, 0x69, 0xad, 0x01, 0x00, 0x48, 0x8b, 0x05, 0x6a, 0x9d,
  0x01, 0x00, 0x48, 0x2d, 0x7e, 0xd1, 0x8e, 0x00, 0x48, 0x89, 0x05, 0x5d,
  0xad, 0x01, 0x00, 0x48, 0x8b, 0x05, 0x56, 0x9d, 0x01, 0x00, 0x48, 0x2d,
  0x81, 0x53, 0x99, 0x00, 0x48, 0x89, 0x05, 0x51, 0xad, 0x01, 0x00, 0x48,
  0x8b, 0x05, 0x42, 0x9d, 0x01, 0x00, 0x48, 0x2d, 0x31, 0x59, 0x99, 0x00,
  0x48, 0x89, 0x05, 0x45, 0xad, 0x01, 0x00, 0x48, 0x8b, 0x05, 0x2e, 0x9d,
  0x01, 0x00, 0x48, 0x2d, 0xbb, 0x58, 0x99, 0x00, 0x48, 0x89, 0x05, 0x39,
  0xad, 0x01, 0x00, 0x48, 0x8b, 0x05, 0x1a, 0x9d, 0x01, 0x00, 0x48, 0x2d,
  0x00, 0x64, 0x99, 0x00, 0x48, 0x89, 0x05, 0x2d, 0xad, 0x01, 0x00, 0x48,
  0x8b, 0x05, 0x06, 0x9d, 0x01, 0x00, 0x48, 0x2d, 0x90, 0x60, 0x93, 0x00,
  0x48, 0x89, 0x05, 0x21, 0xad, 0x01, 0x00, 0x48, 0x8b, 0x05, 0xf2, 0x9c,
  0x01, 0x00, 0x48, 0x2d, 0x52, 0x60, 0x93, 0x00, 0x48, 0x89, 0x05, 0x15,
  0xad, 0x01, 0x00, 0x48, 0x8b, 0x05, 0xde, 0x9c, 0x01, 0x00, 0x48, 0x2d,
  0xa0, 0xc8, 0x9d, 0x00, 0x48, 0x89, 0x05, 0x09, 0xad, 0x01, 0x00, 0x48,
  0x8b, 0x05, 0xca, 0x9c, 0x01, 0x00, 0x48, 0x2d, 0x50, 0xc9, 0x9d, 0x00,
  0x48, 0x89, 0x05, 0xfd, 0xac, 0x01, 0x00, 0x48, 0x8b, 0x05, 0xb6, 0x9c,
  0x01, 0x00, 0x48, 0x2d, 0x60, 0x00, 0x49, 0x00, 0x48, 0x89, 0x05, 0xf1,
  0xac, 0x01, 0x00, 0x48, 0x8b, 0x05, 0xa2, 0x9c, 0x01, 0x00, 0x48, 0x2d,
  0x40, 0xba, 0xa1, 0x00, 0x48, 0x89, 0x05, 0xe5, 0xac, 0x01, 0x00, 0x48,
  0x8b, 0x05, 0x8e, 0x9c, 0x01, 0x00, 0x48, 0x2d, 0x38, 0xba, 0xa1, 0x00,
  0x48, 0x89, 0x05, 0xd9, 0xac, 0x01, 0x00, 0x48, 0x8b, 0x05, 0x7a, 0x9c,
  0x01, 0x00, 0x48, 0x05, 0x48, 0x20, 0xed, 0x00, 0x48, 0x89, 0x05, 0xcd,
  0xac, 0x01, 0x00, 0x48, 0x8b, 0x05, 0x66, 0x9c, 0x01, 0x00, 0x48, 0x2d,
  0x72, 0xb8, 0xa1, 0x00, 0x48, 0x89, 0x05, 0xc1, 0xac, 0x01, 0x00, 0x48,
  0x8b, 0x05, 0x52, 0x9c, 0x01, 0x00, 0x48, 0x2d, 0x6e, 0xb8, 0xa1, 0x00,
  0x48, 0x89, 0x05, 0xb5, 0xac, 0x01, 0x00, 0x48, 0x8b, 0x05, 0x3e, 0x9c,
  0x01, 0x00, 0x48, 0x2d, 0x68, 0xa3, 0x9b, 0x00, 0x48, 0x89, 0x05, 0xa9,
  0xac, 0x01, 0x00, 0x48, 0x8b, 0x05, 0x2a, 0x9c, 0x01, 0x00, 0x48, 0x05,
  0x58, 0x43, 0x2e, 0x03, 0x48, 0x89, 0x05, 0x9d, 0xac, 0x01, 0x00, 0x48,
  0x8b, 0x05, 0x16, 0x9c, 0x01, 0x00, 0x48, 0x05, 0x30, 0xd8, 0xe9, 0x02,
  0x48, 0x89, 0x05, 0x91, 0xac, 0x01, 0x00, 0x48, 0x8b, 0x05, 0x02, 0x9c,
  0x01, 0x00, 0x48, 0x05, 0xec, 0x68, 0x59, 0x06, 0x48, 0x89, 0x05, 0x85,
  0xac, 0x01, 0x00, 0x48, 0x8b, 0x05, 0xee, 0x9b, 0x01, 0x00, 0x48, 0x05,
  0xf5, 0x68, 0x59, 0x06, 0x48, 0x89, 0x05, 0x79, 0xac, 0x01, 0x00, 0x48,
  0x8b, 0x05, 0xda, 0x9b, 0x01, 0x00, 0x48, 0x05, 0x10, 0x69, 0x59, 0x06,
  0x48, 0x89, 0x05, 0x6d, 0xac, 0x01, 0x00, 0x48, 0x8b, 0x05, 0xc6, 0x9b,
  0x01, 0x00, 0x48, 0x05, 0x78, 0x69, 0x59, 0x06, 0x48, 0x89, 0x05, 0x61,
  0xac, 0x01, 0x00, 0x48, 0x8b, 0x05, 0xb2, 0x9b, 0x01, 0x00, 0x48, 0x89,
  0x05, 0x5b, 0xac, 0x01, 0x00, 0x48, 0x8b, 0x05, 0xa4, 0x9b, 0x01, 0x00,
  0x48, 0x83, 0xc0, 0x02, 0x48, 0x89, 0x05, 0x51, 0xac, 0x01, 0x00, 0x48,
  0x8b, 0x05, 0x92, 0x9b, 0x01, 0x00, 0x48, 0x2d, 0x40, 0x24, 0x0c, 0x00,
  0x48, 0x89, 0x05, 0x45, 0xac, 0x01, 0x00, 0x48, 0x8b, 0x05, 0x7e, 0x9b,
  0x01, 0x00, 0x48, 0x89, 0x05, 0x3f, 0xac, 0x01, 0x00, 0x48, 0x8b, 0x05,
  0x70, 0x9b, 0x01, 0x00, 0x48, 0x2d, 0x40, 0x2b, 0x37, 0x00, 0x48, 0x89,
  0x05, 0x33, 0xac, 0x01, 0x00, 0x48, 0x8b, 0x05, 0x5c, 0x9b, 0x01, 0x00,
  0x48, 0x89, 0x05, 0x2d, 0xac, 0x01, 0x00, 0x48, 0x8b, 0x05, 0x4e, 0x9b,
  0x01, 0x00, 0x48, 0x89, 0x05, 0x27, 0xac, 0x01, 0x00, 0x48, 0x8b, 0x05,
  0x40, 0x9b, 0x01, 0x00, 0x48, 0x89, 0x05, 0x21, 0xac, 0x01, 0x00, 0x90,
  0x5d, 0xc3, 0xf3, 0x0f, 0x1e, 0xfa, 0x55, 0x48, 0x89, 0xe5, 0x48, 0x8b,
  0x05, 0x27, 0x9b, 0x01, 0x00, 0x48, 0x05, 0x50, 0x9d, 0x85, 0x02, 0x48,
  0x89, 0x05, 0x9a, 0xa9, 0x01, 0x00, 0x48, 0x8b, 0x05, 0x13, 0x9b, 0x01,
  0x00, 0x48, 0x05, 0xf0, 0xfd, 0xe7, 0x02, 0x48, 0x89, 0x05, 0x8e, 0xa9,
  0x01, 0x00, 0x48, 0x8b, 0x05, 0xff, 0x9a, 0x01, 0x00, 0x48, 0x05, 0xb0,
  0x10, 0xe8, 0x02, 0x48, 0x89, 0x05, 0x82, 0xa9, 0x01, 0x00, 0x48, 0x8b,
  0x05, 0xeb, 0x9a, 0x01, 0x00, 0x48, 0x05, 0xb0, 0x2a, 0xe8, 0x02, 0x48,
  0x89, 0x05, 0x76, 0xa9, 0x01, 0x00, 0x48, 0x8b, 0x05, 0xd7, 0x9a, 0x01,
  0x00, 0x48, 0x05, 0x00, 0x4a, 0xe9, 0x02, 0x48, 0x89, 0x05, 0x6a, 0xa9,
  0x01, 0x00, 0x48, 0x8b, 0x05, 0xc3, 0x9a, 0x01, 0x00, 0x48, 0x2d, 0x33,
  0xba, 0xa0, 0x00, 0x48, 0x89, 0x05, 0x5e, 0xa9, 0x01, 0x00, 0x48, 0x8b,
  0x05, 0xaf, 0x9a, 0x01, 0x00, 0x48, 0x2d, 0x3a, 0xba, 0xa0, 0x00, 0x48,
  0x89, 0x05, 0x52, 0xa9, 0x01, 0x00, 0x48, 0x8b, 0x05, 0x9b, 0x9a, 0x01,
  0x00, 0x48, 0x2d, 0x3d, 0xba, 0xa0, 0x00, 0x48, 0x89, 0x05, 0x46, 0xa9,
  0x01, 0x00, 0x48, 0x8b, 0x05, 0x87, 0x9a, 0x01, 0x00, 0x48, 0x2d, 0xa6,
  0xc1, 0x9c, 0x00, 0x48, 0x89, 0x05, 0x3a, 0xa9, 0x01, 0x00, 0x48, 0x8b,
  0x05, 0x73, 0x9a, 0x01, 0x00, 0x48, 0x2d, 0x6a, 0xd1, 0xa0, 0x00, 0x48,
  0x89, 0x05, 0x2e, 0xa9, 0x01, 0x00, 0x48, 0x8b, 0x05, 0x5f, 0x9a, 0x01,
  0x00, 0x48, 0x2d, 0x3c, 0xe5, 0xa0, 0x00, 0x48, 0x89, 0x05, 0x22, 0xa9,
  0x01, 0x00, 0x48, 0x8b, 0x05, 0x4b, 0x9a, 0x01, 0x00, 0x48, 0x2d, 0x53,
  0x2b, 0xa1, 0x00, 0x48, 0x89, 0x05, 0x16, 0xa9, 0x01, 0x00, 0x48, 0x8b,
  0x05, 0x37, 0x9a, 0x01, 0x00, 0x48, 0x2d, 0x3a, 0x2a, 0xa1, 0x00, 0x48,
  0x89, 0x05, 0x0a, 0xa9, 0x01, 0x00, 0x48, 0x8b, 0x05, 0x23, 0x9a, 0x01,
  0x00, 0x48, 0x2d, 0x47, 0x29, 0xa1, 0x00, 0x48, 0x89, 0x05, 0xfe, 0xa8,
  0x01, 0x00, 0x48, 0x8b, 0x05, 0x0f, 0x9a, 0x01, 0x00, 0x48, 0x2d, 0x9e,
  0x31, 0x3b, 0x00, 0x48, 0x89, 0x05, 0xf2, 0xa8, 0x01, 0x00, 0x48, 0x8b,
  0x05, 0xfb, 0x99, 0x01, 0x00, 0x48, 0x2d, 0x0e, 0x32, 0x3b, 0x00, 0x48,
  0x89, 0x05, 0xe6, 0xa8, 0x01, 0x00, 0x48, 0x8b, 0x05, 0xe7, 0x99, 0x01,
  0x00, 0x48, 0x2d, 0x3a, 0xe5, 0xa0, 0x00, 0x48, 0x89, 0x05, 0xda, 0xa8,
  0x01, 0x00, 0x48, 0x8b, 0x05, 0xd3, 0x99, 0x01, 0x00, 0x48, 0x2d, 0x40,
  0x2d, 0xa1, 0x00, 0x48, 0x89, 0x05, 0xce, 0xa8, 0x01, 0x00, 0x48, 0x8b,
  0x05, 0xbf, 0x99, 0x01, 0x00, 0x48, 0x2d, 0x84, 0x4f, 0x94, 0x00, 0x48,
  0x89, 0x05, 0xc2, 0xa8, 0x01, 0x00, 0x48, 0x8b, 0x05, 0xab, 0x99, 0x01,
  0x00, 0x48, 0x2d, 0x7e, 0x4f, 0x94, 0x00, 0x48, 0x89, 0x05, 0xb6, 0xa8,
  0x01, 0x00, 0x48, 0x8b, 0x05, 0x97, 0x99, 0x01, 0x00, 0x48, 0x89, 0x05,
  0xb0, 0xa8, 0x01, 0x00, 0x48, 0x8b, 0x05, 0x89, 0x99, 0x01, 0x00, 0x48,
  0x83, 0xc0, 0x02, 0x48, 0x89, 0x05, 0xa6, 0xa8, 0x01, 0x00, 0x48, 0x8b,
  0x05, 0x77, 0x99, 0x01, 0x00, 0x48, 0x89, 0x05, 0xa0, 0xa8, 0x01, 0x00,
  0x48, 0x8b, 0x05, 0x69, 0x99, 0x01, 0x00, 0x48, 0x83, 0xc0, 0x02, 0x48,
  0x89, 0x05, 0x96, 0xa8, 0x01, 0x00, 0x48, 0x8b, 0x05, 0x57, 0x99, 0x01,
  0x00, 0x48, 0x2d, 0xdd, 0x02, 0x6f, 0x00, 0x48, 0x89, 0x05, 0x8a, 0xa8,
  0x01, 0x00, 0x48, 0x8b, 0x05, 0x43, 0x99, 0x01, 0x00, 0x48, 0x2d, 0xc2,
  0x02, 0x6f, 0x00, 0x48, 0x89, 0x05, 0x7e, 0xa8, 0x01, 0x00, 0x48, 0x8b,
  0x05, 0x2f, 0x99, 0x01, 0x00, 0x48, 0x2d, 0xa9, 0x95, 0x65, 0x00, 0x48,
  0x89, 0x05, 0x72, 0xa8, 0x01, 0x00, 0x48, 0x8b, 0x05, 0x1b, 0x99, 0x01,
  0x00, 0x48, 0x05, 0x30, 0x70, 0x1b, 0x00, 0x48, 0x89, 0x05, 0x66, 0xa8,
  0x01, 0x00, 0x48, 0x8b, 0x05, 0x07, 0x99, 0x01, 0x00, 0x48, 0x05, 0x80,
  0xea, 0x1a, 0x00, 0x48, 0x89, 0x05, 0x5a, 0xa8, 0x01, 0x00, 0x48, 0x8b,
  0x05, 0xf3, 0x98, 0x01, 0x00, 0x48, 0x05, 0xb8, 0x1a, 0xe2, 0x00, 0x48,
  0x89, 0x05, 0x4e, 0xa8, 0x01, 0x00, 0x48, 0x8b, 0x05, 0xdf, 0x98, 0x01,
  0x00, 0x48, 0x05, 0x30, 0x1c, 0xe2, 0x00, 0x48, 0x89, 0x05, 0x42, 0xa8,
  0x01, 0x00, 0x48, 0x8b, 0x05, 0xcb, 0x98, 0x01, 0x00, 0x48, 0x2d, 0x00,
  0xd7, 0x6a, 0x00, 0x48, 0x89, 0x05, 0x36, 0xa8, 0x01, 0x00, 0x48, 0x8b,
  0x05, 0xb7, 0x98, 0x01, 0x00, 0x48, 0x2d, 0x90, 0xf5, 0x8d, 0x00, 0x48,
  0x89, 0x05, 0x2a, 0xa8, 0x01, 0x00, 0x48, 0x8b, 0x05, 0xa3, 0x98, 0x01,
  0x00, 0x48, 0x2d, 0xcf, 0x75, 0x83, 0x00, 0x48, 0x89, 0x05, 0x1e, 0xa8,
  0x01, 0x00, 0x48, 0x8b, 0x05, 0x8f, 0x98, 0x01, 0x00, 0x48, 0x2d, 0xac,
  0x75, 0x83, 0x00, 0x48, 0x89, 0x05, 0x12, 0xa8, 0x01, 0x00, 0x48, 0x8b,
  0x05, 0x7b, 0x98, 0x01, 0x00, 0x48, 0x2d, 0x60, 0x6c, 0x0b, 0x00, 0x48,
  0x89, 0x05, 0x06, 0xa8, 0x01, 0x00, 0x48, 0x8b, 0x05, 0x67, 0x98, 0x01,
  0x00, 0x48, 0x05, 0x90, 0x75, 0x45, 0x01, 0x48, 0x89, 0x05, 0xfa, 0xa7,
  0x01, 0x00, 0x48, 0x8b, 0x05, 0x53, 0x98, 0x01, 0x00, 0x48, 0x2d, 0x99,
  0xee, 0x8d, 0x00, 0x48, 0x89, 0x05, 0xee, 0xa7, 0x01, 0x00, 0x48, 0x8b,
  0x05, 0x3f, 0x98, 0x01, 0x00, 0x48, 0x2d, 0xc8, 0x30, 0x2e, 0x00, 0x48,
  0x89, 0x05, 0xe2, 0xa7, 0x01, 0x00, 0x48, 0x8b, 0x05, 0x2b, 0x98, 0x01,
  0x00, 0x48, 0x2d, 0xe7, 0xf0, 0x8d, 0x00, 0x48, 0x89, 0x05, 0xd6, 0xa7,
  0x01, 0x00, 0x48, 0x8b, 0x05, 0x17, 0x98, 0x01, 0x00, 0x48, 0x2d, 0x6f,
  0xed, 0x8d, 0x00, 0x48, 0x89, 0x05, 0xca, 0xa7, 0x01, 0x00, 0x48, 0x8b,
  0x05, 0x03, 0x98, 0x01, 0x00, 0x48, 0x2d, 0xb2, 0xec, 0x8d, 0x00, 0x48,
  0x89, 0x05, 0xbe, 0xa7, 0x01, 0x00, 0x48, 0x8b, 0x05, 0xef, 0x97, 0x01,
  0x00, 0x48, 0x2d, 0x04, 0xe4, 0x8d, 0x00, 0x48, 0x89, 0x05, 0xb2, 0xa7,
  0x01, 0x00, 0x48, 0x8b, 0x05, 0xdb, 0x97, 0x01, 0x00, 0x48, 0x2d, 0x39,
  0xe6, 0x8d, 0x00, 0x48, 0x89, 0x05, 0xa6, 0xa7, 0x01, 0x00, 0x48, 0x8b,
  0x05, 0xc7, 0x97, 0x01, 0x00, 0x48, 0x2d, 0x76, 0xf2, 0x8d, 0x00, 0x48,
  0x89, 0x05, 0x9a, 0xa7, 0x01, 0x00, 0x48, 0x8b, 0x05, 0xb3, 0x97, 0x01,
  0x00, 0x48, 0x2d, 0x09, 0xef, 0x8d, 0x00, 0x48, 0x89, 0x05, 0x8e, 0xa7,
  0x01, 0x00, 0x48, 0x8b, 0x05, 0x9f, 0x97, 0x01, 0x00, 0x48, 0x2d, 0x56,
  0xe9, 0x8d, 0x00, 0x48, 0x89, 0x05, 0x82, 0xa7, 0x01, 0x00, 0x48, 0x8b,
  0x05, 0x8b, 0x97, 0x01, 0x00, 0x48, 0x2d, 0x71, 0xe1, 0x8d, 0x00, 0x48,
  0x89, 0x05, 0x76, 0xa7, 0x01, 0x00, 0x48, 0x8b, 0x05, 0x77, 0x97, 0x01,
  0x00, 0x48, 0x2d, 0x08, 0xf6, 0x8d, 0x00, 0x48, 0x89, 0x05, 0x6a, 0xa7,
  0x01, 0x00, 0x48, 0x8b, 0x05, 0x63, 0x97, 0x01, 0x00, 0x48, 0x2d, 0xfd,
  0x52, 0x98, 0x00, 0x48, 0x89, 0x05, 0x5e, 0xa7, 0x01, 0x00, 0x48, 0x8b,
  0x05, 0x4f, 0x97, 0x01, 0x00, 0x48, 0x2d, 0x9b, 0x58, 0x98, 0x00, 0x48,
  0x89, 0x05, 0x52, 0xa7, 0x01, 0x00, 0x48, 0x8b, 0x05, 0x3b, 0x97, 0x01,
  0x00, 0x48, 0x2d, 0x28, 0x58, 0x98, 0x00, 0x48, 0x89, 0x05, 0x46, 0xa7,
  0x01, 0x00, 0x48, 0x8b, 0x05, 0x27, 0x97, 0x01, 0x00, 0x48, 0x2d, 0x20,
  0x64, 0x98, 0x00, 0x48, 0x89, 0x05, 0x3a, 0xa7, 0x01, 0x00, 0x48, 0x8b,
  0x05, 0x13, 0x97, 0x01, 0x00, 0x48, 0x2d, 0xe0, 0x71, 0x92, 0x00, 0x48,
  0x89, 0x05, 0x2e, 0xa7, 0x01, 0x00, 0x48, 0x8b, 0x05, 0xff, 0x96, 0x01,
  0x00, 0x48, 0x2d, 0xa2, 0x71, 0x92, 0x00, 0x48, 0x89, 0x05, 0x22, 0xa7,
  0x01, 0x00, 0x48, 0x8b, 0x05, 0xeb, 0x96, 0x01, 0x00, 0x48, 0x2d, 0x70,
  0xca, 0x9c, 0x00, 0x48, 0x89, 0x05, 0x16, 0xa7, 0x01, 0x00, 0x48, 0x8b,
  0x05, 0xd7, 0x96, 0x01, 0x00, 0x48, 0x2d, 0x20, 0xcb, 0x9c, 0x00, 0x48,
  0x89, 0x05, 0x0a, 0xa7, 0x01, 0x00, 0x48, 0x8b, 0x05, 0xc3, 0x96, 0x01,
  0x00, 0x48, 0x2d, 0xb0, 0x1b, 0x49, 0x00, 0x48, 0x89, 0x05, 0xfe, 0xa6,
  0x01, 0x00, 0x48, 0x8b, 0x05, 0xaf, 0x96, 0x01, 0x00, 0x48, 0x2d, 0x60,
  0xbc, 0xa0, 0x00, 0x48, 0x89, 0x05, 0xf2, 0xa6, 0x01, 0x00, 0x48, 0x8b,
  0x05, 0x9b, 0x96, 0x01, 0x00, 0x48, 0x2d, 0x58, 0xbc, 0xa0, 0x00, 0x48,
  0x89, 0x05, 0xe6, 0xa6, 0x01, 0x00, 0x48, 0x8b, 0x05, 0x87, 0x96, 0x01,
  0x00, 0x48, 0x05, 0x98, 0xdd, 0xe7, 0x00, 0x48, 0x89, 0x05, 0xda, 0xa6,
  0x01, 0x00, 0x48, 0x8b, 0x05, 0x73, 0x96, 0x01, 0x00, 0x48, 0x2d, 0x92,
  0xba, 0xa0, 0x00, 0x48, 0x89, 0x05, 0xce, 0xa6, 0x01, 0x00, 0x48, 0x8b,
  0x05, 0x5f, 0x96, 0x01, 0x00, 0x48, 0x2d, 0x8e, 0xba, 0xa0, 0x00, 0x48,
  0x89, 0x05, 0xc2, 0xa6, 0x01, 0x00, 0x48, 0x8b, 0x05, 0x4b, 0x96, 0x01,
  0x00, 0x48, 0x2d, 0xc8, 0xaf, 0x9a, 0x00, 0x48, 0x89, 0x05, 0xb6, 0xa6,
  0x01, 0x00, 0x48, 0x8b, 0x05, 0x37, 0x96, 0x01, 0x00, 0x48, 0x05, 0x48,
  0xc8, 0xe2, 0x02, 0x48, 0x89, 0x05, 0xaa, 0xa6, 0x01, 0x00, 0x48, 0x8b,
  0x05, 0x23, 0x96, 0x01, 0x00, 0x48, 0x05, 0x30, 0x18, 0xd7, 0x02, 0x48,
  0x89, 0x05, 0x9e, 0xa6, 0x01, 0x00, 0x48, 0x8b, 0x05, 0x0f, 0x96, 0x01,
  0x00, 0x48, 0x05, 0x64, 0x80, 0xac, 0x00, 0x48, 0x89, 0x05, 0x92, 0xa6,
  0x01, 0x00, 0x48, 0x8b, 0x05, 0xfb, 0x95, 0x01, 0x00, 0x48, 0x05, 0x6d,
  0x80, 0xac, 0x00, 0x48, 0x89, 0x05, 0x86, 0xa6, 0x01, 0x00, 0x48, 0x8b,
  0x05, 0xe7, 0x95, 0x01, 0x00, 0x48, 0x05, 0x88, 0x80, 0xac, 0x00, 0x48,
  0x89, 0x05, 0x7a, 0xa6, 0x01, 0x00, 0x48, 0x8b, 0x05, 0xd3, 0x95, 0x01,
  0x00, 0x48, 0x05, 0xf0, 0x80, 0xac, 0x00, 0x48, 0x89, 0x05, 0x6e, 0xa6,
  0x01, 0x00, 0x48, 0x8b, 0x05, 0xbf, 0x95, 0x01, 0x00, 0x48, 0x89, 0x05,
  0x68, 0xa6, 0x01, 0x00, 0x48, 0x8b, 0x05, 0xb1, 0x95, 0x01, 0x00, 0x48,
  0x83, 0xc0, 0x02, 0x48, 0x89, 0x05, 0x5e, 0xa6, 0x01, 0x00, 0x48, 0x8b,
  0x05, 0x9f, 0x95, 0x01, 0x00, 0x48, 0x2d, 0xf0, 0xf5, 0x0c, 0x00, 0x48,
  0x89, 0x05, 0x52, 0xa6, 0x01, 0x00, 0x48, 0x8b, 0x05, 0x8b, 0x95, 0x01,
  0x00, 0x48, 0x89, 0x05, 0x4c, 0xa6, 0x01, 0x00, 0x48, 0x8b, 0x05, 0x7d,
  0x95, 0x01, 0x00, 0x48, 0x2d, 0x00, 0xb9, 0x37, 0x00, 0x48, 0x89, 0x05,
  0x40, 0xa6, 0x01, 0x00, 0x48, 0x8b, 0x05, 0x69, 0x95, 0x01, 0x00, 0x48,
  0x89, 0x05, 0x3a, 0xa6, 0x01, 0x00, 0x48, 0x8b, 0x05, 0x5b, 0x95, 0x01,
  0x00, 0x48, 0x89, 0x05, 0x34, 0xa6, 0x01, 0x00, 0x48, 0x8b, 0x05, 0x4d,
  0x95, 0x01, 0x00, 0x48, 0x89, 0x05, 0x2e, 0xa6, 0x01, 0x00, 0x90, 0x5d,
  0xc3, 0xf3, 0x0f, 0x1e, 0xfa, 0x55, 0x48, 0x89, 0xe5, 0x48, 0x8b, 0x05,
  0x34, 0x95, 0x01, 0x00, 0x48, 0x05, 0x50, 0x9d, 0x85, 0x02, 0x48, 0x89,
  0x05, 0xa7, 0xa3, 0x01, 0x00, 0x48, 0x8b, 0x05, 0x20, 0x95, 0x01, 0x00,
  0x48, 0x05, 0xf0, 0xfd, 0xe7, 0x02, 0x48, 0x89, 0x05, 0x9b, 0xa3, 0x01,
  0x00, 0x48, 0x8b, 0x05, 0x0c, 0x95, 0x01, 0x00, 0x48, 0x05, 0xb0, 0x10,
  0xe8, 0x02, 0x48, 0x89, 0x05, 0x8f, 0xa3, 0x01, 0x00, 0x48, 0x8b, 0x05,
  0xf8, 0x94, 0x01, 0x00, 0x48, 0x05, 0xb0, 0x2a, 0xe8, 0x02, 0x48, 0x89,
  0x05, 0x83, 0xa3, 0x01, 0x00, 0x48, 0x8b, 0x05, 0xe4, 0x94, 0x01, 0x00,
  0x48, 0x05, 0x00, 0x4a, 0xe9, 0x02, 0x48, 0x89, 0x05, 0x77, 0xa3, 0x01,
  0x00, 0x48, 0x8b, 0x05, 0xd0, 0x94, 0x01, 0x00, 0x48, 0x2d, 0x33, 0xba,
  0xa0, 0x00, 0x48, 0x89, 0x05, 0x6b, 0xa3, 0x01, 0x00, 0x48, 0x8b, 0x05,
  0xbc, 0x94, 0x01, 0x00, 0x48, 0x2d, 0x3a, 0xba, 0xa0, 0x00, 0x48, 0x89,
  0x05, 0x5f, 0xa3, 0x01, 0x00, 0x48, 0x8b, 0x05, 0xa8, 0x94, 0x01, 0x00,
  0x48, 0x2d, 0x3d, 0xba, 0xa0, 0x00, 0x48, 0x89, 0x05, 0x53, 0xa3, 0x01,
  0x00, 0x48, 0x8b, 0x05, 0x94, 0x94, 0x01, 0x00, 0x48, 0x2d, 0xa6, 0xc1,
  0x9c, 0x00, 0x48, 0x89, 0x05, 0x47, 0xa3, 0x01, 0x00, 0x48, 0x8b, 0x05,
  0x80, 0x94, 0x01, 0x00, 0x48, 0x2d, 0x6a, 0xd1, 0xa0, 0x00, 0x48, 0x89,
  0x05, 0x3b, 0xa3, 0x01, 0x00, 0x48, 0x8b, 0x05, 0x6c, 0x94, 0x01, 0x00,
  0x48, 0x2d, 0x3c, 0xe5, 0xa0, 0x00, 0x48, 0x89, 0x05, 0x2f, 0xa3, 0x01,
  0x00, 0x48, 0x8b, 0x05, 0x58, 0x94, 0x01, 0x00, 0x48, 0x2d, 0x53, 0x2b,
  0xa1, 0x00, 0x48, 0x89, 0x05, 0x23, 0xa3, 0x01, 0x00, 0x48, 0x8b, 0x05,
  0x44, 0x94, 0x01, 0x00, 0x48, 0x2d, 0x3a, 0x2a, 0xa1, 0x00, 0x48, 0x89,
  0x05, 0x17, 0xa3, 0x01, 0x00, 0x48, 0x8b, 0x05, 0x30, 0x94, 0x01, 0x00,
  0x48, 0x2d, 0x47, 0x29, 0xa1, 0x00, 0x48, 0x89, 0x05, 0x0b, 0xa3, 0x01,
  0x00, 0x48, 0x8b, 0x05, 0x1c, 0x94, 0x01, 0x00, 0x48, 0x2d, 0x9e, 0x31,
  0x3b, 0x00, 0x48, 0x89, 0x05, 0xff, 0xa2, 0x01, 0x00, 0x48, 0x8b, 0x05,
  0x08, 0x94, 0x01, 0x00, 0x48, 0x2d, 0x0e, 0x32, 0x3b, 0x00, 0x48, 0x89,
  0x05, 0xf3, 0xa2, 0x01, 0x00, 0x48, 0x8b, 0x05, 0xf4, 0x93, 0x01, 0x00,
  0x48, 0x2d, 0x3a, 0xe5, 0xa0, 0x00, 0x48, 0x89, 0x05, 0xe7, 0xa2, 0x01,
  0x00, 0x48, 0x8b, 0x05, 0xe0, 0x93, 0x01, 0x00, 0x48, 0x2d, 0x40, 0x2d,
  0xa1, 0x00, 0x48, 0x89, 0x05, 0xdb, 0xa2, 0x01, 0x00, 0x48, 0x8b, 0x05,
  0xcc, 0x93, 0x01, 0x00, 0x48, 0x2d, 0x84, 0x4f, 0x94, 0x00, 0x48, 0x89,
  0x05, 0xcf, 0xa2, 0x01, 0x00, 0x48, 0x8b, 0x05, 0xb8, 0x93, 0x01, 0x00,
  0x48, 0x2d, 0x7e, 0x4f, 0x94, 0x00, 0x48, 0x89, 0x05, 0xc3, 0xa2, 0x01,
  0x00, 0x48, 0x8b, 0x05, 0xa4, 0x93, 0x01, 0x00, 0x48, 0x89, 0x05, 0xbd,
  0xa2, 0x01, 0x00, 0x48, 0x8b, 0x05, 0x96, 0x93, 0x01, 0x00, 0x48, 0x83,
  0xc0, 0x02, 0x48, 0x89, 0x05, 0xb3, 0xa2, 0x01, 0x00, 0x48, 0x8b, 0x05,
  0x84, 0x93, 0x01, 0x00, 0x48, 0x89, 0x05, 0xad, 0xa2, 0x01, 0x00, 0x48,
  0x8b, 0x05, 0x76, 0x93, 0x01, 0x00, 0x48, 0x83, 0xc0, 0x02, 0x48, 0x89,
  0x05, 0xa3, 0xa2, 0x01, 0x00, 0x48, 0x8b, 0x05, 0x64, 0x93, 0x01, 0x00,
  0x48, 0x2d, 0xdd, 0x02, 0x6f, 0x00, 0x48, 0x89, 0x05, 0x97, 0xa2, 0x01,
  0x00, 0x48, 0x8b, 0x05, 0x50, 0x93, 0x01, 0x00, 0x48, 0x2d, 0xc2, 0x02,
  0x6f, 0x00, 0x48, 0x89, 0x05, 0x8b, 0xa2, 0x01, 0x00, 0x48, 0x8b, 0x05,
  0x3c, 0x93, 0x01, 0x00, 0x48, 0x2d, 0xa9, 0x95, 0x65, 0x00, 0x48, 0x89,
  0x05, 0x7f, 0xa2, 0x01, 0x00, 0x48, 0x8b, 0x05, 0x28, 0x93, 0x01, 0x00,
  0x48, 0x05, 0x30, 0x70, 0x1b, 0x00, 0x48, 0x89, 0x05, 0x73, 0xa2, 0x01,
  0x00, 0x48, 0x8b, 0x05, 0x14, 0x93, 0x01, 0x00, 0x48, 0x05, 0x80, 0xea,
  0x1a, 0x00, 0x48, 0x89, 0x05, 0x67, 0xa2, 0x01, 0x00, 0x48, 0x8b, 0x05,
  0x00, 0x93, 0x01, 0x00, 0x48, 0x05, 0xb8, 0x1a, 0xe2, 0x00, 0x48, 0x89,
  0x05, 0x5b, 0xa2, 0x01, 0x00, 0x48, 0x8b, 0x05, 0xec, 0x92, 0x01, 0x00,
  0x48, 0x05, 0x30, 0x1c, 0xe2, 0x00, 0x48, 0x89, 0x05, 0x4f, 0xa2, 0x01,
  0x00, 0x48, 0x8b, 0x05, 0xd8, 0x92, 0x01, 0x00, 0x48, 0x2d, 0x00, 0xd7,
  0x6a, 0x00, 0x48, 0x89, 0x05, 0x43, 0xa2, 0x01, 0x00, 0x48, 0x8b, 0x05,
  0xc4, 0x92, 0x01, 0x00, 0x48, 0x2d, 0x90, 0xf5, 0x8d, 0x00, 0x48, 0x89,
  0x05, 0x37, 0xa2, 0x01, 0x00, 0x48, 0x8b, 0x05, 0xb0, 0x92, 0x01, 0x00,
  0x48, 0x2d, 0xcf, 0x75, 0x83, 0x00, 0x48, 0x89, 0x05, 0x2b, 0xa2, 0x01,
  0x00, 0x48, 0x8b, 0x05, 0x9c, 0x92, 0x01, 0x00, 0x48, 0x2d, 0xac, 0x75,
  0x83, 0x00, 0x48, 0x89, 0x05, 0x1f, 0xa2, 0x01, 0x00, 0x48, 0x8b, 0x05,
  0x88, 0x92, 0x01, 0x00, 0x48, 0x2d, 0x60, 0x6c, 0x0b, 0x00, 0x48, 0x89,
  0x05, 0x13, 0xa2, 0x01, 0x00, 0x48, 0x8b, 0x05, 0x74, 0x92, 0x01, 0x00,
  0x48, 0x05, 0x90, 0x75, 0x45, 0x01, 0x48, 0x89, 0x05, 0x07, 0xa2, 0x01,
  0x00, 0x48, 0x8b, 0x05, 0x60, 0x92, 0x01, 0x00, 0x48, 0x2d, 0x99, 0xee,
  0x8d, 0x00, 0x48, 0x89, 0x05, 0xfb, 0xa1, 0x01, 0x00, 0x48, 0x8b, 0x05,
  0x4c, 0x92, 0x01, 0x00, 0x48, 0x2d, 0xc8, 0x30, 0x2e, 0x00, 0x48, 0x89,
  0x05, 0xef, 0xa1, 0x01, 0x00, 0x48, 0x8b, 0x05, 0x38, 0x92, 0x01, 0x00,
  0x48, 0x2d, 0xe7, 0xf0, 0x8d, 0x00, 0x48, 0x89, 0x05, 0xe3, 0xa1, 0x01,
  0x00, 0x48, 0x8b, 0x05, 0x24, 0x92, 0x01, 0x00, 0x48, 0x2d, 0x6f, 0xed,
  0x8d, 0x00, 0x48, 0x89, 0x05, 0xd7, 0xa1, 0x01, 0x00, 0x48, 0x8b, 0x05,
  0x10, 0x92, 0x01, 0x00, 0x48, 0x2d, 0xb2, 0xec, 0x8d, 0x00, 0x48, 0x89,
  0x05, 0xcb, 0xa1, 0x01, 0x00, 0x48, 0x8b, 0x05, 0xfc, 0x91, 0x01, 0x00,
  0x48, 0x2d, 0x04, 0xe4, 0x8d, 0x00, 0x48, 0x89, 0x05, 0xbf, 0xa1, 0x01,
  0x00, 0x48, 0x8b, 0x05, 0xe8, 0x91, 0x01, 0x00, 0x48, 0x2d, 0x39, 0xe6,
  0x8d, 0x00, 0x48, 0x89, 0x05, 0xb3, 0xa1, 0x01, 0x00, 0x48, 0x8b, 0x05,
  0xd4, 0x91, 0x01, 0x00, 0x48, 0x2d, 0x76, 0xf2, 0x8d, 0x00, 0x48, 0x89,
  0x05, 0xa7, 0xa1, 0x01, 0x00, 0x48, 0x8b, 0x05, 0xc0, 0x91, 0x01, 0x00,
  0x48, 0x2d, 0x09, 0xef, 0x8d, 0x00, 0x48, 0x89, 0x05, 0x9b, 0xa1, 0x01,
  0x00, 0x48, 0x8b, 0x05, 0xac, 0x91, 0x01, 0x00, 0x48, 0x2d, 0x56, 0xe9,
  0x8d, 0x00, 0x48, 0x89, 0x05, 0x8f, 0xa1, 0x01, 0x00, 0x48, 0x8b, 0x05,
  0x98, 0x91, 0x01, 0x00, 0x48, 0x2d, 0x71, 0xe1, 0x8d, 0x00, 0x48, 0x89,
  0x05, 0x83, 0xa1, 0x01, 0x00, 0x48, 0x8b, 0x05, 0x84, 0x91, 0x01, 0x00,
  0x48, 0x2d, 0x08, 0xf6, 0x8d, 0x00, 0x48, 0x89, 0x05, 0x77, 0xa1, 0x01,
  0x00, 0x48, 0x8b, 0x05, 0x70, 0x91, 0x01, 0x00, 0x48, 0x2d, 0xfd, 0x52,
  0x98, 0x00, 0x48, 0x89, 0x05, 0x6b, 0xa1, 0x01, 0x00, 0x48, 0x8b, 0x05,
  0x5c, 0x91, 0x01, 0x00, 0x48, 0x2d, 0x9b, 0x58, 0x98, 0x00, 0x48, 0x89,
  0x05, 0x5f, 0xa1, 0x01, 0x00, 0x48, 0x8b, 0x05, 0x48, 0x91, 0x01, 0x00,
  0x48, 0x2d, 0x28, 0x58, 0x98, 0x00, 0x48, 0x89, 0x05, 0x53, 0xa1, 0x01,
  0x00, 0x48, 0x8b, 0x05, 0x34, 0x91, 0x01, 0x00, 0x48, 0x2d, 0x20, 0x64,
  0x98, 0x00, 0x48, 0x89, 0x05, 0x47, 0xa1, 0x01, 0x00, 0x48, 0x8b, 0x05,
  0x20, 0x91, 0x01, 0x00, 0x48, 0x2d, 0xe0, 0x71, 0x92, 0x00, 0x48, 0x89,
  0x05, 0x3b, 0xa1, 0x01, 0x00, 0x48, 0x8b, 0x05, 0x0c, 0x91, 0x01, 0x00,
  0x48, 0x2d, 0xa2, 0x71, 0x92, 0x00, 0x48, 0x89, 0x05, 0x2f, 0xa1, 0x01,
  0x00, 0x48, 0x8b, 0x05, 0xf8, 0x90, 0x01, 0x00, 0x48, 0x2d, 0x70, 0xca,
  0x9c, 0x00, 0x48, 0x89, 0x05, 0x23, 0xa1, 0x01, 0x00, 0x48, 0x8b, 0x05,
  0xe4, 0x90, 0x01, 0x00, 0x48, 0x2d, 0x20, 0xcb, 0x9c, 0x00, 0x48, 0x89,
  0x05, 0x17, 0xa1, 0x01, 0x00, 0x48, 0x8b, 0x05, 0xd0, 0x90, 0x01, 0x00,
  0x48, 0x2d, 0xb0, 0x1b, 0x49, 0x00, 0x48, 0x89, 0x05, 0x0b, 0xa1, 0x01,
  0x00, 0x48, 0x8b, 0x05, 0xbc, 0x90, 0x01, 0x00, 0x48, 0x2d, 0x60, 0xbc,
  0xa0, 0x00, 0x48, 0x89, 0x05, 0xff, 0xa0, 0x01, 0x00, 0x48, 0x8b, 0x05,
  0xa8, 0x90, 0x01, 0x00, 0x48, 0x2d, 0x58, 0xbc, 0xa0, 0x00, 0x48, 0x89,
  0x05, 0xf3, 0xa0, 0x01, 0x00, 0x48, 0x8b, 0x05, 0x94, 0x90, 0x01, 0x00,
  0x48, 0x05, 0x98, 0xdd, 0xe7, 0x00, 0x48, 0x89, 0x05, 0xe7, 0xa0, 0x01,
  0x00, 0x48, 0x8b, 0x05, 0x80, 0x90, 0x01, 0x00, 0x48, 0x2d, 0x92, 0xba,
  0xa0, 0x00, 0x48, 0x89, 0x05, 0xdb, 0xa0, 0x01, 0x00, 0x48, 0x8b, 0x05,
  0x6c, 0x90, 0x01, 0x00, 0x48, 0x2d, 0x8e, 0xba, 0xa0, 0x00, 0x48, 0x89,
  0x05, 0xcf, 0xa0, 0x01, 0x00, 0x48, 0x8b, 0x05, 0x58, 0x90, 0x01, 0x00,
  0x48, 0x2d, 0x10, 0x93, 0x9a, 0x00, 0x48, 0x89, 0x05, 0xc3, 0xa0, 0x01,
  0x00, 0x48, 0x8b, 0x05, 0x44, 0x90, 0x01, 0x00, 0x48, 0x05, 0x48, 0xc8,
  0xe2, 0x02, 0x48, 0x89, 0x05, 0xb7, 0xa0, 0x01, 0x00, 0x48, 0x8b, 0x05,
  0x30, 0x90, 0x01, 0x00, 0x48, 0x05, 0x30, 0x18, 0xd7, 0x02, 0x48, 0x89,
  0x05, 0xab, 0xa0, 0x01, 0x00, 0x48, 0x8b, 0x05, 0x1c, 0x90, 0x01, 0x00,
  0x48, 0x05, 0x64, 0x80, 0xac, 0x00, 0x48, 0x89, 0x05, 0x9f, 0xa0, 0x01,
  0x00, 0x48, 0x8b, 0x05, 0x08, 0x90, 0x01, 0x00, 0x48, 0x05, 0x6d, 0x80,
  0xac, 0x00, 0x48, 0x89, 0x05, 0x93, 0xa0, 0x01, 0x00, 0x48, 0x8b, 0x05,
  0xf4, 0x8f, 0x01, 0x00, 0x48, 0x05, 0x88, 0x80, 0xac, 0x00, 0x48, 0x89,
  0x05, 0x87, 0xa0, 0x01, 0x00, 0x48, 0x8b, 0x05, 0xe0, 0x8f, 0x01, 0x00,
  0x48, 0x05, 0xf0, 0x80, 0xac, 0x00, 0x48, 0x89, 0x05, 0x7b, 0xa0, 0x01,
  0x00, 0x48, 0x8b, 0x05, 0xcc, 0x8f, 0x01, 0x00, 0x48, 0x89, 0x05, 0x75,
  0xa0, 0x01, 0x00, 0x48, 0x8b, 0x05, 0xbe, 0x8f, 0x01, 0x00, 0x48, 0x83,
  0xc0, 0x02, 0x48, 0x89, 0x05, 0x6b, 0xa0, 0x01, 0x00, 0x48, 0x8b, 0x05,
  0xac, 0x8f, 0x01, 0x00, 0x48, 0x2d, 0xf0, 0xf5, 0x0c, 0x00, 0x48, 0x89,
  0x05, 0x5f, 0xa0, 0x01, 0x00, 0x48, 0x8b, 0x05, 0x98, 0x8f, 0x01, 0x00,
  0x48, 0x89, 0x05, 0x59, 0xa0, 0x01, 0x00, 0x48, 0x8b, 0x05, 0x8a, 0x8f,
  0x01, 0x00, 0x48, 0x2d, 0x00, 0xb9, 0x37, 0x00, 0x48, 0x89, 0x05, 0x4d,
  0xa0, 0x01, 0x00, 0x48, 0x8b, 0x05, 0x76, 0x8f, 0x01, 0x00, 0x48, 0x89,
  0x05, 0x47, 0xa0, 0x01, 0x00, 0x48, 0x8b, 0x05, 0x68, 0x8f, 0x01, 0x00,
  0x48, 0x89, 0x05, 0x41, 0xa0, 0x01, 0x00, 0x48, 0x8b, 0x05, 0x5a, 0x8f,
  0x01, 0x00, 0x48, 0x89, 0x05, 0x3b, 0xa0, 0x01, 0x00, 0x90, 0x5d, 0xc3,
  0xf3, 0x0f, 0x1e, 0xfa, 0x55, 0x48, 0x89, 0xe5, 0x48, 0x8b, 0x05, 0x41,
  0x8f, 0x01, 0x00, 0x48, 0x05, 0x50, 0x9d, 0x85, 0x02, 0x48, 0x89, 0x05,
  0xb4, 0x9d, 0x01, 0x00, 0x48, 0x8b, 0x05, 0x2d, 0x8f, 0x01, 0x00, 0x48,
  0x05, 0xf0, 0xfd, 0xe7, 0x02, 0x48, 0x89, 0x05, 0xa8, 0x9d, 0x01, 0x00,
  0x48, 0x8b, 0x05, 0x19, 0x8f, 0x01, 0x00, 0x48, 0x05, 0xd0, 0x10, 0xe8,
  0x02, 0x48, 0x89, 0x05, 0x9c, 0x9d, 0x01, 0x00, 0x48, 0x8b, 0x05, 0x05,
  0x8f, 0x01, 0x00, 0x48, 0x05, 0xd0, 0x2a, 0xe8, 0x02, 0x48, 0x89, 0x05,
  0x90, 0x9d, 0x01, 0x00, 0x48, 0x8b, 0x05, 0xf1, 0x8e, 0x01, 0x00, 0x48,
  0x05, 0x00, 0x4a, 0xe9, 0x02, 0x48, 0x89, 0x05, 0x84, 0x9d, 0x01, 0x00,
  0x48, 0x8b, 0x05, 0xdd, 0x8e, 0x01, 0x00, 0x48, 0x2d, 0xf3, 0xb7, 0xa0,
  0x00, 0x48, 0x89, 0x05, 0x78, 0x9d, 0x01, 0x00, 0x48, 0x8b, 0x05, 0xc9,
  0x8e, 0x01, 0x00, 0x48, 0x2d, 0xfa, 0xb7, 0xa0, 0x00, 0x48, 0x89, 0x05,
  0x6c, 0x9d, 0x01, 0x00, 0x48, 0x8b, 0x05, 0xb5, 0x8e, 0x01, 0x00, 0x48,
  0x2d, 0xfd, 0xb7, 0xa0, 0x00, 0x48, 0x89, 0x05, 0x60, 0x9d, 0x01, 0x00,
  0x48, 0x8b, 0x05, 0xa1, 0x8e, 0x01, 0x00, 0x48, 0x2d, 0x66, 0xbf, 0x9c,
  0x00, 0x48, 0x89, 0x05, 0x54, 0x9d, 0x01, 0x00, 0x48, 0x8b, 0x05, 0x8d,
  0x8e, 0x01, 0x00, 0x48, 0x2d, 0x2a, 0xcf, 0xa0, 0x00, 0x48, 0x89, 0x05,
  0x48, 0x9d, 0x01, 0x00, 0x48, 0x8b, 0x05, 0x79, 0x8e, 0x01, 0x00, 0x48,
  0x2d, 0xfc, 0xe2, 0xa0, 0x00, 0x48, 0x89, 0x05, 0x3c, 0x9d, 0x01, 0x00,
  0x48, 0x8b, 0x05, 0x65, 0x8e, 0x01, 0x00, 0x48, 0x2d, 0x13, 0x29, 0xa1,
  0x00, 0x48, 0x89, 0x05, 0x30, 0x9d, 0x01, 0x00, 0x48, 0x8b, 0x05, 0x51,
  0x8e, 0x01, 0x00, 0x48, 0x2d, 0xfa, 0x27, 0xa1, 0x00, 0x48, 0x89, 0x05,
  0x24, 0x9d, 0x01, 0x00, 0x48, 0x8b, 0x05, 0x3d, 0x8e, 0x01, 0x00, 0x48,
  0x2d, 0x07, 0x27, 0xa1, 0x00, 0x48, 0x89, 0x05, 0x18, 0x9d, 0x01, 0x00,
  0x48, 0x8b, 0x05, 0x29, 0x8e, 0x01, 0x00, 0x48, 0x2d, 0x9e, 0x2e, 0x3b,
  0x00, 0x48, 0x89, 0x05, 0x0c, 0x9d, 0x01, 0x00, 0x48, 0x8b, 0x05, 0x15,
  0x8e, 0x01, 0x00, 0x48, 0x2d, 0x0e, 0x2f, 0x3b, 0x00, 0x48, 0x89, 0x05,
  0x00, 0x9d, 0x01, 0x00, 0x48, 0x8b, 0x05, 0x01, 0x8e, 0x01, 0x00, 0x48,
  0x2d, 0xfa, 0xe2, 0xa0, 0x00, 0x48, 0x89, 0x05, 0xf4, 0x9c, 0x01, 0x00,
  0x48, 0x8b, 0x05, 0xed, 0x8d, 0x01, 0x00, 0x48, 0x2d, 0x00, 0x2b, 0xa1,
  0x00, 0x48, 0x89, 0x05, 0xe8, 0x9c, 0x01, 0x00, 0x48, 0x8b, 0x05, 0xd9,
  0x8d, 0x01, 0x00, 0x48, 0x2d, 0x24, 0x4d, 0x94, 0x00, 0x48, 0x89, 0x05,
  0xdc, 0x9c, 0x01, 0x00, 0x48, 0x8b, 0x05, 0xc5, 0x8d, 0x01, 0x00, 0x48,
  0x2d, 0x1e, 0x4d, 0x94, 0x00, 0x48, 0x89, 0x05, 0xd0, 0x9c, 0x01, 0x00,
  0x48, 0x8b, 0x05, 0xb1, 0x8d, 0x01, 0x00, 0x48, 0x89, 0x05, 0xca, 0x9c,
  0x01, 0x00, 0x48, 0x8b, 0x05, 0xa3, 0x8d, 0x01, 0x00, 0x48, 0x83, 0xc0,
  0x02, 0x48, 0x89, 0x05, 0xc0, 0x9c, 0x01, 0x00, 0x48, 0x8b, 0x05, 0x91,
  0x8d, 0x01, 0x00, 0x48, 0x89, 0x05, 0xba, 0x9c, 0x01, 0x00, 0x48, 0x8b,
  0x05, 0x83, 0x8d, 0x01, 0x00, 0x48, 0x83, 0xc0, 0x02, 0x48, 0x89, 0x05,
  0xb0, 0x9c, 0x01, 0x00, 0x48, 0x8b, 0x05, 0x71, 0x8d, 0x01, 0x00, 0x48,
  0x2d, 0xdd, 0xff, 0x6e, 0x00, 0x48, 0x89, 0x05, 0xa4, 0x9c, 0x01, 0x00,
  0x48, 0x8b, 0x05, 0x5d, 0x8d, 0x01, 0x00, 0x48, 0x2d, 0xc2, 0xff, 0x6e,
  0x00, 0x48, 0x89, 0x05, 0x98, 0x9c, 0x01, 0x00, 0x48, 0x8b, 0x05, 0x49,
  0x8d, 0x01, 0x00, 0x48, 0x2d, 0xa9, 0x92, 0x65, 0x00, 0x48, 0x89, 0x05,
  0x8c, 0x9c, 0x01, 0x00, 0x48, 0x8b, 0x05, 0x35, 0x8d, 0x01, 0x00, 0x48,
  0x05, 0xa0, 0x71, 0x1b, 0x00, 0x48, 0x89, 0x05, 0x80, 0x9c, 0x01, 0x00,
  0x48, 0x8b, 0x05, 0x21, 0x8d, 0x01, 0x00, 0x48, 0x05, 0xf0, 0xeb, 0x1a,
  0x00, 0x48, 0x89, 0x05, 0x74, 0x9c, 0x01, 0x00, 0x48, 0x8b, 0x05, 0x0d,
  0x8d, 0x01, 0x00, 0x48, 0x05, 0x78, 0x1b, 0xe2, 0x00, 0x48, 0x89, 0x05,
  0x68, 0x9c, 0x01, 0x00, 0x48, 0x8b, 0x05, 0xf9, 0x8c, 0x01, 0x00, 0x48,
  0x05, 0xf0, 0x1c, 0xe2, 0x00, 0x48, 0x89, 0x05, 0x5c, 0x9c, 0x01, 0x00,
  0x48, 0x8b, 0x05, 0xe5, 0x8c, 0x01, 0x00, 0x48, 0x2d, 0x00, 0xd4, 0x6a,
  0x00, 0x48, 0x89, 0x05, 0x50, 0x9c, 0x01, 0x00, 0x48, 0x8b, 0x05, 0xd1,
  0x8c, 0x01, 0x00, 0x48, 0x2d, 0x30, 0xf3, 0x8d, 0x00, 0x48, 0x89, 0x05,
  0x44, 0x9c, 0x01, 0x00, 0x48, 0x8b, 0x05, 0xbd, 0x8c, 0x01, 0x00, 0x48,
  0x2d, 0xcf, 0x72, 0x83, 0x00, 0x48, 0x89, 0x05, 0x38, 0x9c, 0x01, 0x00,
  0x48, 0x8b, 0x05, 0xa9, 0x8c, 0x01, 0x00, 0x48, 0x2d, 0xac, 0x72, 0x83,
  0x00, 0x48, 0x89, 0x05, 0x2c, 0x9c, 0x01, 0x00, 0x48, 0x8b, 0x05, 0x95,
  0x8c, 0x01, 0x00, 0x48, 0x2d, 0x60, 0x5c, 0x0b, 0x00, 0x48, 0x89, 0x05,
  0x20, 0x9c, 0x01, 0x00, 0x48, 0x8b, 0x05, 0x81, 0x8c, 0x01, 0x00, 0x48,
  0x05, 0x50, 0x76, 0x45, 0x01, 0x48, 0x89, 0x05, 0x14, 0x9c, 0x01, 0x00,
  0x48, 0x8b, 0x05, 0x6d, 0x8c, 0x01, 0x00, 0x48, 0x2d, 0x39, 0xec, 0x8d,
  0x00, 0x48, 0x89, 0x05, 0x08, 0x9c, 0x01, 0x00, 0x48, 0x8b, 0x05, 0x59,
  0x8c, 0x01, 0x00, 0x48, 0x2d, 0xc8, 0x2d, 0x2e, 0x00, 0x48, 0x89, 0x05,
  0xfc, 0x9b, 0x01, 0x00, 0x48, 0x8b, 0x05, 0x45, 0x8c, 0x01, 0x00, 0x48,
  0x2d, 0x87, 0xee, 0x8d, 0x00, 0x48, 0x89, 0x05, 0xf0, 0x9b, 0x01, 0x00,
  0x48, 0x8b, 0x05, 0x31, 0x8c, 0x01, 0x00, 0x48, 0x2d, 0x0f, 0xeb, 0x8d,
  0x00, 0x48, 0x89, 0x05, 0xe4, 0x9b, 0x01, 0x00, 0x48, 0x8b, 0x05, 0x1d,
  0x8c, 0x01, 0x00, 0x48, 0x2d, 0x52, 0xea, 0x8d, 0x00, 0x48, 0x89, 0x05,
  0xd8, 0x9b, 0x01, 0x00, 0x48, 0x8b, 0x05, 0x09, 0x8c, 0x01, 0x00, 0x48,
  0x2d, 0xa4, 0xe1, 0x8d, 0x00, 0x48, 0x89, 0x05, 0xcc, 0x9b, 0x01, 0x00,
  0x48, 0x8b, 0x05, 0xf5, 0x8b, 0x01, 0x00, 0x48, 0x2d, 0xd9, 0xe3, 0x8d,
  0x00, 0x48, 0x89, 0x05, 0xc0, 0x9b, 0x01, 0x00, 0x48, 0x8b, 0x05, 0xe1,
  0x8b, 0x01, 0x00, 0x48, 0x2d, 0x16, 0xf0, 0x8d, 0x00, 0x48, 0x89, 0x05,
  0xb4, 0x9b, 0x01, 0x00, 0x48, 0x8b, 0x05, 0xcd, 0x8b, 0x01, 0x00, 0x48,
  0x2d, 0xa9, 0xec, 0x8d, 0x00, 0x48, 0x89, 0x05, 0xa8, 0x9b, 0x01, 0x00,
  0x48, 0x8b, 0x05, 0xb9, 0x8b, 0x01, 0x00, 0x48, 0x2d, 0xf6, 0xe6, 0x8d,
  0x00, 0x48, 0x89, 0x05, 0x9c, 0x9b, 0x01, 0x00, 0x48, 0x8b, 0x05, 0xa5,
  0x8b, 0x01, 0x00, 0x48, 0x2d, 0x11, 0xdf, 0x8d, 0x00, 0x48, 0x89, 0x05,
  0x90, 0x9b, 0x01, 0x00, 0x48, 0x8b, 0x05, 0x91, 0x8b, 0x01, 0x00, 0x48,
  0x2d, 0xa8, 0xf3, 0x8d, 0x00, 0x48, 0x89, 0x05, 0x84, 0x9b, 0x01, 0x00,
  0x48, 0x8b, 0x05, 0x7d, 0x8b, 0x01, 0x00, 0x48, 0x2d, 0x9d, 0x50, 0x98,
  0x00, 0x48, 0x89, 0x05, 0x78, 0x9b, 0x01, 0x00, 0x48, 0x8b, 0x05, 0x69,
  0x8b, 0x01, 0x00, 0x48, 0x2d, 0x3b, 0x56, 0x98, 0x00, 0x48, 0x89, 0x05,
  0x6c, 0x9b, 0x01, 0x00, 0x48, 0x8b, 0x05, 0x55, 0x8b, 0x01, 0x00, 0x48,
  0x2d, 0xc8, 0x55, 0x98, 0x00, 0x48, 0x89, 0x05, 0x60, 0x9b, 0x01, 0x00,
  0x48, 0x8b, 0x05, 0x41, 0x8b, 0x01, 0x00, 0x48, 0x2d, 0xc0, 0x61, 0x98,
  0x00, 0x48, 0x89, 0x05, 0x54, 0x9b, 0x01, 0x00, 0x48, 0x8b, 0x05, 0x2d,
  0x8b, 0x01, 0x00, 0x48, 0x2d, 0x80, 0x6f, 0x92, 0x00, 0x48, 0x89, 0x05,
  0x48, 0x9b, 0x01, 0x00, 0x48, 0x8b, 0x05, 0x19, 0x8b, 0x01, 0x00, 0x48,
  0x2d, 0x42, 0x6f, 0x92, 0x00, 0x48, 0x89, 0x05, 0x3c, 0x9b, 0x01, 0x00,
  0x48, 0x8b, 0x05, 0x05, 0x8b, 0x01, 0x00, 0x48, 0x2d, 0x30, 0xc8, 0x9c,
  0x00, 0x48, 0x89, 0x05, 0x30, 0x9b, 0x01, 0x00, 0x48, 0x8b, 0x05, 0xf1,
  0x8a, 0x01, 0x00, 0x48, 0x2d, 0xe0, 0xc8, 0x9c, 0x00, 0x48, 0x89, 0x05,
  0x24, 0x9b, 0x01, 0x00, 0x48, 0x8b, 0x05, 0xdd, 0x8a, 0x01, 0x00, 0x48,
  0x2d, 0xb0, 0x18, 0x49, 0x00, 0x48, 0x89, 0x05, 0x18, 0x9b, 0x01, 0x00,
  0x48, 0x8b, 0x05, 0xc9, 0x8a, 0x01, 0x00, 0x48, 0x2d, 0x20, 0xba, 0xa0,
  0x00, 0x48, 0x89, 0x05, 0x0c, 0x9b, 0x01, 0x00, 0x48, 0x8b, 0x05, 0xb5,
  0x8a, 0x01, 0x00, 0x48, 0x2d, 0x18, 0xba, 0xa0, 0x00, 0x48, 0x89, 0x05,
  0x00, 0x9b, 0x01, 0x00, 0x48, 0x8b, 0x05, 0xa1, 0x8a, 0x01, 0x00, 0x48,
  0x05, 0x58, 0xde, 0xe7, 0x00, 0x48, 0x89, 0x05, 0xf4, 0x9a, 0x01, 0x00,
  0x48, 0x8b, 0x05, 0x8d, 0x8a, 0x01, 0x00, 0x48, 0x2d, 0x52, 0xb8, 0xa0,
  0x00, 0x48, 0x89, 0x05, 0xe8, 0x9a, 0x01, 0x00, 0x48, 0x8b, 0x05, 0x79,
  0x8a, 0x01, 0x00, 0x48, 0x2d, 0x4e, 0xb8, 0xa0, 0x00, 0x48, 0x89, 0x05,
  0xdc, 0x9a, 0x01, 0x00, 0x48, 0x8b, 0x05, 0x65, 0x8a, 0x01, 0x00, 0x48,
  0x2d, 0x88, 0xaa, 0x9a, 0x00, 0x48, 0x89, 0x05, 0xd0, 0x9a, 0x01, 0x00,
  0x48, 0x8b, 0x05, 0x51, 0x8a, 0x01, 0x00, 0x48, 0x05, 0x48, 0xc8, 0xe2,
  0x02, 0x48, 0x89, 0x05, 0xc4, 0x9a, 0x01, 0x00, 0x48, 0x8b, 0x05, 0x3d,
  0x8a, 0x01, 0x00, 0x48, 0x05, 0x30, 0x18, 0xd7, 0x02, 0x48, 0x89, 0x05,
  0xb8, 0x9a, 0x01, 0x00, 0x48, 0x8b, 0x05, 0x29, 0x8a, 0x01, 0x00, 0x48,
  0x05, 0x64, 0x80, 0xac, 0x00, 0x48, 0x89, 0x05, 0xac, 0x9a, 0x01, 0x00,
  0x48, 0x8b, 0x05, 0x15, 0x8a, 0x01, 0x00, 0x48, 0x05, 0x6d, 0x80, 0xac,
  0x00, 0x48, 0x89, 0x05, 0xa0, 0x9a, 0x01, 0x00, 0x48, 0x8b, 0x05, 0x01,
  0x8a, 0x01, 0x00, 0x48, 0x05, 0x88, 0x80, 0xac, 0x00, 0x48, 0x89, 0x05,
  0x94, 0x9a, 0x01, 0x00, 0x48, 0x8b, 0x05, 0xed, 0x89, 0x01, 0x00, 0x48,
  0x05, 0xf0, 0x80, 0xac, 0x00, 0x48, 0x89, 0x05, 0x88, 0x9a, 0x01, 0x00,
  0x48, 0x8b, 0x05, 0xd9, 0x89, 0x01, 0x00, 0x48, 0x89, 0x05, 0x82, 0x9a,
  0x01, 0x00, 0x48, 0x8b, 0x05, 0xcb, 0x89, 0x01, 0x00, 0x48, 0x83, 0xc0,
  0x02, 0x48, 0x89, 0x05, 0x78, 0x9a, 0x01, 0x00, 0x48, 0x8b, 0x05, 0xb9,
  0x89, 0x01, 0x00, 0x48, 0x2d, 0xf0, 0xe5, 0x0c, 0x00, 0x48, 0x89, 0x05,
  0x6c, 0x9a, 0x01, 0x00, 0x48, 0x8b, 0x05, 0xa5, 0x89, 0x01, 0x00, 0x48,
  0x89, 0x05, 0x66, 0x9a, 0x01, 0x00, 0x48, 0x8b, 0x05, 0x97, 0x89, 0x01,
  0x00, 0x48, 0x2d, 0x00, 0xb6, 0x37, 0x00, 0x48, 0x89, 0x05, 0x5a, 0x9a,
  0x01, 0x00, 0x48, 0x8b, 0x05, 0x83, 0x89, 0x01, 0x00, 0x48, 0x89, 0x05,
  0x54, 0x9a, 0x01, 0x00, 0x48, 0x8b, 0x05, 0x75, 0x89, 0x01, 0x00, 0x48,
  0x89, 0x05, 0x4e, 0x9a, 0x01, 0x00, 0x48, 0x8b, 0x05, 0x67, 0x89, 0x01,
  0x00, 0x48, 0x89, 0x05, 0x48, 0x9a, 0x01, 0x00, 0x90, 0x5d, 0xc3, 0xf3,
  0x0f, 0x1e, 0xfa, 0x55, 0x48, 0x89, 0xe5, 0x48, 0x8b, 0x05, 0x4e, 0x89,
  0x01, 0x00, 0x48, 0x05, 0x50, 0x9d, 0x85, 0x02, 0x48, 0x89, 0x05, 0xc1,
  0x97, 0x01, 0x00, 0x48, 0x8b, 0x05, 0x3a, 0x89, 0x01, 0x00, 0x48, 0x05,
  0xf0, 0xfd, 0xe7, 0x02, 0x48, 0x89, 0x05, 0xb5, 0x97, 0x01, 0x00, 0x48,
  0x8b, 0x05, 0x26, 0x89, 0x01, 0x00, 0x48, 0x05, 0xd0, 0x10, 0xe8, 0x02,
  0x48, 0x89, 0x05, 0xa9, 0x97, 0x01, 0x00, 0x48, 0x8b, 0x05, 0x12, 0x89,
  0x01, 0x00, 0x48, 0x05, 0xd0, 0x2a, 0xe8, 0x02, 0x48, 0x89, 0x05, 0x9d,
  0x97, 0x01, 0x00, 0x48, 0x8b, 0x05, 0xfe, 0x88, 0x01, 0x00, 0x48, 0x05,
  0x00, 0x4a, 0xe9, 0x02, 0x48, 0x89, 0x05, 0x91, 0x97, 0x01, 0x00, 0x48,
  0x8b, 0x05, 0xea, 0x88, 0x01, 0x00, 0x48, 0x2d, 0xf3, 0xb7, 0xa0, 0x00,
  0x48, 0x89, 0x05, 0x85, 0x97, 0x01, 0x00, 0x48, 0x8b, 0x05, 0xd6, 0x88,
  0x01, 0x00, 0x48, 0x2d, 0xfa, 0xb7, 0xa0, 0x00, 0x48, 0x89, 0x05, 0x79,
  0x97, 0x01, 0x00, 0x48, 0x8b, 0x05, 0xc2, 0x88, 0x01, 0x00, 0x48, 0x2d,
  0xfd, 0xb7, 0xa0, 0x00, 0x48, 0x89, 0x05, 0x6d, 0x97, 0x01, 0x00, 0x48,
  0x8b, 0x05, 0xae, 0x88, 0x01, 0x00, 0x48, 0x2d, 0x66, 0xbf, 0x9c, 0x00,
  0x48, 0x89, 0x05, 0x61, 0x97, 0x01, 0x00, 0x48, 0x8b, 0x05, 0x9a, 0x88,
  0x01, 0x00, 0x48, 0x2d, 0x2a, 0xcf, 0xa0, 0x00, 0x48, 0x89, 0x05, 0x55,
  0x97, 0x01, 0x00, 0x48, 0x8b, 0x05, 0x86, 0x88, 0x01, 0x00, 0x48, 0x2d,
  0xfc, 0xe2, 0xa0, 0x00, 0x48, 0x89, 0x05, 0x49, 0x97, 0x01, 0x00, 0x48,
  0x8b, 0x05, 0x72, 0x88, 0x01, 0x00, 0x48, 0x2d, 0x13, 0x29, 0xa1, 0x00,
  0x48, 0x89, 0x05, 0x3d, 0x97, 0x01, 0x00, 0x48, 0x8b, 0x05, 0x5e, 0x88,
  0x01, 0x00, 0x48, 0x2d, 0xfa, 0x27, 0xa1, 0x00, 0x48, 0x89, 0x05, 0x31,
  0x97, 0x01, 0x00, 0x48, 0x8b, 0x05, 0x4a, 0x88, 0x01, 0x00, 0x48, 0x2d,
  0x07, 0x27, 0xa1, 0x00, 0x48, 0x89, 0x05, 0x25, 0x97, 0x01, 0x00, 0x48,
  0x8b, 0x05, 0x36, 0x88, 0x01, 0x00, 0x48, 0x2d, 0x9e, 0x2e, 0x3b, 0x00,
  0x48, 0x89, 0x05, 0x19, 0x97, 0x01, 0x00, 0x48, 0x8b, 0x05, 0x22, 0x88,
  0x01, 0x00, 0x48, 0x2d, 0x0e, 0x2f, 0x3b, 0x00, 0x48, 0x89, 0x05, 0x0d,
  0x97, 0x01, 0x00, 0x48, 0x8b, 0x05, 0x0e, 0x88, 0x01, 0x00, 0x48, 0x2d,
  0xfa, 0xe2, 0xa0, 0x00, 0x48, 0x89, 0x05, 0x01, 0x97, 0x01, 0x00, 0x48,
  0x8b, 0x05, 0xfa, 0x87, 0x01, 0x00, 0x48, 0x2d, 0x00, 0x2b, 0xa1, 0x00,
  0x48, 0x89, 0x05, 0xf5, 0x96, 0x01, 0x00, 0x48, 0x8b, 0x05, 0xe6, 0x87,
  0x01, 0x00, 0x48, 0x2d, 0x24, 0x4d, 0x94, 0x00, 0x48, 0x89, 0x05, 0xe9,
  0x96, 0x01, 0x00, 0x48, 0x8b, 0x05, 0xd2, 0x87, 0x01, 0x00, 0x48, 0x2d,
  0x1e, 0x4d, 0x94, 0x00, 0x48, 0x89, 0x05, 0xdd, 0x96, 0x01, 0x00, 0x48,
  0x8b, 0x05, 0xbe, 0x87, 0x01, 0x00, 0x48, 0x89, 0x05, 0xd7, 0x96, 0x01,
  0x00, 0x48, 0x8b, 0x05, 0xb0, 0x87, 0x01, 0x00, 0x48, 0x83, 0xc0, 0x02,
  0x48, 0x89, 0x05, 0xcd, 0x96, 0x01, 0x00, 0x48, 0x8b, 0x05, 0x9e, 0x87,
  0x01, 0x00, 0x48, 0x89, 0x05, 0xc7, 0x96, 0x01, 0x00, 0x48, 0x8b, 0x05,
  0x90, 0x87, 0x01, 0x00, 0x48, 0x83, 0xc0, 0x02, 0x48, 0x89, 0x05, 0xbd,
  0x96, 0x01, 0x00, 0x48, 0x8b, 0x05, 0x7e, 0x87, 0x01, 0x00, 0x48, 0x2d,
  0xdd, 0xff, 0x6e, 0x00, 0x48, 0x89, 0x05, 0xb1, 0x96, 0x01, 0x00, 0x48,
  0x8b, 0x05, 0x6a, 0x87, 0x01, 0x00, 0x48, 0x2d, 0xc2, 0xff, 0x6e, 0x00,
  0x48, 0x89, 0x05, 0xa5, 0x96, 0x01, 0x00, 0x48, 0x8b, 0x05, 0x56, 0x87,
  0x01, 0x00, 0x48, 0x2d, 0xa9, 0x92, 0x65, 0x00, 0x48, 0x89, 0x05, 0x99,
  0x96, 0x01, 0x00, 0x48, 0x8b, 0x05, 0x42, 0x87, 0x01, 0x00, 0x48, 0x05,
  0xa0, 0x71, 0x1b, 0x00, 0x48, 0x89, 0x05, 0x8d, 0x96, 0x01, 0x00, 0x48,
  0x8b, 0x05, 0x2e, 0x87, 0x01, 0x00, 0x48, 0x05, 0xf0, 0xeb, 0x1a, 0x00,
  0x48, 0x89, 0x05, 0x81, 0x96, 0x01, 0x00, 0x48, 0x8b, 0x05, 0x1a, 0x87,
  0x01, 0x00, 0x48, 0x05, 0x78, 0x1b, 0xe2, 0x00, 0x48, 0x89, 0x05, 0x75,
  0x96, 0x01, 0x00, 0x48, 0x8b, 0x05, 0x06, 0x87, 0x01, 0x00, 0x48, 0x05,
  0xf0, 0x1c, 0xe2, 0x00, 0x48, 0x89, 0x05, 0x69, 0x96, 0x01, 0x00, 0x48,
  0x8b, 0x05, 0xf2, 0x86, 0x01, 0x00, 0x48, 0x2d, 0x00, 0xd4, 0x6a, 0x00,
  0x48, 0x89, 0x05, 0x5d, 0x96, 0x01, 0x00, 0x48, 0x8b, 0x05, 0xde, 0x86,
  0x01, 0x00, 0x48, 0x2d, 0x30, 0xf3, 0x8d, 0x00, 0x48, 0x89, 0x05, 0x51,
  0x96, 0x01, 0x00, 0x48, 0x8b, 0x05, 0xca, 0x86, 0x01, 0x00, 0x48, 0x2d,
  0xcf, 0x72, 0x83, 0x00, 0x48, 0x89, 0x05, 0x45, 0x96, 0x01, 0x00, 0x48,
  0x8b, 0x05, 0xb6, 0x86, 0x01, 0x00, 0x48, 0x2d, 0xac, 0x72, 0x83, 0x00,
  0x48, 0x89, 0x05, 0x39, 0x96, 0x01, 0x00, 0x48, 0x8b, 0x05, 0xa2, 0x86,
  0x01, 0x00, 0x48, 0x2d, 0x60, 0x5c, 0x0b, 0x00, 0x48, 0x89, 0x05, 0x2d,
  0x96, 0x01, 0x00, 0x48, 0x8b, 0x05, 0x8e, 0x86, 0x01, 0x00, 0x48, 0x05,
  0x50, 0x76, 0x45, 0x01, 0x48, 0x89, 0x05, 0x21, 0x96, 0x01, 0x00, 0x48,
  0x8b, 0x05, 0x7a, 0x86, 0x01, 0x00, 0x48, 0x2d, 0x39, 0xec, 0x8d, 0x00,
  0x48, 0x89, 0x05, 0x15, 0x96, 0x01, 0x00, 0x48, 0x8b, 0x05, 0x66, 0x86,
  0x01, 0x00, 0x48, 0x2d, 0xc8, 0x2d, 0x2e, 0x00, 0x48, 0x89, 0x05, 0x09,
  0x96, 0x01, 0x00, 0x48, 0x8b, 0x05, 0x52, 0x86, 0x01, 0x00, 0x48, 0x2d,
  0x87, 0xee, 0x8d, 0x00, 0x48, 0x89, 0x05, 0xfd, 0x95, 0x01, 0x00, 0x48,
  0x8b, 0x05, 0x3e, 0x86, 0x01, 0x00, 0x48, 0x2d, 0x0f, 0xeb, 0x8d, 0x00,
  0x48, 0x89, 0x05, 0xf1, 0x95, 0x01, 0x00, 0x48, 0x8b, 0x05, 0x2a, 0x86,
  0x01, 0x00, 0x48, 0x2d, 0x52, 0xea, 0x8d, 0x00, 0x48, 0x89, 0x05, 0xe5,
  0x95, 0x01, 0x00, 0x48, 0x8b, 0x05, 0x16, 0x86, 0x01, 0x00, 0x48, 0x2d,
  0xa4, 0xe1, 0x8d, 0x00, 0x48, 0x89, 0x05, 0xd9, 0x95, 0x01, 0x00, 0x48,
  0x8b, 0x05, 0x02, 0x86, 0x01, 0x00, 0x48, 0x2d, 0xd9, 0xe3, 0x8d, 0x00,
  0x48, 0x89, 0x05, 0xcd, 0x95, 0x01, 0x00, 0x48, 0x8b, 0x05, 0xee, 0x85,
  0x01, 0x00, 0x48, 0x2d, 0x16, 0xf0, 0x8d, 0x00, 0x48, 0x89, 0x05, 0xc1,
  0x95, 0x01, 0x00, 0x48, 0x8b, 0x05, 0xda, 0x85, 0x01, 0x00, 0x48, 0x2d,
  0xa9, 0xec, 0x8d, 0x00, 0x48, 0x89, 0x05, 0xb5, 0x95, 0x01, 0x00, 0x48,
  0x8b, 0x05, 0xc6, 0x85, 0x01, 0x00, 0x48, 0x2d, 0xf6, 0xe6, 0x8d, 0x00,
  0x48, 0x89, 0x05, 0xa9, 0x95, 0x01, 0x00, 0x48, 0x8b, 0x05, 0xb2, 0x85,
  0x01, 0x00, 0x48, 0x2d, 0x11, 0xdf, 0x8d, 0x00, 0x48, 0x89, 0x05, 0x9d,
  0x95, 0x01, 0x00, 0x48, 0x8b, 0x05, 0x9e, 0x85, 0x01, 0x00, 0x48, 0x2d,
  0xa8, 0xf3, 0x8d, 0x00, 0x48, 0x89, 0x05, 0x91, 0x95, 0x01, 0x00, 0x48,
  0x8b, 0x05, 0x8a, 0x85, 0x01, 0x00, 0x48, 0x2d, 0x9d, 0x50, 0x98, 0x00,
  0x48, 0x89, 0x05, 0x85, 0x95, 0x01, 0x00, 0x48, 0x8b, 0x05, 0x76, 0x85,
  0x01, 0x00, 0x48, 0x2d, 0x3b, 0x56, 0x98, 0x00, 0x48, 0x89, 0x05, 0x79,
  0x95, 0x01, 0x00, 0x48, 0x8b, 0x05, 0x62, 0x85, 0x01, 0x00, 0x48, 0x2d,
  0xc8, 0x55, 0x98, 0x00, 0x48, 0x89, 0x05, 0x6d, 0x95, 0x01, 0x00, 0x48,
  0x8b, 0x05, 0x4e, 0x85, 0x01, 0x00, 0x48, 0x2d, 0xc0, 0x61, 0x98, 0x00,
  0x48, 0x89, 0x05, 0x61, 0x95, 0x01, 0x00, 0x48, 0x8b, 0x05, 0x3a, 0x85,
  0x01, 0x00, 0x48, 0x2d, 0x80, 0x6f, 0x92, 0x00, 0x48, 0x89, 0x05, 0x55,
  0x95, 0x01, 0x00, 0x48, 0x8b, 0x05, 0x26, 0x85, 0x01, 0x00, 0x48, 0x2d,
  0x42, 0x6f, 0x92, 0x00, 0x48, 0x89, 0x05, 0x49, 0x95, 0x01, 0x00, 0x48,
  0x8b, 0x05, 0x12, 0x85, 0x01, 0x00, 0x48, 0x2d, 0x30, 0xc8, 0x9c, 0x00,
  0x48, 0x89, 0x05, 0x3d, 0x95, 0x01, 0x00, 0x48, 0x8b, 0x05, 0xfe, 0x84,
  0x01, 0x00, 0x48, 0x2d, 0xe0, 0xc8, 0x9c, 0x00, 0x48, 0x89, 0x05, 0x31,
  0x95, 0x01, 0x00, 0x48, 0x8b, 0x05, 0xea, 0x84, 0x01, 0x00, 0x48, 0x2d,
  0xb0, 0x18, 0x49, 0x00, 0x48, 0x89, 0x05, 0x25, 0x95, 0x01, 0x00, 0x48,
  0x8b, 0x05, 0xd6, 0x84, 0x01, 0x00, 0x48, 0x2d, 0x20, 0xba, 0xa0, 0x00,
  0x48, 0x89, 0x05, 0x19, 0x95, 0x01, 0x00, 0x48, 0x8b, 0x05, 0xc2, 0x84,
  0x01, 0x00, 0x48, 0x2d, 0x18, 0xba, 0xa0, 0x00, 0x48, 0x89, 0x05, 0x0d,
  0x95, 0x01, 0x00, 0x48, 0x8b, 0x05, 0xae, 0x84, 0x01, 0x00, 0x48, 0x05,
  0x58, 0xde, 0xe7, 0x00, 0x48, 0x89, 0x05, 0x01, 0x95, 0x01, 0x00, 0x48,
  0x8b, 0x05, 0x9a, 0x84, 0x01, 0x00, 0x48, 0x2d, 0x52, 0xb8, 0xa0, 0x00,
  0x48, 0x89, 0x05, 0xf5, 0x94, 0x01, 0x00, 0x48, 0x8b, 0x05, 0x86, 0x84,
  0x01, 0x00, 0x48, 0x2d, 0x4e, 0xb8, 0xa0, 0x00, 0x48, 0x89, 0x05, 0xe9,
  0x94, 0x01, 0x00, 0x48, 0x8b, 0x05, 0x72, 0x84, 0x01, 0x00, 0x48, 0x2d,
  0x30, 0x03, 0x9a, 0x00, 0x48, 0x89, 0x05, 0xdd, 0x94, 0x01, 0x00, 0x48,
  0x8b, 0x05, 0x5e, 0x84, 0x01, 0x00, 0x48, 0x05, 0x48, 0xc8, 0xe2, 0x02,
  0x48, 0x89, 0x05, 0xd1, 0x94, 0x01, 0x00, 0x48, 0x8b, 0x05, 0x4a, 0x84,
  0x01, 0x00, 0x48, 0x05, 0x30, 0x18, 0xd7, 0x02, 0x48, 0x89, 0x05, 0xc5,
  0x94, 0x01, 0x00, 0x48, 0x8b, 0x05, 0x36, 0x84, 0x01, 0x00, 0x48, 0x05,
  0x64, 0x80, 0xac, 0x00, 0x48, 0x89, 0x05, 0xb9, 0x94, 0x01, 0x00, 0x48,
  0x8b, 0x05, 0x22, 0x84, 0x01, 0x00, 0x48, 0x05, 0x6d, 0x80, 0xac, 0x00,
  0x48, 0x89, 0x05, 0xad, 0x94, 0x01, 0x00, 0x48, 0x8b, 0x05, 0x0e, 0x84,
  0x01, 0x00, 0x48, 0x05, 0x88, 0x80, 0xac, 0x00, 0x48, 0x89, 0x05, 0xa1,
  0x94, 0x01, 0x00, 0x48, 0x8b, 0x05, 0xfa, 0x83, 0x01, 0x00, 0x48, 0x05,
  0xf0, 0x80, 0xac, 0x00, 0x48, 0x89, 0x05, 0x95, 0x94, 0x01, 0x00, 0x48,
  0x8b, 0x05, 0xe6, 0x83, 0x01, 0x00, 0x48, 0x89, 0x05, 0x8f, 0x94, 0x01,
  0x00, 0x48, 0x8b, 0x05, 0xd8, 0x83, 0x01, 0x00, 0x48, 0x83, 0xc0, 0x02,
  0x48, 0x89, 0x05, 0x85, 0x94, 0x01, 0x00, 0x48, 0x8b, 0x05, 0xc6, 0x83,
  0x01, 0x00, 0x48, 0x2d, 0xf0, 0xe5, 0x0c, 0x00, 0x48, 0x89, 0x05, 0x79,
  0x94, 0x01, 0x00, 0x48, 0x8b, 0x05, 0xb2, 0x83, 0x01, 0x00, 0x48, 0x89,
  0x05, 0x73, 0x94, 0x01, 0x00, 0x48, 0x8b, 0x05, 0xa4, 0x83, 0x01, 0x00,
  0x48, 0x2d, 0x00, 0xb6, 0x37, 0x00, 0x48, 0x89, 0x05, 0x67, 0x94, 0x01,
  0x00, 0x48, 0x8b, 0x05, 0x90, 0x83, 0x01, 0x00, 0x48, 0x89, 0x05, 0x61,
  0x94, 0x01, 0x00, 0x48, 0x8b, 0x05, 0x82, 0x83, 0x01, 0x00, 0x48, 0x89,
  0x05, 0x5b, 0x94, 0x01, 0x00, 0x48, 0x8b, 0x05, 0x74, 0x83, 0x01, 0x00,
  0x48, 0x89, 0x05, 0x55, 0x94, 0x01, 0x00, 0x90, 0x5d, 0xc3, 0xf3, 0x0f,
  0x1e, 0xfa, 0x55, 0x48, 0x89, 0xe5, 0x48, 0x8b, 0x05, 0x5b, 0x83, 0x01,
  0x00, 0x48, 0x05, 0x50, 0x9d, 0x85, 0x02, 0x48, 0x89, 0x05, 0xce, 0x91,
  0x01, 0x00, 0x48, 0x8b, 0x05, 0x47, 0x83, 0x01, 0x00, 0x48, 0x05, 0xf0,
  0xfd, 0xe7, 0x02, 0x48, 0x89, 0x05, 0xc2, 0x91, 0x01, 0x00, 0x48, 0x8b,
  0x05, 0x33, 0x83, 0x01, 0x00, 0x48, 0x05, 0xd0, 0x10, 0xe8, 0x02, 0x48,
  0x89, 0x05, 0xb6, 0x91, 0x01, 0x00, 0x48, 0x8b, 0x05, 0x1f, 0x83, 0x01,
  0x00, 0x48, 0x05, 0xd0, 0x2a, 0xe8, 0x02, 0x48, 0x89, 0x05, 0xaa, 0x91,
  0x01, 0x00, 0x48, 0x8b, 0x05, 0x0b, 0x83, 0x01, 0x00, 0x48, 0x05, 0x00,
  0x4a, 0xe9, 0x02, 0x48, 0x89, 0x05, 0x9e, 0x91, 0x01, 0x00, 0x48, 0x8b,
  0x05, 0xf7, 0x82, 0x01, 0x00, 0x48, 0x2d, 0xf3, 0xb7, 0xa0, 0x00, 0x48,
  0x89, 0x05, 0x92, 0x91, 0x01, 0x00, 0x48, 0x8b, 0x05, 0xe3, 0x82, 0x01,
  0x00, 0x48, 0x2d, 0xfa, 0xb7, 0xa0, 0x00, 0x48, 0x89, 0x05, 0x86, 0x91,
  0x01, 0x00, 0x48, 0x8b, 0x05, 0xcf, 0x82, 0x01, 0x00, 0x48, 0x2d, 0xfd,
  0xb7, 0xa0, 0x00, 0x48, 0x89, 0x05, 0x7a, 0x91, 0x01, 0x00, 0x48, 0x8b,
  0x05, 0xbb, 0x82, 0x01, 0x00, 0x48, 0x2d, 0x66, 0xbf, 0x9c, 0x00, 0x48,
  0x89, 0x05, 0x6e, 0x91, 0x01, 0x00, 0x48, 0x8b, 0x05, 0xa7, 0x82, 0x01,
  0x00, 0x48, 0x2d, 0x2a, 0xcf, 0xa0, 0x00, 0x48, 0x89, 0x05, 0x62, 0x91,
  0x01, 0x00, 0x48, 0x8b, 0x05, 0x93, 0x82, 0x01, 0x00, 0x48, 0x2d, 0xfc,
  0xe2, 0xa0, 0x00, 0x48, 0x89, 0x05, 0x56, 0x91, 0x01, 0x00, 0x48, 0x8b,
  0x05, 0x7f, 0x82, 0x01, 0x00, 0x48, 0x2d, 0x13, 0x29, 0xa1, 0x00, 0x48,
  0x89, 0x05, 0x4a, 0x91, 0x01, 0x00, 0x48, 0x8b, 0x05, 0x6b, 0x82, 0x01,
  0x00, 0x48, 0x2d, 0xfa, 0x27, 0xa1, 0x00, 0x48, 0x89, 0x05, 0x3e, 0x91,
  0x01, 0x00, 0x48, 0x8b, 0x05, 0x57, 0x82, 0x01, 0x00, 0x48, 0x2d, 0x07,
  0x27, 0xa1, 0x00, 0x48, 0x89, 0x05, 0x32, 0x91, 0x01, 0x00, 0x48, 0x8b,
  0x05, 0x43, 0x82, 0x01, 0x00, 0x48, 0x2d, 0x5e, 0x2d, 0x3b, 0x00, 0x48,
  0x89, 0x05, 0x26, 0x91, 0x01, 0x00, 0x48, 0x8b, 0x05, 0x2f, 0x82, 0x01,
  0x00, 0x48, 0x2d, 0xce, 0x2d, 0x3b, 0x00, 0x48, 0x89, 0x05, 0x1a, 0x91,
  0x01, 0x00, 0x48, 0x8b, 0x05, 0x1b, 0x82, 0x01, 0x00, 0x48, 0x2d, 0xfa,
  0xe2, 0xa0, 0x00, 0x48, 0x89, 0x05, 0x0e, 0x91, 0x01, 0x00, 0x48, 0x8b,
  0x05, 0x07, 0x82, 0x01, 0x00, 0x48, 0x2d, 0x00, 0x2b, 0xa1, 0x00, 0x48,
  0x89, 0x05, 0x02, 0x91, 0x01, 0x00, 0x48, 0x8b, 0x05, 0xf3, 0x81, 0x01,
  0x00, 0x48, 0x2d, 0x14, 0x4d, 0x94, 0x00, 0x48, 0x89, 0x05, 0xf6, 0x90,
  0x01, 0x00, 0x48, 0x8b, 0x05, 0xdf, 0x81, 0x01, 0x00, 0x48, 0x2d, 0x0e,
  0x4d, 0x94, 0x00, 0x48, 0x89, 0x05, 0xea, 0x90, 0x01, 0x00, 0x48, 0x8b,
  0x05, 0xcb, 0x81, 0x01, 0x00, 0x48, 0x89, 0x05, 0xe4, 0x90, 0x01, 0x00,
  0x48, 0x8b, 0x05, 0xbd, 0x81, 0x01, 0x00, 0x48, 0x83, 0xc0, 0x02, 0x48,
  0x89, 0x05, 0xda, 0x90, 0x01, 0x00, 0x48, 0x8b, 0x05, 0xab, 0x81, 0x01,
  0x00, 0x48, 0x89, 0x05, 0xd4, 0x90, 0x01, 0x00, 0x48, 0x8b, 0x05, 0x9d,
  0x81, 0x01, 0x00, 0x48, 0x83, 0xc0, 0x02, 0x48, 0x89, 0x05, 0xca, 0x90,
  0x01, 0x00, 0x48, 0x8b, 0x05, 0x8b, 0x81, 0x01, 0x00, 0x48, 0x2d, 0xcd,
  0xff, 0x6e, 0x00, 0x48, 0x89, 0x05, 0xbe, 0x90, 0x01, 0x00, 0x48, 0x8b,
  0x05, 0x77, 0x81, 0x01, 0x00, 0x48, 0x2d, 0xb2, 0xff, 0x6e, 0x00, 0x48,
  0x89, 0x05, 0xb2, 0x90, 0x01, 0x00, 0x48, 0x8b, 0x05, 0x63, 0x81, 0x01,
  0x00, 0x48, 0x2d, 0x69, 0x91, 0x65, 0x00, 0x48, 0x89, 0x05, 0xa6, 0x90,
  0x01, 0x00, 0x48, 0x8b, 0x05, 0x4f, 0x81, 0x01, 0x00, 0x48, 0x05, 0x60,
  0x72, 0x1b, 0x00, 0x48, 0x89, 0x05, 0x9a, 0x90, 0x01, 0x00, 0x48, 0x8b,
  0x05, 0x3b, 0x81, 0x01, 0x00, 0x48, 0x05, 0xb0, 0xec, 0x1a, 0x00, 0x48,
  0x89, 0x05, 0x8e, 0x90, 0x01, 0x00, 0x48, 0x8b, 0x05, 0x27, 0x81, 0x01,
  0x00, 0x48, 0x05, 0x78, 0x1b, 0xe2, 0x00, 0x48, 0x89, 0x05, 0x82, 0x90,
  0x01, 0x00, 0x48, 0x8b, 0x05, 0x13, 0x81, 0x01, 0x00, 0x48, 0x05, 0xf0,
  0x1c, 0xe2, 0x00, 0x48, 0x89, 0x05, 0x76, 0x90, 0x01, 0x00, 0x48, 0x8b,
  0x05, 0xff, 0x80, 0x01, 0x00, 0x48, 0x2d, 0xf0, 0xd3, 0x6a, 0x00, 0x48,
  0x89, 0x05, 0x6a, 0x90, 0x01, 0x00, 0x48, 0x8b, 0x05, 0xeb, 0x80, 0x01,
  0x00, 0x48, 0x2d, 0x20, 0xf3, 0x8d, 0x00, 0x48, 0x89, 0x05, 0x5e, 0x90,
  0x01, 0x00, 0x48, 0x8b, 0x05, 0xd7, 0x80, 0x01, 0x00, 0x48, 0x2d, 0xbf,
  0x72, 0x83, 0x00, 0x48, 0x89, 0x05, 0x52, 0x90, 0x01, 0x00, 0x48, 0x8b,
  0x05, 0xc3, 0x80, 0x01, 0x00, 0x48, 0x2d, 0x9c, 0x72, 0x83, 0x00, 0x48,
  0x89, 0x05, 0x46, 0x90, 0x01, 0x00, 0x48, 0x8b, 0x05, 0xaf, 0x80, 0x01,
  0x00, 0x48, 0x2d, 0x50, 0x56, 0x0b, 0x00, 0x48, 0x89, 0x05, 0x3a, 0x90,
  0x01, 0x00, 0x48, 0x8b, 0x05, 0x9b, 0x80, 0x01, 0x00, 0x48, 0x05, 0x50,
  0x76, 0x45, 0x01, 0x48, 0x89, 0x05, 0x2e, 0x90, 0x01, 0x00, 0x48, 0x8b,
  0x05, 0x87, 0x80, 0x01, 0x00, 0x48, 0x2d, 0x29, 0xec, 0x8d, 0x00, 0x48,
  0x89, 0x05, 0x22, 0x90, 0x01, 0x00, 0x48, 0x8b, 0x05, 0x73, 0x80, 0x01,
  0x00, 0x48, 0x2d, 0x88, 0x2c, 0x2e, 0x00, 0x48, 0x89, 0x05, 0x16, 0x90,
  0x01, 0x00, 0x48, 0x8b, 0x05, 0x5f, 0x80, 0x01, 0x00, 0x48, 0x2d, 0x77,
  0xee, 0x8d, 0x00, 0x48, 0x89, 0x05, 0x0a, 0x90, 0x01, 0x00, 0x48, 0x8b,
  0x05, 0x4b, 0x80, 0x01, 0x00, 0x48, 0x2d, 0xff, 0xea, 0x8d, 0x00, 0x48,
  0x89, 0x05, 0xfe, 0x8f, 0x01, 0x00, 0x48, 0x8b, 0x05, 0x37, 0x80, 0x01,
  0x00, 0x48, 0x2d, 0x42, 0xea, 0x8d, 0x00, 0x48, 0x89, 0x05, 0xf2, 0x8f,
  0x01, 0x00, 0x48, 0x8b, 0x05, 0x23, 0x80, 0x01, 0x00, 0x48, 0x2d, 0x94,
  0xe1, 0x8d, 0x00, 0x48, 0x89, 0x05, 0xe6, 0x8f, 0x01, 0x00, 0x48, 0x8b,
  0x05, 0x0f, 0x80, 0x01, 0x00, 0x48, 0x2d, 0xc9, 0xe3, 0x8d, 0x00, 0x48,
  0x89, 0x05, 0xda, 0x8f, 0x01, 0x00, 0x48, 0x8b, 0x05, 0xfb, 0x7f, 0x01,
  0x00, 0x48, 0x2d, 0x06, 0xf0, 0x8d, 0x00, 0x48, 0x89, 0x05, 0xce, 0x8f,
  0x01, 0x00, 0x48, 0x8b, 0x05, 0xe7, 0x7f, 0x01, 0x00, 0x48, 0x2d, 0x99,
  0xec, 0x8d, 0x00, 0x48, 0x89, 0x05, 0xc2, 0x8f, 0x01, 0x00, 0x48, 0x8b,
  0x05, 0xd3, 0x7f, 0x01, 0x00, 0x48, 0x2d, 0xe6, 0xe6, 0x8d, 0x00, 0x48,
  0x89, 0x05, 0xb6, 0x8f, 0x01, 0x00, 0x48, 0x8b, 0x05, 0xbf, 0x7f, 0x01,
  0x00, 0x48, 0x2d, 0x01, 0xdf, 0x8d, 0x00, 0x48, 0x89, 0x05, 0xaa, 0x8f,
  0x01, 0x00, 0x48, 0x8b, 0x05, 0xab, 0x7f, 0x01, 0x00, 0x48, 0x2d, 0x98,
  0xf3, 0x8d, 0x00, 0x48, 0x89, 0x05, 0x9e, 0x8f, 0x01, 0x00, 0x48, 0x8b,
  0x05, 0x97, 0x7f, 0x01, 0x00, 0x48, 0x2d, 0x8d, 0x50, 0x98, 0x00, 0x48,
  0x89, 0x05, 0x92, 0x8f, 0x01, 0x00, 0x48, 0x8b, 0x05, 0x83, 0x7f, 0x01,
  0x00, 0x48, 0x2d, 0x2b, 0x56, 0x98, 0x00, 0x48, 0x89, 0x05, 0x86, 0x8f,
  0x01, 0x00, 0x48, 0x8b, 0x05, 0x6f, 0x7f, 0x01, 0x00, 0x48, 0x2d, 0xb8,
  0x55, 0x98, 0x00, 0x48, 0x89, 0x05, 0x7a, 0x8f, 0x01, 0x00, 0x48, 0x8b,
  0x05, 0x5b, 0x7f, 0x01, 0x00, 0x48, 0x2d, 0xb0, 0x61, 0x98, 0x00, 0x48,
  0x89, 0x05, 0x6e, 0x8f, 0x01, 0x00, 0x48, 0x8b, 0x05, 0x47, 0x7f, 0x01,
  0x00, 0x48, 0x2d, 0x70, 0x6f, 0x92, 0x00, 0x48, 0x89, 0x05, 0x62, 0x8f,
  0x01, 0x00, 0x48, 0x8b, 0x05, 0x33, 0x7f, 0x01, 0x00, 0x48, 0x2d, 0x32,
  0x6f, 0x92, 0x00, 0x48, 0x89, 0x05, 0x56, 0x8f, 0x01, 0x00, 0x48, 0x8b,
  0x05, 0x1f, 0x7f, 0x01, 0x00, 0x48, 0x2d, 0x30, 0xc8, 0x9c, 0x00, 0x48,
  0x89, 0x05, 0x4a, 0x8f, 0x01, 0x00, 0x48, 0x8b, 0x05, 0x0b, 0x7f, 0x01,
  0x00, 0x48, 0x2d, 0xe0, 0xc8, 0x9c, 0x00, 0x48, 0x89, 0x05, 0x3e, 0x8f,
  0x01, 0x00, 0x48, 0x8b, 0x05, 0xf7, 0x7e, 0x01, 0x00, 0x48, 0x2d, 0x70,
  0x17, 0x49, 0x00, 0x48, 0x89, 0x05, 0x32, 0x8f, 0x01, 0x00, 0x48, 0x8b,
  0x05, 0xe3, 0x7e, 0x01, 0x00, 0x48, 0x2d, 0x20, 0xba, 0xa0, 0x00, 0x48,
  0x89, 0x05, 0x26, 0x8f, 0x01, 0x00, 0x48, 0x8b, 0x05, 0xcf, 0x7e, 0x01,
  0x00, 0x48, 0x2d, 0x18, 0xba, 0xa0, 0x00, 0x48, 0x89, 0x05, 0x1a, 0x8f,
  0x01, 0x00, 0x48, 0x8b, 0x05, 0xbb, 0x7e, 0x01, 0x00, 0x48, 0x05, 0x58,
  0xde, 0xe7, 0x00, 0x48, 0x89, 0x05, 0x0e, 0x8f, 0x01, 0x00, 0x48, 0x8b,
  0x05, 0xa7, 0x7e, 0x01, 0x00, 0x48, 0x2d, 0x52, 0xb8, 0xa0, 0x00, 0x48,
  0x89, 0x05, 0x02, 0x8f, 0x01, 0x00, 0x48, 0x8b, 0x05, 0x93, 0x7e, 0x01,
  0x00, 0x48, 0x2d, 0x4e, 0xb8, 0xa0, 0x00, 0x48, 0x89, 0x05, 0xf6, 0x8e,
  0x01, 0x00, 0x48, 0x8b, 0x05, 0x7f, 0x7e, 0x01, 0x00, 0x48, 0x2d, 0xe8,
  0x86, 0x9a, 0x00, 0x48, 0x89, 0x05, 0xea, 0x8e, 0x01, 0x00, 0x48, 0x8b,
  0x05, 0x6b, 0x7e, 0x01, 0x00, 0x48, 0x05, 0x48, 0xc8, 0xe2, 0x02, 0x48,
  0x89, 0x05, 0xde, 0x8e, 0x01, 0x00, 0x48, 0x8b, 0x05, 0x57, 0x7e, 0x01,
  0x00, 0x48, 0x05, 0x30, 0x18, 0xd7, 0x02, 0x48, 0x89, 0x05, 0xd2, 0x8e,
  0x01, 0x00, 0x48, 0x8b, 0x05, 0x43, 0x7e, 0x01, 0x00, 0x48, 0x05, 0x64,
  0x80, 0xac, 0x00, 0x48, 0x89, 0x05, 0xc6, 0x8e, 0x01, 0x00, 0x48, 0x8b,
  0x05, 0x2f, 0x7e, 0x01, 0x00, 0x48, 0x05, 0x6d, 0x80, 0xac, 0x00, 0x48,
  0x89, 0x05, 0xba, 0x8e, 0x01, 0x00, 0x48, 0x8b, 0x05, 0x1b, 0x7e, 0x01,
  0x00, 0x48, 0x05, 0x88, 0x80, 0xac, 0x00, 0x48, 0x89, 0x05, 0xae, 0x8e,
  0x01, 0x00, 0x48, 0x8b, 0x05, 0x07, 0x7e, 0x01, 0x00, 0x48, 0x05, 0xf0,
  0x80, 0xac, 0x00, 0x48, 0x89, 0x05, 0xa2, 0x8e, 0x01, 0x00, 0x48, 0x8b,
  0x05, 0xf3, 0x7d, 0x01, 0x00, 0x48, 0x89, 0x05, 0x9c, 0x8e, 0x01, 0x00,
  0x48, 0x8b, 0x05, 0xe5, 0x7d, 0x01, 0x00, 0x48, 0x83, 0xc0, 0x02, 0x48,
  0x89, 0x05, 0x92, 0x8e, 0x01, 0x00, 0x48, 0x8b, 0x05, 0xd3, 0x7d, 0x01,
  0x00, 0x48, 0x2d, 0xe0, 0xdf, 0x0c, 0x00, 0x48, 0x89, 0x05, 0x86, 0x8e,
  0x01, 0x00, 0x48, 0x8b, 0x05, 0xbf, 0x7d, 0x01, 0x00, 0x48, 0x89, 0x05,
  0x80, 0x8e, 0x01, 0x00, 0x48, 0x8b, 0x05, 0xb1, 0x7d, 0x01, 0x00, 0x48,
  0x2d, 0xc0, 0xb4, 0x37, 0x00, 0x48, 0x89, 0x05, 0x74, 0x8e, 0x01, 0x00,
  0x48, 0x8b, 0x05, 0x9d, 0x7d, 0x01, 0x00, 0x48, 0x89, 0x05, 0x6e, 0x8e,
  0x01, 0x00, 0x48, 0x8b, 0x05, 0x8f, 0x7d, 0x01, 0x00, 0x48, 0x89, 0x05,
  0x68, 0x8e, 0x01, 0x00, 0x48, 0x8b, 0x05, 0x81, 0x7d, 0x01, 0x00, 0x48,
  0x89, 0x05, 0x62, 0x8e, 0x01, 0x00, 0x90, 0x5d, 0xc3, 0xf3, 0x0f, 0x1e,
  0xfa, 0x55, 0x48, 0x89, 0xe5, 0x48, 0x8b, 0x05, 0x68, 0x7d, 0x01, 0x00,
  0x48, 0x05, 0x50, 0x9d, 0x85, 0x02, 0x48, 0x89, 0x05, 0xdb, 0x8b, 0x01,
  0x00, 0x48, 0x8b, 0x05, 0x54, 0x7d, 0x01, 0x00, 0x48, 0x05, 0xf0, 0xfd,
  0xe7, 0x02, 0x48, 0x89, 0x05, 0xcf, 0x8b, 0x01, 0x00, 0x48, 0x8b, 0x05,
  0x40, 0x7d, 0x01, 0x00, 0x48, 0x05, 0xd0, 0x10, 0xe8, 0x02, 0x48, 0x89,
  0x05, 0xc3, 0x8b, 0x01, 0x00, 0x48, 0x8b, 0x05, 0x2c, 0x7d, 0x01, 0x00,
  0x48, 0x05, 0xd0, 0x2a, 0xe8, 0x02, 0x48, 0x89, 0x05, 0xb7, 0x8b, 0x01,
  0x00, 0x48, 0x8b, 0x05, 0x18, 0x7d, 0x01, 0x00, 0x48, 0x05, 0x00, 0x4a,
  0xe9, 0x02, 0x48, 0x89, 0x05, 0xab, 0x8b, 0x01, 0x00, 0x48, 0x8b, 0x05,
  0x04, 0x7d, 0x01, 0x00, 0x48, 0x2d, 0xf3, 0xb7, 0xa0, 0x00, 0x48, 0x89,
  0x05, 0x9f, 0x8b, 0x01, 0x00, 0x48, 0x8b, 0x05, 0xf0, 0x7c, 0x01, 0x00,
  0x48, 0x2d, 0xfa, 0xb7, 0xa0, 0x00, 0x48, 0x89, 0x05, 0x93, 0x8b, 0x01,
  0x00, 0x48, 0x8b, 0x05, 0xdc, 0x7c, 0x01, 0x00, 0x48, 0x2d, 0xfd, 0xb7,
  0xa0, 0x00, 0x48, 0x89, 0x05, 0x87, 0x8b, 0x01, 0x00, 0x48, 0x8b, 0x05,
  0xc8, 0x7c, 0x01, 0x00, 0x48, 0x2d, 0x66, 0xbf, 0x9c, 0x00, 0x48, 0x89,
  0x05, 0x7b, 0x8b, 0x01, 0x00, 0x48, 0x8b, 0x05, 0xb4, 0x7c, 0x01, 0x00,
  0x48, 0x2d, 0x2a, 0xcf, 0xa0, 0x00, 0x48, 0x89, 0x05, 0x6f, 0x8b, 0x01,
  0x00, 0x48, 0x8b, 0x05, 0xa0, 0x7c, 0x01, 0x00, 0x48, 0x2d, 0xfc, 0xe2,
  0xa0, 0x00, 0x48, 0x89, 0x05, 0x63, 0x8b, 0x01, 0x00, 0x48, 0x8b, 0x05,
  0x8c, 0x7c, 0x01, 0x00, 0x48, 0x2d, 0x13, 0x29, 0xa1, 0x00, 0x48, 0x89,
  0x05, 0x57, 0x8b, 0x01, 0x00, 0x48, 0x8b, 0x05, 0x78, 0x7c, 0x01, 0x00,
  0x48, 0x2d, 0xfa, 0x27, 0xa1, 0x00, 0x48, 0x89, 0x05, 0x4b, 0x8b, 0x01,
  0x00, 0x48, 0x8b, 0x05, 0x64, 0x7c, 0x01, 0x00, 0x48, 0x2d, 0x07, 0x27,
  0xa1, 0x00, 0x48, 0x89, 0x05, 0x3f, 0x8b, 0x01, 0x00, 0x48, 0x8b, 0x05,
  0x50, 0x7c, 0x01, 0x00, 0x48, 0x2d, 0x5e, 0x2d, 0x3b, 0x00, 0x48, 0x89,
  0x05, 0x33, 0x8b, 0x01, 0x00, 0x48, 0x8b, 0x05, 0x3c, 0x7c, 0x01, 0x00,
  0x48, 0x2d, 0xce, 0x2d, 0x3b, 0x00, 0x48, 0x89, 0x05, 0x27, 0x8b, 0x01,
  0x00, 0x48, 0x8b, 0x05, 0x28, 0x7c, 0x01, 0x00, 0x48, 0x2d, 0xfa, 0xe2,
  0xa0, 0x00, 0x48, 0x89, 0x05, 0x1b, 0x8b, 0x01, 0x00, 0x48, 0x8b, 0x05,
  0x14, 0x7c, 0x01, 0x00, 0x48, 0x2d, 0x00, 0x2b, 0xa1, 0x00, 0x48, 0x89,
  0x05, 0x0f, 0x8b, 0x01, 0x00, 0x48, 0x8b, 0x05, 0x00, 0x7c, 0x01, 0x00,
  0x48, 0x2d, 0x14, 0x4d, 0x94, 0x00, 0x48, 0x89, 0x05, 0x03, 0x8b, 0x01,
  0x00, 0x48, 0x8b, 0x05, 0xec, 0x7b, 0x01, 0x00, 0x48, 0x2d, 0x0e, 0x4d,
  0x94, 0x00, 0x48, 0x89, 0x05, 0xf7, 0x8a, 0x01, 0x00, 0x48, 0x8b, 0x05,
  0xd8, 0x7b, 0x01, 0x00, 0x48, 0x89, 0x05, 0xf1, 0x8a, 0x01, 0x00, 0x48,
  0x8b, 0x05, 0xca, 0x7b, 0x01, 0x00, 0x48, 0x83, 0xc0, 0x02, 0x48, 0x89,
  0x05, 0xe7, 0x8a, 0x01, 0x00, 0x48, 0x8b, 0x05, 0xb8, 0x7b, 0x01, 0x00,
  0x48, 0x89, 0x05, 0xe1, 0x8a, 0x01, 0x00, 0x48, 0x8b, 0x05, 0xaa, 0x7b,
  0x01, 0x00, 0x48, 0x83, 0xc0, 0x02, 0x48, 0x89, 0x05, 0xd7, 0x8a, 0x01,
  0x00, 0x48, 0x8b, 0x05, 0x98, 0x7b, 0x01, 0x00, 0x48, 0x2d, 0xcd, 0xff,
  0x6e, 0x00, 0x48, 0x89, 0x05, 0xcb, 0x8a, 0x01, 0x00, 0x48, 0x8b, 0x05,
  0x84, 0x7b, 0x01, 0x00, 0x48, 0x2d, 0xb2, 0xff, 0x6e, 0x00, 0x48, 0x89,
  0x05, 0xbf, 0x8a, 0x01, 0x00, 0x48, 0x8b, 0x05, 0x70, 0x7b, 0x01, 0x00,
  0x48, 0x2d, 0x69, 0x91, 0x65, 0x00, 0x48, 0x89, 0x05, 0xb3, 0x8a, 0x01,
  0x00, 0x48, 0x8b, 0x05, 0x5c, 0x7b, 0x01, 0x00, 0x48, 0x05, 0x60, 0x72,
  0x1b, 0x00, 0x48, 0x89, 0x05, 0xa7, 0x8a, 0x01, 0x00, 0x48, 0x8b, 0x05,
  0x48, 0x7b, 0x01, 0x00, 0x48, 0x05, 0xb0, 0xec, 0x1a, 0x00, 0x48, 0x89,
  0x05, 0x9b, 0x8a, 0x01, 0x00, 0x48, 0x8b, 0x05, 0x34, 0x7b, 0x01, 0x00,
  0x48, 0x05, 0x78, 0x1b, 0xe2, 0x00, 0x48, 0x89, 0x05, 0x8f, 0x8a, 0x01,
  0x00, 0x48, 0x8b, 0x05, 0x20, 0x7b, 0x01, 0x00, 0x48, 0x05, 0xf0, 0x1c,
  0xe2, 0x00, 0x48, 0x89, 0x05, 0x83, 0x8a, 0x01, 0x00, 0x48, 0x8b, 0x05,
  0x0c, 0x7b, 0x01, 0x00, 0x48, 0x2d, 0xf0, 0xd3, 0x6a, 0x00, 0x48, 0x89,
  0x05, 0x77, 0x8a, 0x01, 0x00, 0x48, 0x8b, 0x05, 0xf8, 0x7a, 0x01, 0x00,
  0x48, 0x2d, 0x20, 0xf3, 0x8d, 0x00, 0x48, 0x89, 0x05, 0x6b, 0x8a, 0x01,
  0x00, 0x48, 0x8b, 0x05, 0xe4, 0x7a, 0x01, 0x00, 0x48, 0x2d, 0xbf, 0x72,
  0x83, 0x00, 0x48, 0x89, 0x05, 0x5f, 0x8a, 0x01, 0x00, 0x48, 0x8b, 0x05,
  0xd0, 0x7a, 0x01, 0x00, 0x48, 0x2d, 0x9c, 0x72, 0x83, 0x00, 0x48, 0x89,
  0x05, 0x53, 0x8a, 0x01, 0x00, 0x48, 0x8b, 0x05, 0xbc, 0x7a, 0x01, 0x00,
  0x48, 0x2d, 0x50, 0x56, 0x0b, 0x00, 0x48, 0x89, 0x05, 0x47, 0x8a, 0x01,
  0x00, 0x48, 0x8b, 0x05, 0xa8, 0x7a, 0x01, 0x00, 0x48, 0x05, 0x50, 0x76,
  0x45, 0x01, 0x48, 0x89, 0x05, 0x3b, 0x8a, 0x01, 0x00, 0x48, 0x8b, 0x05,
  0x94, 0x7a, 0x01, 0x00, 0x48, 0x2d, 0x29, 0xec, 0x8d, 0x00, 0x48, 0x89,
  0x05, 0x2f, 0x8a, 0x01, 0x00, 0x48, 0x8b, 0x05, 0x80, 0x7a, 0x01, 0x00,
  0x48, 0x2d, 0x88, 0x2c, 0x2e, 0x00, 0x48, 0x89, 0x05, 0x23, 0x8a, 0x01,
  0x00, 0x48, 0x8b, 0x05, 0x6c, 0x7a, 0x01, 0x00, 0x48, 0x2d, 0x77, 0xee,
  0x8d, 0x00, 0x48, 0x89, 0x05, 0x17, 0x8a, 0x01, 0x00, 0x48, 0x8b, 0x05,
  0x58, 0x7a, 0x01, 0x00, 0x48, 0x2d, 0xff, 0xea, 0x8d, 0x00, 0x48, 0x89,
  0x05, 0x0b, 0x8a, 0x01, 0x00, 0x48, 0x8b, 0x05, 0x44, 0x7a, 0x01, 0x00,
  0x48, 0x2d, 0x42, 0xea, 0x8d, 0x00, 0x48, 0x89, 0x05, 0xff, 0x89, 0x01,
  0x00, 0x48, 0x8b, 0x05, 0x30, 0x7a, 0x01, 0x00, 0x48, 0x2d, 0x94, 0xe1,
  0x8d, 0x00, 0x48, 0x89, 0x05, 0xf3, 0x89, 0x01, 0x00, 0x48, 0x8b, 0x05,
  0x1c, 0x7a, 0x01, 0x00, 0x48, 0x2d, 0xc9, 0xe3, 0x8d, 0x00, 0x48, 0x89,
  0x05, 0xe7, 0x89, 0x01, 0x00, 0x48, 0x8b, 0x05, 0x08, 0x7a, 0x01, 0x00,
  0x48, 0x2d, 0x06, 0xf0, 0x8d, 0x00, 0x48, 0x89, 0x05, 0xdb, 0x89, 0x01,
  0x00, 0x48, 0x8b, 0x05, 0xf4, 0x79, 0x01, 0x00, 0x48, 0x2d, 0x99, 0xec,
  0x8d, 0x00, 0x48, 0x89, 0x05, 0xcf, 0x89, 0x01, 0x00, 0x48, 0x8b, 0x05,
  0xe0, 0x79, 0x01, 0x00, 0x48, 0x2d, 0xe6, 0xe6, 0x8d, 0x00, 0x48, 0x89,
  0x05, 0xc3, 0x89, 0x01, 0x00, 0x48, 0x8b, 0x05, 0xcc, 0x79, 0x01, 0x00,
  0x48, 0x2d, 0x01, 0xdf, 0x8d, 0x00, 0x48, 0x89, 0x05, 0xb7, 0x89, 0x01,
  0x00, 0x48, 0x8b, 0x05, 0xb8, 0x79, 0x01, 0x00, 0x48, 0x2d, 0x98, 0xf3,
  0x8d, 0x00, 0x48, 0x89, 0x05, 0xab, 0x89, 0x01, 0x00, 0x48, 0x8b, 0x05,
  0xa4, 0x79, 0x01, 0x00, 0x48, 0x2d, 0x8d, 0x50, 0x98, 0x00, 0x48, 0x89,
  0x05, 0x9f, 0x89, 0x01, 0x00, 0x48, 0x8b, 0x05, 0x90, 0x79, 0x01, 0x00,
  0x48, 0x2d, 0x2b, 0x56, 0x98, 0x00, 0x48, 0x89, 0x05, 0x93, 0x89, 0x01,
  0x00, 0x48, 0x8b, 0x05, 0x7c, 0x79, 0x01, 0x00, 0x48, 0x2d, 0xb8, 0x55,
  0x98, 0x00, 0x48, 0x89, 0x05, 0x87, 0x89, 0x01, 0x00, 0x48, 0x8b, 0x05,
  0x68, 0x79, 0x01, 0x00, 0x48, 0x2d, 0xb0, 0x61, 0x98, 0x00, 0x48, 0x89,
  0x05, 0x7b, 0x89, 0x01, 0x00, 0x48, 0x8b, 0x05, 0x54, 0x79, 0x01, 0x00,
  0x48, 0x2d, 0x70, 0x6f, 0x92, 0x00, 0x48, 0x89, 0x05, 0x6f, 0x89, 0x01,
  0x00, 0x48, 0x8b, 0x05, 0x40, 0x79, 0x01, 0x00, 0x48, 0x2d, 0x32, 0x6f,
  0x92, 0x00, 0x48, 0x89, 0x05, 0x63, 0x89, 0x01, 0x00, 0x48, 0x8b, 0x05,
  0x2c, 0x79, 0x01, 0x00, 0x48, 0x2d, 0x30, 0xc8, 0x9c, 0x00, 0x48, 0x89,
  0x05, 0x57, 0x89, 0x01, 0x00, 0x48, 0x8b, 0x05, 0x18, 0x79, 0x01, 0x00,
  0x48, 0x2d, 0xe0, 0xc8, 0x9c, 0x00, 0x48, 0x89, 0x05, 0x4b, 0x89, 0x01,
  0x00, 0x48, 0x8b, 0x05, 0x04, 0x79, 0x01, 0x00, 0x48, 0x2d, 0x70, 0x17,
  0x49, 0x00, 0x48, 0x89, 0x05, 0x3f, 0x89, 0x01, 0x00, 0x48, 0x8b, 0x05,
  0xf0, 0x78, 0x01, 0x00, 0x48, 0x2d, 0x20, 0xba, 0xa0, 0x00, 0x48, 0x89,
  0x05, 0x33, 0x89, 0x01, 0x00, 0x48, 0x8b, 0x05, 0xdc, 0x78, 0x01, 0x00,
  0x48, 0x2d, 0x18, 0xba, 0xa0, 0x00, 0x48, 0x89, 0x05, 0x27, 0x89, 0x01,
  0x00, 0x48, 0x8b, 0x05, 0xc8, 0x78, 0x01, 0x00, 0x48, 0x05, 0x58, 0xde,
  0xe7, 0x00, 0x48, 0x89, 0x05, 0x1b, 0x89, 0x01, 0x00, 0x48, 0x8b, 0x05,
  0xb4, 0x78, 0x01, 0x00, 0x48, 0x2d, 0x52, 0xb8, 0xa0, 0x00, 0x48, 0x89,
  0x05, 0x0f, 0x89, 0x01, 0x00, 0x48, 0x8b, 0x05, 0xa0, 0x78, 0x01, 0x00,
  0x48, 0x2d, 0x4e, 0xb8, 0xa0, 0x00, 0x48, 0x89, 0x05, 0x03, 0x89, 0x01,
  0x00, 0x48, 0x8b, 0x05, 0x8c, 0x78, 0x01, 0x00, 0x48, 0x2d, 0x50, 0x97,
  0x9a, 0x00, 0x48, 0x89, 0x05, 0xf7, 0x88, 0x01, 0x00, 0x48, 0x8b, 0x05,
  0x78, 0x78, 0x01, 0x00, 0x48, 0x05, 0x48, 0xc8, 0xe2, 0x02, 0x48, 0x89,
  0x05, 0xeb, 0x88, 0x01, 0x00, 0x48, 0x8b, 0x05, 0x64, 0x78, 0x01, 0x00,
  0x48, 0x05, 0x30, 0x18, 0xd7, 0x02, 0x48, 0x89, 0x05, 0xdf, 0x88, 0x01,
  0x00, 0x48, 0x8b, 0x05, 0x50, 0x78, 0x01, 0x00, 0x48, 0x05, 0x64, 0x80,
  0xac, 0x00, 0x48, 0x89, 0x05, 0xd3, 0x88, 0x01, 0x00, 0x48, 0x8b, 0x05,
  0x3c, 0x78, 0x01, 0x00, 0x48, 0x05, 0x6d, 0x80, 0xac, 0x00, 0x48, 0x89,
  0x05, 0xc7, 0x88, 0x01, 0x00, 0x48, 0x8b, 0x05, 0x28, 0x78, 0x01, 0x00,
  0x48, 0x05, 0x88, 0x80, 0xac, 0x00, 0x48, 0x89, 0x05, 0xbb, 0x88, 0x01,
  0x00, 0x48, 0x8b, 0x05, 0x14, 0x78, 0x01, 0x00, 0x48, 0x05, 0xf0, 0x80,
  0xac, 0x00, 0x48, 0x89, 0x05, 0xaf, 0x88, 0x01, 0x00, 0x48, 0x8b, 0x05,
  0x00, 0x78, 0x01, 0x00, 0x48, 0x89, 0x05, 0xa9, 0x88, 0x01, 0x00, 0x48,
  0x8b, 0x05, 0xf2, 0x77, 0x01, 0x00, 0x48, 0x83, 0xc0, 0x02, 0x48, 0x89,
  0x05, 0x9f, 0x88, 0x01, 0x00, 0x48, 0x8b, 0x05, 0xe0, 0x77, 0x01, 0x00,
  0x48, 0x2d, 0xe0, 0xdf, 0x0c, 0x00, 0x48, 0x89, 0x05, 0x93, 0x88, 0x01,
  0x00, 0x48, 0x8b, 0x05, 0xcc, 0x77, 0x01, 0x00, 0x48, 0x89, 0x05, 0x8d,
  0x88, 0x01, 0x00, 0x48, 0x8b, 0x05, 0xbe, 0x77, 0x01, 0x00, 0x48, 0x2d,
  0xc0, 0xb4, 0x37, 0x00, 0x48, 0x89, 0x05, 0x81, 0x88, 0x01, 0x00, 0x48,
  0x8b, 0x05, 0xaa, 0x77, 0x01, 0x00, 0x48, 0x89, 0x05, 0x7b, 0x88, 0x01,
  0x00, 0x48, 0x8b, 0x05, 0x9c, 0x77, 0x01, 0x00, 0x48, 0x89, 0x05, 0x75,
  0x88, 0x01, 0x00, 0x48, 0x8b, 0x05, 0x8e, 0x77, 0x01, 0x00, 0x48, 0x89,
  0x05, 0x6f, 0x88, 0x01, 0x00, 0x90, 0x5d, 0xc3, 0xf3, 0x0f, 0x1e, 0xfa,
  0x55, 0x48, 0x89, 0xe5, 0x48, 0x83, 0xec, 0x10, 0xe8, 0x1b, 0x7a, 0xff,
  0xff, 0xc1, 0xe8, 0x10, 0x89, 0x45, 0xfc, 0x81, 0x7d, 0xfc, 0x61, 0x07,
  0x00, 0x00, 0x0f, 0x84, 0xa5, 0x02, 0x00, 0x00, 0x81, 0x7d, 0xfc, 0x61,
  0x07, 0x00, 0x00, 0x0f, 0x87, 0x9f, 0x02, 0x00, 0x00, 0x81, 0x7d, 0xfc,
  0x60, 0x07, 0x00, 0x00, 0x0f, 0x84, 0x84, 0x02, 0x00, 0x00, 0x81, 0x7d,
  0xfc, 0x60, 0x07, 0x00, 0x00, 0x0f, 0x87, 0x85, 0x02, 0x00, 0x00, 0x81,
  0x7d, 0xfc, 0x40, 0x07, 0x00, 0x00, 0x0f, 0x84, 0x63, 0x02, 0x00, 0x00,
  0x81, 0x7d, 0xfc, 0x40, 0x07, 0x00, 0x00, 0x0f, 0x87, 0x6b, 0x02, 0x00,
  0x00, 0x81, 0x7d, 0xfc, 0x20, 0x07, 0x00, 0x00, 0x0f, 0x84, 0x42, 0x02,
  0x00, 0x00, 0x81, 0x7d, 0xfc, 0x20, 0x07, 0x00, 0x00, 0x0f, 0x87, 0x51,
  0x02, 0x00, 0x00, 0x81, 0x7d, 0xfc, 0x01, 0x07, 0x00, 0x00, 0x0f, 0x84,
  0x21, 0x02, 0x00, 0x00, 0x81, 0x7d, 0xfc, 0x01, 0x07, 0x00, 0x00, 0x0f,
  0x87, 0x37, 0x02, 0x00, 0x00, 0x81, 0x7d, 0xfc, 0x00, 0x07, 0x00, 0x00,
  0x0f, 0x84, 0x00, 0x02, 0x00, 0x00, 0x81, 0x7d, 0xfc, 0x00, 0x07, 0x00,
  0x00, 0x0f, 0x87, 0x1d, 0x02, 0x00, 0x00, 0x81, 0x7d, 0xfc, 0x50, 0x06,
  0x00, 0x00, 0x0f, 0x84, 0xdf, 0x01, 0x00, 0x00, 0x81, 0x7d, 0xfc, 0x50,
  0x06, 0x00, 0x00, 0x0f, 0x87, 0x03, 0x02, 0x00, 0x00, 0x81, 0x7d, 0xfc,
  0x02, 0x06, 0x00, 0x00, 0x0f, 0x84, 0xbe, 0x01, 0x00, 0x00, 0x81, 0x7d,
  0xfc, 0x02, 0x06, 0x00, 0x00, 0x0f, 0x87, 0xe9, 0x01, 0x00, 0x00, 0x81,
  0x7d, 0xfc, 0x00, 0x06, 0x00, 0x00, 0x0f, 0x84, 0x9d, 0x01, 0x00, 0x00,
  0x81, 0x7d, 0xfc, 0x00, 0x06, 0x00, 0x00, 0x0f, 0x87, 0xcf, 0x01, 0x00,
  0x00, 0x81, 0x7d, 0xfc, 0x50, 0x05, 0x00, 0x00, 0x0f, 0x84, 0x7c, 0x01,
  0x00, 0x00, 0x81, 0x7d, 0xfc, 0x50, 0x05, 0x00, 0x00, 0x0f, 0x87, 0xb5,
  0x01, 0x00, 0x00, 0x81, 0x7d, 0xfc, 0x10, 0x05, 0x00, 0x00, 0x0f, 0x84,
  0x5b, 0x01, 0x00, 0x00, 0x81, 0x7d, 0xfc, 0x10, 0x05, 0x00, 0x00, 0x0f,
  0x87, 0x9b, 0x01, 0x00, 0x00, 0x81, 0x7d, 0xfc, 0x02, 0x05, 0x00, 0x00,
  0x0f, 0x84, 0x3a, 0x01, 0x00, 0x00, 0x81, 0x7d, 0xfc, 0x02, 0x05, 0x00,
  0x00, 0x0f, 0x87, 0x81, 0x01, 0x00, 0x00, 0x81, 0x7d, 0xfc, 0x00, 0x05,
  0x00, 0x00, 0x0f, 0x84, 0x19, 0x01, 0x00, 0x00, 0x81, 0x7d, 0xfc, 0x00,
  0x05, 0x00, 0x00, 0x0f, 0x87, 0x67, 0x01, 0x00, 0x00, 0x81, 0x7d, 0xfc,
  0x51, 0x04, 0x00, 0x00, 0x0f, 0x84, 0xf8, 0x00, 0x00, 0x00, 0x81, 0x7d,
  0xfc, 0x51, 0x04, 0x00, 0x00, 0x0f, 0x87, 0x4d, 0x01, 0x00, 0x00, 0x81,
  0x7d, 0xfc, 0x50, 0x04, 0x00, 0x00, 0x0f, 0x84, 0xd7, 0x00, 0x00, 0x00,
  0x81, 0x7d, 0xfc, 0x50, 0x04, 0x00, 0x00, 0x0f, 0x87, 0x33, 0x01, 0x00,
  0x00, 0x81, 0x7d, 0xfc, 0x03, 0x04, 0x00, 0x00, 0x0f, 0x84, 0xb6, 0x00,
  0x00, 0x00, 0x81, 0x7d, 0xfc, 0x03, 0x04, 0x00, 0x00, 0x0f, 0x87, 0x19,
  0x01, 0x00, 0x00, 0x81, 0x7d, 0xfc, 0x02, 0x04, 0x00, 0x00, 0x0f, 0x84,
  0x95, 0x00, 0x00, 0x00, 0x81, 0x7d, 0xfc, 0x02, 0x04, 0x00, 0x00, 0x0f,
  0x87, 0xff, 0x00, 0x00, 0x00, 0x81, 0x7d, 0xfc, 0x00, 0x04, 0x00, 0x00,
  0x74, 0x78, 0x81, 0x7d, 0xfc, 0x00, 0x04, 0x00, 0x00, 0x0f, 0x87, 0xe9,
  0x00, 0x00, 0x00, 0x81, 0x7d, 0xfc, 0x21, 0x03, 0x00, 0x00, 0x74, 0x58,
  0x81, 0x7d, 0xfc, 0x21, 0x03, 0x00, 0x00, 0x0f, 0x87, 0xd3, 0x00, 0x00,
  0x00, 0x81, 0x7d, 0xfc, 0x20, 0x03, 0x00, 0x00, 0x74, 0x38, 0x81, 0x7d,
  0xfc, 0x20, 0x03, 0x00, 0x00, 0x0f, 0x87, 0xbd, 0x00, 0x00, 0x00, 0x81,
  0x7d, 0xfc, 0x00, 0x03, 0x00, 0x00, 0x74, 0x0e, 0x81, 0x7d, 0xfc, 0x10,
  0x03, 0x00, 0x00, 0x74, 0x0f, 0xe9, 0xa6, 0x00, 0x00, 0x00, 0xe8, 0x4d,
  0x7a, 0xff, 0xff, 0xe9, 0xa3, 0x00, 0x00, 0x00, 0xe8, 0x3a, 0x80, 0xff,
  0xff, 0xe9, 0x99, 0x00, 0x00, 0x00, 0xe8, 0x33, 0x86, 0xff, 0xff, 0xe9,
  0x8f, 0x00, 0x00, 0x00, 0xe8, 0x2c, 0x8c, 0xff, 0xff, 0xe9, 0x85, 0x00,
  0x00, 0x00, 0xe8, 0x25, 0x92, 0xff, 0xff, 0xeb, 0x7e, 0xe8, 0x15, 0x98,
  0xff, 0xff, 0xeb, 0x77, 0xe8, 0x05, 0x9e, 0xff, 0xff, 0xeb, 0x70, 0xe8,
  0x21, 0xa4, 0xff, 0xff, 0xeb, 0x69, 0xe8, 0x11, 0xaa, 0xff, 0xff, 0xeb,
  0x62, 0xe8, 0x0d, 0xb0, 0xff, 0xff, 0xeb, 0x5b, 0xe8, 0x13, 0xb6, 0xff,
  0xff, 0xeb, 0x54, 0xe8, 0x07, 0xbc, 0xff, 0xff, 0xeb, 0x4d, 0xe8, 0xf3,
  0xc1, 0xff, 0xff, 0xeb, 0x46, 0xe8, 0xdf, 0xc7, 0xff, 0xff, 0xeb, 0x3f,
  0xe8, 0xcb, 0xcd, 0xff, 0xff, 0xeb, 0x38, 0xe8, 0xb7, 0xd3, 0xff, 0xff,
  0xeb, 0x31, 0xe8, 0xa3, 0xd9, 0xff, 0xff, 0xeb, 0x2a, 0xe8, 0x8f, 0xdf,
  0xff, 0xff, 0xeb, 0x23, 0xe8, 0x7b, 0xe5, 0xff, 0xff, 0xeb, 0x1c, 0xe8,
  0x67, 0xeb, 0xff, 0xff, 0xeb, 0x15, 0xe8, 0x53, 0xf1, 0xff, 0xff, 0xeb,
  0x0e, 0xe8, 0x3f, 0xf7, 0xff, 0xff, 0xeb, 0x07, 0xb8, 0xff, 0xff, 0xff,
  0xff, 0xeb, 0x05, 0xb8, 0x00, 0x00, 0x00, 0x00, 0xc9, 0xc3, 0xf3, 0x0f,
  0x1e, 0xfa, 0x55, 0x48, 0x89, 0xe5, 0x48, 0x81, 0xec, 0x50, 0x0c, 0x00,
  0x00, 0x48, 0x89, 0xbd, 0xb8, 0xf3, 0xff, 0xff, 0x48, 0x8d, 0x95, 0xc0,
  0xf3, 0xff, 0xff, 0xb8, 0x00, 0x00, 0x00, 0x00, 0xb9, 0x86, 0x01, 0x00,
  0x00, 0x48, 0x89, 0xd7, 0xf3, 0x48, 0xab, 0xc7, 0x85, 0xd0, 0xf3, 0xff,
  0xff, 0xff, 0xff, 0xff, 0xff, 0x48, 0x8d, 0x85, 0xc0, 0xf3, 0xff, 0xff,
  0x48, 0x83, 0xc0, 0x2d, 0x48, 0x89, 0x45, 0xf8, 0x90, 0x48, 0x8b, 0x95,
  0xb8, 0xf3, 0xff, 0xff, 0x48, 0x8d, 0x42, 0x01, 0x48, 0x89, 0x85, 0xb8,
  0xf3, 0xff, 0xff, 0x48, 0x8b, 0x45, 0xf8, 0x48, 0x8d, 0x48, 0x01, 0x48,
  0x89, 0x4d, 0xf8, 0x0f, 0xb6, 0x12, 0x88, 0x10, 0x0f, 0xb6, 0x00, 0x84,
  0xc0, 0x75, 0xd6, 0x48, 0x8b, 0x05, 0x06, 0x74, 0x01, 0x00, 0x48, 0x8d,
  0x15, 0x0f, 0x5d, 0x00, 0x00, 0xbe, 0x01, 0x00, 0x00, 0x00, 0xbf, 0xff,
  0xff, 0xff, 0xff, 0xff, 0xd0, 0x49, 0x89, 0xc0, 0x48, 0x8d, 0x85, 0xc0,
  0xf3, 0xff, 0xff, 0xb9, 0x00, 0x00, 0x00, 0x00, 0xba, 0x30, 0x0c, 0x00,
  0x00, 0x48, 0x89, 0xc6, 0xbf, 0x00, 0x00, 0x00, 0x00, 0xb8, 0x00, 0x00,
  0x00, 0x00, 0x41, 0xff, 0xd0, 0x90, 0xc9, 0xc3, 0xf3, 0x0f, 0x1e, 0xfa,
  0x55, 0x48, 0x89, 0xe5, 0x48, 0x83, 0xec, 0x60, 0x89, 0x7d, 0xac, 0x48,
  0xb8, 0x70, 0x72, 0x6f, 0x62, 0x6c, 0x65, 0x6d, 0x20, 0x48, 0xba, 0x65,
  0x6e, 0x63, 0x6f, 0x75, 0x6e, 0x74, 0x65, 0x48, 0x89, 0x45, 0xb0, 0x48,
  0x89, 0x55, 0xb8, 0x48, 0xb8, 0x72, 0x65, 0x64, 0x20, 0x6f, 0x6e, 0x20,
  0x6d, 0x48, 0xba, 0x61, 0x69, 0x6e, 0x2e, 0x63, 0x20, 0x6c, 0x69, 0x48,
  0x89, 0x45, 0xc0, 0x48, 0x89, 0x55, 0xc8, 0x48, 0xc7, 0x45, 0xd0, 0x6e,
  0x65, 0x20, 0x00, 0x48, 0xc7, 0x45, 0xd8, 0x00, 0x00, 0x00, 0x00, 0x48,
  0xc7, 0x45, 0xe0, 0x00, 0x00, 0x00, 0x00, 0x48, 0xc7, 0x45, 0xe8, 0x00,
  0x00, 0x00, 0x00, 0x48, 0x8d, 0x45, 0xb0, 0x48, 0x89, 0x45, 0xf8, 0xeb,
  0x05, 0x48, 0x83, 0x45, 0xf8, 0x01, 0x48, 0x8b, 0x45, 0xf8, 0x0f, 0xb6,
  0x00, 0x84, 0xc0, 0x75, 0xf0, 0xc7, 0x45, 0xf4, 0x01, 0x00, 0x00, 0x00,
  0xeb, 0x0f, 0x8b, 0x55, 0xf4, 0x89, 0xd0, 0xc1, 0xe0, 0x02, 0x01, 0xd0,
  0x01, 0xc0, 0x89, 0x45, 0xf4, 0x8b, 0x45, 0xac, 0x48, 0x63, 0xd0, 0x48,
  0x69, 0xd2, 0x67, 0x66, 0x66, 0x66, 0x48, 0xc1, 0xea, 0x20, 0x89, 0xd1,
  0xc1, 0xf9, 0x02, 0x99, 0x89, 0xc8, 0x29, 0xd0, 0x39, 0x45, 0xf4, 0x7c,
  0xd1, 0xeb, 0x63, 0x8b, 0x45, 0xac, 0x99, 0xf7, 0x7d, 0xf4, 0x89, 0xc1,
  0x48, 0x63, 0xc1, 0x48, 0x69, 0xc0, 0x67, 0x66, 0x66, 0x66, 0x48, 0xc1,
  0xe8, 0x20, 0x89, 0xc2, 0xc1, 0xfa, 0x02, 0x89, 0xc8, 0xc1, 0xf8, 0x1f,
  0x29, 0xc2, 0x89, 0xd0, 0xc1, 0xe0, 0x02, 0x01, 0xd0, 0x01, 0xc0, 0x29,
  0xc1, 0x89, 0xca, 0x89, 0xd0, 0x8d, 0x48, 0x30, 0x48, 0x8b, 0x45, 0xf8,
  0x48, 0x8d, 0x50, 0x01, 0x48, 0x89, 0x55, 0xf8, 0x89, 0xca, 0x88, 0x10,
  0x8b, 0x45, 0xf4, 0x48, 0x63, 0xd0, 0x48, 0x69, 0xd2, 0x67, 0x66, 0x66,
  0x66, 0x48, 0xc1, 0xea, 0x20, 0x89, 0xd1, 0xc1, 0xf9, 0x02, 0x99, 0x89,
  0xc8, 0x29, 0xd0, 0x89, 0x45, 0xf4, 0x83, 0x7d, 0xf4, 0x00, 0x75, 0x97,
  0x48, 0x8d, 0x45, 0xb0, 0x48, 0x89, 0xc7, 0xe8, 0x1e, 0xfe, 0xff, 0xff,
  0x0f, 0x0b, 0x90, 0xc9, 0xc3, 0xf3, 0x0f, 0x1e, 0xfa, 0x55, 0x48, 0x89,
  0xe5, 0x48, 0x83, 0xec, 0x10, 0x48, 0x89, 0x7d, 0xf8, 0x48, 0x89, 0x75,
  0xf0, 0x48, 0x8d, 0x4d, 0xf0, 0x48, 0x8b, 0x45, 0xf8, 0xba, 0x08, 0x00,
  0x00, 0x00, 0x48, 0x89, 0xce, 0x48, 0x89, 0xc7, 0xe8, 0x7f, 0x77, 0xff,
  0xff, 0x90, 0xc9, 0xc3, 0xf3, 0x0f, 0x1e, 0xfa, 0x55, 0x48, 0x89, 0xe5,
  0x48, 0x83, 0xec, 0x20, 0x48, 0x89, 0x7d, 0xe8, 0x48, 0x89, 0x75, 0xe0,
  0x48, 0x8b, 0x45, 0xe0, 0x41, 0xb9, 0x00, 0x00, 0x00, 0x00, 0x41, 0xb8,
  0xff, 0xff, 0xff, 0xff, 0xb9, 0x02, 0x10, 0x00, 0x00, 0xba, 0x03, 0x00,
  0x00, 0x00, 0x48, 0x89, 0xc6, 0xbf, 0x00, 0x00, 0x00, 0x00, 0xe8, 0x46,
  0x5d, 0xff, 0xff, 0x48, 0x89, 0x45, 0xf8, 0x48, 0x8b, 0x55, 0xe0, 0x48,
  0x8b, 0x45, 0xf8, 0x48, 0x89, 0xd6, 0x48, 0x89, 0xc7, 0xe8, 0x11, 0x5d,
  0xff, 0xff, 0x48, 0x8b, 0x55, 0xe0, 0x48, 0x8b, 0x4d, 0xf8, 0x48, 0x8b,
  0x45, 0xe8, 0x48, 0x89, 0xce, 0x48, 0x89, 0xc7, 0xe8, 0x13, 0x77, 0xff,
  0xff, 0x48, 0x8b, 0x55, 0xe0, 0x48, 0x8b, 0x45, 0xf8, 0x48, 0x89, 0xd6,
  0x48, 0x89, 0xc7, 0xe8, 0xbf, 0x5c, 0xff, 0xff, 0x90, 0xc9, 0xc3, 0xf3,
  0x0f, 0x1e, 0xfa, 0x55, 0x48, 0x89, 0xe5, 0x48, 0x89, 0x7d, 0xf8, 0x48,
  0x89, 0x75, 0xf0, 0xeb, 0x0a, 0x48, 0x83, 0x45, 0xf8, 0x01, 0x48, 0x83,
  0x45, 0xf0, 0x01, 0x48, 0x8b, 0x45, 0xf8, 0x0f, 0xb6, 0x00, 0x84, 0xc0,
  0x74, 0x12, 0x48, 0x8b, 0x45, 0xf8, 0x0f, 0xb6, 0x10, 0x48, 0x8b, 0x45,
  0xf0, 0x0f, 0xb6, 0x00, 0x38, 0xc2, 0x74, 0xd9, 0x48, 0x8b, 0x45, 0xf8,
  0x0f, 0xb6, 0x00, 0x0f, 0xbe, 0xd0, 0x48, 0x8b, 0x45, 0xf0, 0x0f, 0xb6,
  0x00, 0x0f, 0xbe, 0xc0, 0x29, 0xc2, 0x89, 0xd0, 0x5d, 0xc3, 0xf3, 0x0f,
  0x1e, 0xfa, 0x55, 0x48, 0x89, 0xe5, 0x48, 0x83, 0xec, 0x20, 0x48, 0x89,
  0x7d, 0xe8, 0xc7, 0x45, 0xfc, 0x00, 0x00, 0x00, 0x00, 0xe9, 0x9e, 0x00,
  0x00, 0x00, 0x8b, 0x45, 0xfc, 0x48, 0x98, 0x48, 0x8d, 0x14, 0xc5, 0x00,
  0x00, 0x00, 0x00, 0x48, 0x8d, 0x05, 0xae, 0x82, 0x01, 0x00, 0x48, 0x8b,
  0x14, 0x02, 0x48, 0x8b, 0x45, 0xe8, 0x48, 0x01, 0xd0, 0x8b, 0x55, 0xfc,
  0x83, 0xc2, 0x01, 0x48, 0x63, 0xd2, 0x48, 0x8d, 0x0c, 0xd5, 0x00, 0x00,
  0x00, 0x00, 0x48, 0x8d, 0x15, 0x8b, 0x82, 0x01, 0x00, 0x48, 0x8b, 0x14,
  0x11, 0x48, 0x39, 0xc2, 0x72, 0x5a, 0x8b, 0x45, 0xfc, 0x48, 0x98, 0x48,
  0x8d, 0x14, 0xc5, 0x00, 0x00, 0x00, 0x00, 0x48, 0x8d, 0x05, 0x6e, 0x82,
  0x01, 0x00, 0x48, 0x8b, 0x04, 0x02, 0x48, 0x89, 0x45, 0xf0, 0x8b, 0x45,
  0xfc, 0x48, 0x98, 0x48, 0x8d, 0x14, 0xc5, 0x00, 0x00, 0x00, 0x00, 0x48,
  0x8d, 0x05, 0x52, 0x82, 0x01, 0x00, 0x48, 0x8b, 0x14, 0x02, 0x48, 0x8b,
  0x45, 0xe8, 0x48, 0x8d, 0x0c, 0x02, 0x8b, 0x45, 0xfc, 0x48, 0x98, 0x48,
  0x8d, 0x14, 0xc5, 0x00, 0x00, 0x00, 0x00, 0x48, 0x8d, 0x05, 0x32, 0x82,
  0x01, 0x00, 0x48, 0x89, 0x0c, 0x02, 0x48, 0x8b, 0x45, 0xf0, 0xeb, 0x1d,
  0x83, 0x45, 0xfc, 0x02, 0x83, 0x7d, 0xfc, 0x07, 0x0f, 0x8e, 0x58, 0xff,
  0xff, 0xff, 0xbf, 0x68, 0x00, 0x00, 0x00, 0xe8, 0xfc, 0xfc, 0xff, 0xff,
  0xb8, 0x00, 0x00, 0x00, 0x00, 0xc9, 0xc3, 0xf3, 0x0f, 0x1e, 0xfa, 0x55,
  0x48, 0x89, 0xe5, 0x48, 0x89, 0x7d, 0xe8, 0x89, 0xf0, 0x48, 0x89, 0x55,
  0xd8, 0x66, 0x89, 0x45, 0xe4, 0x48, 0xc7, 0x45, 0xf8, 0x00, 0x00, 0x00,
  0x00, 0xe9, 0x84, 0x00, 0x00, 0x00, 0x48, 0x8b, 0x55, 0xf8, 0x48, 0x89,
  0xd0, 0x48, 0xc1, 0xe0, 0x03, 0x48, 0x29, 0xd0, 0x48, 0xc1, 0xe0, 0x03,
  0x48, 0x89, 0xc2, 0x48, 0x8b, 0x45, 0xe8, 0x48, 0x01, 0xd0, 0x48, 0x89,
  0x45, 0xf0, 0x48, 0x8b, 0x45, 0xf0, 0x48, 0x8b, 0x00, 0x83, 0xf8, 0x01,
  0x75, 0x52, 0x48, 0x8b, 0x45, 0xf0, 0x48, 0x83, 0xc0, 0x10, 0x48, 0x8b,
  0x00, 0x48, 0x39, 0x45, 0xd8, 0x72, 0x42, 0x48, 0x8b, 0x45, 0xf0, 0x48,
  0x83, 0xc0, 0x10, 0x48, 0x8b, 0x10, 0x48, 0x8b, 0x45, 0xf0, 0x48, 0x83,
  0xc0, 0x20, 0x48, 0x8b, 0x00, 0x48, 0x01, 0xd0, 0x48, 0x39, 0x45, 0xd8,
  0x73, 0x23, 0x48, 0x8b, 0x45, 0xf0, 0x48, 0x83, 0xc0, 0x08, 0x48, 0x8b,
  0x10, 0x48, 0x8b, 0x45, 0xd8, 0x48, 0x01, 0xc2, 0x48, 0x8b, 0x45, 0xf0,
  0x48, 0x83, 0xc0, 0x10, 0x48, 0x8b, 0x00, 0x48, 0x29, 0xc2, 0xeb, 0x1b,
  0x90, 0x48, 0x83, 0x45, 0xf8, 0x01, 0x0f, 0xb7, 0x45, 0xe4, 0x48, 0x39,
  0x45, 0xf8, 0x0f, 0x82, 0x6e, 0xff, 0xff, 0xff, 0x48, 0xc7, 0xc2, 0xff,
  0xff, 0xff, 0xff, 0x48, 0x89, 0xd0, 0x5d, 0xc3, 0xf3, 0x0f, 0x1e, 0xfa,
  0x55, 0x48, 0x89, 0xe5, 0x48, 0x81, 0xec, 0xf0, 0x00, 0x00, 0x00, 0x48,
  0x89, 0xbd, 0x38, 0xff, 0xff, 0xff, 0x48, 0x89, 0xb5, 0x30, 0xff, 0xff,
  0xff, 0x48, 0x89, 0x95, 0x28, 0xff, 0xff, 0xff, 0x48, 0x89, 0x8d, 0x20,
  0xff, 0xff, 0xff, 0x4c, 0x89, 0x85, 0x18, 0xff, 0xff, 0xff, 0x4c, 0x89,
  0x8d, 0x10, 0xff, 0xff, 0xff, 0x48, 0x8b, 0x85, 0x38, 0xff, 0xff, 0xff,
  0x48, 0x83, 0xc0, 0x20, 0x48, 0x8b, 0x10, 0x48, 0x8b, 0x85, 0x38, 0xff,
  0xff, 0xff, 0x48, 0x01, 0xd0, 0x48, 0x89, 0x45, 0x90, 0x48, 0x8b, 0x85,
  0x38, 0xff, 0xff, 0xff, 0x0f, 0xb7, 0x40, 0x38, 0x66, 0x89, 0x45, 0x8e,
  0x48, 0xc7, 0x45, 0xf8, 0x00, 0x00, 0x00, 0x00, 0x48, 0xc7, 0x45, 0xf0,
  0x00, 0x00, 0x00, 0x00, 0x48, 0xc7, 0x45, 0xe8, 0x00, 0x00, 0x00, 0x00,
  0x48, 0xc7, 0x45, 0xe0, 0x00, 0x00, 0x00, 0x00, 0xe9, 0xb1, 0x00, 0x00,
  0x00, 0x48, 0x8b, 0x55, 0xe0, 0x48, 0x89, 0xd0, 0x48, 0xc1, 0xe0, 0x03,
  0x48, 0x29, 0xd0, 0x48, 0xc1, 0xe0, 0x03, 0x48, 0x89, 0xc2, 0x48, 0x8b,
  0x45, 0x90, 0x48, 0x01, 0xd0, 0x48, 0x89, 0x85, 0x50, 0xff, 0xff, 0xff,
  0x48, 0x8b, 0x85, 0x50, 0xff, 0xff, 0xff, 0x48, 0x8b, 0x00, 0x83, 0xf8,
  0x02, 0x75, 0x2d, 0x48, 0x8b, 0x85, 0x50, 0xff, 0xff, 0xff, 0x48, 0x83,
  0xc0, 0x08, 0x48, 0x8b, 0x10, 0x48, 0x8b, 0x85, 0x38, 0xff, 0xff, 0xff,
  0x48, 0x01, 0xd0, 0x48, 0x89, 0x45, 0xf8, 0x48, 0x8b, 0x85, 0x50, 0xff,
  0xff, 0xff, 0x48, 0x8b, 0x40, 0x20, 0x48, 0x89, 0x45, 0xf0, 0xeb, 0x4d,
  0x48, 0x8b, 0x85, 0x50, 0xff, 0xff, 0xff, 0x48, 0x8b, 0x00, 0x83, 0xf8,
  0x01, 0x75, 0x3e, 0x48, 0x8b, 0x85, 0x50, 0xff, 0xff, 0xff, 0x48, 0x83,
  0xc0, 0x10, 0x48, 0x8b, 0x10, 0x48, 0x8b, 0x85, 0x50, 0xff, 0xff, 0xff,
  0x48, 0x83, 0xc0, 0x28, 0x48, 0x8b, 0x00, 0x48, 0x01, 0xd0, 0x48, 0x89,
  0x85, 0x48, 0xff, 0xff, 0xff, 0x48, 0x8b, 0x85, 0x48, 0xff, 0xff, 0xff,
  0x48, 0x39, 0x45, 0xe8, 0x73, 0x0b, 0x48, 0x8b, 0x85, 0x48, 0xff, 0xff,
  0xff, 0x48, 0x89, 0x45, 0xe8, 0x48, 0x83, 0x45, 0xe0, 0x01, 0x0f, 0xb7,
  0x45, 0x8e, 0x48, 0x39, 0x45, 0xe0, 0x0f, 0x82, 0x41, 0xff, 0xff, 0xff,
  0x48, 0x8b, 0x45, 0xe8, 0x48, 0x05, 0xff, 0x0f, 0x00, 0x00, 0x48, 0x25,
  0x00, 0xf0, 0xff, 0xff, 0x48, 0x89, 0x45, 0xe8, 0x48, 0x8b, 0x45, 0xe8,
  0x48, 0x05, 0x00, 0x10, 0x00, 0x00, 0x48, 0x89, 0xc7, 0xe8, 0xfc, 0xfc,
  0xff, 0xff, 0x48, 0x89, 0x45, 0x80, 0x48, 0x8b, 0x45, 0x80, 0x48, 0x83,
  0xe8, 0x01, 0x48, 0x0d, 0xff, 0x0f, 0x00, 0x00, 0x48, 0x83, 0xc0, 0x01,
  0x48, 0x89, 0x45, 0x80, 0x48, 0x83, 0xbd, 0x10, 0xff, 0xff, 0xff, 0x00,
  0x75, 0x0b, 0x48, 0x8b, 0x45, 0x80, 0x48, 0x89, 0x85, 0x10, 0xff, 0xff,
  0xff, 0x48, 0x8b, 0x85, 0x20, 0xff, 0xff, 0xff, 0x48, 0x8b, 0x55, 0x80,
  0x48, 0x89, 0x10, 0x48, 0x8b, 0x85, 0x20, 0xff, 0xff, 0xff, 0x48, 0x83,
  0xc0, 0x08, 0x48, 0x8b, 0x4d, 0x80, 0x48, 0x8b, 0x55, 0xe8, 0x48, 0x01,
  0xca, 0x48, 0x89, 0x10, 0x48, 0xc7, 0x45, 0xd8, 0x00, 0x00, 0x00, 0x00,
  0xe9, 0xd5, 0x00, 0x00, 0x00, 0x48, 0x8b, 0x55, 0xd8, 0x48, 0x89, 0xd0,
  0x48, 0xc1, 0xe0, 0x03, 0x48, 0x29, 0xd0, 0x48, 0xc1, 0xe0, 0x03, 0x48,
  0x89, 0xc2, 0x48, 0x8b, 0x45, 0x90, 0x48, 0x01, 0xd0, 0x48, 0x89, 0x85,
  0x58, 0xff, 0xff, 0xff, 0x48, 0x8b, 0x85, 0x58, 0xff, 0xff, 0xff, 0x48,
  0x8b, 0x00, 0x83, 0xf8, 0x01, 0x0f, 0x85, 0x99, 0x00, 0x00, 0x00, 0x48,
  0x8b, 0x85, 0x58, 0xff, 0xff, 0xff, 0x48, 0x83, 0xc0, 0x20, 0x48, 0x8b,
  0x00, 0x48, 0x8b, 0x95, 0x58, 0xff, 0xff, 0xff, 0x48, 0x83, 0xc2, 0x08,
  0x48, 0x8b, 0x0a, 0x48, 0x8b, 0x95, 0x38, 0xff, 0xff, 0xff, 0x48, 0x8d,
  0x34, 0x11, 0x48, 0x8b, 0x95, 0x58, 0xff, 0xff, 0xff, 0x48, 0x83, 0xc2,
  0x10, 0x48, 0x8b, 0x0a, 0x48, 0x8b, 0x55, 0x80, 0x48, 0x01, 0xd1, 0x48,
  0x89, 0xc2, 0x48, 0x89, 0xcf, 0xe8, 0xc6, 0x72, 0xff, 0xff, 0x48, 0x8b,
  0x85, 0x58, 0xff, 0xff, 0xff, 0x48, 0x83, 0xc0, 0x28, 0x48, 0x8b, 0x10,
  0x48, 0x8b, 0x85, 0x58, 0xff, 0xff, 0xff, 0x48, 0x83, 0xc0, 0x20, 0x48,
  0x8b, 0x00, 0x48, 0x29, 0xc2, 0x48, 0x8b, 0x85, 0x58, 0xff, 0xff, 0xff,
  0x48, 0x83, 0xc0, 0x10, 0x48, 0x8b, 0x08, 0x48, 0x8b, 0x85, 0x58, 0xff,
  0xff, 0xff, 0x48, 0x83, 0xc0, 0x20, 0x48, 0x8b, 0x00, 0x48, 0x01, 0xc1,
  0x48, 0x8b, 0x45, 0x80, 0x48, 0x01, 0xc8, 0x48, 0x89, 0xd6, 0x48, 0x89,
  0xc7, 0xe8, 0xfa, 0xfa, 0xff, 0xff, 0xeb, 0x01, 0x90, 0x48, 0x83, 0x45,
  0xd8, 0x01, 0x0f, 0xb7, 0x45, 0x8e, 0x48, 0x39, 0x45, 0xd8, 0x0f, 0x82,
  0x1d, 0xff, 0xff, 0xff, 0x48, 0xc7, 0x45, 0xd0, 0x00, 0x00, 0x00, 0x00,
  0x48, 0xc7, 0x45, 0xc8, 0x00, 0x00, 0x00, 0x00, 0x48, 0xc7, 0x45, 0xc0,
  0x00, 0x00, 0x00, 0x00, 0x48, 0xc7, 0x45, 0xb8, 0x00, 0x00, 0x00, 0x00,
  0x48, 0xc7, 0x45, 0xb0, 0x00, 0x00, 0x00, 0x00, 0xe9, 0x00, 0x01, 0x00,
  0x00, 0x48, 0x8b, 0x45, 0xb0, 0x48, 0xc1, 0xe0, 0x04, 0x48, 0x89, 0xc2,
  0x48, 0x8b, 0x45, 0xf8, 0x48, 0x01, 0xd0, 0x48, 0x89, 0x85, 0x60, 0xff,
  0xff, 0xff, 0x48, 0x8b, 0x85, 0x60, 0xff, 0xff, 0xff, 0x48, 0x8b, 0x00,
  0x48, 0x83, 0xf8, 0x05, 0x75, 0x33, 0x48, 0x8b, 0x85, 0x60, 0xff, 0xff,
  0xff, 0x48, 0x83, 0xc0, 0x08, 0x48, 0x8b, 0x10, 0x0f, 0xb7, 0x4d, 0x8e,
  0x48, 0x8b, 0x45, 0x90, 0x89, 0xce, 0x48, 0x89, 0xc7, 0xe8, 0x15, 0xfc,
  0xff, 0xff, 0x48, 0x8b, 0x95, 0x38, 0xff, 0xff, 0xff, 0x48, 0x01, 0xd0,
  0x48, 0x89, 0x45, 0xd0, 0xe9, 0x9f, 0x00, 0x00, 0x00, 0x48, 0x8b, 0x85,
  0x60, 0xff, 0xff, 0xff, 0x48, 0x8b, 0x00, 0x48, 0x83, 0xf8, 0x06, 0x75,
  0x30, 0x48, 0x8b, 0x85, 0x60, 0xff, 0xff, 0xff, 0x48, 0x83, 0xc0, 0x08,
  0x48, 0x8b, 0x10, 0x0f, 0xb7, 0x4d, 0x8e, 0x48, 0x8b, 0x45, 0x90, 0x89,
  0xce, 0x48, 0x89, 0xc7, 0xe8, 0xd2, 0xfb, 0xff, 0xff, 0x48, 0x8b, 0x95,
  0x38, 0xff, 0xff, 0xff, 0x48, 0x01, 0xd0, 0x48, 0x89, 0x45, 0xc8, 0xeb,
  0x5f, 0x48, 0x8b, 0x85, 0x60, 0xff, 0xff, 0xff, 0x48, 0x8b, 0x00, 0x48,
  0x83, 0xf8, 0x07, 0x75, 0x30, 0x48, 0x8b, 0x85, 0x60, 0xff, 0xff, 0xff,
  0x48, 0x83, 0xc0, 0x08, 0x48, 0x8b, 0x10, 0x0f, 0xb7, 0x4d, 0x8e, 0x48,
  0x8b, 0x45, 0x90, 0x89, 0xce, 0x48, 0x89, 0xc7, 0xe8, 0x92, 0xfb, 0xff,
  0xff, 0x48, 0x8b, 0x95, 0x38, 0xff, 0xff, 0xff, 0x48, 0x01, 0xd0, 0x48,
  0x89, 0x45, 0xc0, 0xeb, 0x1f, 0x48, 0x8b, 0x85, 0x60, 0xff, 0xff, 0xff,
  0x48, 0x8b, 0x00, 0x48, 0x83, 0xf8, 0x08, 0x75, 0x0f, 0x48, 0x8b, 0x85,
  0x60, 0xff, 0xff, 0xff, 0x48, 0x8b, 0x40, 0x08, 0x48, 0x89, 0x45, 0xb8,
  0x48, 0x83, 0x45, 0xb0, 0x01, 0x48, 0x8b, 0x45, 0xf0, 0x48, 0xc1, 0xe8,
  0x04, 0x48, 0x39, 0x45, 0xb0, 0x0f, 0x82, 0xee, 0xfe, 0xff, 0xff, 0x48,
  0xc7, 0x45, 0xa8, 0x00, 0x00, 0x00, 0x00, 0xe9, 0xbf, 0x02, 0x00, 0x00,
  0x48, 0x8b, 0x55, 0xa8, 0x48, 0x89, 0xd0, 0x48, 0x01, 0xc0, 0x48, 0x01,
  0xd0, 0x48, 0xc1, 0xe0, 0x03, 0x48, 0x89, 0xc2, 0x48, 0x8b, 0x45, 0xc0,
  0x48, 0x01, 0xd0, 0x48, 0x89, 0x85, 0x78, 0xff, 0xff, 0xff, 0x48, 0x8b,
  0x85, 0x78, 0xff, 0xff, 0xff, 0x48, 0x83, 0xc0, 0x08, 0x48, 0x8b, 0x00,
  0x83, 0xf8, 0x01, 0x74, 0x17, 0x48, 0x8b, 0x85, 0x78, 0xff, 0xff, 0xff,
  0x48, 0x83, 0xc0, 0x08, 0x48, 0x8b, 0x00, 0x83, 0xf8, 0x06, 0x0f, 0x85,
  0xfd, 0x01, 0x00, 0x00, 0x48, 0x8b, 0x85, 0x78, 0xff, 0xff, 0xff, 0x48,
  0x83, 0xc0, 0x08, 0x48, 0x8b, 0x00, 0x48, 0xc1, 0xe8, 0x20, 0x48, 0x89,
  0xc2, 0x48, 0x89, 0xd0, 0x48, 0x01, 0xc0, 0x48, 0x01, 0xd0, 0x48, 0xc1,
  0xe0, 0x03, 0x48, 0x89, 0xc2, 0x48, 0x8b, 0x45, 0xc8, 0x48, 0x01, 0xd0,
  0x48, 0x89, 0x85, 0x70, 0xff, 0xff, 0xff, 0x48, 0x8b, 0x85, 0x70, 0xff,
  0xff, 0xff, 0x48, 0x8b, 0x00, 0x89, 0xc2, 0x48, 0x8b, 0x45, 0xd0, 0x48,
  0x01, 0xd0, 0x48, 0x89, 0x85, 0x68, 0xff, 0xff, 0xff, 0x48, 0x8b, 0x85,
  0x70, 0xff, 0xff, 0xff, 0x48, 0x8b, 0x40, 0x08, 0x48, 0x89, 0x45, 0xa0,
  0x48, 0x83, 0x7d, 0xa0, 0x00, 0x0f, 0x85, 0x15, 0x01, 0x00, 0x00, 0x48,
  0xc7, 0x45, 0x98, 0x00, 0x00, 0x00, 0x00, 0xe9, 0xd5, 0x00, 0x00, 0x00,
  0x48, 0x8b, 0x45, 0x98, 0x48, 0x8d, 0x14, 0xc5, 0x00, 0x00, 0x00, 0x00,
  0x48, 0x8b, 0x85, 0x30, 0xff, 0xff, 0xff, 0x48, 0x01, 0xd0, 0x48, 0x8b,
  0x00, 0x48, 0x8b, 0x95, 0x68, 0xff, 0xff, 0xff, 0x48, 0x89, 0xd6, 0x48,
  0x89, 0xc7, 0xe8, 0x2c, 0xf9, 0xff, 0xff, 0x85, 0xc0, 0x75, 0x31, 0x48,
  0x8b, 0x45, 0x98, 0x48, 0x8d, 0x14, 0xc5, 0x00, 0x00, 0x00, 0x00, 0x48,
  0x8b, 0x85, 0x28, 0xff, 0xff, 0xff, 0x48, 0x01, 0xd0, 0x48, 0x8b, 0x00,
  0x48, 0x89, 0x45, 0xa0, 0x48, 0x8b, 0x85, 0x70, 0xff, 0xff, 0xff, 0x48,
  0x8d, 0x50, 0x08, 0x48, 0x8b, 0x45, 0xa0, 0x48, 0x89, 0x02, 0xeb, 0x70,
  0x48, 0x8b, 0x45, 0x98, 0x48, 0x8d, 0x14, 0xc5, 0x00, 0x00, 0x00, 0x00,
  0x48, 0x8b, 0x85, 0x30, 0xff, 0xff, 0xff, 0x48, 0x01, 0xd0, 0x48, 0x8b,
  0x00, 0x0f, 0xb6, 0x00, 0x3c, 0x2e, 0x75, 0x50, 0x48, 0x8b, 0x45, 0x98,
  0x48, 0x8d, 0x14, 0xc5, 0x00, 0x00, 0x00, 0x00, 0x48, 0x8b, 0x85, 0x30,
  0xff, 0xff, 0xff, 0x48, 0x01, 0xd0, 0x48, 0x8b, 0x00, 0x48, 0x8d, 0x50,
  0x01, 0x48, 0x8b, 0x85, 0x68, 0xff, 0xff, 0xff, 0x48, 0x89, 0xc6, 0x48,
  0x89, 0xd7, 0xe8, 0xa8, 0xf8, 0xff, 0xff, 0x85, 0xc0, 0x75, 0x1d, 0x48,
  0x8b, 0x45, 0x98, 0x48, 0x8d, 0x14, 0xc5, 0x00, 0x00, 0x00, 0x00, 0x48,
  0x8b, 0x85, 0x28, 0xff, 0xff, 0xff, 0x48, 0x01, 0xd0, 0x48, 0x8b, 0x00,
  0x48, 0x89, 0x45, 0xa0, 0x48, 0x83, 0x45, 0x98, 0x01, 0x48, 0x8b, 0x45,
  0x98, 0x48, 0x8d, 0x14, 0xc5, 0x00, 0x00, 0x00, 0x00, 0x48, 0x8b, 0x85,
  0x30, 0xff, 0xff, 0xff, 0x48, 0x01, 0xd0, 0x48, 0x8b, 0x00, 0x48, 0x85,
  0xc0, 0x0f, 0x85, 0x09, 0xff, 0xff, 0xff, 0x48, 0x83, 0x7d, 0xa0, 0x00,
  0x75, 0x0a, 0xbf, 0xc5, 0x00, 0x00, 0x00, 0xe8, 0x6c, 0xf6, 0xff, 0xff,
  0x48, 0x8b, 0x85, 0x78, 0xff, 0xff, 0xff, 0x48, 0x83, 0xc0, 0x08, 0x48,
  0x8b, 0x00, 0x83, 0xf8, 0x06, 0x75, 0x1d, 0x48, 0x8b, 0x85, 0x78, 0xff,
  0xff, 0xff, 0x48, 0x83, 0xc0, 0x10, 0x48, 0x8b, 0x00, 0x48, 0x85, 0xc0,
  0x74, 0x0a, 0xbf, 0xc9, 0x00, 0x00, 0x00, 0xe8, 0x3c, 0xf6, 0xff, 0xff,
  0x48, 0x8b, 0x85, 0x78, 0xff, 0xff, 0xff, 0x48, 0x8b, 0x00, 0x48, 0x83,
  0xc0, 0x08, 0x48, 0x39, 0x45, 0xe8, 0x73, 0x0a, 0xbf, 0xcb, 0x00, 0x00,
  0x00, 0xe8, 0x1e, 0xf6, 0xff, 0xff, 0x48, 0x8b, 0x85, 0x78, 0xff, 0xff,
  0xff, 0x48, 0x83, 0xc0, 0x10, 0x48, 0x8b, 0x10, 0x48, 0x8b, 0x45, 0xa0,
  0x48, 0x01, 0xc2, 0x48, 0x8b, 0x85, 0x78, 0xff, 0xff, 0xff, 0x48, 0x8b,
  0x08, 0x48, 0x8b, 0x45, 0x80, 0x48, 0x01, 0xc8, 0x48, 0x89, 0xd6, 0x48,
  0x89, 0xc7, 0xe8, 0x22, 0xf7, 0xff, 0xff, 0xeb, 0x71, 0x48, 0x8b, 0x85,
  0x78, 0xff, 0xff, 0xff, 0x48, 0x83, 0xc0, 0x08, 0x48, 0x8b, 0x00, 0x83,
  0xf8, 0x08, 0x75, 0x54, 0x48, 0x8b, 0x85, 0x78, 0xff, 0xff, 0xff, 0x48,
  0x8b, 0x00, 0x48, 0x83, 0xc0, 0x08, 0x48, 0x39, 0x45, 0xe8, 0x73, 0x0a,
  0xbf, 0xd1, 0x00, 0x00, 0x00, 0xe8, 0xba, 0xf5, 0xff, 0xff, 0x48, 0x8b,
  0x85, 0x78, 0xff, 0xff, 0xff, 0x48, 0x83, 0xc0, 0x10, 0x48, 0x8b, 0x10,
  0x48, 0x8b, 0x85, 0x10, 0xff, 0xff, 0xff, 0x48, 0x01, 0xc2, 0x48, 0x8b,
  0x85, 0x78, 0xff, 0xff, 0xff, 0x48, 0x8b, 0x08, 0x48, 0x8b, 0x45, 0x80,
  0x48, 0x01, 0xc8, 0x48, 0x89, 0xd6, 0x48, 0x89, 0xc7, 0xe8, 0xbb, 0xf6,
  0xff, 0xff, 0xeb, 0x0a, 0xbf, 0xd5, 0x00, 0x00, 0x00, 0xe8, 0x7a, 0xf5,
  0xff, 0xff, 0x48, 0x83, 0x45, 0xa8, 0x01, 0x48, 0x8b, 0x45, 0xb8, 0x48,
  0xba, 0xab, 0xaa, 0xaa, 0xaa, 0xaa, 0xaa, 0xaa, 0xaa, 0x48, 0xf7, 0xe2,
  0x48, 0x89, 0xd0, 0x48, 0xc1, 0xe8, 0x04, 0x48, 0x39, 0x45, 0xa8, 0x0f,
  0x82, 0x1f, 0xfd, 0xff, 0xff, 0x48, 0x8b, 0x85, 0x38, 0xff, 0xff, 0xff,
  0x48, 0x83, 0xc0, 0x18, 0x48, 0x8b, 0x10, 0x48, 0x8b, 0x45, 0x80, 0x48,
  0x01, 0xc2, 0x48, 0x8b, 0x85, 0x18, 0xff, 0xff, 0xff, 0x48, 0x89, 0x10,
  0x48, 0x8b, 0x45, 0x80, 0xc9, 0xc3, 0x48, 0x8b, 0x44, 0x24, 0x08, 0xff,
  0x25, 0x17, 0x7a, 0x01, 0x00, 0xf3, 0x0f, 0x1e, 0xfa, 0x55, 0x48, 0x89,
  0xe5, 0x48, 0x83, 0xec, 0x10, 0x48, 0x89, 0x7d, 0xf8, 0x48, 0x8b, 0x45,
  0xf8, 0x41, 0xb9, 0x00, 0x00, 0x00, 0x00, 0x41, 0xb8, 0xff, 0xff, 0xff,
  0xff, 0xb9, 0x02, 0x10, 0x00, 0x00, 0xba, 0x03, 0x00, 0x00, 0x00, 0x48,
  0x89, 0xc6, 0xbf, 0x00, 0x00, 0x00, 0x00, 0xe8, 0xd1, 0x53, 0xff, 0xff,
  0xc9, 0xc3, 0xf3, 0x0f, 0x1e, 0xfa, 0x55, 0x48, 0x89, 0xe5, 0x48, 0x83,
  0xec, 0x10, 0x48, 0x8b, 0x05, 0x4b, 0x79, 0x01, 0x00, 0x48, 0x8d, 0x48,
  0x20, 0x48, 0x8d, 0x45, 0xf0, 0xba, 0x10, 0x00, 0x00, 0x00, 0x48, 0x89,
  0xce, 0x48, 0x89, 0xc7, 0xe8, 0x3f, 0x58, 0xff, 0xff, 0x48, 0x8b, 0x55,
  0xf0, 0x48, 0x8b, 0x45, 0xf8, 0x48, 0x29, 0xc2, 0x48, 0x89, 0xd0, 0xc9,
  0xc3, 0xf3, 0x0f, 0x1e, 0xfa, 0x55, 0x48, 0x89, 0xe5, 0x48, 0x83, 0xec,
  0x30, 0x48, 0x89, 0x7d, 0xd8, 0xe8, 0xb0, 0xff, 0xff, 0xff, 0x48, 0x89,
  0x45, 0xe8, 0xe8, 0x74, 0x60, 0xff, 0xff, 0x48, 0x89, 0x45, 0xf8, 0xc7,
  0x45, 0xf4, 0x27, 0x00, 0x00, 0x00, 0xe9, 0xeb, 0x00, 0x00, 0x00, 0x48,
  0x8b, 0x55, 0xe8, 0x48, 0x8b, 0x45, 0xf8, 0x48, 0x8d, 0x34, 0x02, 0x8b,
  0x45, 0xf4, 0xba, 0xff, 0x01, 0x00, 0x00, 0x89, 0xc1, 0x48, 0xd3, 0xe2,
  0x48, 0x89, 0xd0, 0x48, 0x23, 0x45, 0xd8, 0x48, 0x89, 0xc2, 0x8b, 0x45,
  0xf4, 0x83, 0xe8, 0x03, 0x89, 0xc1, 0x48, 0xd3, 0xea, 0x48, 0x89, 0xd0,
  0x48, 0x8d, 0x0c, 0x06, 0x48, 0x8d, 0x45, 0xe0, 0xba, 0x08, 0x00, 0x00,
  0x00, 0x48, 0x89, 0xce, 0x48, 0x89, 0xc7, 0xe8, 0xb8, 0x57, 0xff, 0xff,
  0x48, 0x8b, 0x45, 0xe0, 0x83, 0xe0, 0x01, 0x48, 0x85, 0xc0, 0x75, 0x0c,
  0x48, 0xc7, 0xc0, 0xff, 0xff, 0xff, 0xff, 0xe9, 0x94, 0x00, 0x00, 0x00,
  0x48, 0x8b, 0x45, 0xe0, 0x25, 0x80, 0x00, 0x00, 0x00, 0x48, 0x85, 0xc0,
  0x75, 0x06, 0x83, 0x7d, 0xf4, 0x0c, 0x75, 0x55, 0x8b, 0x45, 0xf4, 0xba,
  0x01, 0x00, 0x00, 0x00, 0x89, 0xc1, 0x48, 0xd3, 0xe2, 0x48, 0x89, 0xd0,
  0x48, 0xba, 0x00, 0x00, 0x00, 0x00, 0x00, 0x00, 0x10, 0x00, 0x48, 0x29,
  0xc2, 0x48, 0x8b, 0x45, 0xe0, 0x48, 0x21, 0xd0, 0x48, 0x89, 0x45, 0xe0,
  0x8b, 0x45, 0xf4, 0x48, 0xc7, 0xc2, 0xff, 0xff, 0xff, 0xff, 0x89, 0xc1,
  0x48, 0xd3, 0xe2, 0x48, 0x89, 0xd0, 0x48, 0xf7, 0xd0, 0x48, 0x23, 0x45,
  0xd8, 0x48, 0x89, 0xc2, 0x48, 0x8b, 0x45, 0xe0, 0x48, 0x09, 0xd0, 0x48,
  0x89, 0x45, 0xe0, 0x48, 0x8b, 0x45, 0xe0, 0xeb, 0x2b, 0x48, 0x8b, 0x45,
  0xe0, 0x48, 0xba, 0x00, 0xf0, 0xff, 0xff, 0xff, 0xff, 0x0f, 0x00, 0x48,
  0x21, 0xd0, 0x48, 0x89, 0x45, 0xe0, 0x48, 0x8b, 0x45, 0xe0, 0x48, 0x89,
  0x45, 0xf8, 0x83, 0x6d, 0xf4, 0x09, 0x83, 0x7d, 0xf4, 0x0b, 0x0f, 0x8f,
  0x0b, 0xff, 0xff, 0xff, 0xc9, 0xc3, 0xf3, 0x0f, 0x1e, 0xfa, 0x55, 0x48,
  0x89, 0xe5, 0x48, 0x81, 0xec, 0x00, 0x10, 0x00, 0x00, 0x48, 0x83, 0x0c,
  0x24, 0x00, 0x48, 0x83, 0xec, 0x30, 0x89, 0xbd, 0xdc, 0xef, 0xff, 0xff,
  0xe8, 0x7d, 0xfe, 0xff, 0xff, 0x48, 0x89, 0x45, 0xf0, 0xe8, 0x41, 0x5f,
  0xff, 0xff, 0x48, 0x89, 0x45, 0xe8, 0x48, 0x8b, 0x55, 0xf0, 0x48, 0x8b,
  0x45, 0xe8, 0x48, 0x8d, 0x0c, 0x02, 0x48, 0x8d, 0x85, 0xe0, 0xef, 0xff,
  0xff, 0xba, 0x00, 0x10, 0x00, 0x00, 0x48, 0x89, 0xce, 0x48, 0x89, 0xc7,
  0xe8, 0xb7, 0x56, 0xff, 0xff, 0xc7, 0x45, 0xfc, 0x00, 0x01, 0x00, 0x00,
  0xeb, 0x30, 0x8b, 0x45, 0xfc, 0x48, 0x98, 0x48, 0x8b, 0x84, 0xc5, 0xe0,
  0xef, 0xff, 0xff, 0x48, 0x85, 0xc0, 0x75, 0x1a, 0x8b, 0x85, 0xdc, 0xef,
  0xff, 0xff, 0x8d, 0x50, 0xff, 0x89, 0x95, 0xdc, 0xef, 0xff, 0xff, 0x85,
  0xc0, 0x75, 0x07, 0x8b, 0x45, 0xfc, 0x48, 0x98, 0xeb, 0x0d, 0x83, 0x45,
  0xfc, 0x01, 0x81, 0x7d, 0xfc, 0xff, 0x01, 0x00, 0x00, 0x7e, 0xc7, 0xc9,
  0xc3, 0xf3, 0x0f, 0x1e, 0xfa, 0x55, 0x48, 0x89, 0xe5, 0x48, 0x81, 0xec,
  0xb0, 0x00, 0x00, 0x00, 0x48, 0x89, 0xbd, 0x68, 0xff, 0xff, 0xff, 0x48,
  0x89, 0xb5, 0x60, 0xff, 0xff, 0xff, 0x48, 0x89, 0x95, 0x58, 0xff, 0xff,
  0xff, 0x48, 0x89, 0x8d, 0x50, 0xff, 0xff, 0xff, 0xe8, 0xd9, 0xfd, 0xff,
  0xff, 0x48, 0x89, 0x45, 0xe8, 0xe8, 0x9d, 0x5e, 0xff, 0xff, 0x48, 0x89,
  0x45, 0xe0, 0x48, 0x8b, 0x85, 0x60, 0xff, 0xff, 0xff, 0x48, 0x8b, 0x00,
  0x48, 0x89, 0x45, 0xd8, 0x48, 0x8b, 0x85, 0x60, 0xff, 0xff, 0xff, 0x48,
  0x83, 0xc0, 0x08, 0x48, 0x8b, 0x00, 0x48, 0x89, 0x45, 0xd0, 0x48, 0x8b,
  0x85, 0x58, 0xff, 0xff, 0xff, 0x25, 0xff, 0xff, 0x1f, 0x00, 0x48, 0x85,
  0xc0, 0x75, 0x26, 0x48, 0xb8, 0xff, 0xff, 0xff, 0xff, 0x7f, 0x00, 0x00,
  0x00, 0x48, 0x23, 0x85, 0x50, 0xff, 0xff, 0xff, 0x48, 0x85, 0xc0, 0x75,
  0x10, 0x48, 0x8b, 0x45, 0xd0, 0x48, 0x2b, 0x45, 0xd8, 0x48, 0x3d, 0x00,
  0x00, 0x20, 0x00, 0x76, 0x0a, 0xbf, 0x25, 0x01, 0x00, 0x00, 0xe8, 0x55,
  0xf2, 0xff, 0xff, 0x48, 0x8b, 0x85, 0x68, 0xff, 0xff, 0xff, 0x48, 0x89,
  0x45, 0xc8, 0x48, 0x8b, 0x45, 0xc8, 0xba, 0x00, 0x10, 0x00, 0x00, 0x48,
  0x8d, 0x0d, 0x8e, 0x77, 0x01, 0x00, 0x48, 0x89, 0xce, 0x48, 0x89, 0xc7,
  0xe8, 0x7b, 0x56, 0xff, 0xff, 0x48, 0x8b, 0x55, 0xe8, 0x48, 0x8b, 0x45,
  0xe0, 0x48, 0x01, 0xd0, 0x48, 0x05, 0x00, 0x08, 0x00, 0x00, 0x48, 0x89,
  0xc1, 0x48, 0x8b, 0x45, 0xc8, 0x48, 0x05, 0x00, 0x08, 0x00, 0x00, 0xba,
  0x00, 0x08, 0x00, 0x00, 0x48, 0x89, 0xce, 0x48, 0x89, 0xc7, 0xe8, 0xe1,
  0x6a, 0xff, 0xff, 0x48, 0x8b, 0x85, 0x68, 0xff, 0xff, 0xff, 0x48, 0x05,
  0x00, 0x10, 0x00, 0x00, 0x48, 0x89, 0x45, 0xc0, 0x48, 0x8b, 0x85, 0x68,
  0xff, 0xff, 0xff, 0x48, 0x05, 0x00, 0x40, 0x00, 0x00, 0x48, 0x89, 0x45,
  0xb8, 0x48, 0x8b, 0x45, 0xc0, 0x48, 0x89, 0xc7, 0xe8, 0x24, 0xfd, 0xff,
  0xff, 0x48, 0x83, 0xc8, 0x07, 0x48, 0x89, 0x45, 0xa0, 0x48, 0x8b, 0x85,
  0x58, 0xff, 0xff, 0xff, 0x48, 0xc1, 0xe8, 0x27, 0x25, 0xff, 0x01, 0x00,
  0x00, 0x48, 0x8d, 0x14, 0xc5, 0x00, 0x00, 0x00, 0x00, 0x48, 0x8b, 0x45,
  0xc8, 0x48, 0x8d, 0x0c, 0x02, 0x48, 0x8d, 0x45, 0xa0, 0xba, 0x08, 0x00,
  0x00, 0x00, 0x48, 0x89, 0xc6, 0x48, 0x89, 0xcf, 0xe8, 0xe3, 0x55, 0xff,
  0xff, 0x48, 0x8b, 0x45, 0xb8, 0x48, 0x89, 0xc7, 0xe8, 0xdc, 0xfc, 0xff,
  0xff, 0x48, 0x83, 0xc8, 0x07, 0x48, 0x89, 0x45, 0x98, 0x48, 0x8b, 0x85,
  0x50, 0xff, 0xff, 0xff, 0x48, 0xc1, 0xe8, 0x27, 0x25, 0xff, 0x01, 0x00,
  0x00, 0x48, 0x8d, 0x14, 0xc5, 0x00, 0x00, 0x00, 0x00, 0x48, 0x8b, 0x45,
  0xc8, 0x48, 0x8d, 0x0c, 0x02, 0x48, 0x8d, 0x45, 0x98, 0xba, 0x08, 0x00,
  0x00, 0x00, 0x48, 0x89, 0xc6, 0x48, 0x89, 0xcf, 0xe8, 0x9b, 0x55, 0xff,
  0xff, 0x48, 0x8b, 0x45, 0xc0, 0xba, 0x00, 0x10, 0x00, 0x00, 0x48, 0x8d,
  0x0d, 0x93, 0x76, 0x01, 0x00, 0x48, 0x89, 0xce, 0x48, 0x89, 0xc7, 0xe8,
  0x80, 0x55, 0xff, 0xff, 0x48, 0x8b, 0x85, 0x68, 0xff, 0xff, 0xff, 0x48,
  0x05, 0x00, 0x20, 0x00, 0x00, 0x48, 0x89, 0x45, 0xb0, 0x48, 0x8b, 0x45,
  0xb0, 0x48, 0x89, 0xc7, 0xe8, 0x68, 0xfc, 0xff, 0xff, 0x48, 0x83, 0xc8,
  0x07, 0x48, 0x89, 0x45, 0x90, 0x48, 0x8b, 0x85, 0x58, 0xff, 0xff, 0xff,
  0x48, 0xc1, 0xe8, 0x1e, 0x25, 0xff, 0x01, 0x00, 0x00, 0x48, 0x8d, 0x14,
  0xc5, 0x00, 0x00, 0x00, 0x00, 0x48, 0x8b, 0x45, 0xc0, 0x48, 0x8d, 0x0c,
  0x02, 0x48, 0x8d, 0x45, 0x90, 0xba, 0x08, 0x00, 0x00, 0x00, 0x48, 0x89,
  0xc6, 0x48, 0x89, 0xcf, 0xe8, 0x27, 0x55, 0xff, 0xff, 0x48, 0x8b, 0x45,
  0xb0, 0xba, 0x00, 0x10, 0x00, 0x00, 0x48, 0x8d, 0x0d, 0x1f, 0x76, 0x01,
  0x00, 0x48, 0x89, 0xce, 0x48, 0x89, 0xc7, 0xe8, 0x0c, 0x55, 0xff, 0xff,
  0x48, 0x8b, 0x85, 0x68, 0xff, 0xff, 0xff, 0x48, 0x05, 0x00, 0x30, 0x00,
  0x00, 0x48, 0x89, 0x45, 0xa8, 0x48, 0x8b, 0x45, 0xa8, 0x48, 0x89, 0xc7,
  0xe8, 0xf4, 0xfb, 0xff, 0xff, 0x48, 0x83, 0xc8, 0x07, 0x48, 0x89, 0x45,
  0x88, 0x48, 0x8b, 0x85, 0x58, 0xff, 0xff, 0xff, 0x48, 0xc1, 0xe8, 0x15,
  0x25, 0xff, 0x01, 0x00, 0x00, 0x48, 0x8d, 0x14, 0xc5, 0x00, 0x00, 0x00,
  0x00, 0x48, 0x8b, 0x45, 0xb0, 0x48, 0x8d, 0x0c, 0x02, 0x48, 0x8d, 0x45,
  0x88, 0xba, 0x08, 0x00, 0x00, 0x00, 0x48, 0x89, 0xc6, 0x48, 0x89, 0xcf,
  0xe8, 0xb3, 0x54, 0xff, 0xff, 0x48, 0x8b, 0x45, 0xa8, 0xba, 0x00, 0x10,
  0x00, 0x00, 0x48, 0x8d, 0x0d, 0xab, 0x75, 0x01, 0x00, 0x48, 0x89, 0xce,
  0x48, 0x89, 0xc7, 0xe8, 0x98, 0x54, 0xff, 0xff, 0x48, 0xc7, 0x45, 0xf8,
  0x00, 0x00, 0x00, 0x00, 0xeb, 0x4f, 0x48, 0x8b, 0x45, 0xf8, 0x48, 0xc1,
  0xe0, 0x0c, 0x48, 0x89, 0xc2, 0x48, 0x8b, 0x45, 0xd8, 0x48, 0x01, 0xd0,
  0x48, 0x89, 0xc7, 0xe8, 0x79, 0xfb, 0xff, 0xff, 0x48, 0x83, 0xc8, 0x07,
  0x48, 0x89, 0x45, 0x80, 0x48, 0x8b, 0x45, 0xf8, 0x48, 0x8d, 0x14, 0xc5,
  0x00, 0x00, 0x00, 0x00, 0x48, 0x8b, 0x45, 0xa8, 0x48, 0x8d, 0x0c, 0x02,
  0x48, 0x8d, 0x45, 0x80, 0xba, 0x08, 0x00, 0x00, 0x00, 0x48, 0x89, 0xc6,
  0x48, 0x89, 0xcf, 0xe8, 0x44, 0x54, 0xff, 0xff, 0x48, 0x83, 0x45, 0xf8,
  0x01, 0x48, 0x8b, 0x45, 0xf8, 0x48, 0xc1, 0xe0, 0x0c, 0x48, 0x89, 0xc2,
  0x48, 0x8b, 0x45, 0xd8, 0x48, 0x01, 0xd0, 0x48, 0x3b, 0x45, 0xd0, 0x72,
  0x99, 0x48, 0xc7, 0x45, 0xf0, 0x00, 0x00, 0x00, 0x00, 0xeb, 0x41, 0x48,
  0x8b, 0x45, 0xf0, 0x48, 0xc1, 0xe0, 0x1e, 0x0c, 0x87, 0x48, 0x89, 0x85,
  0x78, 0xff, 0xff, 0xff, 0x48, 0x8b, 0x45, 0xf0, 0x48, 0x8d, 0x14, 0xc5,
  0x00, 0x00, 0x00, 0x00, 0x48, 0x8b, 0x45, 0xb8, 0x48, 0x8d, 0x0c, 0x02,
  0x48, 0x8d, 0x85, 0x78, 0xff, 0xff, 0xff, 0xba, 0x08, 0x00, 0x00, 0x00,
  0x48, 0x89, 0xc6, 0x48, 0x89, 0xcf, 0xe8, 0xe1, 0x53, 0xff, 0xff, 0x48,
  0x83, 0x45, 0xf0, 0x01, 0x48, 0x81, 0x7d, 0xf0, 0xff, 0x01, 0x00, 0x00,
  0x76, 0xb5, 0x90, 0x90, 0xc9, 0xc3, 0xf3, 0x0f, 0x1e, 0xfa, 0x55, 0x48,
  0x89, 0xe5, 0x48, 0x81, 0xec, 0x90, 0x04, 0x00, 0x00, 0x48, 0x89, 0xbd,
  0x78, 0xfb, 0xff, 0xff, 0xc7, 0x45, 0xfc, 0x01, 0x00, 0x00, 0x00, 0xe9,
  0xd4, 0x00, 0x00, 0x00, 0x48, 0xc7, 0x45, 0xe0, 0x48, 0x04, 0x00, 0x00,
  0xc7, 0x45, 0xd0, 0x01, 0x00, 0x00, 0x00, 0xc7, 0x45, 0xd4, 0x0e, 0x00,
  0x00, 0x00, 0xc7, 0x45, 0xd8, 0x01, 0x00, 0x00, 0x00, 0x8b, 0x45, 0xfc,
  0x89, 0x45, 0xdc, 0x48, 0x8d, 0x95, 0x80, 0xfb, 0xff, 0xff, 0xb8, 0x00,
  0x00, 0x00, 0x00, 0xb9, 0x89, 0x00, 0x00, 0x00, 0x48, 0x89, 0xd7, 0xf3,
  0x48, 0xab, 0x48, 0x89, 0xfa, 0x88, 0x02, 0x48, 0x83, 0xc2, 0x01, 0x48,
  0x8d, 0x4d, 0xe0, 0x48, 0x8d, 0x95, 0x80, 0xfb, 0xff, 0xff, 0x48, 0x8d,
  0x45, 0xd0, 0x41, 0xb9, 0x00, 0x00, 0x00, 0x00, 0x41, 0xb8, 0x00, 0x00,
  0x00, 0x00, 0xbe, 0x04, 0x00, 0x00, 0x00, 0x48, 0x89, 0xc7, 0xe8, 0xb2,
  0x4d, 0xff, 0xff, 0x48, 0x8d, 0x85, 0x80, 0xfb, 0xff, 0xff, 0x48, 0x05,
  0xbf, 0x01, 0x00, 0x00, 0x48, 0x89, 0x45, 0xf0, 0x48, 0x8b, 0x85, 0x78,
  0xfb, 0xff, 0xff, 0x48, 0x89, 0x45, 0xe8, 0x90, 0x48, 0x8b, 0x45, 0xf0,
  0x0f, 0xb6, 0x00, 0x84, 0xc0, 0x74, 0x22, 0x48, 0x8b, 0x45, 0xf0, 0x48,
  0x8d, 0x50, 0x01, 0x48, 0x89, 0x55, 0xf0, 0x0f, 0xb6, 0x08, 0x48, 0x8b,
  0x45, 0xe8, 0x48, 0x8d, 0x50, 0x01, 0x48, 0x89, 0x55, 0xe8, 0x0f, 0xb6,
  0x00, 0x38, 0xc1, 0x74, 0xd3, 0x48, 0x8b, 0x45, 0xf0, 0x0f, 0xb6, 0x00,
  0x84, 0xc0, 0x75, 0x10, 0x48, 0x8b, 0x45, 0xe8, 0x0f, 0xb6, 0x00, 0x84,
  0xc0, 0x75, 0x05, 0x8b, 0x45, 0xfc, 0xeb, 0x16, 0x83, 0x45, 0xfc, 0x01,
  0x81, 0x7d, 0xfc, 0xff, 0x03, 0x00, 0x00, 0x0f, 0x8e, 0x1f, 0xff, 0xff,
  0xff, 0xb8, 0xff, 0xff, 0xff, 0xff, 0xc9, 0xc3, 0xf3, 0x0f, 0x1e, 0xfa,
  0x55, 0x48, 0x89, 0xe5, 0x48, 0x81, 0xec, 0x10, 0x01, 0x00, 0x00, 0x89,
  0xbd, 0xfc, 0xfe, 0xff, 0xff, 0x89, 0xb5, 0xf8, 0xfe, 0xff, 0xff, 0x48,
  0x89, 0x95, 0x60, 0xff, 0xff, 0xff, 0x48, 0x89, 0x8d, 0x68, 0xff, 0xff,
  0xff, 0x4c, 0x89, 0x85, 0x70, 0xff, 0xff, 0xff, 0x4c, 0x89, 0x8d, 0x78,
  0xff, 0xff, 0xff, 0x84, 0xc0, 0x74, 0x20, 0x0f, 0x29, 0x45, 0x80, 0x0f,
  0x29, 0x4d, 0x90, 0x0f, 0x29, 0x55, 0xa0, 0x0f, 0x29, 0x5d, 0xb0, 0x0f,
  0x29, 0x65, 0xc0, 0x0f, 0x29, 0x6d, 0xd0, 0x0f, 0x29, 0x75, 0xe0, 0x0f,
  0x29, 0x7d, 0xf0, 0xc7, 0x85, 0x30, 0xff, 0xff, 0xff, 0x10, 0x00, 0x00,
  0x00, 0xc7, 0x85, 0x34, 0xff, 0xff, 0xff, 0x30, 0x00, 0x00, 0x00, 0x48,
  0x8d, 0x45, 0x10, 0x48, 0x89, 0x85, 0x38, 0xff, 0xff, 0xff, 0x48, 0x8d,
  0x85, 0x50, 0xff, 0xff, 0xff, 0x48, 0x89, 0x85, 0x40, 0xff, 0xff, 0xff,
  0xc7, 0x85, 0x4c, 0xff, 0xff, 0xff, 0x00, 0x00, 0x00, 0x00, 0xeb, 0x5a,
  0x8b, 0x85, 0x30, 0xff, 0xff, 0xff, 0x83, 0xf8, 0x2f, 0x77, 0x23, 0x48,
  0x8b, 0x85, 0x40, 0xff, 0xff, 0xff, 0x8b, 0x95, 0x30, 0xff, 0xff, 0xff,
  0x89, 0xd2, 0x48, 0x01, 0xd0, 0x8b, 0x95, 0x30, 0xff, 0xff, 0xff, 0x83,
  0xc2, 0x08, 0x89, 0x95, 0x30, 0xff, 0xff, 0xff, 0xeb, 0x12, 0x48, 0x8b,
  0x85, 0x38, 0xff, 0xff, 0xff, 0x48, 0x8d, 0x50, 0x08, 0x48, 0x89, 0x95,
  0x38, 0xff, 0xff, 0xff, 0x48, 0x8b, 0x10, 0x8b, 0x85, 0x4c, 0xff, 0xff,
  0xff, 0x48, 0x98, 0x48, 0x89, 0x94, 0xc5, 0x00, 0xff, 0xff, 0xff, 0x83,
  0x85, 0x4c, 0xff, 0xff, 0xff, 0x01, 0x83, 0xbd, 0x4c, 0xff, 0xff, 0xff,
  0x05, 0x7e, 0x9d, 0x48, 0x8d, 0x95, 0x00, 0xff, 0xff, 0xff, 0x8b, 0x85,
  0xf8, 0xfe, 0xff, 0xff, 0x48, 0x63, 0xf0, 0x8b, 0x85, 0xfc, 0xfe, 0xff,
  0xff, 0x48, 0x98, 0x48, 0x83, 0xec, 0x08, 0x6a, 0x27, 0xc7, 0x44, 0x24,
  0x04, 0x05, 0x00, 0x00, 0x00, 0x41, 0xb9, 0x00, 0x00, 0x00, 0x00, 0x41,
  0xb8, 0x00, 0x00, 0x00, 0x00, 0xb9, 0x00, 0x00, 0x00, 0x00, 0x48, 0x89,
  0xc7, 0xe8, 0x14, 0xf8, 0xff, 0xff, 0x48, 0x83, 0xc4, 0x10, 0xc9, 0xc3,
  0xf3, 0x0f, 0x1e, 0xfa, 0x55, 0x48, 0x89, 0xe5, 0x48, 0x81, 0xec, 0xf0,
  0x00, 0x00, 0x00, 0x48, 0x89, 0xbd, 0x18, 0xff, 0xff, 0xff, 0x48, 0x8b,
  0x85, 0x18, 0xff, 0xff, 0xff, 0xbe, 0x00, 0x00, 0x00, 0x00, 0x48, 0x89,
  0xc7, 0xb8, 0x00, 0x00, 0x00, 0x00, 0xe8, 0x75, 0x4b, 0xff, 0xff, 0x89,
  0x45, 0xf0, 0x83, 0x7d, 0xf0, 0x00, 0x75, 0x0a, 0xb8, 0x00, 0x00, 0x00,
  0x00, 0xe9, 0x3e, 0x01, 0x00, 0x00, 0x48, 0x8d, 0x4d, 0xa0, 0x8b, 0x45,
  0xf0, 0xba, 0x20, 0x00, 0x00, 0x00, 0x48, 0x89, 0xce, 0x89, 0xc7, 0xe8,
  0x38, 0x4b, 0xff, 0xff, 0x48, 0x83, 0xf8, 0x20, 0x74, 0x14, 0x8b, 0x45,
  0xf0, 0x89, 0xc7, 0xe8, 0x46, 0x4b, 0xff, 0xff, 0xb8, 0x00, 0x00, 0x00,
  0x00, 0xe9, 0x0e, 0x01, 0x00, 0x00, 0x48, 0x8b, 0x45, 0xb8, 0x0f, 0xb7,
  0xc0, 0x48, 0x83, 0xc0, 0x01, 0x48, 0xc1, 0xe0, 0x05, 0x48, 0x89, 0x45,
  0xe8, 0x48, 0x8b, 0x4d, 0xe8, 0x8b, 0x45, 0xf0, 0xba, 0x00, 0x00, 0x00,
  0x00, 0x48, 0x89, 0xce, 0x89, 0xc7, 0xe8, 0x90, 0x4b, 0xff, 0xff, 0x48,
  0x8d, 0x8d, 0x60, 0xff, 0xff, 0xff, 0x8b, 0x45, 0xf0, 0xba, 0x40, 0x00,
  0x00, 0x00, 0x48, 0x89, 0xce, 0x89, 0xc7, 0xe8, 0xdc, 0x4a, 0xff, 0xff,
  0x48, 0x83, 0xf8, 0x40, 0x74, 0x14, 0x8b, 0x45, 0xf0, 0x89, 0xc7, 0xe8,
  0xea, 0x4a, 0xff, 0xff, 0xb8, 0x00, 0x00, 0x00, 0x00, 0xe9, 0xb2, 0x00,
  0x00, 0x00, 0x48, 0x8b, 0x55, 0x80, 0x48, 0x8b, 0x45, 0xe8, 0x48, 0x01,
  0xd0, 0x48, 0x89, 0x45, 0xe0, 0x48, 0x8b, 0x45, 0x98, 0x25, 0xff, 0xff,
  0x00, 0x00, 0x89, 0x45, 0xdc, 0x48, 0xc7, 0x45, 0xf8, 0x00, 0x00, 0x00,
  0x00, 0x48, 0x8b, 0x4d, 0xe0, 0x8b, 0x45, 0xf0, 0xba, 0x00, 0x00, 0x00,
  0x00, 0x48, 0x89, 0xce, 0x89, 0xc7, 0xe8, 0x24, 0x4b, 0xff, 0xff, 0xc7,
  0x45, 0xf4, 0x00, 0x00, 0x00, 0x00, 0xeb, 0x5a, 0x48, 0x8d, 0x8d, 0x20,
  0xff, 0xff, 0xff, 0x8b, 0x45, 0xf0, 0xba, 0x38, 0x00, 0x00, 0x00, 0x48,
  0x89, 0xce, 0x89, 0xc7, 0xe8, 0x67, 0x4a, 0xff, 0xff, 0x48, 0x83, 0xf8,
  0x38, 0x74, 0x11, 0x8b, 0x45, 0xf0, 0x89, 0xc7, 0xe8, 0x75, 0x4a, 0xff,
  0xff, 0xb8, 0x00, 0x00, 0x00, 0x00, 0xeb, 0x40, 0x48, 0x8b, 0x85, 0x30,
  0xff, 0xff, 0xff, 0x48, 0x89, 0x45, 0xd0, 0x48, 0x8b, 0x85, 0x20, 0xff,
  0xff, 0xff, 0x89, 0x45, 0xcc, 0x81, 0x7d, 0xcc, 0x50, 0xe5, 0x74, 0x64,
  0x75, 0x08, 0x48, 0x8b, 0x45, 0xd0, 0x48, 0x89, 0x45, 0xf8, 0x83, 0x45,
  0xf4, 0x01, 0x8b, 0x45, 0xf4, 0x3b, 0x45, 0xdc, 0x7c, 0x9e, 0x8b, 0x45,
  0xf0, 0x89, 0xc7, 0xe8, 0x32, 0x4a, 0xff, 0xff, 0x48, 0x8b, 0x45, 0xf8,
  0xc9, 0xc3, 0xf3, 0x0f, 0x1e, 0xfa, 0x55, 0x48, 0x89, 0xe5, 0x48, 0x83,
  0xec, 0x20, 0x48, 0x89, 0x7d, 0xe8, 0xe8, 0x41, 0x62, 0xff, 0xff, 0xc1,
  0xe8, 0x10, 0x89, 0x45, 0xfc, 0x81, 0x7d, 0xfc, 0x61, 0x07, 0x00, 0x00,
  0x0f, 0x84, 0xb5, 0x02, 0x00, 0x00, 0x81, 0x7d, 0xfc, 0x61, 0x07, 0x00,
  0x00, 0x0f, 0x87, 0xbc, 0x02, 0x00, 0x00, 0x81, 0x7d, 0xfc, 0x50, 0x06,
  0x00, 0x00, 0x0f, 0x84, 0x87, 0x02, 0x00, 0x00, 0x81, 0x7d, 0xfc, 0x50,
  0x06, 0x00, 0x00, 0x0f, 0x87, 0xa2, 0x02, 0x00, 0x00, 0x81, 0x7d, 0xfc,
  0x50, 0x05, 0x00, 0x00, 0x0f, 0x84, 0x59, 0x02, 0x00, 0x00, 0x81, 0x7d,
  0xfc, 0x50, 0x05, 0x00, 0x00, 0x0f, 0x87, 0x88, 0x02, 0x00, 0x00, 0x81,
  0x7d, 0xfc, 0x10, 0x05, 0x00, 0x00, 0x0f, 0x84, 0x2b, 0x02, 0x00, 0x00,
  0x81, 0x7d, 0xfc, 0x10, 0x05, 0x00, 0x00, 0x0f, 0x87, 0x6e, 0x02, 0x00,
  0x00, 0x81, 0x7d, 0xfc, 0x02, 0x05, 0x00, 0x00, 0x0f, 0x84, 0xfd, 0x01,
  0x00, 0x00, 0x81, 0x7d, 0xfc, 0x02, 0x05, 0x00, 0x00, 0x0f, 0x87, 0x54,
  0x02, 0x00, 0x00, 0x81, 0x7d, 0xfc, 0x00, 0x05, 0x00, 0x00, 0x0f, 0x84,
  0xcf, 0x01, 0x00, 0x00, 0x81, 0x7d, 0xfc, 0x00, 0x05, 0x00, 0x00, 0x0f,
  0x87, 0x3a, 0x02, 0x00, 0x00, 0x81, 0x7d, 0xfc, 0x51, 0x04, 0x00, 0x00,
  0x0f, 0x84, 0xa1, 0x01, 0x00, 0x00, 0x81, 0x7d, 0xfc, 0x51, 0x04, 0x00,
  0x00, 0x0f, 0x87, 0x20, 0x02, 0x00, 0x00, 0x81, 0x7d, 0xfc, 0x50, 0x04,
  0x00, 0x00, 0x0f, 0x84, 0x70, 0x01, 0x00, 0x00, 0x81, 0x7d, 0xfc, 0x50,
  0x04, 0x00, 0x00, 0x0f, 0x87, 0x06, 0x02, 0x00, 0x00, 0x81, 0x7d, 0xfc,
  0x03, 0x04, 0x00, 0x00, 0x0f, 0x84, 0x3f, 0x01, 0x00, 0x00, 0x81, 0x7d,
  0xfc, 0x03, 0x04, 0x00, 0x00, 0x0f, 0x87, 0xec, 0x01, 0x00, 0x00, 0x81,
  0x7d, 0xfc, 0x02, 0x04, 0x00, 0x00, 0x0f, 0x84, 0x0e, 0x01, 0x00, 0x00,
  0x81, 0x7d, 0xfc, 0x02, 0x04, 0x00, 0x00, 0x0f, 0x87, 0xd2, 0x01, 0x00,
  0x00, 0x81, 0x7d, 0xfc, 0x00, 0x04, 0x00, 0x00, 0x0f, 0x84, 0xdd, 0x00,
  0x00, 0x00, 0x81, 0x7d, 0xfc, 0x00, 0x04, 0x00, 0x00, 0x0f, 0x87, 0xb8,
  0x01, 0x00, 0x00, 0x81, 0x7d, 0xfc, 0x21, 0x03, 0x00, 0x00, 0x0f, 0x84,
  0xac, 0x00, 0x00, 0x00, 0x81, 0x7d, 0xfc, 0x21, 0x03, 0x00, 0x00, 0x0f,
  0x87, 0x9e, 0x01, 0x00, 0x00, 0x81, 0x7d, 0xfc, 0x20, 0x03, 0x00, 0x00,
  0x74, 0x7f, 0x81, 0x7d, 0xfc, 0x20, 0x03, 0x00, 0x00, 0x0f, 0x87, 0x88,
  0x01, 0x00, 0x00, 0x81, 0x7d, 0xfc, 0x10, 0x03, 0x00, 0x00, 0x74, 0x52,
  0x81, 0x7d, 0xfc, 0x10, 0x03, 0x00, 0x00, 0x0f, 0x87, 0x72, 0x01, 0x00,
  0x00, 0x81, 0x7d, 0xfc, 0x50, 0x02, 0x00, 0x00, 0x74, 0x0e, 0x81, 0x7d,
  0xfc, 0x00, 0x03, 0x00, 0x00, 0x74, 0x1c, 0xe9, 0x5b, 0x01, 0x00, 0x00,
  0x48, 0x8b, 0x45, 0xe8, 0x48, 0xc7, 0x00, 0xf0, 0x00, 0x00, 0x00, 0x48,
  0x8d, 0x05, 0x86, 0x4e, 0x01, 0x00, 0xe9, 0x49, 0x01, 0x00, 0x00, 0x48,
  0x8b, 0x45, 0xe8, 0x48, 0xc7, 0x00, 0xd0, 0x00, 0x00, 0x00, 0x48, 0x8d,
  0x05, 0x6f, 0x4f, 0x01, 0x00, 0xe9, 0x32, 0x01, 0x00, 0x00, 0x48, 0x8b,
  0x45, 0xe8, 0x48, 0xc7, 0x00, 0xd0, 0x00, 0x00, 0x00, 0x48, 0x8d, 0x05,
  0x38, 0x50, 0x01, 0x00, 0xe9, 0x1b, 0x01, 0x00, 0x00, 0x48, 0x8b, 0x45,
  0xe8, 0x48, 0xc7, 0x00, 0xd0, 0x00, 0x00, 0x00, 0x48, 0x8d, 0x05, 0x01,
  0x51, 0x01, 0x00, 0xe9, 0x04, 0x01, 0x00, 0x00, 0x48, 0x8b, 0x45, 0xe8,
  0x48, 0xc7, 0x00, 0xd0, 0x00, 0x00, 0x00, 0x48, 0x8d, 0x05, 0xca, 0x51,
  0x01, 0x00, 0xe9, 0xed, 0x00, 0x00, 0x00, 0x48, 0x8b, 0x45, 0xe8, 0x48,
  0xc7, 0x00, 0xd0, 0x00, 0x00, 0x00, 0x48, 0x8d, 0x05, 0x93, 0x52, 0x01,
  0x00, 0xe9, 0xd6, 0x00, 0x00, 0x00, 0x48, 0x8b, 0x45, 0xe8, 0x48, 0xc7,
  0x00, 0xd0, 0x00, 0x00, 0x00, 0x48, 0x8d, 0x05, 0x5c, 0x53, 0x01, 0x00,
  0xe9, 0xbf, 0x00, 0x00, 0x00, 0x48, 0x8b, 0x45, 0xe8, 0x48, 0xc7, 0x00,
  0xf0, 0x00, 0x00, 0x00, 0x48, 0x8d, 0x05, 0x25, 0x54, 0x01, 0x00, 0xe9,
  0xa8, 0x00, 0x00, 0x00, 0x48, 0x8b, 0x45, 0xe8, 0x48, 0xc7, 0x00, 0xf0,
  0x00, 0x00, 0x00, 0x48, 0x8d, 0x05, 0x0e, 0x55, 0x01, 0x00, 0xe9, 0x91,
  0x00, 0x00, 0x00, 0x48, 0x8b, 0x45, 0xe8, 0x48, 0xc7, 0x00, 0xf0, 0x00,
  0x00, 0x00, 0x48, 0x8d, 0x05, 0xf7, 0x55, 0x01, 0x00, 0xeb, 0x7d, 0x48,
  0x8b, 0x45, 0xe8, 0x48, 0xc7, 0x00, 0xf0, 0x00, 0x00, 0x00, 0x48, 0x8d,
  0x05, 0xe3, 0x56, 0x01, 0x00, 0xeb, 0x69, 0x48, 0x8b, 0x45, 0xe8, 0x48,
  0xc7, 0x00, 0xf0, 0x00, 0x00, 0x00, 0x48, 0x8d, 0x05, 0xcf, 0x57, 0x01,
  0x00, 0xeb, 0x55, 0x48, 0x8b, 0x45, 0xe8, 0x48, 0xc7, 0x00, 0xf0, 0x00,
  0x00, 0x00, 0x48, 0x8d, 0x05, 0xbb, 0x58, 0x01, 0x00, 0xeb, 0x41, 0x48,
  0x8b, 0x45, 0xe8, 0x48, 0xc7, 0x00, 0xf0, 0x00, 0x00, 0x00, 0x48, 0x8d,
  0x05, 0xa7, 0x59, 0x01, 0x00, 0xeb, 0x2d, 0x48, 0x8b, 0x45, 0xe8, 0x48,
  0xc7, 0x00, 0xf0, 0x00, 0x00, 0x00, 0x48, 0x8d, 0x05, 0x93, 0x5a, 0x01,
  0x00, 0xeb, 0x19, 0x48, 0x8b, 0x45, 0xe8, 0x48, 0xc7, 0x00, 0xf0, 0x00,
  0x00, 0x00, 0x48, 0x8d, 0x05, 0x7f, 0x5b, 0x01, 0x00, 0xeb, 0x05, 0xb8,
  0x00, 0x00, 0x00, 0x00, 0xc9, 0xc3, 0x55, 0x48, 0x89, 0xe5, 0x0f, 0x31,
  0x89, 0x45, 0xfc, 0x89, 0x55, 0xf8, 0x8b, 0x45, 0xf8, 0x48, 0xc1, 0xe0,
  0x20, 0x48, 0x89, 0xc2, 0x8b, 0x45, 0xfc, 0x48, 0x09, 0xd0, 0x5d, 0xc3,
  0xf3, 0x0f, 0x1e, 0xfa, 0x55, 0x48, 0x89, 0xe5, 0x48, 0x83, 0xec, 0x10,
  0xe8, 0xd1, 0xff, 0xff, 0xff, 0x48, 0x89, 0x45, 0xf0, 0xc7, 0x45, 0xfc,
  0x00, 0x00, 0x00, 0x00, 0xeb, 0x09, 0xe8, 0xfd, 0x46, 0xff, 0xff, 0x83,
  0x45, 0xfc, 0x01, 0x81, 0x7d, 0xfc, 0x3f, 0x42, 0x0f, 0x00, 0x7e, 0xee,
  0xe8, 0xad, 0xff, 0xff, 0xff, 0x48, 0x2b, 0x45, 0xf0, 0xc9, 0xc3, 0xf3,
  0x0f, 0x1e, 0xfa, 0x55, 0x48, 0x89, 0xe5, 0x48, 0x81, 0xec, 0x90, 0x0a,
  0x00, 0x00, 0x48, 0x89, 0xbd, 0x98, 0xf5, 0xff, 0xff, 0x89, 0xb5, 0x94,
  0xf5, 0xff, 0xff, 0x89, 0x95, 0x90, 0xf5, 0xff, 0xff, 0x48, 0x89, 0x8d,
  0x88, 0xf5, 0xff, 0xff, 0x4c, 0x89, 0x85, 0x80, 0xf5, 0xff, 0xff, 0x4c,
  0x89, 0x8d, 0x78, 0xf5, 0xff, 0xff, 0x48, 0x8b, 0x85, 0x78, 0xf5, 0xff,
  0xff, 0x48, 0x89, 0x05, 0xf0, 0x5b, 0x01, 0x00, 0x48, 0x8b, 0x05, 0xe9,
  0x5b, 0x01, 0x00, 0x48, 0x8d, 0x15, 0x13, 0x45, 0x00, 0x00, 0xbe, 0x01,
  0x00, 0x00, 0x00, 0xbf, 0xff, 0xff, 0xff, 0xff, 0xff, 0xd0, 0x48, 0x89,
  0x05, 0xd7, 0x5b, 0x01, 0x00, 0x48, 0x8b, 0x05, 0xc8, 0x5b, 0x01, 0x00,
  0x48, 0x8d, 0x15, 0xf9, 0x44, 0x00, 0x00, 0xbe, 0x02, 0x00, 0x00, 0x00,
  0xbf, 0xff, 0xff, 0xff, 0xff, 0xff, 0xd0, 0x48, 0x89, 0x05, 0xbe, 0x5b,
  0x01, 0x00, 0x48, 0x83, 0x7d, 0x10, 0x00, 0x0f, 0x84, 0xe6, 0x00, 0x00,
  0x00, 0x48, 0x8b, 0x45, 0x10, 0x48, 0x89, 0x85, 0x00, 0xff, 0xff, 0xff,
  0x48, 0xc7, 0xc0, 0x86, 0x59, 0x40, 0x00, 0x25, 0xff, 0x1f, 0x00, 0x00,
  0x48, 0x89, 0xc2, 0x48, 0xb8, 0x00, 0x00, 0x10, 0x26, 0x09, 0x00, 0x00,
  0x00, 0x48, 0x09, 0xd0, 0x48, 0x89, 0xc2, 0x48, 0x8b, 0x85, 0x00, 0xff,
  0xff, 0xff, 0x48, 0x89, 0x10, 0x48, 0xc7, 0xc0, 0x6f, 0x58, 0x40, 0x00,
  0x25, 0xff, 0x1f, 0x00, 0x00, 0x48, 0x89, 0xc2, 0x48, 0xb8, 0x00, 0x00,
  0x10, 0x26, 0x09, 0x00, 0x00, 0x00, 0x48, 0x09, 0xd0, 0x48, 0x89, 0xc2,
  0x48, 0x8b, 0x85, 0x00, 0xff, 0xff, 0xff, 0x48, 0x89, 0x50, 0x08, 0x48,
  0xc7, 0xc0, 0xf9, 0x55, 0x40, 0x00, 0x25, 0xff, 0x1f, 0x00, 0x00, 0x48,
  0x89, 0xc2, 0x48, 0xb8, 0x00, 0x00, 0x10, 0x26, 0x09, 0x00, 0x00, 0x00,
  0x48, 0x09, 0xd0, 0x48, 0x89, 0xc2, 0x48, 0x8b, 0x85, 0x00, 0xff, 0xff,
  0xff, 0x48, 0x89, 0x50, 0x18, 0x48, 0xc7, 0xc0, 0x1f, 0x58, 0x40, 0x00,
  0x25, 0xff, 0x1f, 0x00, 0x00, 0x48, 0x89, 0xc2, 0x48, 0xb8, 0x00, 0x00,
  0x10, 0x26, 0x09, 0x00, 0x00, 0x00, 0x48, 0x09, 0xd0, 0x48, 0x89, 0xc2,
  0x48, 0x8b, 0x85, 0x00, 0xff, 0xff, 0xff, 0x48, 0x89, 0x50, 0x20, 0x48,
  0xc7, 0xc0, 0x87, 0x57, 0x40, 0x00, 0x25, 0xff, 0x1f, 0x00, 0x00, 0x48,
  0x89, 0xc2, 0x48, 0xb8, 0x00, 0x00, 0x10, 0x26, 0x09, 0x00, 0x00, 0x00,
  0x48, 0x09, 0xd0, 0x48, 0x89, 0xc2, 0x48, 0x8b, 0x85, 0x00, 0xff, 0xff,
  0xff, 0x48, 0x89, 0x50, 0x10, 0xb8, 0x01, 0x00, 0x00, 0x00, 0xe9, 0x4e,
  0x20, 0x00, 0x00, 0x48, 0x8b, 0xbd, 0x80, 0xf5, 0xff, 0xff, 0x48, 0x8b,
  0x8d, 0x88, 0xf5, 0xff, 0xff, 0x8b, 0x95, 0x90, 0xf5, 0xff, 0xff, 0x8b,
  0xb5, 0x94, 0xf5, 0xff, 0xff, 0x48, 0x8b, 0x85, 0x98, 0xf5, 0xff, 0xff,
  0x49, 0x89, 0xf8, 0x48, 0x89, 0xc7, 0xe8, 0xff, 0x5c, 0xff, 0xff, 0x85,
  0xc0, 0x74, 0x19, 0x48, 0x8d, 0x05, 0xc6, 0x43, 0x00, 0x00, 0x48, 0x89,
  0xc7, 0xe8, 0x00, 0xe6, 0xff, 0xff, 0xb8, 0x01, 0x00, 0x00, 0x00, 0xe9,
  0x05, 0x20, 0x00, 0x00, 0x48, 0x8b, 0x15, 0x7d, 0x5a, 0x01, 0x00, 0x48,
  0x8d, 0x05, 0xd3, 0x43, 0x00, 0x00, 0x48, 0x89, 0xc7, 0xb8, 0x00, 0x00,
  0x00, 0x00, 0xff, 0xd2, 0x48, 0x8b, 0x05, 0x5d, 0x5a, 0x01, 0x00, 0xbf,
  0xa0, 0x86, 0x01, 0x00, 0xff, 0xd0, 0xe8, 0xf9, 0x44, 0xff, 0xff, 0x48,
  0x8b, 0x05, 0x32, 0x5a, 0x01, 0x00, 0x48, 0x89, 0x05, 0x63, 0x6b, 0x01,
  0x00, 0x48, 0x8b, 0x15, 0x44, 0x5a, 0x01, 0x00, 0x48, 0x8d, 0x05, 0xac,
  0x43, 0x00, 0x00, 0x48, 0x89, 0xc7, 0xb8, 0x00, 0x00, 0x00, 0x00, 0xff,
  0xd2, 0x48, 0x8b, 0x05, 0x24, 0x5a, 0x01, 0x00, 0xbf, 0xa0, 0x86, 0x01,
  0x00, 0xff, 0xd0, 0x48, 0x83, 0xec, 0x08, 0x6a, 0x27, 0xc7, 0x44, 0x24,
  0x04, 0xff, 0xff, 0xff, 0xff, 0x41, 0xb9, 0x00, 0x00, 0x00, 0x00, 0x41,
  0xb8, 0x00, 0x00, 0x00, 0x00, 0xb9, 0x00, 0x00, 0x00, 0x00, 0xba, 0x00,
  0x00, 0x00, 0x00, 0xbe, 0x00, 0x00, 0x00, 0x00, 0xbf, 0x00, 0x00, 0x00,
  0x00, 0xe8, 0xe8, 0xf0, 0xff, 0xff, 0x48, 0x83, 0xc4, 0x10, 0x48, 0x85,
  0xc0, 0x75, 0x19, 0x48, 0x8d, 0x05, 0x6e, 0x43, 0x00, 0x00, 0x48, 0x89,
  0xc7, 0xe8, 0x4c, 0xe5, 0xff, 0xff, 0xb8, 0x01, 0x00, 0x00, 0x00, 0xe9,
  0x51, 0x1f, 0x00, 0x00, 0x48, 0x8b, 0x15, 0xc9, 0x59, 0x01, 0x00, 0x48,
  0x8d, 0x05, 0x6b, 0x43, 0x00, 0x00, 0x48, 0x89, 0xc7, 0xb8, 0x00, 0x00,
  0x00, 0x00, 0xff, 0xd2, 0x48, 0x8b, 0x05, 0xa9, 0x59, 0x01, 0x00, 0xbf,
  0xa0, 0x86, 0x01, 0x00, 0xff, 0xd0, 0x48, 0xc7, 0x85, 0xf8, 0xfe, 0xff,
  0xff, 0x00, 0x00, 0x00, 0x00, 0x48, 0x8d, 0x85, 0xf8, 0xfe, 0xff, 0xff,
  0x48, 0x89, 0xc7, 0xe8, 0xfa, 0xf9, 0xff, 0xff, 0x48, 0x89, 0x85, 0x78,
  0xff, 0xff, 0xff, 0x48, 0x83, 0xbd, 0x78, 0xff, 0xff, 0xff, 0x00, 0x75,
  0x19, 0x48, 0x8d, 0x05, 0x40, 0x43, 0x00, 0x00, 0x48, 0x89, 0xc7, 0xe8,
  0xe2, 0xe4, 0xff, 0xff, 0xb8, 0x01, 0x00, 0x00, 0x00, 0xe9, 0xe7, 0x1e,
  0x00, 0x00, 0xc7, 0x45, 0xfc, 0x00, 0x00, 0x00, 0x00, 0xeb, 0x3e, 0x48,
  0x8b, 0x15, 0x06, 0x68, 0x01, 0x00, 0x8b, 0x45, 0xfc, 0x6b, 0xc0, 0x68,
  0x48, 0x98, 0x48, 0x01, 0xd0, 0x48, 0x8d, 0x48, 0x3c, 0x48, 0x8d, 0x85,
  0x70, 0xfe, 0xff, 0xff, 0x8b, 0x55, 0xfc, 0x48, 0x63, 0xd2, 0x48, 0xc1,
  0xe2, 0x03, 0x48, 0x01, 0xd0, 0xba, 0x08, 0x00, 0x00, 0x00, 0x48, 0x89,
  0xce, 0x48, 0x89, 0xc7, 0xe8, 0xc7, 0x48, 0xff, 0xff, 0x83, 0x45, 0xfc,
  0x01, 0x83, 0x7d, 0xfc, 0x0f, 0x7e, 0xbc, 0x48, 0x8b, 0x05, 0xb2, 0x67,
  0x01, 0x00, 0x48, 0x8d, 0x48, 0x10, 0x48, 0x8d, 0x85, 0x68, 0xfe, 0xff,
  0xff, 0xba, 0x02, 0x00, 0x00, 0x00, 0x48, 0x89, 0xce, 0x48, 0x89, 0xc7,
  0xe8, 0x9b, 0x48, 0xff, 0xff, 0x48, 0x8b, 0x05, 0x90, 0x67, 0x01, 0x00,
  0x48, 0x8d, 0x48, 0x16, 0x48, 0x8d, 0x85, 0x68, 0xfe, 0xff, 0xff, 0x48,
  0x83, 0xc0, 0x02, 0xba, 0x06, 0x00, 0x00, 0x00, 0x48, 0x89, 0xce, 0x48,
  0x89, 0xc7, 0xe8, 0x75, 0x48, 0xff, 0xff, 0x48, 0x8b, 0x05, 0x6a, 0x67,
  0x01, 0x00, 0x48, 0x8d, 0x88, 0xd0, 0x00, 0x00, 0x00, 0x48, 0x8d, 0x85,
  0x60, 0xfe, 0xff, 0xff, 0xba, 0x02, 0x00, 0x00, 0x00, 0x48, 0x89, 0xce,
  0x48, 0x89, 0xc7, 0xe8, 0x50, 0x48, 0xff, 0xff, 0x48, 0x8b, 0x05, 0x45,
  0x67, 0x01, 0x00, 0x48, 0x8d, 0x88, 0xd6, 0x00, 0x00, 0x00, 0x48, 0x8d,
  0x85, 0x60, 0xfe, 0xff, 0xff, 0x48, 0x83, 0xc0, 0x02, 0xba, 0x06, 0x00,
  0x00, 0x00, 0x48, 0x89, 0xce, 0x48, 0x89, 0xc7, 0xe8, 0x27, 0x48, 0xff,
  0xff, 0x48, 0x8b, 0x15, 0x7c, 0x58, 0x01, 0x00, 0x48, 0x8d, 0x05, 0x69,
  0x42, 0x00, 0x00, 0x48, 0x89, 0xc7, 0xb8, 0x00, 0x00, 0x00, 0x00, 0xff,
  0xd2, 0x48, 0x8b, 0x05, 0x5c, 0x58, 0x01, 0x00, 0xbf, 0xa0, 0x86, 0x01,
  0x00, 0xff, 0xd0, 0x48, 0x8b, 0x15, 0x56, 0x58, 0x01, 0x00, 0x48, 0x8d,
  0x05, 0x5b, 0x42, 0x00, 0x00, 0x48, 0x89, 0xc7, 0xb8, 0x00, 0x00, 0x00,
  0x00, 0xff, 0xd2, 0x48, 0x8b, 0x05, 0x36, 0x58, 0x01, 0x00, 0xbf, 0xa0,
  0x86, 0x01, 0x00, 0xff, 0xd0, 0xc7, 0x45, 0xf8, 0x00, 0x00, 0x00, 0x00,
  0xeb, 0x0e, 0xbf, 0x00, 0x01, 0x00, 0x00, 0xe8, 0x6b, 0x59, 0xff, 0xff,
  0x83, 0x45, 0xf8, 0x02, 0x81, 0x7d, 0xf8, 0xff, 0x02, 0x00, 0x00, 0x7e,
  0xe9, 0xc7, 0x45, 0xf4, 0x00, 0x00, 0x00, 0x00, 0xe9, 0xa2, 0x00, 0x00,
  0x00, 0xbf, 0x00, 0x00, 0x80, 0x00, 0xe8, 0x48, 0x59, 0xff, 0xff, 0x8b,
  0x55, 0xf4, 0x48, 0x63, 0xd2, 0x48, 0x8d, 0x0c, 0xd5, 0x00, 0x00, 0x00,
  0x00, 0x48, 0x8d, 0x15, 0x24, 0x69, 0x01, 0x00, 0x48, 0x89, 0x04, 0x11,
  0x8b, 0x45, 0xf4, 0x48, 0x98, 0x48, 0x8d, 0x14, 0xc5, 0x00, 0x00, 0x00,
  0x00, 0x48, 0x8d, 0x05, 0x0c, 0x69, 0x01, 0x00, 0x48, 0x8b, 0x04, 0x02,
  0x48, 0x85, 0xc0, 0x74, 0xc0, 0x8b, 0x45, 0xf4, 0x48, 0x98, 0x48, 0x8d,
  0x14, 0xc5, 0x00, 0x00, 0x00, 0x00, 0x48, 0x8d, 0x05, 0xef, 0x68, 0x01,
  0x00, 0x48, 0x8b, 0x04, 0x02, 0x48, 0x85, 0xc0, 0x74, 0x20, 0x8b, 0x45,
  0xf4, 0x48, 0x98, 0x48, 0x8d, 0x14, 0xc5, 0x00, 0x00, 0x00, 0x00, 0x48,
  0x8d, 0x05, 0xd2, 0x68, 0x01, 0x00, 0x48, 0x8b, 0x04, 0x02, 0x48, 0x05,
  0x00, 0x00, 0x80, 0x00, 0xeb, 0x05, 0xb8, 0x00, 0x00, 0x00, 0x00, 0x8b,
  0x55, 0xf4, 0x83, 0xc2, 0x01, 0x48, 0x63, 0xd2, 0x48, 0x8d, 0x0c, 0xd5,
  0x00, 0x00, 0x00, 0x00, 0x48, 0x8d, 0x15, 0xa9, 0x68, 0x01, 0x00, 0x48,
  0x89, 0x04, 0x11, 0x83, 0x45, 0xf4, 0x02, 0x83, 0x7d, 0xf4, 0x01, 0x0f,
  0x8e, 0x77, 0xff, 0xff, 0xff, 0x48, 0x8b, 0x15, 0x58, 0x57, 0x01, 0x00,
  0x48, 0x8d, 0x05, 0x73, 0x41, 0x00, 0x00, 0x48, 0x89, 0xc7, 0xb8, 0x00,
  0x00, 0x00, 0x00, 0xff, 0xd2, 0x48, 0x8b, 0x05, 0x38, 0x57, 0x01, 0x00,
  0xbf, 0xa0, 0x86, 0x01, 0x00, 0xff, 0xd0, 0xbf, 0x00, 0x00, 0x02, 0x00,
  0xe8, 0x89, 0xe5, 0xff, 0xff, 0x48, 0x89, 0x85, 0x70, 0xff, 0xff, 0xff,
  0x48, 0x8b, 0x85, 0x70, 0xff, 0xff, 0xff, 0x48, 0x83, 0xe8, 0x01, 0x48,
  0x0d, 0xff, 0xff, 0x00, 0x00, 0x48, 0x83, 0xc0, 0x01, 0x48, 0x89, 0x85,
  0x68, 0xff, 0xff, 0xff, 0x41, 0xb9, 0x00, 0x00, 0x00, 0x00, 0x41, 0xb8,
  0xff, 0xff, 0xff, 0xff, 0xb9, 0x02, 0x10, 0x00, 0x00, 0xba, 0x03, 0x00,
  0x00, 0x00, 0xbe, 0x00, 0x00, 0x01, 0x00, 0xbf, 0x00, 0x00, 0x00, 0x00,
  0xe8, 0xf0, 0x41, 0xff, 0xff, 0x48, 0x89, 0x85, 0x60, 0xff, 0xff, 0xff,
  0x48, 0xc7, 0x45, 0xe8, 0x00, 0x00, 0x00, 0x00, 0xeb, 0x6b, 0x48, 0xc7,
  0x45, 0xe0, 0x00, 0x00, 0x00, 0x00, 0xeb, 0x52, 0x48, 0x8b, 0x45, 0xe8,
  0x48, 0x39, 0x45, 0xe0, 0x73, 0x07, 0xba, 0x02, 0x00, 0x00, 0x00, 0xeb,
  0x05, 0xba, 0x01, 0x00, 0x00, 0x00, 0x48, 0x8b, 0x45, 0xe8, 0x48, 0x3b,
  0x45, 0xe0, 0x0f, 0x92, 0xc0, 0x0f, 0xb6, 0xc0, 0x29, 0xc2, 0x89, 0xd1,
  0x48, 0x8b, 0x45, 0xe8, 0x48, 0xc1, 0xe0, 0x08, 0x48, 0x89, 0xc2, 0x48,
  0x8b, 0x45, 0xe0, 0x48, 0x01, 0xc2, 0x48, 0x8b, 0x85, 0x60, 0xff, 0xff,
  0xff, 0x48, 0x01, 0xd0, 0x8d, 0x14, 0xcd, 0x00, 0x00, 0x00, 0x00, 0x88,
  0x10, 0x48, 0x83, 0x45, 0xe0, 0x01, 0x48, 0x81, 0x7d, 0xe0, 0xff, 0x00,
  0x00, 0x00, 0x76, 0xa4, 0x48, 0x83, 0x45, 0xe8, 0x01, 0x48, 0x81, 0x7d,
  0xe8, 0xff, 0x00, 0x00, 0x00, 0x76, 0x8b, 0x48, 0xc7, 0x45, 0xd8, 0x00,
  0x00, 0x00, 0x00, 0xeb, 0x40, 0x48, 0x8b, 0x45, 0xd8, 0x48, 0xc1, 0xe0,
  0x08, 0x48, 0x89, 0xc2, 0x48, 0x8b, 0x85, 0x60, 0xff, 0xff, 0xff, 0x48,
  0x8d, 0x0c, 0x02, 0x48, 0x8b, 0x45, 0xd8, 0x48, 0xc1, 0xe0, 0x08, 0x48,
  0x89, 0xc2, 0x48, 0x8b, 0x85, 0x68, 0xff, 0xff, 0xff, 0x48, 0x01, 0xd0,
  0xba, 0x00, 0x01, 0x00, 0x00, 0x48, 0x89, 0xce, 0x48, 0x89, 0xc7, 0xe8,
  0x8c, 0x46, 0xff, 0xff, 0x48, 0x83, 0x45, 0xd8, 0x01, 0x48, 0x81, 0x7d,
  0xd8, 0xff, 0x00, 0x00, 0x00, 0x76, 0xb6, 0x48, 0x8b, 0x85, 0x68, 0xff,
  0xff, 0xff, 0x48, 0x2b, 0x85, 0x70, 0xff, 0xff, 0xff, 0x48, 0x3d, 0x00,
  0x10, 0x00, 0x00, 0x76, 0x13, 0x48, 0x8b, 0x85, 0x68, 0xff, 0xff, 0xff,
  0x48, 0x2d, 0x00, 0x10, 0x00, 0x00, 0x48, 0x89, 0x45, 0xd0, 0xeb, 0x11,
  0x48, 0x8b, 0x85, 0x68, 0xff, 0xff, 0xff, 0x48, 0x05, 0x00, 0x00, 0x01,
  0x00, 0x48, 0x89, 0x45, 0xd0, 0x48, 0x8b, 0x15, 0xcc, 0x55, 0x01, 0x00,
  0x48, 0x8d, 0x05, 0xfc, 0x3f, 0x00, 0x00, 0x48, 0x89, 0xc7, 0xb8, 0x00,
  0x00, 0x00, 0x00, 0xff, 0xd2, 0x48, 0x8b, 0x05, 0xac, 0x55, 0x01, 0x00,
  0xbf, 0xa0, 0x86, 0x01, 0x00, 0xff, 0xd0, 0x48, 0x8b, 0x45, 0xd0, 0xbe,
  0x00, 0x10, 0x00, 0x00, 0x48, 0x89, 0xc7, 0xe8, 0x24, 0xe3, 0xff, 0xff,
  0xbf, 0x00, 0x10, 0x00, 0x00, 0xe8, 0xec, 0xe3, 0xff, 0xff, 0x48, 0x89,
  0x85, 0x58, 0xff, 0xff, 0xff, 0x48, 0x8b, 0x85, 0x58, 0xff, 0xff, 0xff,
  0xbe, 0x00, 0x10, 0x00, 0x00, 0x48, 0x89, 0xc7, 0xe8, 0xff, 0xe2, 0xff,
  0xff, 0xbf, 0x08, 0x00, 0x00, 0x00, 0xe8, 0xc7, 0xe3, 0xff, 0xff, 0x48,
  0x89, 0x85, 0x50, 0xff, 0xff, 0xff, 0x48, 0x8b, 0x85, 0x50, 0xff, 0xff,
  0xff, 0xbe, 0x08, 0x00, 0x00, 0x00, 0x48, 0x89, 0xc7, 0xe8, 0xda, 0xe2,
  0xff, 0xff, 0xbf, 0x00, 0x00, 0x00, 0x00, 0xe8, 0xe2, 0xed, 0xff, 0xff,
  0x48, 0xc1, 0xe0, 0x27, 0x48, 0x89, 0xc2, 0x48, 0xb8, 0x00, 0x00, 0x00,
  0x00, 0x00, 0x00, 0xff, 0xff, 0x48, 0x09, 0xd0, 0x48, 0x89, 0x85, 0x48,
  0xff, 0xff, 0xff, 0xbf, 0x01, 0x00, 0x00, 0x00, 0xe8, 0xbd, 0xed, 0xff,
  0xff, 0x48, 0xc1, 0xe0, 0x27, 0x48, 0x89, 0xc2, 0x48, 0xb8, 0x00, 0x00,
  0x00, 0x00, 0x00, 0x00, 0xff, 0xff, 0x48, 0x09, 0xd0, 0x48, 0x89, 0x85,
  0x40, 0xff, 0xff, 0xff, 0x48, 0x8b, 0x45, 0xd0, 0x48, 0x89, 0xc7, 0xe8,
  0x71, 0xec, 0xff, 0xff, 0x48, 0x8b, 0x95, 0x40, 0xff, 0xff, 0xff, 0x48,
  0x01, 0xd0, 0x48, 0x89, 0x45, 0xd0, 0x48, 0x8b, 0x15, 0xe7, 0x54, 0x01,
  0x00, 0x48, 0x8d, 0x05, 0x24, 0x3f, 0x00, 0x00, 0x48, 0x89, 0xc7, 0xb8,
  0x00, 0x00, 0x00, 0x00, 0xff, 0xd2, 0x48, 0x8b, 0x05, 0xc7, 0x54, 0x01,
  0x00, 0xbf, 0xa0, 0x86, 0x01, 0x00, 0xff, 0xd0, 0xbf, 0x00, 0x20, 0x00,
  0x00, 0xe8, 0x18, 0xe3, 0xff, 0xff, 0x48, 0x89, 0x85, 0x38, 0xff, 0xff,
  0xff, 0x48, 0x8b, 0x85, 0x38, 0xff, 0xff, 0xff, 0x48, 0x83, 0xe8, 0x01,
  0x48, 0x0d, 0xff, 0x0f, 0x00, 0x00, 0x48, 0x83, 0xc0, 0x01, 0x48, 0x89,
  0x85, 0x38, 0xff, 0xff, 0xff, 0xc7, 0x45, 0xcc, 0x00, 0x00, 0x00, 0x00,
  0xeb, 0x44, 0x48, 0x8b, 0x85, 0x78, 0xff, 0xff, 0xff, 0x8b, 0x55, 0xcc,
  0x48, 0x63, 0xd2, 0x48, 0x83, 0xc2, 0x01, 0x48, 0xc1, 0xe2, 0x04, 0x48,
  0x01, 0xd0, 0x48, 0x8b, 0x10, 0x48, 0x8b, 0x05, 0x88, 0x54, 0x01, 0x00,
  0x48, 0x01, 0xc2, 0x48, 0x8b, 0x85, 0x78, 0xff, 0xff, 0xff, 0x8b, 0x4d,
  0xcc, 0x48, 0x63, 0xc9, 0x48, 0x83, 0xc1, 0x01, 0x48, 0xc1, 0xe1, 0x04,
  0x48, 0x01, 0xc8, 0x48, 0x89, 0x10, 0x83, 0x45, 0xcc, 0x01, 0x48, 0x8b,
  0x85, 0x78, 0xff, 0xff, 0xff, 0x8b, 0x40, 0x08, 0x39, 0x45, 0xcc, 0x7c,
  0xad, 0x48, 0x8b, 0x95, 0xf8, 0xfe, 0xff, 0xff, 0x48, 0x8b, 0x85, 0x38,
  0xff, 0xff, 0xff, 0x48, 0x8b, 0x8d, 0x78, 0xff, 0xff, 0xff, 0x48, 0x89,
  0xce, 0x48, 0x89, 0xc7, 0xe8, 0x23, 0x59, 0xff, 0xff, 0x48, 0x8b, 0x85,
  0x38, 0xff, 0xff, 0xff, 0x48, 0x89, 0xc7, 0xe8, 0x85, 0xeb, 0xff, 0xff,
  0x48, 0x8b, 0x95, 0x40, 0xff, 0xff, 0xff, 0x48, 0x01, 0xd0, 0x48, 0x89,
  0x85, 0x30, 0xff, 0xff, 0xff, 0xc7, 0x85, 0x5c, 0xfe, 0xff, 0xff, 0x00,
  0x00, 0x00, 0x00, 0x8b, 0x85, 0x5c, 0xfe, 0xff, 0xff, 0x48, 0x98, 0x48,
  0x8d, 0x15, 0x37, 0x3e, 0x00, 0x00, 0x48, 0x01, 0xd0, 0x48, 0x89, 0x85,
  0x50, 0xfb, 0xff, 0xff, 0x8b, 0x85, 0x5c, 0xfe, 0xff, 0xff, 0x48, 0x98,
  0x48, 0x8d, 0x15, 0x2f, 0x3e, 0x00, 0x00, 0x48, 0x01, 0xd0, 0x48, 0x89,
  0x85, 0x58, 0xfb, 0xff, 0xff, 0x8b, 0x85, 0x5c, 0xfe, 0xff, 0xff, 0x48,
  0x98, 0x48, 0x8d, 0x15, 0x1b, 0x3e, 0x00, 0x00, 0x48, 0x01, 0xd0, 0x48,
  0x89, 0x85, 0x60, 0xfb, 0xff, 0xff, 0x8b, 0x85, 0x5c, 0xfe, 0xff, 0xff,
  0x48, 0x98, 0x48, 0x8d, 0x15, 0x0c, 0x3e, 0x00, 0x00, 0x48, 0x01, 0xd0,
  0x48, 0x89, 0x85, 0x68, 0xfb, 0xff, 0xff, 0x8b, 0x85, 0x5c, 0xfe, 0xff,
  0xff, 0x48, 0x98, 0x48, 0x8d, 0x15, 0x02, 0x3e, 0x00, 0x00, 0x48, 0x01,
  0xd0, 0x48, 0x89, 0x85, 0x70, 0xfb, 0xff, 0xff, 0x8b, 0x85, 0x5c, 0xfe,
  0xff, 0xff, 0x48, 0x98, 0x48, 0x8d, 0x15, 0xf6, 0x3d, 0x00, 0x00, 0x48,
  0x01, 0xd0, 0x48, 0x89, 0x85, 0x78, 0xfb, 0xff, 0xff, 0x8b, 0x85, 0x5c,
  0xfe, 0xff, 0xff, 0x48, 0x98, 0x48, 0x8d, 0x15, 0xeb, 0x3d, 0x00, 0x00,
  0x48, 0x01, 0xd0, 0x48, 0x89, 0x85, 0x80, 0xfb, 0xff, 0xff, 0x8b, 0x85,
  0x5c, 0xfe, 0xff, 0xff, 0x48, 0x98, 0x48, 0x8d, 0x15, 0xdc, 0x3d, 0x00,
  0x00, 0x48, 0x01, 0xd0, 0x48, 0x89, 0x85, 0x88, 0xfb, 0xff, 0xff, 0x8b,
  0x85, 0x5c, 0xfe, 0xff, 0xff, 0x48, 0x98, 0x48, 0x8d, 0x15, 0xcf, 0x3d,
  0x00, 0x00, 0x48, 0x01, 0xd0, 0x48, 0x89, 0x85, 0x90, 0xfb, 0xff, 0xff,
  0x8b, 0x85, 0x5c, 0xfe, 0xff, 0xff, 0x48, 0x98, 0x48, 0x8d, 0x15, 0xbc,
  0x3d, 0x00, 0x00, 0x48, 0x01, 0xd0, 0x48, 0x89, 0x85, 0x98, 0xfb, 0xff,
  0xff, 0x8b, 0x85, 0x5c, 0xfe, 0xff, 0xff, 0x48, 0x98, 0x48, 0x8d, 0x15,
  0xa9, 0x3d, 0x00, 0x00, 0x48, 0x01, 0xd0, 0x48, 0x89, 0x85, 0xa0, 0xfb,
  0xff, 0xff, 0x8b, 0x85, 0x5c, 0xfe, 0xff, 0xff, 0x48, 0x98, 0x48, 0x8d,
  0x15, 0x9c, 0x3d, 0x00, 0x00, 0x48, 0x01, 0xd0, 0x48, 0x89, 0x85, 0xa8,
  0xfb, 0xff, 0xff, 0x8b, 0x85, 0x5c, 0xfe, 0xff, 0xff, 0x48, 0x98, 0x48,
  0x8d, 0x15, 0x98, 0x3d, 0x00, 0x00, 0x48, 0x01, 0xd0, 0x48, 0x89, 0x85,
  0xb0, 0xfb, 0xff, 0xff, 0x8b, 0x85, 0x5c, 0xfe, 0xff, 0xff, 0x48, 0x98,
  0x48, 0x8d, 0x15, 0x94, 0x3d, 0x00, 0x00, 0x48, 0x01, 0xd0, 0x48, 0x89,
  0x85, 0xb8, 0xfb, 0xff, 0xff, 0x8b, 0x85, 0x5c, 0xfe, 0xff, 0xff, 0x48,
  0x98, 0x48, 0x8d, 0x15, 0x94, 0x3d, 0x00, 0x00, 0x48, 0x01, 0xd0, 0x48,
  0x89, 0x85, 0xc0, 0xfb, 0xff, 0xff, 0x8b, 0x85, 0x5c, 0xfe, 0xff, 0xff,
  0x48, 0x98, 0x48, 0x8d, 0x15, 0x80, 0x3d, 0x00, 0x00, 0x48, 0x01, 0xd0,
  0x48, 0x89, 0x85, 0xc8, 0xfb, 0xff, 0xff, 0x8b, 0x85, 0x5c, 0xfe, 0xff,
  0xff, 0x48, 0x98, 0x48, 0x8d, 0x15, 0x71, 0x3d, 0x00, 0x00, 0x48, 0x01,
  0xd0, 0x48, 0x89, 0x85, 0xd0, 0xfb, 0xff, 0xff, 0x8b, 0x85, 0x5c, 0xfe,
  0xff, 0xff, 0x48, 0x98, 0x48, 0x8d, 0x15, 0x64, 0x3d, 0x00, 0x00, 0x48,
  0x01, 0xd0, 0x48, 0x89, 0x85, 0xd8, 0xfb, 0xff, 0xff, 0x8b, 0x85, 0x5c,
  0xfe, 0xff, 0xff, 0x48, 0x98, 0x48, 0x8d, 0x15, 0x52, 0x3d, 0x00, 0x00,
  0x48, 0x01, 0xd0, 0x48, 0x89, 0x85, 0xe0, 0xfb, 0xff, 0xff, 0x8b, 0x85,
  0x5c, 0xfe, 0xff, 0xff, 0x48, 0x98, 0x48, 0x8d, 0x15, 0x41, 0x3d, 0x00,
  0x00, 0x48, 0x01, 0xd0, 0x48, 0x89, 0x85, 0xe8, 0xfb, 0xff, 0xff, 0x8b,
  0x85, 0x5c, 0xfe, 0xff, 0xff, 0x48, 0x98, 0x48, 0x8d, 0x15, 0x2c, 0x3d,
  0x00, 0x00, 0x48, 0x01, 0xd0, 0x48, 0x89, 0x85, 0xf0, 0xfb, 0xff, 0xff,
  0x8b, 0x85, 0x5c, 0xfe, 0xff, 0xff, 0x48, 0x98, 0x48, 0x8d, 0x15, 0x1d,
  0x3d, 0x00, 0x00, 0x48, 0x01, 0xd0, 0x48, 0x89, 0x85, 0xf8, 0xfb, 0xff,
  0xff, 0x8b, 0x85, 0x5c, 0xfe, 0xff, 0xff, 0x48, 0x98, 0x48, 0x8d, 0x15,
  0x0e, 0x3d, 0x00, 0x00, 0x48, 0x01, 0xd0, 0x48, 0x89, 0x85, 0x00, 0xfc,
  0xff, 0xff, 0x8b, 0x85, 0x5c, 0xfe, 0xff, 0xff, 0x48, 0x98, 0x48, 0x8d,
  0x15, 0x00, 0x3d, 0x00, 0x00, 0x48, 0x01, 0xd0, 0x48, 0x89, 0x85, 0x08,
  0xfc, 0xff, 0xff, 0x8b, 0x85, 0x5c, 0xfe, 0xff, 0xff, 0x48, 0x98, 0x48,
  0x8d, 0x15, 0xf3, 0x3c, 0x00, 0x00, 0x48, 0x01, 0xd0, 0x48, 0x89, 0x85,
  0x10, 0xfc, 0xff, 0xff, 0x8b, 0x85, 0x5c, 0xfe, 0xff, 0xff, 0x48, 0x98,
  0x48, 0x8d, 0x15, 0xe7, 0x3c, 0x00, 0x00, 0x48, 0x01, 0xd0, 0x48, 0x89,
  0x85, 0x18, 0xfc, 0xff, 0xff, 0x8b, 0x85, 0x5c, 0xfe, 0xff, 0xff, 0x48,
  0x98, 0x48, 0x8d, 0x15, 0xe2, 0x3c, 0x00, 0x00, 0x48, 0x01, 0xd0, 0x48,
  0x89, 0x85, 0x20, 0xfc, 0xff, 0xff, 0x8b, 0x85, 0x5c, 0xfe, 0xff, 0xff,
  0x48, 0x98, 0x48, 0x8d, 0x15, 0xdf, 0x3c, 0x00, 0x00, 0x48, 0x01, 0xd0,
  0x48, 0x89, 0x85, 0x28, 0xfc, 0xff, 0xff, 0x8b, 0x85, 0x5c, 0xfe, 0xff,
  0xff, 0x48, 0x98, 0x48, 0x8d, 0x15, 0xd2, 0x3c, 0x00, 0x00, 0x48, 0x01,
  0xd0, 0x48, 0x89, 0x85, 0x30, 0xfc, 0xff, 0xff, 0x8b, 0x85, 0x5c, 0xfe,
  0xff, 0xff, 0x48, 0x98, 0x48, 0x8d, 0x15, 0xc3, 0x3c, 0x00, 0x00, 0x48,
  0x01, 0xd0, 0x48, 0x89, 0x85, 0x38, 0xfc, 0xff, 0xff, 0x8b, 0x85, 0x5c,
  0xfe, 0xff, 0xff, 0x48, 0x98, 0x48, 0x8d, 0x15, 0xb7, 0x3c, 0x00, 0x00,
  0x48, 0x01, 0xd0, 0x48, 0x89, 0x85, 0x40, 0xfc, 0xff, 0xff, 0x8b, 0x85,
  0x5c, 0xfe, 0xff, 0xff, 0x48, 0x98, 0x48, 0x8d, 0x15, 0xad, 0x3c, 0x00,
  0x00, 0x48, 0x01, 0xd0, 0x48, 0x89, 0x85, 0x48, 0xfc, 0xff, 0xff, 0x8b,
  0x85, 0x5c, 0xfe, 0xff, 0xff, 0x48, 0x98, 0x48, 0x8d, 0x15, 0xa3, 0x3c,
  0x00, 0x00, 0x48, 0x01, 0xd0, 0x48, 0x89, 0x85, 0x50, 0xfc, 0xff, 0xff,
  0x8b, 0x85, 0x5c, 0xfe, 0xff, 0xff, 0x48, 0x98, 0x48, 0x8d, 0x15, 0x96,
  0x3c, 0x00, 0x00, 0x48, 0x01, 0xd0, 0x48, 0x89, 0x85, 0x58, 0xfc, 0xff,
  0xff, 0x8b, 0x85, 0x5c, 0xfe, 0xff, 0xff, 0x48, 0x98, 0x48, 0x8d, 0x15,
  0x89, 0x3c, 0x00, 0x00, 0x48, 0x01, 0xd0, 0x48, 0x89, 0x85, 0x60, 0xfc,
  0xff, 0xff, 0x8b, 0x85, 0x5c, 0xfe, 0xff, 0xff, 0x48, 0x98, 0x48, 0x8d,
  0x15, 0x78, 0x3c, 0x00, 0x00, 0x48, 0x01, 0xd0, 0x48, 0x89, 0x85, 0x68,
  0xfc, 0xff, 0xff, 0x8b, 0x85, 0x5c, 0xfe, 0xff, 0xff, 0x48, 0x98, 0x48,
  0x8d, 0x15, 0x6a, 0x3c, 0x00, 0x00, 0x48, 0x01, 0xd0, 0x48, 0x89, 0x85,
  0x70, 0xfc, 0xff, 0xff, 0x8b, 0x85, 0x5c, 0xfe, 0xff, 0xff, 0x48, 0x98,
  0x48, 0x8d, 0x15, 0x64, 0x3c, 0x00, 0x00, 0x48, 0x01, 0xd0, 0x48, 0x89,
  0x85, 0x78, 0xfc, 0xff, 0xff, 0x8b, 0x85, 0x5c, 0xfe, 0xff, 0xff, 0x48,
  0x98, 0x48, 0x8d, 0x15, 0x5c, 0x3c, 0x00, 0x00, 0x48, 0x01, 0xd0, 0x48,
  0x89, 0x85, 0x80, 0xfc, 0xff, 0xff, 0x8b, 0x85, 0x5c, 0xfe, 0xff, 0xff,
  0x48, 0x98, 0x48, 0x8d, 0x15, 0x59, 0x3c, 0x00, 0x00, 0x48, 0x01, 0xd0,
  0x48, 0x89, 0x85, 0x88, 0xfc, 0xff, 0xff, 0x8b, 0x85, 0x5c, 0xfe, 0xff,
  0xff, 0x48, 0x98, 0x48, 0x8d, 0x15, 0x54, 0x3c, 0x00, 0x00, 0x48, 0x01,
  0xd0, 0x48, 0x89, 0x85, 0x90, 0xfc, 0xff, 0xff, 0x8b, 0x85, 0x5c, 0xfe,
  0xff, 0xff, 0x48, 0x98, 0x48, 0x8d, 0x15, 0x51, 0x3c, 0x00, 0x00, 0x48,
  0x01, 0xd0, 0x48, 0x89, 0x85, 0x98, 0xfc, 0xff, 0xff, 0x8b, 0x85, 0x5c,
  0xfe, 0xff, 0xff, 0x48, 0x98, 0x48, 0x8d, 0x15, 0x4c, 0x3c, 0x00, 0x00,
  0x48, 0x01, 0xd0, 0x48, 0x89, 0x85, 0xa0, 0xfc, 0xff, 0xff, 0x8b, 0x85,
  0x5c, 0xfe, 0xff, 0xff, 0x48, 0x98, 0x48, 0x8d, 0x15, 0x47, 0x3c, 0x00,
  0x00, 0x48, 0x01, 0xd0, 0x48, 0x89, 0x85, 0xa8, 0xfc, 0xff, 0xff, 0x8b,
  0x85, 0x5c, 0xfe, 0xff, 0xff, 0x48, 0x98, 0x48, 0x8d, 0x15, 0x40, 0x3c,
  0x00, 0x00, 0x48, 0x01, 0xd0, 0x48, 0x89, 0x85, 0xb0, 0xfc, 0xff, 0xff,
  0x8b, 0x85, 0x5c, 0xfe, 0xff, 0xff, 0x48, 0x98, 0x48, 0x8d, 0x15, 0x35,
  0x3c, 0x00, 0x00, 0x48, 0x01, 0xd0, 0x48, 0x89, 0x85, 0xb8, 0xfc, 0xff,
  0xff, 0x8b, 0x85, 0x5c, 0xfe, 0xff, 0xff, 0x48, 0x98, 0x48, 0x8d, 0x15,
  0x24, 0x3c, 0x00, 0x00, 0x48, 0x01, 0xd0, 0x48, 0x89, 0x85, 0xc0, 0xfc,
  0xff, 0xff, 0x8b, 0x85, 0x5c, 0xfe, 0xff, 0xff, 0x48, 0x98, 0x48, 0x8d,
  0x15, 0x17, 0x3c, 0x00, 0x00, 0x48, 0x01, 0xd0, 0x48, 0x89, 0x85, 0xc8,
  0xfc, 0xff, 0xff, 0x8b, 0x85, 0x5c, 0xfe, 0xff, 0xff, 0x48, 0x98, 0x48,
  0x8d, 0x15, 0x08, 0x3c, 0x00, 0x00, 0x48, 0x01, 0xd0, 0x48, 0x89, 0x85,
  0xd0, 0xfc, 0xff, 0xff, 0x8b, 0x85, 0x5c, 0xfe, 0xff, 0xff, 0x48, 0x98,
  0x48, 0x8d, 0x15, 0xfd, 0x3b, 0x00, 0x00, 0x48, 0x01, 0xd0, 0x48, 0x89,
  0x85, 0xd8, 0xfc, 0xff, 0xff, 0x8b, 0x85, 0x5c, 0xfe, 0xff, 0xff, 0x48,
  0x98, 0x48, 0x8d, 0x15, 0xf9, 0x3b, 0x00, 0x00, 0x48, 0x01, 0xd0, 0x48,
  0x89, 0x85, 0xe0, 0xfc, 0xff, 0xff, 0x8b, 0x85, 0x5c, 0xfe, 0xff, 0xff,
  0x48, 0x98, 0x48, 0x8d, 0x15, 0xfb, 0x3b, 0x00, 0x00, 0x48, 0x01, 0xd0,
  0x48, 0x89, 0x85, 0xe8, 0xfc, 0xff, 0xff, 0x8b, 0x85, 0x5c, 0xfe, 0xff,
  0xff, 0x48, 0x98, 0x48, 0x8d, 0x15, 0xf1, 0x3b, 0x00, 0x00, 0x48, 0x01,
  0xd0, 0x48, 0x89, 0x85, 0xf0, 0xfc, 0xff, 0xff, 0x8b, 0x85, 0x5c, 0xfe,
  0xff, 0xff, 0x48, 0x98, 0x48, 0x8d, 0x15, 0xe6, 0x3b, 0x00, 0x00, 0x48,
  0x01, 0xd0, 0x48, 0x89, 0x85, 0xf8, 0xfc, 0xff, 0xff, 0x8b, 0x85, 0x5c,
  0xfe, 0xff, 0xff, 0x48, 0x98, 0x48, 0x8d, 0x15, 0xd4, 0x3b, 0x00, 0x00,
  0x48, 0x01, 0xd0, 0x48, 0x89, 0x85, 0x00, 0xfd, 0xff, 0xff, 0x8b, 0x85,
  0x5c, 0xfe, 0xff, 0xff, 0x48, 0x98, 0x48, 0x8d, 0x15, 0xc7, 0x3b, 0x00,
  0x00, 0x48, 0x01, 0xd0, 0x48, 0x89, 0x85, 0x08, 0xfd, 0xff, 0xff, 0x8b,
  0x85, 0x5c, 0xfe, 0xff, 0xff, 0x48, 0x98, 0x48, 0x8d, 0x15, 0xc7, 0x3b,
  0x00, 0x00, 0x48, 0x01, 0xd0, 0x48, 0x89, 0x85, 0x10, 0xfd, 0xff, 0xff,
  0x8b, 0x85, 0x5c, 0xfe, 0xff, 0xff, 0x48, 0x98, 0x48, 0x8d, 0x15, 0xc9,
  0x3b, 0x00, 0x00, 0x48, 0x01, 0xd0, 0x48, 0x89, 0x85, 0x18, 0xfd, 0xff,
  0xff, 0x8b, 0x85, 0x5c, 0xfe, 0xff, 0xff, 0x48, 0x98, 0x48, 0x8d, 0x15,
  0xd4, 0x3b, 0x00, 0x00, 0x48, 0x01, 0xd0, 0x48, 0x89, 0x85, 0x20, 0xfd,
  0xff, 0xff, 0x8b, 0x85, 0x5c, 0xfe, 0xff, 0xff, 0x48, 0x98, 0x48, 0x8d,
  0x15, 0xda, 0x3b, 0x00, 0x00, 0x48, 0x01, 0xd0, 0x48, 0x89, 0x85, 0x28,
  0xfd, 0xff, 0xff, 0x8b, 0x85, 0x5c, 0xfe, 0xff, 0xff, 0x48, 0x98, 0x48,
  0x8d, 0x15, 0xe2, 0x3b, 0x00, 0x00, 0x48, 0x01, 0xd0, 0x48, 0x89, 0x85,
  0x30, 0xfd, 0xff, 0xff, 0x8b, 0x85, 0x5c, 0xfe, 0xff, 0xff, 0x48, 0x98,
  0x48, 0x8d, 0x15, 0xf1, 0x3b, 0x00, 0x00, 0x48, 0x01, 0xd0, 0x48, 0x89,
  0x85, 0x38, 0xfd, 0xff, 0xff, 0x8b, 0x85, 0x5c, 0xfe, 0xff, 0xff, 0x48,
  0x98, 0x48, 0x8d, 0x15, 0x00, 0x3c, 0x00, 0x00, 0x48, 0x01, 0xd0, 0x48,
  0x89, 0x85, 0x40, 0xfd, 0xff, 0xff, 0x8b, 0x85, 0x5c, 0xfe, 0xff, 0xff,
  0x48, 0x98, 0x48, 0x8d, 0x15, 0x0f, 0x3c, 0x00, 0x00, 0x48, 0x01, 0xd0,
  0x48, 0x89, 0x85, 0x48, 0xfd, 0xff, 0xff, 0x8b, 0x85, 0x5c, 0xfe, 0xff,
  0xff, 0x48, 0x98, 0x48, 0x8d, 0x15, 0x1e, 0x3c, 0x00, 0x00, 0x48, 0x01,
  0xd0, 0x48, 0x89, 0x85, 0x50, 0xfd, 0xff, 0xff, 0x8b, 0x85, 0x5c, 0xfe,
  0xff, 0xff, 0x48, 0x98, 0x48, 0x8d, 0x15, 0x35, 0x3c, 0x00, 0x00, 0x48,
  0x01, 0xd0, 0x48, 0x89, 0x85, 0x58, 0xfd, 0xff, 0xff, 0x8b, 0x85, 0x5c,
  0xfe, 0xff, 0xff, 0x48, 0x98, 0x48, 0x8d, 0x15, 0x54, 0x3c, 0x00, 0x00,
  0x48, 0x01, 0xd0, 0x48, 0x89, 0x85, 0x60, 0xfd, 0xff, 0xff, 0x8b, 0x85,
  0x5c, 0xfe, 0xff, 0xff, 0x48, 0x98, 0x48, 0x8d, 0x15, 0x6b, 0x3c, 0x00,
  0x00, 0x48, 0x01, 0xd0, 0x48, 0x89, 0x85, 0x68, 0xfd, 0xff, 0xff, 0x8b,
  0x85, 0x5c, 0xfe, 0xff, 0xff, 0x48, 0x98, 0x48, 0x8d, 0x15, 0x82, 0x3c,
  0x00, 0x00, 0x48, 0x01, 0xd0, 0x48, 0x89, 0x85, 0x70, 0xfd, 0xff, 0xff,
  0x8b, 0x85, 0x5c, 0xfe, 0xff, 0xff, 0x48, 0x98, 0x48, 0x8d, 0x15, 0x99,
  0x3c, 0x00, 0x00, 0x48, 0x01, 0xd0, 0x48, 0x89, 0x85, 0x78, 0xfd, 0xff,
  0xff, 0x8b, 0x85, 0x5c, 0xfe, 0xff, 0xff, 0x48, 0x98, 0x48, 0x8d, 0x15,
  0xac, 0x3c, 0x00, 0x00, 0x48, 0x01, 0xd0, 0x48, 0x89, 0x85, 0x80, 0xfd,
  0xff, 0xff, 0x8b, 0x85, 0x5c, 0xfe, 0xff, 0xff, 0x48, 0x98, 0x48, 0x8d,
  0x15, 0xa4, 0x3c, 0x00, 0x00, 0x48, 0x01, 0xd0, 0x48, 0x89, 0x85, 0x88,
  0xfd, 0xff, 0xff, 0x8b, 0x85, 0x5c, 0xfe, 0xff, 0xff, 0x48, 0x98, 0x48,
  0x8d, 0x15, 0xa6, 0x3c, 0x00, 0x00, 0x48, 0x01, 0xd0, 0x48, 0x89, 0x85,
  0x90, 0xfd, 0xff, 0xff, 0x8b, 0x85, 0x5c, 0xfe, 0xff, 0xff, 0x48, 0x98,
  0x48, 0x8d, 0x15, 0xb5, 0x3c, 0x00, 0x00, 0x48, 0x01, 0xd0, 0x48, 0x89,
  0x85, 0x98, 0xfd, 0xff, 0xff, 0x8b, 0x85, 0x5c, 0xfe, 0xff, 0xff, 0x48,
  0x98, 0x48, 0x8d, 0x15, 0xa3, 0x3c, 0x00, 0x00, 0x48, 0x01, 0xd0, 0x48,
  0x89, 0x85, 0xa0, 0xfd, 0xff, 0xff, 0x8b, 0x85, 0x5c, 0xfe, 0xff, 0xff,
  0x48, 0x98, 0x48, 0x8d, 0x15, 0x92, 0x3c, 0x00, 0x00, 0x48, 0x01, 0xd0,
  0x48, 0x89, 0x85, 0xa8, 0xfd, 0xff, 0xff, 0x8b, 0x85, 0x5c, 0xfe, 0xff,
  0xff, 0x48, 0x98, 0x48, 0x8d, 0x15, 0x8f, 0x3c, 0x00, 0x00, 0x48, 0x01,
  0xd0, 0x48, 0x89, 0x85, 0xb0, 0xfd, 0xff, 0xff, 0x8b, 0x85, 0x5c, 0xfe,
  0xff, 0xff, 0x48, 0x98, 0x48, 0x8d, 0x15, 0x81, 0x3c, 0x00, 0x00, 0x48,
  0x01, 0xd0, 0x48, 0x89, 0x85, 0xb8, 0xfd, 0xff, 0xff, 0x8b, 0x85, 0x5c,
  0xfe, 0xff, 0xff, 0x48, 0x98, 0x48, 0x8d, 0x15, 0x77, 0x3c, 0x00, 0x00,
  0x48, 0x01, 0xd0, 0x48, 0x89, 0x85, 0xc0, 0xfd, 0xff, 0xff, 0x8b, 0x85,
  0x5c, 0xfe, 0xff, 0xff, 0x48, 0x98, 0x48, 0x8d, 0x15, 0x72, 0x3c, 0x00,
  0x00, 0x48, 0x01, 0xd0, 0x48, 0x89, 0x85, 0xc8, 0xfd, 0xff, 0xff, 0x8b,
  0x85, 0x5c, 0xfe, 0xff, 0xff, 0x48, 0x98, 0x48, 0x8d, 0x15, 0x66, 0x3c,
  0x00, 0x00, 0x48, 0x01, 0xd0, 0x48, 0x89, 0x85, 0xd0, 0xfd, 0xff, 0xff,
  0x8b, 0x85, 0x5c, 0xfe, 0xff, 0xff, 0x48, 0x98, 0x48, 0x8d, 0x15, 0x65,
  0x3c, 0x00, 0x00, 0x48, 0x01, 0xd0, 0x48, 0x89, 0x85, 0xd8, 0xfd, 0xff,
  0xff, 0x8b, 0x85, 0x5c, 0xfe, 0xff, 0xff, 0x48, 0x98, 0x48, 0x8d, 0x15,
  0x5e, 0x3c, 0x00, 0x00, 0x48, 0x01, 0xd0, 0x48, 0x89, 0x85, 0xe0, 0xfd,
  0xff, 0xff, 0x8b, 0x85, 0x5c, 0xfe, 0xff, 0xff, 0x48, 0x98, 0x48, 0x8d,
  0x15, 0x57, 0x3c, 0x00, 0x00, 0x48, 0x01, 0xd0, 0x48, 0x89, 0x85, 0xe8,
  0xfd, 0xff, 0xff, 0x8b, 0x85, 0x5c, 0xfe, 0xff, 0xff, 0x48, 0x98, 0x48,
  0x8d, 0x15, 0x54, 0x3c, 0x00, 0x00, 0x48, 0x01, 0xd0, 0x48, 0x89, 0x85,
  0xf0, 0xfd, 0xff, 0xff, 0x8b, 0x85, 0x5c, 0xfe, 0xff, 0xff, 0x48, 0x98,
  0x48, 0x8d, 0x15, 0x4a, 0x3c, 0x00, 0x00, 0x48, 0x01, 0xd0, 0x48, 0x89,
  0x85, 0xf8, 0xfd, 0xff, 0xff, 0x8b, 0x85, 0x5c, 0xfe, 0xff, 0xff, 0x48,
  0x98, 0x48, 0x8d, 0x15, 0x3a, 0x3c, 0x00, 0x00, 0x48, 0x01, 0xd0, 0x48,
  0x89, 0x85, 0x00, 0xfe, 0xff, 0xff, 0x8b, 0x85, 0x5c, 0xfe, 0xff, 0xff,
  0x48, 0x98, 0x48, 0x8d, 0x15, 0x2a, 0x3c, 0x00, 0x00, 0x48, 0x01, 0xd0,
  0x48, 0x89, 0x85, 0x08, 0xfe, 0xff, 0xff, 0x8b, 0x85, 0x5c, 0xfe, 0xff,
  0xff, 0x48, 0x98, 0x48, 0x8d, 0x15, 0x18, 0x3c, 0x00, 0x00, 0x48, 0x01,
  0xd0, 0x48, 0x89, 0x85, 0x10, 0xfe, 0xff, 0xff, 0x8b, 0x85, 0x5c, 0xfe,
  0xff, 0xff, 0x48, 0x98, 0x48, 0x8d, 0x15, 0x0e, 0x3c, 0x00, 0x00, 0x48,
  0x01, 0xd0, 0x48, 0x89, 0x85, 0x18, 0xfe, 0xff, 0xff, 0x8b, 0x85, 0x5c,
  0xfe, 0xff, 0xff, 0x48, 0x98, 0x48, 0x8d, 0x15, 0x02, 0x3c, 0x00, 0x00,
  0x48, 0x01, 0xd0, 0x48, 0x89, 0x85, 0x20, 0xfe, 0xff, 0xff, 0x8b, 0x85,
  0x5c, 0xfe, 0xff, 0xff, 0x48, 0x98, 0x48, 0x8d, 0x15, 0xf4, 0x3b, 0x00,
  0x00, 0x48, 0x01, 0xd0, 0x48, 0x89, 0x85, 0x28, 0xfe, 0xff, 0xff, 0x8b,
  0x85, 0x5c, 0xfe, 0xff, 0xff, 0x48, 0x98, 0x48, 0x8d, 0x15, 0xe8, 0x3b,
  0x00, 0x00, 0x48, 0x01, 0xd0, 0x48, 0x89, 0x85, 0x30, 0xfe, 0xff, 0xff,
  0x8b, 0x85, 0x5c, 0xfe, 0xff, 0xff, 0x48, 0x98, 0x48, 0x8d, 0x15, 0xdc,
  0x3b, 0x00, 0x00, 0x48, 0x01, 0xd0, 0x48, 0x89, 0x85, 0x38, 0xfe, 0xff,
  0xff, 0x8b, 0x85, 0x5c, 0xfe, 0xff, 0xff, 0x48, 0x98, 0x48, 0x8d, 0x15,
  0xd6, 0x3b, 0x00, 0x00, 0x48, 0x01, 0xd0, 0x48, 0x89, 0x85, 0x40, 0xfe,
  0xff, 0xff, 0x8b, 0x85, 0x5c, 0xfe, 0xff, 0xff, 0x48, 0x98, 0x48, 0x8d,
  0x15, 0xd4, 0x3b, 0x00, 0x00, 0x48, 0x01, 0xd0, 0x48, 0x89, 0x85, 0x48,
  0xfe, 0xff, 0xff, 0x48, 0xc7, 0x85, 0x50, 0xfe, 0xff, 0xff, 0x00, 0x00,
  0x00, 0x00, 0x48, 0x8b, 0x15, 0x83, 0x4a, 0x01, 0x00, 0x48, 0x8d, 0x05,
  0xc6, 0x3b, 0x00, 0x00, 0x48, 0x89, 0xc7, 0xb8, 0x00, 0x00, 0x00, 0x00,
  0xff, 0xd2, 0x48, 0x8b, 0x05, 0x63, 0x4a, 0x01, 0x00, 0xbf, 0xa0, 0x86,
  0x01, 0x00, 0xff, 0xd0, 0x48, 0x8b, 0x85, 0x68, 0xff, 0xff, 0xff, 0x48,
  0x89, 0x85, 0x40, 0xf8, 0xff, 0xff, 0x48, 0x8b, 0x85, 0x40, 0xff, 0xff,
  0xff, 0x48, 0x89, 0x85, 0x48, 0xf8, 0xff, 0xff, 0x48, 0x8b, 0x85, 0x30,
  0xff, 0xff, 0xff, 0x48, 0x89, 0x85, 0x50, 0xf8, 0xff, 0xff, 0x48, 0x8b,
  0x85, 0x38, 0xff, 0xff, 0xff, 0x48, 0x89, 0x85, 0x58, 0xf8, 0xff, 0xff,
  0x48, 0x8b, 0x85, 0x68, 0xfe, 0xff, 0xff, 0x48, 0x89, 0x85, 0x60, 0xf8,
  0xff, 0xff, 0x48, 0x8b, 0x85, 0x60, 0xfe, 0xff, 0xff, 0x48, 0x89, 0x85,
  0x68, 0xf8, 0xff, 0xff, 0x48, 0xc7, 0x85, 0x70, 0xf8, 0xff, 0xff, 0x37,
  0x12, 0x00, 0x00, 0x48, 0xc7, 0x85, 0x78, 0xf8, 0xff, 0xff, 0x38, 0x12,
  0x00, 0x00, 0x48, 0xc7, 0x85, 0x80, 0xf8, 0xff, 0xff, 0x39, 0x12, 0x00,
  0x00, 0x48, 0xc7, 0x85, 0x88, 0xf8, 0xff, 0xff, 0x34, 0x12, 0x00, 0x00,
  0x48, 0x8b, 0x45, 0xd0, 0x48, 0x89, 0x85, 0x90, 0xf8, 0xff, 0xff, 0x48,
  0x8b, 0x85, 0x58, 0xff, 0xff, 0xff, 0x48, 0x89, 0x85, 0x98, 0xf8, 0xff,
  0xff, 0x48, 0xc7, 0x85, 0xa0, 0xf8, 0xff, 0xff, 0x00, 0x10, 0x00, 0x00,
  0x48, 0x8b, 0x85, 0x50, 0xff, 0xff, 0xff, 0x48, 0x89, 0x85, 0xa8, 0xf8,
  0xff, 0xff, 0x48, 0xc7, 0x85, 0xb0, 0xf8, 0xff, 0xff, 0x3a, 0x12, 0x00,
  0x00, 0x48, 0xc7, 0x85, 0xb8, 0xf8, 0xff, 0xff, 0x35, 0x12, 0x00, 0x00,
  0x48, 0xc7, 0x85, 0xc0, 0xf8, 0xff, 0xff, 0x36, 0x12, 0x00, 0x00, 0xe8,
  0x4c, 0x4c, 0xff, 0xff, 0xc1, 0xe8, 0x10, 0x89, 0xc0, 0x48, 0x89, 0x85,
  0xc8, 0xf8, 0xff, 0xff, 0x48, 0x8b, 0x05, 0x11, 0x58, 0x01, 0x00, 0x48,
  0x89, 0x85, 0xd0, 0xf8, 0xff, 0xff, 0x48, 0x8b, 0x05, 0x0b, 0x58, 0x01,
  0x00, 0x48, 0x89, 0x85, 0xd8, 0xf8, 0xff, 0xff, 0x48, 0x8b, 0x05, 0x05,
  0x58, 0x01, 0x00, 0x48, 0x89, 0x85, 0xe0, 0xf8, 0xff, 0xff, 0x48, 0x8b,
  0x05, 0xff, 0x57, 0x01, 0x00, 0x48, 0x89, 0x85, 0xe8, 0xf8, 0xff, 0xff,
  0x48, 0x8b, 0x05, 0xf9, 0x57, 0x01, 0x00, 0x48, 0x89, 0x85, 0xf0, 0xf8,
  0xff, 0xff, 0x48, 0x8b, 0x05, 0xf3, 0x57, 0x01, 0x00, 0x48, 0x89, 0x85,
  0xf8, 0xf8, 0xff, 0xff, 0x48, 0x8b, 0x05, 0xed, 0x57, 0x01, 0x00, 0x48,
  0x89, 0x85, 0x00, 0xf9, 0xff, 0xff, 0x48, 0x8b, 0x05, 0xe7, 0x57, 0x01,
  0x00, 0x48, 0x89, 0x85, 0x08, 0xf9, 0xff, 0xff, 0x48, 0x8b, 0x05, 0xe1,
  0x57, 0x01, 0x00, 0x48, 0x89, 0x85, 0x10, 0xf9, 0xff, 0xff, 0x48, 0x8b,
  0x05, 0xdb, 0x57, 0x01, 0x00, 0x48, 0x89, 0x85, 0x18, 0xf9, 0xff, 0xff,
  0x48, 0x8b, 0x05, 0xd5, 0x57, 0x01, 0x00, 0x48, 0x89, 0x85, 0x20, 0xf9,
  0xff, 0xff, 0x48, 0x8b, 0x05, 0xcf, 0x57, 0x01, 0x00, 0x48, 0x89, 0x85,
  0x28, 0xf9, 0xff, 0xff, 0x48, 0x8b, 0x05, 0xc9, 0x57, 0x01, 0x00, 0x48,
  0x89, 0x85, 0x30, 0xf9, 0xff, 0xff, 0x48, 0x8b, 0x05, 0xc3, 0x57, 0x01,
  0x00, 0x48, 0x89, 0x85, 0x38, 0xf9, 0xff, 0xff, 0x48, 0x8b, 0x05, 0xbd,
  0x57, 0x01, 0x00, 0x48, 0x89, 0x85, 0x40, 0xf9, 0xff, 0xff, 0x48, 0x8b,
  0x05, 0xb7, 0x57, 0x01, 0x00, 0x48, 0x89, 0x85, 0x48, 0xf9, 0xff, 0xff,
  0x48, 0x8b, 0x05, 0xb1, 0x57, 0x01, 0x00, 0x48, 0x89, 0x85, 0x50, 0xf9,
  0xff, 0xff, 0x48, 0x8b, 0x05, 0xab, 0x57, 0x01, 0x00, 0x48, 0x89, 0x85,
  0x58, 0xf9, 0xff, 0xff, 0x48, 0x8b, 0x05, 0xa5, 0x57, 0x01, 0x00, 0x48,
  0x89, 0x85, 0x60, 0xf9, 0xff, 0xff, 0x48, 0x8b, 0x05, 0x9f, 0x57, 0x01,
  0x00, 0x48, 0x89, 0x85, 0x68, 0xf9, 0xff, 0xff, 0x48, 0x8b, 0x05, 0x99,
  0x57, 0x01, 0x00, 0x48, 0x89, 0x85, 0x70, 0xf9, 0xff, 0xff, 0x48, 0x8b,
  0x05, 0x93, 0x57, 0x01, 0x00, 0x48, 0x89, 0x85, 0x78, 0xf9, 0xff, 0xff,
  0x48, 0x8b, 0x05, 0x8d, 0x57, 0x01, 0x00, 0x48, 0x89, 0x85, 0x80, 0xf9,
  0xff, 0xff, 0x48, 0x8b, 0x05, 0x87, 0x57, 0x01, 0x00, 0x48, 0x89, 0x85,
  0x88, 0xf9, 0xff, 0xff, 0x48, 0x8b, 0x05, 0x81, 0x57, 0x01, 0x00, 0x48,
  0x89, 0x85, 0x90, 0xf9, 0xff, 0xff, 0x48, 0x8b, 0x05, 0x7b, 0x57, 0x01,
  0x00, 0x48, 0x89, 0x85, 0x98, 0xf9, 0xff, 0xff, 0x48, 0x8b, 0x05, 0x75,
  0x57, 0x01, 0x00, 0x48, 0x89, 0x85, 0xa0, 0xf9, 0xff, 0xff, 0x48, 0x8b,
  0x05, 0x6f, 0x57, 0x01, 0x00, 0x48, 0x89, 0x85, 0xa8, 0xf9, 0xff, 0xff,
  0x48, 0x8b, 0x05, 0x69, 0x57, 0x01, 0x00, 0x48, 0x89, 0x85, 0xb0, 0xf9,
  0xff, 0xff, 0x48, 0x8b, 0x05, 0x63, 0x57, 0x01, 0x00, 0x48, 0x89, 0x85,
  0xb8, 0xf9, 0xff, 0xff, 0x48, 0x8b, 0x05, 0x5d, 0x57, 0x01, 0x00, 0x48,
  0x89, 0x85, 0xc0, 0xf9, 0xff, 0xff, 0x48, 0x8b, 0x05, 0x57, 0x57, 0x01,
  0x00, 0x48, 0x89, 0x85, 0xc8, 0xf9, 0xff, 0xff, 0x48, 0x8b, 0x05, 0x51,
  0x57, 0x01, 0x00, 0x48, 0x89, 0x85, 0xd0, 0xf9, 0xff, 0xff, 0x48, 0x8b,
  0x05, 0x4b, 0x57, 0x01, 0x00, 0x48, 0x89, 0x85, 0xd8, 0xf9, 0xff, 0xff,
  0x48, 0x8b, 0x05, 0x45, 0x57, 0x01, 0x00, 0x48, 0x89, 0x85, 0xe0, 0xf9,
  0xff, 0xff, 0x48, 0x8b, 0x05, 0x3f, 0x57, 0x01, 0x00, 0x48, 0x89, 0x85,
  0xe8, 0xf9, 0xff, 0xff, 0x48, 0x8b, 0x05, 0x39, 0x57, 0x01, 0x00, 0x48,
  0x89, 0x85, 0xf0, 0xf9, 0xff, 0xff, 0x48, 0x8b, 0x05, 0x33, 0x57, 0x01,
  0x00, 0x48, 0x89, 0x85, 0xf8, 0xf9, 0xff, 0xff, 0x48, 0x8b, 0x05, 0x2d,
  0x57, 0x01, 0x00, 0x48, 0x89, 0x85, 0x00, 0xfa, 0xff, 0xff, 0x48, 0x8b,
  0x05, 0x27, 0x57, 0x01, 0x00, 0x48, 0x89, 0x85, 0x08, 0xfa, 0xff, 0xff,
  0x48, 0x8b, 0x05, 0x21, 0x57, 0x01, 0x00, 0x48, 0x89, 0x85, 0x10, 0xfa,
  0xff, 0xff, 0x48, 0x8b, 0x05, 0x1b, 0x57, 0x01, 0x00, 0x48, 0x89, 0x85,
  0x18, 0xfa, 0xff, 0xff, 0x48, 0x8b, 0x05, 0x15, 0x57, 0x01, 0x00, 0x48,
  0x89, 0x85, 0x20, 0xfa, 0xff, 0xff, 0x48, 0x8b, 0x05, 0x0f, 0x57, 0x01,
  0x00, 0x48, 0x89, 0x85, 0x28, 0xfa, 0xff, 0xff, 0x48, 0x8b, 0x05, 0x09,
  0x57, 0x01, 0x00, 0x48, 0x89, 0x85, 0x30, 0xfa, 0xff, 0xff, 0x48, 0x8b,
  0x05, 0x03, 0x57, 0x01, 0x00, 0x48, 0x89, 0x85, 0x38, 0xfa, 0xff, 0xff,
  0x48, 0x8b, 0x05, 0xfd, 0x56, 0x01, 0x00, 0x48, 0x89, 0x85, 0x40, 0xfa,
  0xff, 0xff, 0x48, 0x8b, 0x05, 0xf7, 0x56, 0x01, 0x00, 0x48, 0x89, 0x85,
  0x48, 0xfa, 0xff, 0xff, 0x48, 0x8b, 0x05, 0xf1, 0x56, 0x01, 0x00, 0x48,
  0x89, 0x85, 0x50, 0xfa, 0xff, 0xff, 0x48, 0x8b, 0x05, 0xeb, 0x56, 0x01,
  0x00, 0x48, 0x89, 0x85, 0x58, 0xfa, 0xff, 0xff, 0x48, 0x8b, 0x05, 0xe5,
  0x56, 0x01, 0x00, 0x48, 0x89, 0x85, 0x60, 0xfa, 0xff, 0xff, 0x48, 0x8b,
  0x05, 0xdf, 0x56, 0x01, 0x00, 0x48, 0x89, 0x85, 0x68, 0xfa, 0xff, 0xff,
  0x48, 0x8b, 0x05, 0xd9, 0x56, 0x01, 0x00, 0x48, 0x89, 0x85, 0x70, 0xfa,
  0xff, 0xff, 0x48, 0x8b, 0x05, 0xd3, 0x56, 0x01, 0x00, 0x48, 0x89, 0x85,
  0x78, 0xfa, 0xff, 0xff, 0x48, 0x8b, 0x05, 0xcd, 0x56, 0x01, 0x00, 0x48,
  0x89, 0x85, 0x80, 0xfa, 0xff, 0xff, 0x48, 0x8b, 0x05, 0xc7, 0x56, 0x01,
  0x00, 0x48, 0x89, 0x85, 0x88, 0xfa, 0xff, 0xff, 0x48, 0x8b, 0x05, 0xc1,
  0x56, 0x01, 0x00, 0x48, 0x89, 0x85, 0x90, 0xfa, 0xff, 0xff, 0x48, 0x8b,
  0x05, 0xbb, 0x56, 0x01, 0x00, 0x48, 0x89, 0x85, 0x98, 0xfa, 0xff, 0xff,
  0x48, 0x8b, 0x05, 0xb5, 0x56, 0x01, 0x00, 0x48, 0x89, 0x85, 0xa0, 0xfa,
  0xff, 0xff, 0x48, 0x8b, 0x05, 0xaf, 0x56, 0x01, 0x00, 0x48, 0x89, 0x85,
  0xa8, 0xfa, 0xff, 0xff, 0x48, 0x8b, 0x05, 0xa9, 0x56, 0x01, 0x00, 0x48,
  0x89, 0x85, 0xb0, 0xfa, 0xff, 0xff, 0x48, 0x8b, 0x05, 0xa3, 0x56, 0x01,
  0x00, 0x48, 0x89, 0x85, 0xb8, 0xfa, 0xff, 0xff, 0x48, 0x8b, 0x05, 0x9d,
  0x56, 0x01, 0x00, 0x48, 0x89, 0x85, 0xc0, 0xfa, 0xff, 0xff, 0x48, 0x8b,
  0x05, 0x97, 0x56, 0x01, 0x00, 0x48, 0x89, 0x85, 0xc8, 0xfa, 0xff, 0xff,
  0x48, 0x8b, 0x05, 0x91, 0x56, 0x01, 0x00, 0x48, 0x89, 0x85, 0xd0, 0xfa,
  0xff, 0xff, 0x48, 0x8b, 0x05, 0x8b, 0x56, 0x01, 0x00, 0x48, 0x89, 0x85,
  0xd8, 0xfa, 0xff, 0xff, 0x48, 0x8b, 0x05, 0x85, 0x56, 0x01, 0x00, 0x48,
  0x89, 0x85, 0xe0, 0xfa, 0xff, 0xff, 0x48, 0x8b, 0x05, 0x7f, 0x56, 0x01,
  0x00, 0x48, 0x89, 0x85, 0xe8, 0xfa, 0xff, 0xff, 0x48, 0x8b, 0x05, 0x79,
  0x56, 0x01, 0x00, 0x48, 0x89, 0x85, 0xf0, 0xfa, 0xff, 0xff, 0x48, 0x8b,
  0x05, 0x73, 0x56, 0x01, 0x00, 0x48, 0x89, 0x85, 0xf8, 0xfa, 0xff, 0xff,
  0x48, 0x8b, 0x05, 0x6d, 0x56, 0x01, 0x00, 0x48, 0x89, 0x85, 0x00, 0xfb,
  0xff, 0xff, 0x48, 0x8b, 0x05, 0x67, 0x56, 0x01, 0x00, 0x48, 0x89, 0x85,
  0x08, 0xfb, 0xff, 0xff, 0x48, 0x8b, 0x05, 0x61, 0x56, 0x01, 0x00, 0x48,
  0x89, 0x85, 0x10, 0xfb, 0xff, 0xff, 0x48, 0x8b, 0x05, 0x5b, 0x56, 0x01,
  0x00, 0x48, 0x89, 0x85, 0x18, 0xfb, 0xff, 0xff, 0x48, 0x8b, 0x05, 0x55,
  0x56, 0x01, 0x00, 0x48, 0x89, 0x85, 0x20, 0xfb, 0xff, 0xff, 0x48, 0x8b,
  0x05, 0x4f, 0x56, 0x01, 0x00, 0x48, 0x89, 0x85, 0x28, 0xfb, 0xff, 0xff,
  0x48, 0x8b, 0x05, 0x49, 0x56, 0x01, 0x00, 0x48, 0x89, 0x85, 0x30, 0xfb,
  0xff, 0xff, 0x48, 0x8b, 0x05, 0x43, 0x56, 0x01, 0x00, 0x48, 0x89, 0x85,
  0x38, 0xfb, 0xff, 0xff, 0x48, 0xc7, 0x85, 0x40, 0xfb, 0xff, 0xff, 0x00,
  0x00, 0x00, 0x00, 0x48, 0x8b, 0x15, 0x2a, 0x45, 0x01, 0x00, 0x48, 0x8d,
  0x05, 0x7a, 0x36, 0x00, 0x00, 0x48, 0x89, 0xc7, 0xb8, 0x00, 0x00, 0x00,
  0x00, 0xff, 0xd2, 0x48, 0x8b, 0x05, 0x0a, 0x45, 0x01, 0x00, 0xbf, 0xa0,
  0x86, 0x01, 0x00, 0xff, 0xd0, 0x48, 0xc7, 0x45, 0x88, 0x00, 0x00, 0x00,
  0x00, 0xe9, 0x83, 0x00, 0x00, 0x00, 0x48, 0x8b, 0x45, 0x88, 0x48, 0x8b,
  0x84, 0xc5, 0x40, 0xf8, 0xff, 0xff, 0x48, 0x2d, 0x34, 0x12, 0x00, 0x00,
  0x48, 0x83, 0xf8, 0x06, 0x77, 0x66, 0x48, 0x8d, 0x14, 0x85, 0x00, 0x00,
  0x00, 0x00, 0x48, 0x8d, 0x05, 0x7f, 0x38, 0x00, 0x00, 0x8b, 0x04, 0x02,
  0x48, 0x98, 0x48, 0x8d, 0x15, 0x73, 0x38, 0x00, 0x00, 0x48, 0x01, 0xd0,
  0x3e, 0xff, 0xe0, 0x48, 0x8b, 0x45, 0x88, 0x48, 0x89, 0x45, 0xc0, 0xeb,
  0x3b, 0x48, 0x8b, 0x45, 0x88, 0x48, 0x89, 0x45, 0xb8, 0xeb, 0x31, 0x48,
  0x8b, 0x45, 0x88, 0x48, 0x89, 0x45, 0xb0, 0xeb, 0x27, 0x48, 0x8b, 0x45,
  0x88, 0x48, 0x89, 0x45, 0xa8, 0xeb, 0x1d, 0x48, 0x8b, 0x45, 0x88, 0x48,
  0x89, 0x45, 0xa0, 0xeb, 0x13, 0x48, 0x8b, 0x45, 0x88, 0x48, 0x89, 0x45,
  0x98, 0xeb, 0x09, 0x48, 0x8b, 0x45, 0x88, 0x48, 0x89, 0x45, 0x90, 0x90,
  0x48, 0x83, 0x45, 0x88, 0x01, 0x48, 0x8b, 0x45, 0x88, 0x48, 0x8b, 0x84,
  0xc5, 0x40, 0xf8, 0xff, 0xff, 0x48, 0x85, 0xc0, 0x0f, 0x85, 0x68, 0xff,
  0xff, 0xff, 0x48, 0x8b, 0x15, 0x5f, 0x44, 0x01, 0x00, 0x48, 0x8d, 0x05,
  0xbc, 0x35, 0x00, 0x00, 0x48, 0x89, 0xc7, 0xb8, 0x00, 0x00, 0x00, 0x00,
  0xff, 0xd2, 0x48, 0x8b, 0x05, 0x3f, 0x44, 0x01, 0x00, 0xbf, 0xa0, 0x86,
  0x01, 0x00, 0xff, 0xd0, 0xc7, 0x45, 0x84, 0x00, 0x00, 0x00, 0x00, 0xe9,
  0xf3, 0x02, 0x00, 0x00, 0x48, 0x8b, 0x15, 0x2d, 0x44, 0x01, 0x00, 0x8b,
  0x45, 0x84, 0x89, 0xc6, 0x48, 0x8d, 0x05, 0x92, 0x35, 0x00, 0x00, 0x48,
  0x89, 0xc7, 0xb8, 0x00, 0x00, 0x00, 0x00, 0xff, 0xd2, 0x48, 0x8b, 0x05,
  0x08, 0x44, 0x01, 0x00, 0xbf, 0xa0, 0x86, 0x01, 0x00, 0xff, 0xd0, 0x48,
  0xb8, 0x6c, 0x6f, 0x61, 0x64, 0x69, 0x6e, 0x67, 0x20, 0x48, 0xba, 0x6f,
  0x6e, 0x20, 0x63, 0x70, 0x75, 0x20, 0x2e, 0x48, 0x89, 0x85, 0xf0, 0xf5,
  0xff, 0xff, 0x48, 0x89, 0x95, 0xf8, 0xf5, 0xff, 0xff, 0xc7, 0x85, 0xff,
  0xf5, 0xff, 0xff, 0x2e, 0x2e, 0x0a, 0x00, 0x83, 0x7d, 0x84, 0x09, 0x7e,
  0x15, 0xc6, 0x85, 0xff, 0xf5, 0xff, 0xff, 0x31, 0x8b, 0x45, 0x84, 0x83,
  0xc0, 0x26, 0x88, 0x85, 0x00, 0xf6, 0xff, 0xff, 0xeb, 0x13, 0x8b, 0x45,
  0x84, 0x83, 0xc0, 0x30, 0x88, 0x85, 0xff, 0xf5, 0xff, 0xff, 0xc6, 0x85,
  0x00, 0xf6, 0xff, 0xff, 0x0a, 0x48, 0x8b, 0x0d, 0x60, 0x52, 0x01, 0x00,
  0x8b, 0x55, 0x84, 0x89, 0xd0, 0xc1, 0xe0, 0x03, 0x01, 0xd0, 0xc1, 0xe0,
  0x08, 0x48, 0x98, 0x48, 0x8d, 0x14, 0x01, 0x48, 0x8b, 0x45, 0xc0, 0x48,
  0x89, 0x94, 0xc5, 0x40, 0xf8, 0xff, 0xff, 0x48, 0x8b, 0x45, 0xb8, 0x48,
  0xc7, 0x84, 0xc5, 0x40, 0xf8, 0xff, 0xff, 0x00, 0x00, 0x00, 0x00, 0x48,
  0x8b, 0x45, 0xb0, 0x48, 0xc7, 0x84, 0xc5, 0x40, 0xf8, 0xff, 0xff, 0x00,
  0x00, 0x00, 0x00, 0x48, 0x8b, 0x15, 0x12, 0x52, 0x01, 0x00, 0x8b, 0x45,
  0x84, 0x6b, 0xc0, 0x68, 0x48, 0x98, 0x48, 0x01, 0xd0, 0x48, 0x8d, 0x50,
  0x34, 0x48, 0x8b, 0x45, 0xa8, 0x48, 0x89, 0x94, 0xc5, 0x40, 0xf8, 0xff,
  0xff, 0x48, 0x8b, 0x15, 0xf0, 0x51, 0x01, 0x00, 0x8b, 0x45, 0x84, 0x6b,
  0xc0, 0x68, 0x48, 0x98, 0x48, 0x01, 0xd0, 0x48, 0x8d, 0x50, 0x54, 0x48,
  0x8b, 0x45, 0xa0, 0x48, 0x89, 0x94, 0xc5, 0x40, 0xf8, 0xff, 0xff, 0x8b,
  0x45, 0x84, 0x48, 0x98, 0x48, 0x8b, 0x94, 0xc5, 0x70, 0xfe, 0xff, 0xff,
  0x48, 0x8b, 0x45, 0x98, 0x48, 0x89, 0x94, 0xc5, 0x40, 0xf8, 0xff, 0xff,
  0x48, 0x8b, 0x15, 0xb5, 0x51, 0x01, 0x00, 0x8b, 0x45, 0x84, 0x6b, 0xc0,
  0x68, 0x48, 0x98, 0x48, 0x01, 0xc2, 0x48, 0x8b, 0x45, 0x90, 0x48, 0x89,
  0x94, 0xc5, 0x40, 0xf8, 0xff, 0xff, 0x48, 0xc7, 0x85, 0xe8, 0xf5, 0xff,
  0xff, 0x00, 0x00, 0x00, 0x00, 0x48, 0xc7, 0x85, 0xd0, 0xf5, 0xff, 0xff,
  0x00, 0x00, 0x00, 0x00, 0x48, 0xc7, 0x85, 0xd8, 0xf5, 0xff, 0xff, 0x00,
  0x00, 0x00, 0x00, 0x48, 0x8b, 0xbd, 0x48, 0xff, 0xff, 0xff, 0x48, 0x8d,
  0xb5, 0xe8, 0xf5, 0xff, 0xff, 0x48, 0x8d, 0x8d, 0xd0, 0xf5, 0xff, 0xff,
  0x48, 0x8d, 0x95, 0x40, 0xf8, 0xff, 0xff, 0x48, 0x8d, 0x85, 0x50, 0xfb,
  0xff, 0xff, 0x49, 0x89, 0xf9, 0x49, 0x89, 0xf0, 0x48, 0x89, 0xc6, 0x48,
  0x8d, 0x05, 0xc2, 0xdd, 0x00, 0x00, 0x48, 0x89, 0xc7, 0xe8, 0x82, 0xd2,
  0xff, 0xff, 0x48, 0x89, 0x85, 0x18, 0xff, 0xff, 0xff, 0xbf, 0x00, 0x60,
  0x00, 0x00, 0xe8, 0xdb, 0xd0, 0xff, 0xff, 0x48, 0x89, 0x85, 0x10, 0xff,
  0xff, 0xff, 0x48, 0x8b, 0x85, 0x10, 0xff, 0xff, 0xff, 0x48, 0x05, 0xff,
  0x0f, 0x00, 0x00, 0x48, 0x25, 0x00, 0xf0, 0xff, 0xff, 0x48, 0x89, 0x85,
  0x10, 0xff, 0xff, 0xff, 0x8b, 0x45, 0x84, 0x48, 0x98, 0x48, 0x8b, 0x95,
  0x10, 0xff, 0xff, 0xff, 0x48, 0x89, 0x94, 0xc5, 0x40, 0xf6, 0xff, 0xff,
  0x48, 0x8b, 0x85, 0x10, 0xff, 0xff, 0xff, 0x48, 0x89, 0xc7, 0xe8, 0xb2,
  0xd9, 0xff, 0xff, 0x48, 0x8b, 0x55, 0xb8, 0x48, 0x89, 0x84, 0xd5, 0x40,
  0xf8, 0xff, 0xff, 0x48, 0x8b, 0x85, 0xe8, 0xf5, 0xff, 0xff, 0x48, 0x89,
  0xc2, 0x48, 0x8b, 0x85, 0xd0, 0xf5, 0xff, 0xff, 0x48, 0x29, 0xc2, 0x48,
  0x8b, 0x85, 0x48, 0xff, 0xff, 0xff, 0x48, 0x01, 0xc2, 0x48, 0x8b, 0x45,
  0xb0, 0x48, 0x89, 0x94, 0xc5, 0x40, 0xf8, 0xff, 0xff, 0x48, 0xc7, 0x85,
  0xc8, 0xf5, 0xff, 0xff, 0x00, 0x00, 0x00, 0x00, 0x48, 0xc7, 0x85, 0xb0,
  0xf5, 0xff, 0xff, 0x00, 0x00, 0x00, 0x00, 0x48, 0xc7, 0x85, 0xb8, 0xf5,
  0xff, 0xff, 0x00, 0x00, 0x00, 0x00, 0x48, 0x8d, 0xb5, 0xc8, 0xf5, 0xff,
  0xff, 0x48, 0x8d, 0x8d, 0xb0, 0xf5, 0xff, 0xff, 0x48, 0x8d, 0x95, 0x40,
  0xf8, 0xff, 0xff, 0x48, 0x8d, 0x85, 0x50, 0xfb, 0xff, 0xff, 0x41, 0xb9,
  0x00, 0x00, 0x00, 0x00, 0x49, 0x89, 0xf0, 0x48, 0x89, 0xc6, 0x48, 0x8d,
  0x05, 0xaf, 0x6a, 0x00, 0x00, 0x48, 0x89, 0xc7, 0xe8, 0x9f, 0xd1, 0xff,
  0xff, 0x48, 0x89, 0x85, 0x08, 0xff, 0xff, 0xff, 0x48, 0x8b, 0x8d, 0x40,
  0xff, 0xff, 0xff, 0x48, 0x8b, 0x95, 0x48, 0xff, 0xff, 0xff, 0x48, 0x8d,
  0xb5, 0xd0, 0xf5, 0xff, 0xff, 0x48, 0x8b, 0x85, 0x10, 0xff, 0xff, 0xff,
  0x48, 0x89, 0xc7, 0xe8, 0xb5, 0xda, 0xff, 0xff, 0x48, 0x8b, 0x95, 0x18,
  0xff, 0xff, 0xff, 0x8b, 0x45, 0x84, 0x48, 0x98, 0x48, 0x89, 0x94, 0xc5,
  0xc0, 0xf7, 0xff, 0xff, 0x48, 0x8b, 0x95, 0x08, 0xff, 0xff, 0xff, 0x8b,
  0x45, 0x84, 0x48, 0x98, 0x48, 0x89, 0x94, 0xc5, 0x40, 0xf7, 0xff, 0xff,
  0x48, 0x8b, 0x85, 0xc8, 0xf5, 0xff, 0xff, 0x48, 0x89, 0xc2, 0x8b, 0x45,
  0x84, 0x48, 0x98, 0x48, 0x89, 0x94, 0xc5, 0xc0, 0xf6, 0xff, 0xff, 0x83,
  0x45, 0x84, 0x01, 0x83, 0x7d, 0x84, 0x0f, 0x0f, 0x8e, 0x03, 0xfd, 0xff,
  0xff, 0xbf, 0x84, 0x00, 0x00, 0xc0, 0xe8, 0x26, 0x38, 0xff, 0xff, 0x80,
  0xcc, 0x01, 0x48, 0x89, 0xc6, 0xbf, 0x84, 0x00, 0x00, 0xc0, 0xe8, 0x95,
  0x38, 0xff, 0xff, 0x48, 0x8b, 0x15, 0x16, 0x41, 0x01, 0x00, 0x48, 0x8d,
  0x05, 0x9b, 0x32, 0x00, 0x00, 0x48, 0x89, 0xc7, 0xb8, 0x00, 0x00, 0x00,
  0x00, 0xff, 0xd2, 0x48, 0x8b, 0x05, 0xf6, 0x40, 0x01, 0x00, 0xbf, 0xa0,
  0x86, 0x01, 0x00, 0xff, 0xd0, 0x48, 0x8b, 0x15, 0xf0, 0x40, 0x01, 0x00,
  0x48, 0x8d, 0x05, 0x88, 0x32, 0x00, 0x00, 0x48, 0x89, 0xc7, 0xb8, 0x00,
  0x00, 0x00, 0x00, 0xff, 0xd2, 0x48, 0x8b, 0x05, 0xd0, 0x40, 0x01, 0x00,
  0xbf, 0xa0, 0x86, 0x01, 0x00, 0xff, 0xd0, 0xe8, 0xd3, 0x38, 0xff, 0xff,
  0x48, 0x89, 0x85, 0x28, 0xff, 0xff, 0xff, 0xc7, 0x45, 0x80, 0x00, 0x00,
  0x00, 0x00, 0xe9, 0x71, 0x01, 0x00, 0x00, 0x8b, 0x45, 0x80, 0x48, 0x98,
  0x48, 0x8b, 0x84, 0xc5, 0xc0, 0xf6, 0xff, 0xff, 0x48, 0x89, 0x85, 0x20,
  0xff, 0xff, 0xff, 0x48, 0x8b, 0x85, 0x20, 0xff, 0xff, 0xff, 0x48, 0x8b,
  0x15, 0x37, 0x4f, 0x01, 0x00, 0x48, 0x81, 0xc2, 0xd0, 0x00, 0x00, 0x00,
  0x48, 0x89, 0xd1, 0xba, 0x02, 0x00, 0x00, 0x00, 0x48, 0x89, 0xc6, 0x48,
  0x89, 0xcf, 0xe8, 0x81, 0x45, 0xff, 0xff, 0x48, 0x8b, 0x85, 0x20, 0xff,
  0xff, 0xff, 0x48, 0x83, 0xc0, 0x02, 0x48, 0x89, 0xc1, 0x48, 0x8b, 0x05,
  0x08, 0x4f, 0x01, 0x00, 0x48, 0x05, 0xd6, 0x00, 0x00, 0x00, 0xba, 0x06,
  0x00, 0x00, 0x00, 0x48, 0x89, 0xce, 0x48, 0x89, 0xc7, 0xe8, 0x56, 0x45,
  0xff, 0xff, 0x48, 0x8b, 0x05, 0xeb, 0x4e, 0x01, 0x00, 0x48, 0x05, 0xd4,
  0x00, 0x00, 0x00, 0x48, 0x89, 0xc1, 0xba, 0x01, 0x00, 0x00, 0x00, 0x48,
  0x8d, 0x05, 0xea, 0x31, 0x00, 0x00, 0x48, 0x89, 0xc6, 0x48, 0x89, 0xcf,
  0xe8, 0x2f, 0x45, 0xff, 0xff, 0x48, 0x8b, 0x85, 0x20, 0xff, 0xff, 0xff,
  0x48, 0x83, 0xc0, 0x10, 0x48, 0x89, 0xc1, 0x48, 0x8b, 0x05, 0xb6, 0x4e,
  0x01, 0x00, 0x48, 0x83, 0xc0, 0x10, 0xba, 0x02, 0x00, 0x00, 0x00, 0x48,
  0x89, 0xce, 0x48, 0x89, 0xc7, 0xe8, 0x06, 0x45, 0xff, 0xff, 0x48, 0x8b,
  0x85, 0x20, 0xff, 0xff, 0xff, 0x48, 0x83, 0xc0, 0x12, 0x48, 0x89, 0xc1,
  0x48, 0x8b, 0x05, 0x8d, 0x4e, 0x01, 0x00, 0x48, 0x83, 0xc0, 0x16, 0xba,
  0x06, 0x00, 0x00, 0x00, 0x48, 0x89, 0xce, 0x48, 0x89, 0xc7, 0xe8, 0xdd,
  0x44, 0xff, 0xff, 0x48, 0x8b, 0x05, 0x72, 0x4e, 0x01, 0x00, 0x48, 0x83,
  0xc0, 0x14, 0x48, 0x89, 0xc1, 0xba, 0x01, 0x00, 0x00, 0x00, 0x48, 0x8d,
  0x05, 0x75, 0x31, 0x00, 0x00, 0x48, 0x89, 0xc6, 0x48, 0x89, 0xcf, 0xe8,
  0xb8, 0x44, 0xff, 0xff, 0x48, 0x8b, 0x85, 0x20, 0xff, 0xff, 0xff, 0x48,
  0x83, 0xc0, 0x08, 0x48, 0x89, 0xc1, 0x48, 0x8b, 0x15, 0x4f, 0x4e, 0x01,
  0x00, 0x8b, 0x45, 0x80, 0x6b, 0xc0, 0x68, 0x48, 0x98, 0x48, 0x01, 0xd0,
  0x48, 0x83, 0xc0, 0x34, 0xba, 0x08, 0x00, 0x00, 0x00, 0x48, 0x89, 0xce,
  0x48, 0x89, 0xc7, 0xe8, 0x84, 0x44, 0xff, 0xff, 0x48, 0x8b, 0x85, 0x20,
  0xff, 0xff, 0xff, 0x48, 0x83, 0xc0, 0x18, 0x48, 0x89, 0xc1, 0x48, 0x8b,
  0x15, 0x1b, 0x4e, 0x01, 0x00, 0x8b, 0x45, 0x80, 0x6b, 0xc0, 0x68, 0x48,
  0x98, 0x48, 0x01, 0xd0, 0x48, 0x83, 0xc0, 0x54, 0xba, 0x08, 0x00, 0x00,
  0x00, 0x48, 0x89, 0xce, 0x48, 0x89, 0xc7, 0xe8, 0x50, 0x44, 0xff, 0xff,
  0x83, 0x45, 0x80, 0x01, 0x83, 0x7d, 0x80, 0x0f, 0x0f, 0x8e, 0x85, 0xfe,
  0xff, 0xff, 0x48, 0x8b, 0x05, 0xf7, 0x4d, 0x01, 0x00, 0x48, 0x89, 0x85,
  0x38, 0xf6, 0xff, 0xff, 0x48, 0x8b, 0x05, 0xc9, 0x4d, 0x01, 0x00, 0x48,
  0x83, 0xc0, 0x20, 0x48, 0x89, 0xc1, 0x48, 0x8d, 0x85, 0x38, 0xf6, 0xff,
  0xff, 0xba, 0x02, 0x00, 0x00, 0x00, 0x48, 0x89, 0xc6, 0x48, 0x89, 0xcf,
  0xe8, 0x0f, 0x44, 0xff, 0xff, 0x48, 0x8d, 0x85, 0x38, 0xf6, 0xff, 0xff,
  0x48, 0x83, 0xc0, 0x02, 0x48, 0x8b, 0x15, 0x99, 0x4d, 0x01, 0x00, 0x48,
  0x83, 0xc2, 0x26, 0x48, 0x89, 0xd1, 0xba, 0x06, 0x00, 0x00, 0x00, 0x48,
  0x89, 0xc6, 0x48, 0x89, 0xcf, 0xe8, 0xe6, 0x43, 0xff, 0xff, 0x48, 0x8b,
  0x15, 0xdb, 0x3e, 0x01, 0x00, 0x48, 0x8d, 0x05, 0x8c, 0x30, 0x00, 0x00,
  0x48, 0x89, 0xc7, 0xb8, 0x00, 0x00, 0x00, 0x00, 0xff, 0xd2, 0x48, 0x8b,
  0x05, 0xbb, 0x3e, 0x01, 0x00, 0xbf, 0xa0, 0x86, 0x01, 0x00, 0xff, 0xd0,
  0x48, 0x8b, 0x15, 0xb5, 0x3e, 0x01, 0x00, 0x48, 0x8d, 0x05, 0x7a, 0x30,
  0x00, 0x00, 0x48, 0x89, 0xc7, 0xb8, 0x00, 0x00, 0x00, 0x00, 0xff, 0xd2,
  0x48, 0x8b, 0x05, 0x95, 0x3e, 0x01, 0x00, 0xbf, 0xa0, 0x86, 0x01, 0x00,
  0xff, 0xd0, 0x48, 0x8b, 0x15, 0x8f, 0x3e, 0x01, 0x00, 0x48, 0x8d, 0x05,
  0x70, 0x30, 0x00, 0x00, 0x48, 0x89, 0xc7, 0xb8, 0x00, 0x00, 0x00, 0x00,
  0xff, 0xd2, 0x48, 0x8b, 0x05, 0x6f, 0x3e, 0x01, 0x00, 0xbf, 0xa0, 0x86,
  0x01, 0x00, 0xff, 0xd0, 0xc7, 0x85, 0xac, 0xf5, 0xff, 0xff, 0x00, 0x00,
  0x00, 0x00, 0x48, 0x8b, 0x15, 0x5f, 0x3e, 0x01, 0x00, 0x48, 0x8d, 0x05,
  0x98, 0x30, 0x00, 0x00, 0x48, 0x89, 0xc7, 0xb8, 0x00, 0x00, 0x00, 0x00,
  0xff, 0xd2, 0x48, 0x8b, 0x05, 0x3f, 0x3e, 0x01, 0x00, 0xbf, 0xa0, 0x86,
  0x01, 0x00, 0xff, 0xd0, 0x48, 0x8b, 0x0d, 0xe1, 0x4e, 0x01, 0x00, 0x48,
  0x8d, 0x85, 0xac, 0xf5, 0xff, 0xff, 0xba, 0x04, 0x00, 0x00, 0x00, 0x48,
  0x89, 0xce, 0x48, 0x89, 0xc7, 0xe8, 0xc6, 0x2d, 0xff, 0xff, 0x8b, 0x85,
  0xac, 0xf5, 0xff, 0xff, 0x83, 0xc8, 0x14, 0x89, 0x85, 0xac, 0xf5, 0xff,
  0xff, 0x48, 0x8b, 0x15, 0x0c, 0x3e, 0x01, 0x00, 0x48, 0x8d, 0x05, 0x6d,
  0x30, 0x00, 0x00, 0x48, 0x89, 0xc7, 0xb8, 0x00, 0x00, 0x00, 0x00, 0xff,
  0xd2, 0x48, 0x8b, 0x05, 0xec, 0x3d, 0x01, 0x00, 0xbf, 0xa0, 0x86, 0x01,
  0x00, 0xff, 0xd0, 0x48, 0x8b, 0x05, 0x8e, 0x4e, 0x01, 0x00, 0x48, 0x8d,
  0x8d, 0xac, 0xf5, 0xff, 0xff, 0xba, 0x04, 0x00, 0x00, 0x00, 0x48, 0x89,
  0xce, 0x48, 0x89, 0xc7, 0xe8, 0x3f, 0x2e, 0xff, 0xff, 0x48, 0x8b, 0x15,
  0xc8, 0x3d, 0x01, 0x00, 0x48, 0x8b, 0x05, 0x49, 0x4d, 0x01, 0x00, 0x48,
  0x89, 0xc6, 0x48, 0x8d, 0x05, 0x47, 0x30, 0x00, 0x00, 0x48, 0x89, 0xc7,
  0xb8, 0x00, 0x00, 0x00, 0x00, 0xff, 0xd2, 0x48, 0x8b, 0x05, 0x9e, 0x3d,
  0x01, 0x00, 0xbf, 0xa0, 0x86, 0x01, 0x00, 0xff, 0xd0, 0x66, 0xc7, 0x85,
  0x36, 0xf6, 0xff, 0xff, 0xb7, 0xde, 0x48, 0x8b, 0x05, 0x0f, 0x4d, 0x01,
  0x00, 0x48, 0x8d, 0x48, 0x0e, 0x48, 0x8d, 0x85, 0x36, 0xf6, 0xff, 0xff,
  0xba, 0x02, 0x00, 0x00, 0x00, 0x48, 0x89, 0xc6, 0x48, 0x89, 0xcf, 0xe8,
  0xe4, 0x2d, 0xff, 0xff, 0x66, 0xc7, 0x85, 0x34, 0xf6, 0xff, 0xff, 0xb7,
  0xde, 0x48, 0x8b, 0x05, 0xec, 0x4c, 0x01, 0x00, 0x48, 0x8d, 0x48, 0x0e,
  0x48, 0x8d, 0x85, 0x34, 0xf6, 0xff, 0xff, 0xba, 0x02, 0x00, 0x00, 0x00,
  0x48, 0x89, 0xc6, 0x48, 0x89, 0xcf, 0xe8, 0xb9, 0x2d, 0xff, 0xff, 0x66,
  0xc7, 0x85, 0x32, 0xf6, 0xff, 0xff, 0xb7, 0xde, 0x48, 0x8b, 0x05, 0xd9,
  0x4d, 0x01, 0x00, 0x48, 0x8d, 0x48, 0x6e, 0x48, 0x8d, 0x85, 0x32, 0xf6,
  0xff, 0xff, 0xba, 0x02, 0x00, 0x00, 0x00, 0x48, 0x89, 0xc6, 0x48, 0x89,
  0xcf, 0xe8, 0x8e, 0x2d, 0xff, 0xff, 0x66, 0xc7, 0x85, 0x30, 0xf6, 0xff,
  0xff, 0xb7, 0xde, 0x48, 0x8b, 0x05, 0xae, 0x4d, 0x01, 0x00, 0x48, 0x8d,
  0x88, 0xa6, 0x00, 0x00, 0x00, 0x48, 0x8d, 0x85, 0x30, 0xf6, 0xff, 0xff,
  0xba, 0x02, 0x00, 0x00, 0x00, 0x48, 0x89, 0xc6, 0x48, 0x89, 0xcf, 0xe8,
  0x60, 0x2d, 0xff, 0xff, 0x48, 0x8b, 0x15, 0xe9, 0x3c, 0x01, 0x00, 0x48,
  0x8d, 0x05, 0xaa, 0x2f, 0x00, 0x00, 0x48, 0x89, 0xc7, 0xb8, 0x00, 0x00,
  0x00, 0x00, 0xff, 0xd2, 0x48, 0x8b, 0x05, 0xc9, 0x3c, 0x01, 0x00, 0xbf,
  0xa0, 0x86, 0x01, 0x00, 0xff, 0xd0, 0x48, 0x8b, 0x05, 0x73, 0x4d, 0x01,
  0x00, 0xba, 0x01, 0x00, 0x00, 0x00, 0x48, 0x8d, 0x0d, 0x9f, 0x2f, 0x00,
  0x00, 0x48, 0x89, 0xce, 0x48, 0x89, 0xc7, 0xe8, 0x1c, 0x2d, 0xff, 0xff,
  0x48, 0x8b, 0x15, 0xa5, 0x3c, 0x01, 0x00, 0x48, 0x8d, 0x05, 0x8e, 0x2f,
  0x00, 0x00, 0x48, 0x89, 0xc7, 0xb8, 0x00, 0x00, 0x00, 0x00, 0xff, 0xd2,
  0x48, 0x8b, 0x05, 0x85, 0x3c, 0x01, 0x00, 0xbf, 0xa0, 0x86, 0x01, 0x00,
  0xff, 0xd0, 0xc7, 0x85, 0xa8, 0xf5, 0xff, 0xff, 0x00, 0x00, 0x00, 0x00,
  0x48, 0x8b, 0x0d, 0x2d, 0x4d, 0x01, 0x00, 0x48, 0x8d, 0x85, 0xa8, 0xf5,
  0xff, 0xff, 0xba, 0x04, 0x00, 0x00, 0x00, 0x48, 0x89, 0xce, 0x48, 0x89,
  0xc7, 0xe8, 0x02, 0x2c, 0xff, 0xff, 0x8b, 0x85, 0xa8, 0xf5, 0xff, 0xff,
  0x0d, 0x00, 0x03, 0x03, 0x01, 0x89, 0x85, 0xa8, 0xf5, 0xff, 0xff, 0x48,
  0x8b, 0x15, 0x46, 0x3c, 0x01, 0x00, 0x48, 0x8d, 0x05, 0x50, 0x2f, 0x00,
  0x00, 0x48, 0x89, 0xc7, 0xb8, 0x00, 0x00, 0x00, 0x00, 0xff, 0xd2, 0x48,
  0x8b, 0x05, 0x26, 0x3c, 0x01, 0x00, 0xbf, 0xa0, 0x86, 0x01, 0x00, 0xff,
  0xd0, 0x48, 0x8b, 0x05, 0xd8, 0x4c, 0x01, 0x00, 0x48, 0x8d, 0x8d, 0xa8,
  0xf5, 0xff, 0xff, 0xba, 0x04, 0x00, 0x00, 0x00, 0x48, 0x89, 0xce, 0x48,
  0x89, 0xc7, 0xe8, 0x79, 0x2c, 0xff, 0xff, 0x48, 0x8b, 0x15, 0x02, 0x3c,
  0x01, 0x00, 0x48, 0x8d, 0x05, 0x2b, 0x2f, 0x00, 0x00, 0x48, 0x89, 0xc7,
  0xb8, 0x00, 0x00, 0x00, 0x00, 0xff, 0xd2, 0x48, 0x8b, 0x05, 0xe2, 0x3b,
  0x01, 0x00, 0xbf, 0xa0, 0x86, 0x01, 0x00, 0xff, 0xd0, 0x48, 0x8b, 0x0d,
  0x9c, 0x4c, 0x01, 0x00, 0x48, 0x8d, 0x85, 0xa8, 0xf5, 0xff, 0xff, 0xba,
  0x04, 0x00, 0x00, 0x00, 0x48, 0x89, 0xce, 0x48, 0x89, 0xc7, 0xe8, 0x69,
  0x2b, 0xff, 0xff, 0x8b, 0x85, 0xa8, 0xf5, 0xff, 0xff, 0x83, 0xc8, 0x01,
  0x89, 0x85, 0xa8, 0xf5, 0xff, 0xff, 0x48, 0x8b, 0x15, 0xaf, 0x3b, 0x01,
  0x00, 0x48, 0x8d, 0x05, 0xb9, 0x2e, 0x00, 0x00, 0x48, 0x89, 0xc7, 0xb8,
  0x00, 0x00, 0x00, 0x00, 0xff, 0xd2, 0x48, 0x8b, 0x05, 0x8f, 0x3b, 0x01,
  0x00, 0xbf, 0xa0, 0x86, 0x01, 0x00, 0xff, 0xd0, 0x48, 0x8b, 0x05, 0x49,
  0x4c, 0x01, 0x00, 0x48, 0x8d, 0x8d, 0xa8, 0xf5, 0xff, 0xff, 0xba, 0x04,
  0x00, 0x00, 0x00, 0x48, 0x89, 0xce, 0x48, 0x89, 0xc7, 0xe8, 0xe2, 0x2b,
  0xff, 0xff, 0x48, 0x8b, 0x15, 0x6b, 0x3b, 0x01, 0x00, 0x48, 0x8d, 0x05,
  0xb3, 0x2e, 0x00, 0x00, 0x48, 0x89, 0xc7, 0xb8, 0x00, 0x00, 0x00, 0x00,
  0xff, 0xd2, 0x48, 0x8b, 0x05, 0x4b, 0x3b, 0x01, 0x00, 0xbf, 0xa0, 0x86,
  0x01, 0x00, 0xff, 0xd0, 0x48, 0x8d, 0x85, 0x10, 0xf6, 0xff, 0xff, 0x48,
  0x89, 0xc2, 0xbe, 0x00, 0x00, 0x00, 0x00, 0xbf, 0x0a, 0x00, 0x00, 0x00,
  0xe8, 0x28, 0x26, 0xff, 0xff, 0x48, 0x8d, 0x85, 0x10, 0xf6, 0xff, 0xff,
  0xba, 0x00, 0x00, 0x00, 0x00, 0x48, 0x89, 0xc6, 0xbf, 0x05, 0x00, 0x00,
  0x00, 0xe8, 0x0f, 0x26, 0xff, 0xff, 0x48, 0x8d, 0x85, 0x10, 0xf6, 0xff,
  0xff, 0xba, 0x00, 0x00, 0x00, 0x00, 0x48, 0x89, 0xc6, 0xbf, 0x0d, 0x00,
  0x00, 0x00, 0xe8, 0xf6, 0x25, 0xff, 0xff, 0x48, 0x8b, 0x05, 0x9a, 0x49,
  0x01, 0x00, 0x48, 0x05, 0x95, 0x00, 0x00, 0x00, 0xba, 0x01, 0x00, 0x00,
  0x00, 0x48, 0x8d, 0x0d, 0x4d, 0x2e, 0x00, 0x00, 0x48, 0x89, 0xce, 0x48,
  0x89, 0xc7, 0xe8, 0x4d, 0x2b, 0xff, 0xff, 0x48, 0x8b, 0x05, 0x76, 0x49,
  0x01, 0x00, 0x48, 0x05, 0x35, 0x0b, 0x00, 0x00, 0xba, 0x01, 0x00, 0x00,
  0x00, 0x48, 0x8d, 0x0d, 0x29, 0x2e, 0x00, 0x00, 0x48, 0x89, 0xce, 0x48,
  0x89, 0xc7, 0xe8, 0x29, 0x2b, 0xff, 0xff, 0x48, 0x8b, 0x15, 0xb2, 0x3a,
  0x01, 0x00, 0x48, 0x8d, 0x05, 0x13, 0x2e, 0x00, 0x00, 0x48, 0x89, 0xc7,
  0xb8, 0x00, 0x00, 0x00, 0x00, 0xff, 0xd2, 0x48, 0x8b, 0x05, 0x92, 0x3a,
  0x01, 0x00, 0xbf, 0xa0, 0x86, 0x01, 0x00, 0xff, 0xd0, 0x48, 0x8d, 0x05,
  0x14, 0x2e, 0x00, 0x00, 0x48, 0x89, 0xc7, 0xe8, 0xf6, 0xc5, 0xff, 0xff,
  0xb8, 0x00, 0x00, 0x00, 0x00, 0xc9, 0xc3, 0x00, 0x00, 0x00, 0x00, 0x00,
  0x00, 0x00, 0x00, 0x00, 0x00, 0x00, 0x00, 0x00, 0x00, 0x00, 0x00, 0x00,
  0x00, 0x00, 0x00, 0x00, 0x00, 0x00, 0x00, 0x00, 0x00, 0x00, 0x00, 0x00,
  0x00, 0x00, 0x00, 0x00, 0x00, 0x00, 0x00, 0x00, 0x00, 0x00, 0x00, 0x00,
  0x00, 0x00, 0x00, 0x00, 0x00, 0x00, 0x00, 0x00, 0x00, 0x00, 0x00, 0x00,
  0x00, 0x00, 0x00, 0x00, 0x00, 0x00, 0x00, 0x00, 0x00, 0x00, 0x00, 0x00,
  0x00, 0x00, 0x00, 0x00, 0x00, 0x00, 0x00, 0x00, 0x00, 0x00, 0x00, 0x00,
  0x00, 0x00, 0x00, 0x00, 0x00, 0x00, 0x00, 0x00, 0x00, 0x00, 0x00, 0x00,
  0x00, 0x00, 0x00, 0x00, 0x00, 0x00, 0x00, 0x00, 0x00, 0x00, 0x00, 0x00,
  0x00, 0x00, 0x00, 0x00, 0x00, 0x00, 0x00, 0x00, 0x00, 0x00, 0x00, 0x00,
  0x00, 0x00, 0x00, 0x00, 0x00, 0x00, 0x00, 0x00, 0x00, 0x00, 0x00, 0x00,
  0x00, 0x00, 0x00, 0x00, 0x00, 0x00, 0x00, 0x00, 0x00, 0x00, 0x00, 0x00,
  0x00, 0x00, 0x00, 0x00, 0x00, 0x00, 0x00, 0x00, 0x00, 0x00, 0x00, 0x00,
  0x00, 0x00, 0x00, 0x00, 0x00, 0x00, 0x00, 0x00, 0x00, 0x00, 0x00, 0x00,
  0x00, 0x00, 0x00, 0x00, 0x00, 0x00, 0x00, 0x00, 0x00, 0x00, 0x00, 0x00,
  0x00, 0x00, 0x00, 0x00, 0x00, 0x00, 0x00, 0x00, 0x00, 0x00, 0x00, 0x00,
  0x00, 0x00, 0x00, 0x00, 0x00, 0x00, 0x00, 0x00, 0x00, 0x00, 0x00, 0x00,
  0x00, 0x00, 0x00, 0x00, 0x00, 0x00, 0x00, 0x00, 0x00, 0x00, 0x00, 0x00,
  0x00, 0x00, 0x00, 0x00, 0x00, 0x00, 0x00, 0x00, 0x00, 0x00, 0x00, 0x00,
  0x00, 0x00, 0x00, 0x00, 0x00, 0x00, 0x00, 0x00, 0x00, 0x00, 0x00, 0x00,
  0x00, 0x00, 0x00, 0x00, 0x00, 0x00, 0x00, 0x00, 0x00, 0x00, 0x00, 0x00,
  0x00, 0x00, 0x00, 0x00, 0x00, 0x00, 0x00, 0x00, 0x00, 0x00, 0x00, 0x00,
  0x00, 0x00, 0x00, 0x00, 0x00, 0x00, 0x00, 0x00, 0x00, 0x00, 0x00, 0x00,
  0x00, 0x00, 0x00, 0x00, 0x00, 0x00, 0x00, 0x00, 0x00, 0x00, 0x00, 0x00,
  0x00, 0x00, 0x00, 0x00, 0x00, 0x00, 0x00, 0x00, 0x00, 0x00, 0x00, 0x00,
  0x00, 0x00, 0x00, 0x00, 0x00, 0x00, 0x00, 0x00, 0x00, 0x00, 0x00, 0x00,
  0x00, 0x00, 0x00, 0x00, 0x00, 0x00, 0x00, 0x00, 0x00, 0x00, 0x00, 0x00,
  0x00, 0x00, 0x00, 0x00, 0x00, 0x00, 0x00, 0x00, 0x00, 0x00, 0x00, 0x00,
  0x00, 0x00, 0x00, 0x00, 0x00, 0x00, 0x00, 0x00, 0x00, 0x00, 0x00, 0x00,
  0x00, 0x00, 0x00, 0x00, 0x00, 0x00, 0x00, 0x00, 0x00, 0x00, 0x00, 0x00,
  0x00, 0x00, 0x00, 0x00, 0x00, 0x00, 0x00, 0x00, 0x00, 0x00, 0x00, 0x00,
  0x00, 0x00, 0x00, 0x00, 0x00, 0x00, 0x00, 0x00, 0x00, 0x00, 0x00, 0x00,
  0x00, 0x00, 0x00, 0x00, 0x00, 0x00, 0x00, 0x00, 0x00, 0x00, 0x00, 0x00,
  0x00, 0x00, 0x00, 0x00, 0x00, 0x00, 0x00, 0x00, 0x00, 0x00, 0x00, 0x00,
  0x00, 0x00, 0x00, 0x00, 0x00, 0x00, 0x00, 0x00, 0x00, 0x00, 0x00, 0x00,
  0x00, 0x00, 0x00, 0x00, 0x00, 0x00, 0x00, 0x00, 0x00, 0x00, 0x00, 0x00,
  0x00, 0x00, 0x00, 0x00, 0x00, 0x00, 0x00, 0x00, 0x00, 0x00, 0x00, 0x00,
  0x00, 0x00, 0x00, 0x00, 0x00, 0x00, 0x00, 0x00, 0x00, 0x00, 0x00, 0x00,
  0x00, 0x00, 0x00, 0x00, 0x00, 0x00, 0x00, 0x00, 0x00, 0x00, 0x00, 0x00,
  0x00, 0x00, 0x00, 0x00, 0x00, 0x00, 0x00, 0x00, 0x00, 0x00, 0x00, 0x00,
  0x00, 0x00, 0x00, 0x00, 0x00, 0x00, 0x00, 0x00, 0x00, 0x00, 0x00, 0x00,
  0x00, 0x00, 0x00, 0x00, 0x00, 0x00, 0x00, 0x00, 0x00, 0x00, 0x00, 0x00,
  0x00, 0x00, 0x00, 0x00, 0x00, 0x00, 0x00, 0x00, 0x00, 0x00, 0x00, 0x00,
  0x00, 0x00, 0x00, 0x00, 0x00, 0x00, 0x00, 0x00, 0x00, 0x00, 0x00, 0x00,
  0x00, 0x00, 0x00, 0x00, 0x00, 0x00, 0x00, 0x00, 0x00, 0x00, 0x00, 0x00,
  0x00, 0x00, 0x00, 0x00, 0x00, 0x00, 0x00, 0x00, 0x00, 0x00, 0x00, 0x00,
  0x00, 0x00, 0x00, 0x00, 0x00, 0x00, 0x00, 0x00, 0x00, 0x00, 0x00, 0x00,
  0x00, 0x00, 0x00, 0x00, 0x00, 0x00, 0x00, 0x00, 0x00, 0x00, 0x00, 0x00,
  0x00, 0x00, 0x00, 0x00, 0x00, 0x00, 0x00, 0x00, 0x00, 0x00, 0x00, 0x00,
  0x00, 0x00, 0x00, 0x00, 0x00, 0x00, 0x00, 0x00, 0x00, 0x00, 0x00, 0x00,
  0x00, 0x00, 0x00, 0x00, 0x00, 0x00, 0x00, 0x00, 0x00, 0x00, 0x00, 0x00,
  0x00, 0x00, 0x00, 0x00, 0x00, 0x00, 0x00, 0x00, 0x00, 0x00, 0x00, 0x00,
  0x00, 0x00, 0x00, 0x00, 0x00, 0x00, 0x00, 0x00, 0x00, 0x00, 0x00, 0x00,
  0x00, 0x00, 0x00, 0x00, 0x00, 0x00, 0x00, 0x00, 0x00, 0x00, 0x00, 0x00,
  0x00, 0x00, 0x00, 0x00, 0x00, 0x00, 0x00, 0x00, 0x00, 0x00, 0x00, 0x00,
  0x00, 0x00, 0x00, 0x00, 0x00, 0x00, 0x00, 0x00, 0x00, 0x00, 0x00, 0x00,
  0x00, 0x00, 0x00, 0x00, 0x00, 0x00, 0x00, 0x00, 0x00, 0x00, 0x00, 0x00,
  0x00, 0x00, 0x00, 0x00, 0x00, 0x00, 0x00, 0x00, 0x00, 0x00, 0x00, 0x00,
  0x00, 0x00, 0x00, 0x00, 0x00, 0x00, 0x00, 0x00, 0x00, 0x00, 0x00, 0x00,
  0x00, 0x00, 0x00, 0x00, 0x00, 0x00, 0x00, 0x00, 0x00, 0x00, 0x00, 0x00,
  0x00, 0x00, 0x00, 0x00, 0x00, 0x00, 0x00, 0x00, 0x00, 0x00, 0x00, 0x00,
  0x00, 0x00, 0x00, 0x00, 0x00, 0x00, 0x00, 0x00, 0x00, 0x00, 0x00, 0x00,
  0x00, 0x00, 0x00, 0x00, 0x00, 0x00, 0x00, 0x00, 0x00, 0x00, 0x00, 0x00,
  0x00, 0x00, 0x00, 0x00, 0x00, 0x00, 0x00, 0x00, 0x00, 0x00, 0x00, 0x00,
  0x00, 0x00, 0x00, 0x00, 0x00, 0x00, 0x00, 0x00, 0x00, 0x00, 0x00, 0x00,
  0x00, 0x00, 0x00, 0x00, 0x00, 0x00, 0x00, 0x00, 0x00, 0x00, 0x00, 0x00,
  0x00, 0x00, 0x00, 0x00, 0x00, 0x00, 0x00, 0x00, 0x00, 0x00, 0x00, 0x00,
  0x00, 0x00, 0x00, 0x00, 0x00, 0x00, 0x00, 0x00, 0x00, 0x00, 0x00, 0x00,
  0x00, 0x00, 0x00, 0x00, 0x00, 0x00, 0x00, 0x00, 0x00, 0x00, 0x00, 0x00,
  0x00, 0x00, 0x00, 0x00, 0x00, 0x00, 0x00, 0x00, 0x00, 0x00, 0x00, 0x00,
  0x00, 0x00, 0x00, 0x00, 0x00, 0x00, 0x00, 0x00, 0x00, 0x00, 0x00, 0x00,
  0x00, 0x00, 0x00, 0x00, 0x00, 0x00, 0x00, 0x00, 0x00, 0x00, 0x00, 0x00,
  0x00, 0x00, 0x00, 0x00, 0x00, 0x00, 0x00, 0x00, 0x00, 0x00, 0x00, 0x00,
  0x00, 0x00, 0x00, 0x00, 0x00, 0x00, 0x00, 0x00, 0x00, 0x00, 0x00, 0x00,
  0x00, 0x00, 0x00, 0x00, 0x00, 0x00, 0x00, 0x00, 0x00, 0x00, 0x00, 0x00,
  0x00, 0x00, 0x00, 0x00, 0x00, 0x00, 0x00, 0x00, 0x00, 0x00, 0x00, 0x00,
  0x00, 0x00, 0x00, 0x00, 0x00, 0x00, 0x00, 0x00, 0x00, 0x00, 0x00, 0x00,
  0x00, 0x00, 0x00, 0x00, 0x00, 0x00, 0x00, 0x00, 0x00, 0x00, 0x00, 0x00,
  0x00, 0x00, 0x00, 0x00, 0x00, 0x00, 0x00, 0x00, 0x00, 0x00, 0x00, 0x00,
  0x00, 0x00, 0x00, 0x00, 0x00, 0x00, 0x00, 0x00, 0x00, 0x00, 0x00, 0x00,
  0x00, 0x00, 0x00, 0x00, 0x00, 0x00, 0x00, 0x00, 0x00, 0x00, 0x00, 0x00,
  0x00, 0x00, 0x00, 0x00, 0x00, 0x00, 0x00, 0x00, 0x00, 0x00, 0x00, 0x00,
  0x00, 0x00, 0x00, 0x00, 0x00, 0x00, 0x00, 0x00, 0x00, 0x00, 0x00, 0x00,
  0x00, 0x00, 0x00, 0x00, 0x00, 0x00, 0x00, 0x00, 0x00, 0x00, 0x00, 0x00,
  0x00, 0x00, 0x00, 0x00, 0x00, 0x00, 0x00, 0x00, 0x00, 0x00, 0x00, 0x00,
  0x00, 0x00, 0x00, 0x00, 0x00, 0x00, 0x00, 0x00, 0x00, 0x00, 0x00, 0x00,
  0x00, 0x00, 0x00, 0x00, 0x00, 0x00, 0x00, 0x00, 0x00, 0x00, 0x00, 0x00,
  0x00, 0x00, 0x00, 0x00, 0x00, 0x00, 0x00, 0x00, 0x00, 0x00, 0x00, 0x00,
  0x00, 0x00, 0x00, 0x00, 0x00, 0x00, 0x00, 0x00, 0x00, 0x00, 0x00, 0x00,
  0x00, 0x00, 0x00, 0x00, 0x00, 0x00, 0x00, 0x00, 0x00, 0x00, 0x00, 0x00,
  0x00, 0x00, 0x00, 0x00, 0x00, 0x00, 0x00, 0x00, 0x00, 0x00, 0x00, 0x00,
  0x00, 0x00, 0x00, 0x00, 0x00, 0x00, 0x00, 0x00, 0x00, 0x00, 0x00, 0x00,
  0x00, 0x00, 0x00, 0x00, 0x00, 0x00, 0x00, 0x00, 0x00, 0x00, 0x00, 0x00,
  0x00, 0x00, 0x00, 0x00, 0x00, 0x00, 0x00, 0x00, 0x00, 0x00, 0x00, 0x00,
  0x00, 0x00, 0x00, 0x00, 0x00, 0x00, 0x00, 0x00, 0x00, 0x00, 0x00, 0x00,
  0x00, 0x00, 0x00, 0x00, 0x00, 0x00, 0x00, 0x00, 0x00, 0x00, 0x00, 0x00,
  0x00, 0x00, 0x00, 0x00, 0x00, 0x00, 0x00, 0x00, 0x00, 0x00, 0x00, 0x00,
  0x00, 0x00, 0x00, 0x00, 0x00, 0x00, 0x00, 0x00, 0x00, 0x00, 0x00, 0x00,
  0x00, 0x00, 0x00, 0x00, 0x00, 0x00, 0x00, 0x00, 0x00, 0x00, 0x00, 0x00,
  0x00, 0x00, 0x00, 0x00, 0x00, 0x00, 0x00, 0x00, 0x00, 0x00, 0x00, 0x00,
  0x00, 0x00, 0x00, 0x00, 0x00, 0x00, 0x00, 0x00, 0x00, 0x00, 0x00, 0x00,
  0x00, 0x00, 0x00, 0x00, 0x00, 0x00, 0x00, 0x00, 0x00, 0x00, 0x00, 0x00,
  0x00, 0x00, 0x00, 0x00, 0x00, 0x00, 0x00, 0x00, 0x00, 0x00, 0x00, 0x00,
  0x00, 0x00, 0x00, 0x00, 0x00, 0x00, 0x00, 0x00, 0x00, 0x00, 0x00, 0x00,
  0x00, 0x00, 0x00, 0x00, 0x00, 0x00, 0x00, 0x00, 0x00, 0x00, 0x00, 0x00,
  0x00, 0x00, 0x00, 0x00, 0x00, 0x00, 0x00, 0x00, 0x00, 0x00, 0x00, 0x00,
  0x00, 0x00, 0x00, 0x00, 0x00, 0x00, 0x00, 0x00, 0x00, 0x00, 0x00, 0x00,
  0x00, 0x00, 0x00, 0x00, 0x00, 0x00, 0x00, 0x00, 0x00, 0x00, 0x00, 0x00,
  0x00, 0x00, 0x00, 0x00, 0x00, 0x00, 0x00, 0x00, 0x00, 0x00, 0x00, 0x00,
  0x00, 0x00, 0x00, 0x00, 0x00, 0x00, 0x00, 0x00, 0x00, 0x00, 0x00, 0x00,
  0x00, 0x00, 0x00, 0x00, 0x00, 0x00, 0x00, 0x00, 0x00, 0x00, 0x00, 0x00,
  0x00, 0x00, 0x00, 0x00, 0x00, 0x00, 0x00, 0x00, 0x00, 0x00, 0x00, 0x00,
  0x00, 0x00, 0x00, 0x00, 0x00, 0x00, 0x00, 0x00, 0x00, 0x00, 0x00, 0x00,
  0x00, 0x00, 0x00, 0x00, 0x00, 0x00, 0x00, 0x00, 0x00, 0x00, 0x00, 0x00,
  0x00, 0x00, 0x00, 0x00, 0x00, 0x00, 0x00, 0x00, 0x00, 0x00, 0x00, 0x00,
  0x00, 0x00, 0x00, 0x00, 0x00, 0x00, 0x00, 0x00, 0x00, 0x00, 0x00, 0x00,
  0x00, 0x00, 0x00, 0x00, 0x00, 0x00, 0x00, 0x00, 0x00, 0x00, 0x00, 0x00,
  0x00, 0x00, 0x00, 0x00, 0x00, 0x00, 0x00, 0x00, 0x00, 0x00, 0x00, 0x00,
  0x00, 0x00, 0x00, 0x00, 0x00, 0x00, 0x00, 0x00, 0x00, 0x00, 0x00, 0x00,
  0x00, 0x00, 0x00, 0x00, 0x00, 0x00, 0x00, 0x00, 0x00, 0x00, 0x00, 0x00,
  0x00, 0x00, 0x00, 0x00, 0x00, 0x00, 0x00, 0x00, 0x00, 0x00, 0x00, 0x00,
  0x00, 0x00, 0x00, 0x00, 0x00, 0x00, 0x00, 0x00, 0x00, 0x00, 0x00, 0x00,
  0x00, 0x00, 0x00, 0x00, 0x00, 0x00, 0x00, 0x00, 0x00, 0x00, 0x00, 0x00,
  0x00, 0x00, 0x00, 0x00, 0x00, 0x00, 0x00, 0x00, 0x00, 0x00, 0x00, 0x00,
  0x00, 0x00, 0x00, 0x00, 0x00, 0x00, 0x00, 0x00, 0x00, 0x00, 0x00, 0x00,
  0x00, 0x00, 0x00, 0x00, 0x00, 0x00, 0x00, 0x00, 0x00, 0x00, 0x00, 0x00,
  0x00, 0x00, 0x00, 0x00, 0x00, 0x00, 0x00, 0x00, 0x00, 0x00, 0x00, 0x00,
  0x00, 0x00, 0x00, 0x00, 0x00, 0x00, 0x00, 0x00, 0x00, 0x00, 0x00, 0x00,
  0x00, 0x00, 0x00, 0x00, 0x00, 0x00, 0x00, 0x00, 0x00, 0x00, 0x00, 0x00,
  0x00, 0x00, 0x00, 0x00, 0x00, 0x00, 0x00, 0x00, 0x00, 0x00, 0x00, 0x00,
  0x00, 0x00, 0x00, 0x00, 0x00, 0x00, 0x00, 0x00, 0x00, 0x00, 0x00, 0x00,
  0x00, 0x00, 0x00, 0x00, 0x00, 0x00, 0x00, 0x00, 0x00, 0x00, 0x00, 0x00,
  0x00, 0x00, 0x00, 0x00, 0x00, 0x00, 0x00, 0x00, 0x00, 0x00, 0x00, 0x00,
  0x00, 0x00, 0x00, 0x00, 0x00, 0x00, 0x00, 0x00, 0x00, 0x00, 0x00, 0x00,
  0x00, 0x00, 0x00, 0x00, 0x00, 0x00, 0x00, 0x00, 0x00, 0x00, 0x00, 0x00,
  0x00, 0x00, 0x00, 0x00, 0x00, 0x00, 0x00, 0x00, 0x00, 0x00, 0x00, 0x00,
  0x00, 0x00, 0x00, 0x00, 0x00, 0x00, 0x00, 0x00, 0x00, 0x00, 0x00, 0x00,
  0x00, 0x00, 0x00, 0x00, 0x00, 0x00, 0x00, 0x00, 0x00, 0x00, 0x00, 0x00,
  0x00, 0x00, 0x00, 0x00, 0x00, 0x00, 0x00, 0x00, 0x00, 0x00, 0x00, 0x00,
  0x00, 0x00, 0x00, 0x00, 0x00, 0x00, 0x00, 0x00, 0x00, 0x00, 0x00, 0x00,
  0x00, 0x00, 0x00, 0x00, 0x00, 0x00, 0x00, 0x00, 0x00, 0x00, 0x00, 0x00,
  0x00, 0x00, 0x00, 0x00, 0x00, 0x00, 0x00, 0x00, 0x00, 0x00, 0x00, 0x00,
  0x00, 0x00, 0x00, 0x00, 0x00, 0x00, 0x00, 0x00, 0x00, 0x00, 0x00, 0x00,
  0x00, 0x00, 0x00, 0x00, 0x00, 0x00, 0x00, 0x00, 0x00, 0x00, 0x00, 0x00,
  0x00, 0x00, 0x00, 0x00, 0x00, 0x00, 0x00, 0x00, 0x00, 0x00, 0x00, 0x00,
  0x00, 0x00, 0x00, 0x00, 0x00, 0x00, 0x00, 0x00, 0x00, 0x00, 0x00, 0x00,
  0x00, 0x00, 0x00, 0x00, 0x00, 0x00, 0x00, 0x00, 0x00, 0x00, 0x00, 0x00,
  0x00, 0x00, 0x00, 0x00, 0x00, 0x00, 0x00, 0x00, 0x00, 0x00, 0x00, 0x00,
  0x00, 0x00, 0x00, 0x00, 0x00, 0x00, 0x00, 0x00, 0x00, 0x00, 0x00, 0x00,
  0x00, 0x00, 0x00, 0x00, 0x00, 0x00, 0x00, 0x00, 0x00, 0x00, 0x00, 0x00,
  0x00, 0x00, 0x00, 0x00, 0x00, 0x00, 0x00, 0x00, 0x00, 0x00, 0x00, 0x00,
  0x00, 0x00, 0x00, 0x00, 0x00, 0x00, 0x00, 0x00, 0x00, 0x00, 0x00, 0x00,
  0x00, 0x00, 0x00, 0x00, 0x00, 0x00, 0x00, 0x00, 0x00, 0x00, 0x00, 0x00,
  0x00, 0x00, 0x00, 0x00, 0x00, 0x00, 0x00, 0x00, 0x00, 0x00, 0x00, 0x00,
  0x00, 0x00, 0x00, 0x00, 0x00, 0x00, 0x00, 0x00, 0x00, 0x00, 0x00, 0x00,
  0x00, 0x00, 0x00, 0x00, 0x00, 0x00, 0x00, 0x00, 0x00, 0x00, 0x00, 0x00,
  0x00, 0x00, 0x00, 0x00, 0x00, 0x00, 0x00, 0x00, 0x00, 0x00, 0x00, 0x00,
  0x00, 0x00, 0x00, 0x00, 0x00, 0x00, 0x00, 0x00, 0x00, 0x00, 0x00, 0x00,
  0x00, 0x00, 0x00, 0x00, 0x00, 0x00, 0x00, 0x00, 0x00, 0x00, 0x00, 0x00,
  0x00, 0x00, 0x00, 0x00, 0x00, 0x00, 0x00, 0x00, 0x00, 0x00, 0x00, 0x00,
  0x00, 0x00, 0x00, 0x00, 0x00, 0x00, 0x00, 0x00, 0x00, 0x00, 0x00, 0x00,
  0x00, 0x00, 0x00, 0x00, 0x00, 0x00, 0x00, 0x00, 0x00, 0x00, 0x00, 0x00,
  0x00, 0x00, 0x00, 0x00, 0x00, 0x00, 0x00, 0x00, 0x00, 0x00, 0x00, 0x00,
  0x00, 0x00, 0x00, 0x00, 0x00, 0x00, 0x00, 0x00, 0x00, 0x00, 0x00, 0x00,
  0x00, 0x00, 0x00, 0x00, 0x00, 0x00, 0x00, 0x00, 0x00, 0x00, 0x00, 0x00,
  0x00, 0x00, 0x00, 0x00, 0x00, 0x00, 0x00, 0x00, 0x00, 0x00, 0x00, 0x00,
  0x00, 0x00, 0x00, 0x00, 0x00, 0x00, 0x00, 0x00, 0x00, 0x00, 0x00, 0x00,
  0x00, 0x00, 0x00, 0x00, 0x00, 0x00, 0x00, 0x00, 0x00, 0x00, 0x00, 0x00,
  0x00, 0x00, 0x00, 0x00, 0x00, 0x00, 0x00, 0x00, 0x00, 0x00, 0x00, 0x00,
  0x00, 0x00, 0x00, 0x00, 0x00, 0x00, 0x00, 0x00, 0x00, 0x00, 0x00, 0x00,
  0x00, 0x00, 0x00, 0x00, 0x00, 0x00, 0x00, 0x00, 0x00, 0x00, 0x00, 0x00,
  0x00, 0x00, 0x00, 0x00, 0x00, 0x00, 0x00, 0x00, 0x00, 0x00, 0x00, 0x00,
  0x00, 0x00, 0x00, 0x00, 0x00, 0x00, 0x00, 0x00, 0x00, 0x00, 0x00, 0x00,
  0x00, 0x00, 0x00, 0x00, 0x00, 0x00, 0x00, 0x00, 0x00, 0x00, 0x00, 0x00,
  0x00, 0x00, 0x00, 0x00, 0x00, 0x00, 0x00, 0x00, 0x00, 0x00, 0x00, 0x00,
  0x00, 0x00, 0x00, 0x00, 0x00, 0x00, 0x00, 0x00, 0x00, 0x00, 0x00, 0x00,
  0x00, 0x00, 0x00, 0x00, 0x00, 0x00, 0x00, 0x00, 0x00, 0x00, 0x00, 0x00,
  0x00, 0x00, 0x00, 0x00, 0x00, 0x00, 0x00, 0x00, 0x00, 0x00, 0x00, 0x00,
  0x00, 0x00, 0x00, 0x00, 0x00, 0x00, 0x00, 0x00, 0x00, 0x00, 0x00, 0x00,
  0x00, 0x00, 0x00, 0x00, 0x00, 0x00, 0x00, 0x00, 0x00, 0x00, 0x00, 0x00,
  0x00, 0x00, 0x00, 0x00, 0x00, 0x00, 0x00, 0x00, 0x00, 0x00, 0x00, 0x00,
  0x00, 0x00, 0x00, 0x00, 0x00, 0x00, 0x00, 0x00, 0x00, 0x00, 0x00, 0x00,
  0x00, 0x00, 0x00, 0x00, 0x00, 0x00, 0x00, 0x00, 0x00, 0x00, 0x00, 0x00,
  0x00, 0x00, 0x00, 0x00, 0x00, 0x00, 0x00, 0x00, 0x00, 0x00, 0x00, 0x00,
  0x00, 0x00, 0x00, 0x00, 0x00, 0x00, 0x00, 0x00, 0x00, 0x00, 0x00, 0x00,
  0x00, 0x00, 0x00, 0x00, 0x00, 0x00, 0x00, 0x00, 0x00, 0x00, 0x00, 0x00,
  0x00, 0x00, 0x00, 0x00, 0x00, 0x00, 0x00, 0x00, 0x00, 0x00, 0x00, 0x00,
  0x00, 0x00, 0x00, 0x00, 0x00, 0x00, 0x00, 0x00, 0x00, 0x00, 0x00, 0x00,
  0x00, 0x00, 0x00, 0x00, 0x00, 0x00, 0x00, 0x00, 0x00, 0x00, 0x00, 0x00,
  0x00, 0x00, 0x00, 0x00, 0x00, 0x00, 0x00, 0x00, 0x00, 0x00, 0x00, 0x00,
  0x00, 0x00, 0x00, 0x00, 0x00, 0x00, 0x00, 0x00, 0x00, 0x00, 0x00, 0x00,
  0x00, 0x00, 0x00, 0x00, 0x00, 0x00, 0x00, 0x00, 0x00, 0x00, 0x00, 0x00,
  0x00, 0x00, 0x00, 0x00, 0x00, 0x00, 0x00, 0x00, 0x00, 0x00, 0x00, 0x00,
  0x00, 0x00, 0x00, 0x00, 0x00, 0x00, 0x00, 0x00, 0x00, 0x00, 0x00, 0x00,
  0x00, 0x00, 0x00, 0x00, 0x00, 0x00, 0x00, 0x00, 0x00, 0x00, 0x00, 0x00,
  0x00, 0x00, 0x00, 0x00, 0x00, 0x00, 0x00, 0x00, 0x00, 0x00, 0x00, 0x00,
  0x00, 0x00, 0x00, 0x00, 0x00, 0x00, 0x00, 0x00, 0x00, 0x00, 0x00, 0x00,
  0x00, 0x00, 0x00, 0x00, 0x00, 0x00, 0x00, 0x00, 0x00, 0x00, 0x00, 0x00,
  0x00, 0x00, 0x00, 0x00, 0x00, 0x00, 0x00, 0x00, 0x00, 0x00, 0x00, 0x00,
  0x00, 0x00, 0x00, 0x00, 0x00, 0x00, 0x00, 0x00, 0x00, 0x00, 0x00, 0x00,
  0x00, 0x00, 0x00, 0x00, 0x00, 0x00, 0x00, 0x00, 0x00, 0x00, 0x00, 0x00,
  0x00, 0x00, 0x00, 0x00, 0x00, 0x00, 0x00, 0x00, 0x00, 0x00, 0x00, 0x00,
  0x00, 0x00, 0x00, 0x00, 0x00, 0x00, 0x00, 0x00, 0x00, 0x00, 0x00, 0x00,
  0x00, 0x00, 0x00, 0x00, 0x00, 0x00, 0x00, 0x00, 0x00, 0x00, 0x00, 0x00,
  0x00, 0x00, 0x00, 0x00, 0x00, 0x00, 0x00, 0x00, 0x00, 0x00, 0x00, 0x00,
  0x00, 0x00, 0x00, 0x00, 0x00, 0x00, 0x00, 0x00, 0x00, 0x00, 0x00, 0x00,
  0x00, 0x00, 0x00, 0x00, 0x00, 0x00, 0x00, 0x00, 0x00, 0x00, 0x00, 0x00,
  0x00, 0x00, 0x00, 0x00, 0x00, 0x00, 0x00, 0x00, 0x00, 0x00, 0x00, 0x00,
  0x00, 0x00, 0x00, 0x00, 0x00, 0x00, 0x00, 0x00, 0x00, 0x00, 0x00, 0x00,
  0x00, 0x00, 0x00, 0x00, 0x00, 0x00, 0x00, 0x00, 0x00, 0x00, 0x00, 0x00,
  0x00, 0x00, 0x00, 0x00, 0x00, 0x00, 0x00, 0x00, 0x00, 0x00, 0x00, 0x00,
  0x00, 0x00, 0x00, 0x00, 0x00, 0x00, 0x00, 0x00, 0x00, 0x00, 0x00, 0x00,
  0x00, 0x00, 0x00, 0x00, 0x00, 0x00, 0x00, 0x00, 0x00, 0x00, 0x00, 0x00,
  0x00, 0x00, 0x00, 0x00, 0x00, 0x00, 0x00, 0x00, 0x00, 0x00, 0x00, 0x00,
  0x00, 0x00, 0x00, 0x00, 0x00, 0x00, 0x00, 0x00, 0x00, 0x00, 0x00, 0x00,
  0x00, 0x00, 0x00, 0x00, 0x00, 0x00, 0x00, 0x00, 0x00, 0x00, 0x00, 0x00,
  0x00, 0x00, 0x00, 0x00, 0x00, 0x00, 0x00, 0x00, 0x00, 0x00, 0x00, 0x00,
  0x00, 0x00, 0x00, 0x00, 0x00, 0x00, 0x00, 0x00, 0x00, 0x00, 0x00, 0x00,
  0x00, 0x00, 0x00, 0x00, 0x00, 0x00, 0x00, 0x00, 0x00, 0x00, 0x00, 0x00,
  0x00, 0x00, 0x00, 0x00, 0x00, 0x00, 0x00, 0x00, 0x00, 0x00, 0x00, 0x00,
  0x00, 0x00, 0x00, 0x00, 0x00, 0x00, 0x00, 0x00, 0x00, 0x00, 0x00, 0x00,
  0x00, 0x00, 0x00, 0x00, 0x00, 0x00, 0x00, 0x00, 0x00, 0x00, 0x00, 0x00,
  0x00, 0x00, 0x00, 0x00, 0x00, 0x00, 0x00, 0x00, 0x00, 0x00, 0x00, 0x00,
  0x00, 0x00, 0x00, 0x00, 0x00, 0x00, 0x00, 0x00, 0x00, 0x00, 0x00, 0x00,
  0x00, 0x00, 0x00, 0x00, 0x00, 0x00, 0x00, 0x00, 0x00, 0x00, 0x00, 0x00,
  0x00, 0x00, 0x00, 0x00, 0x00, 0x00, 0x00, 0x00, 0x00, 0x00, 0x00, 0x00,
  0x00, 0x00, 0x00, 0x00, 0x00, 0x00, 0x00, 0x00, 0x00, 0x00, 0x00, 0x00,
  0x00, 0x00, 0x00, 0x00, 0x00, 0x00, 0x00, 0x00, 0x00, 0x00, 0x00, 0x00,
  0x00, 0x00, 0x00, 0x00, 0x00, 0x00, 0x00, 0x00, 0x00, 0x00, 0x00, 0x00,
  0x00, 0x00, 0x00, 0x00, 0x00, 0x00, 0x00, 0x00, 0x00, 0x00, 0x00, 0x00,
  0x00, 0x00, 0x00, 0x00, 0x00, 0x00, 0x00, 0x00, 0x00, 0x00, 0x00, 0x00,
  0x00, 0x00, 0x00, 0x00, 0x00, 0x00, 0x00, 0x00, 0x00, 0x00, 0x00, 0x00,
  0x00, 0x00, 0x00, 0x00, 0x00, 0x00, 0x00, 0x00, 0x00, 0x00, 0x00, 0x00,
  0x00, 0x00, 0x00, 0x00, 0x00, 0x00, 0x00, 0x00, 0x00, 0x00, 0x00, 0x00,
  0x00, 0x00, 0x00, 0x00, 0x00, 0x00, 0x00, 0x00, 0x00, 0x00, 0x00, 0x00,
  0x00, 0x00, 0x00, 0x00, 0x00, 0x00, 0x00, 0x00, 0x00, 0x00, 0x00, 0x00,
  0x00, 0x00, 0x00, 0x00, 0x00, 0x00, 0x00, 0x00, 0x00, 0x00, 0x00, 0x00,
  0x00, 0x00, 0x00, 0x00, 0x00, 0x00, 0x00, 0x00, 0x00, 0x00, 0x00, 0x00,
  0x00, 0x00, 0x00, 0x00, 0x00, 0x00, 0x00, 0x00, 0x00, 0x00, 0x00, 0x00,
  0x00, 0x00, 0x00, 0x00, 0x00, 0x00, 0x00, 0x00, 0x00, 0x00, 0x00, 0x00,
  0x00, 0x00, 0x00, 0x00, 0x00, 0x00, 0x00, 0x00, 0x00, 0x00, 0x00, 0x00,
  0x00, 0x00, 0x00, 0x00, 0x00, 0x00, 0x00, 0x00, 0x00, 0x00, 0x00, 0x00,
  0x00, 0x00, 0x00, 0x00, 0x00, 0x00, 0x00, 0x00, 0x00, 0x00, 0x00, 0x00,
  0x00, 0x00, 0x00, 0x00, 0x00, 0x00, 0x00, 0x00, 0x00, 0x00, 0x00, 0x00,
  0x00, 0x00, 0x00, 0x00, 0x00, 0x00, 0x00, 0x00, 0x00, 0x00, 0x00, 0x00,
  0x00, 0x00, 0x00, 0x00, 0x00, 0x00, 0x00, 0x00, 0x00, 0x00, 0x00, 0x00,
  0x00, 0x00, 0x00, 0x00, 0x00, 0x00, 0x00, 0x00, 0x00, 0x00, 0x00, 0x00,
  0x00, 0x00, 0x00, 0x00, 0x00, 0x00, 0x00, 0x00, 0x00, 0x00, 0x00, 0x00,
  0x00, 0x00, 0x00, 0x00, 0x00, 0x00, 0x00, 0x00, 0x00, 0x00, 0x00, 0x00,
  0x00, 0x00, 0x00, 0x00, 0x00, 0x00, 0x00, 0x00, 0x00, 0x00, 0x00, 0x00,
  0x00, 0x00, 0x00, 0x00, 0x00, 0x00, 0x00, 0x00, 0x00, 0x00, 0x00, 0x00,
  0x00, 0x00, 0x00, 0x00, 0x00, 0x00, 0x00, 0x00, 0x00, 0x00, 0x00, 0x00,
  0x00, 0x00, 0x00, 0x00, 0x00, 0x00, 0x00, 0x00, 0x00, 0x00, 0x00, 0x00,
  0x00, 0x00, 0x00, 0x00, 0x00, 0x00, 0x00, 0x00, 0x00, 0x00, 0x00, 0x00,
  0x00, 0x00, 0x00, 0x00, 0x00, 0x00, 0x00, 0x00, 0x00, 0x00, 0x00, 0x00,
  0x00, 0x00, 0x00, 0x00, 0x00, 0x00, 0x00, 0x00, 0x00, 0x00, 0x00, 0x00,
  0x00, 0x00, 0x00, 0x00, 0x00, 0x00, 0x00, 0x00, 0x00, 0x00, 0x00, 0x00,
  0x00, 0x00, 0x00, 0x00, 0x00, 0x00, 0x00, 0x00, 0x00, 0x00, 0x00, 0x00,
  0x00, 0x00, 0x00, 0x00, 0x00, 0x00, 0x00, 0x00, 0x00, 0x00, 0x00, 0x00,
  0x00, 0x00, 0x00, 0x00, 0x00, 0x00, 0x00, 0x00, 0x00, 0x00, 0x00, 0x00,
  0x00, 0x00, 0x00, 0x00, 0x00, 0x00, 0x00, 0x00, 0x00, 0x00, 0x00, 0x00,
  0x00, 0x00, 0x00, 0x00, 0x00, 0x00, 0x00, 0x00, 0x00, 0x00, 0x00, 0x00,
  0x00, 0x00, 0x00, 0x00, 0x00, 0x00, 0x00, 0x00, 0x00, 0x00, 0x00, 0x00,
  0x00, 0x00, 0x00, 0x00, 0x00, 0x00, 0x00, 0x00, 0x00, 0x00, 0x00, 0x00,
  0x00, 0x00, 0x00, 0x00, 0x00, 0x00, 0x00, 0x00, 0x00, 0x00, 0x00, 0x00,
  0x00, 0x00, 0x00, 0x00, 0x00, 0x00, 0x00, 0x00, 0x00, 0x00, 0x00, 0x00,
  0x00, 0x00, 0x00, 0x00, 0x00, 0x00, 0x00, 0x00, 0x00, 0x00, 0x00, 0x00,
  0x00, 0x00, 0x00, 0x00, 0x00, 0x00, 0x00, 0x00, 0x00, 0x00, 0x00, 0x00,
  0x00, 0x00, 0x00, 0x00, 0x00, 0x00, 0x00, 0x00, 0x00, 0x00, 0x00, 0x00,
  0x00, 0x00, 0x00, 0x00, 0x00, 0x00, 0x00, 0x00, 0x00, 0x00, 0x00, 0x00,
  0x00, 0x00, 0x00, 0x00, 0x00, 0x00, 0x00, 0x00, 0x00, 0x00, 0x00, 0x00,
  0x00, 0x00, 0x00, 0x00, 0x00, 0x00, 0x00, 0x00, 0x00, 0x00, 0x00, 0x00,
  0x00, 0x00, 0x00, 0x00, 0x00, 0x00, 0x00, 0x00, 0x00, 0x00, 0x00, 0x00,
  0x00, 0x00, 0x00, 0x00, 0x00, 0x00, 0x00, 0x00, 0x00, 0x00, 0x00, 0x00,
  0x00, 0x00, 0x00, 0x00, 0x00, 0x00, 0x00, 0x00, 0x00, 0x00, 0x00, 0x00,
  0x00, 0x00, 0x00, 0x00, 0x00, 0x00, 0x00, 0x00, 0x00, 0x00, 0x00, 0x00,
  0x00, 0x00, 0x00, 0x00, 0x00, 0x00, 0x00, 0x00, 0x00, 0x00, 0x00, 0x00,
  0x00, 0x00, 0x00, 0x00, 0x00, 0x00, 0x00, 0x00, 0x00, 0x00, 0x00, 0x00,
  0x00, 0x00, 0x00, 0x00, 0x00, 0x00, 0x00, 0x00, 0x00, 0x00, 0x00, 0x00,
  0x00, 0x00, 0x00, 0x00, 0x00, 0x00, 0x00, 0x00, 0x00, 0x00, 0x00, 0x00,
  0x00, 0x00, 0x00, 0x00, 0x00, 0x00, 0x00, 0x00, 0x00, 0x00, 0x00, 0x00,
  0x00, 0x00, 0x00, 0x00, 0x00, 0x00, 0x00, 0x00, 0x00, 0x00, 0x00, 0x00,
  0x00, 0x00, 0x00, 0x00, 0x00, 0x00, 0x00, 0x00, 0x00, 0x00, 0x00, 0x00,
  0x00, 0x00, 0x00, 0x00, 0x00, 0x00, 0x00, 0x00, 0x00, 0x00, 0x00, 0x00,
  0x00, 0x00, 0x00, 0x00, 0x00, 0x00, 0x00, 0x00, 0x00, 0x00, 0x00, 0x00,
  0x00, 0x00, 0x00, 0x00, 0x00, 0x00, 0x00, 0x00, 0x00, 0x00, 0x00, 0x00,
  0x00, 0x00, 0x00, 0x00, 0x00, 0x00, 0x00, 0x00, 0x00, 0x00, 0x00, 0x00,
  0x00, 0x00, 0x00, 0x00, 0x00, 0x00, 0x00, 0x00, 0x00, 0x00, 0x00, 0x00,
  0x00, 0x00, 0x00, 0x00, 0x00, 0x00, 0x00, 0x00, 0x00, 0x00, 0x00, 0x00,
  0x00, 0x00, 0x00, 0x00, 0x00, 0x00, 0x00, 0x00, 0x00, 0x00, 0x00, 0x00,
  0x00, 0x00, 0x00, 0x00, 0x00, 0x00, 0x00, 0x00, 0x00, 0x00, 0x00, 0x00,
  0x00, 0x00, 0x00, 0x00, 0x00, 0x00, 0x00, 0x00, 0x00, 0x00, 0x00, 0x00,
  0x00, 0x00, 0x00, 0x00, 0x00, 0x00, 0x00, 0x00, 0x00, 0x00, 0x00, 0x00,
  0x00, 0x00, 0x00, 0x00, 0x00, 0x00, 0x00, 0x00, 0x00, 0x00, 0x00, 0x00,
  0x00, 0x00, 0x00, 0x00, 0x00, 0x00, 0x00, 0x00, 0x00, 0x00, 0x00, 0x00,
  0x00, 0x00, 0x00, 0x00, 0x00, 0x00, 0x00, 0x00, 0x00, 0x00, 0x00, 0x00,
  0x00, 0x00, 0x00, 0x00, 0x00, 0x00, 0x00, 0x00, 0x00, 0x00, 0x00, 0x00,
  0x00, 0x00, 0x00, 0x00, 0x00, 0x00, 0x00, 0x00, 0x00, 0x00, 0x00, 0x00,
  0x00, 0x00, 0x00, 0x00, 0x00, 0x00, 0x00, 0x00, 0x00, 0x00, 0x00, 0x00,
  0x00, 0x00, 0x00, 0x00, 0x00, 0x00, 0x00, 0x00, 0x00, 0x00, 0x00, 0x00,
  0x00, 0x00, 0x00, 0x00, 0x00, 0x00, 0x00, 0x00, 0x00, 0x00, 0x00, 0x00,
  0x00, 0x00, 0x00, 0x00, 0x00, 0x00, 0x00, 0x00, 0x00, 0x00, 0x00, 0x00,
  0x00, 0x00, 0x00, 0x00, 0x00, 0x00, 0x00, 0x00, 0x00, 0x00, 0x00, 0x00,
  0x00, 0x00, 0x00, 0x00, 0x00, 0x00, 0x00, 0x00, 0x00, 0x00, 0x00, 0x00,
  0x00, 0x00, 0x00, 0x00, 0x00, 0x00, 0x00, 0x00, 0x00, 0x00, 0x00, 0x00,
  0x00, 0x00, 0x00, 0x00, 0x00, 0x00, 0x00, 0x00, 0x00, 0x00, 0x00, 0x00,
  0x00, 0x00, 0x00, 0x00, 0x00, 0x00, 0x00, 0x00, 0x00, 0x00, 0x00, 0x00,
  0x00, 0x00, 0x00, 0x00, 0x00, 0x00, 0x00, 0x00, 0x00, 0x00, 0x00, 0x00,
  0x00, 0x00, 0x00, 0x00, 0x00, 0x00, 0x00, 0x00, 0x00, 0x00, 0x00, 0x00,
  0x00, 0x00, 0x00, 0x00, 0x00, 0x00, 0x00, 0x00, 0x00, 0x00, 0x00, 0x00,
  0x00, 0x00, 0x00, 0x00, 0x00, 0x00, 0x00, 0x00, 0x00, 0x00, 0x00, 0x00,
  0x00, 0x00, 0x00, 0x00, 0x00, 0x00, 0x00, 0x00, 0x00, 0x00, 0x00, 0x00,
  0x00, 0x00, 0x00, 0x00, 0x00, 0x00, 0x00, 0x00, 0x00, 0x00, 0x00, 0x00,
  0x00, 0x00, 0x00, 0x00, 0x00, 0x00, 0x00, 0x00, 0x00, 0x00, 0x00, 0x00,
  0x00, 0x00, 0x00, 0x00, 0x00, 0x00, 0x00, 0x00, 0x00, 0x00, 0x00, 0x00,
  0x00, 0x00, 0x00, 0x00, 0x00, 0x00, 0x00, 0x00, 0x00, 0x00, 0x00, 0x00,
  0x00, 0x00, 0x00, 0x00, 0x00, 0x00, 0x00, 0x00, 0x00, 0x00, 0x00, 0x00,
  0x00, 0x00, 0x00, 0x00, 0x00, 0x00, 0x00, 0x00, 0x00, 0x00, 0x00, 0x00,
  0x00, 0x00, 0x00, 0x00, 0x00, 0x00, 0x00, 0x00, 0x00, 0x00, 0x00, 0x00,
  0x00, 0x00, 0x00, 0x00, 0x00, 0x00, 0x00, 0x00, 0x00, 0x00, 0x00, 0x00,
  0x00, 0x00, 0x00, 0x00, 0x00, 0x00, 0x00, 0x00, 0x00, 0x00, 0x00, 0x00,
  0x00, 0x00, 0x00, 0x00, 0x00, 0x00, 0x00, 0x00, 0x00, 0x00, 0x00, 0x00,
  0x00, 0x00, 0x00, 0x00, 0x00, 0x00, 0x00, 0x00, 0x00, 0x00, 0x00, 0x00,
  0x00, 0x00, 0x00, 0x00, 0x00, 0x00, 0x00, 0x00, 0x00, 0x00, 0x00, 0x00,
  0x00, 0x00, 0x00, 0x00, 0x00, 0x00, 0x00, 0x00, 0x00, 0x00, 0x00, 0x00,
  0x00, 0x00, 0x00, 0x00, 0x00, 0x00, 0x00, 0x00, 0x00, 0x00, 0x00, 0x00,
  0x00, 0x00, 0x00, 0x00, 0x00, 0x00, 0x00, 0x00, 0x00, 0x00, 0x00, 0x00,
  0x00, 0x00, 0x00, 0x00, 0x00, 0x00, 0x00, 0x00, 0x00, 0x00, 0x00, 0x00,
  0x00, 0x00, 0x00, 0x00, 0x00, 0x00, 0x00, 0x00, 0x00, 0x00, 0x00, 0x00,
  0x00, 0x00, 0x00, 0x00, 0x00, 0x00, 0x00, 0x00, 0x00, 0x00, 0x00, 0x00,
  0x00, 0x00, 0x00, 0x00, 0x00, 0x00, 0x00, 0x00, 0x00, 0x00, 0x00, 0x00,
  0x00, 0x00, 0x00, 0x00, 0x00, 0x00, 0x00, 0x00, 0x00, 0x00, 0x00, 0x00,
  0x00, 0x00, 0x00, 0x00, 0x00, 0x00, 0x00, 0x00, 0x00, 0x00, 0x00, 0x00,
  0x00, 0x00, 0x00, 0x00, 0x00, 0x00, 0x00, 0x00, 0x00, 0x00, 0x00, 0x00,
  0x00, 0x00, 0x00, 0x00, 0x00, 0x00, 0x00, 0x00, 0x00, 0x00, 0x00, 0x00,
  0x00, 0x00, 0x00, 0x00, 0x00, 0x00, 0x00, 0x00, 0x00, 0x00, 0x00, 0x00,
  0x00, 0x00, 0x00, 0x00, 0x00, 0x00, 0x00, 0x00, 0x00, 0x00, 0x00, 0x00,
  0x00, 0x00, 0x00, 0x00, 0x00, 0x00, 0x00, 0x00, 0x00, 0x00, 0x00, 0x00,
  0x00, 0x00, 0x00, 0x00, 0x00, 0x00, 0x00, 0x00, 0x00, 0x00, 0x00, 0x00,
  0x00, 0x00, 0x00, 0x00, 0x00, 0x00, 0x00, 0x00, 0x00, 0x00, 0x00, 0x00,
  0x00, 0x00, 0x00, 0x00, 0x00, 0x00, 0x00, 0x00, 0x00, 0x00, 0x00, 0x00,
  0x00, 0x00, 0x00, 0x00, 0x00, 0x00, 0x00, 0x00, 0x00, 0x00, 0x00, 0x00,
  0x00, 0x00, 0x00, 0x00, 0x00, 0x00, 0x00, 0x00, 0x00, 0x00, 0x00, 0x00,
  0x00, 0x00, 0x00, 0x00, 0x00, 0x00, 0x00, 0x00, 0x00, 0x00, 0x00, 0x00,
  0x00, 0x00, 0x00, 0x00, 0x00, 0x00, 0x00, 0x00, 0x00, 0x00, 0x00, 0x00,
  0x00, 0x00, 0x00, 0x00, 0x00, 0x00, 0x00, 0x00, 0x00, 0x00, 0x00, 0x00,
  0x00, 0x00, 0x00, 0x00, 0x00, 0x00, 0x00, 0x00, 0x00, 0x00, 0x00, 0x00,
  0x00, 0x00, 0x00, 0x00, 0x00, 0x00, 0x00, 0x00, 0x00, 0x00, 0x00, 0x00,
  0x00, 0x00, 0x00, 0x00, 0x00, 0x00, 0x00, 0x00, 0x00, 0x00, 0x00, 0x00,
  0x00, 0x00, 0x00, 0x00, 0x00, 0x00, 0x00, 0x00, 0x00, 0x00, 0x00, 0x00,
  0x00, 0x00, 0x00, 0x00, 0x00, 0x00, 0x00, 0x00, 0x00, 0x00, 0x00, 0x00,
  0x00, 0x00, 0x00, 0x00, 0x00, 0x00, 0x00, 0x00, 0x00, 0x00, 0x00, 0x00,
  0x00, 0x00, 0x00, 0x00, 0x00, 0x00, 0x00, 0x00, 0x00, 0x00, 0x00, 0x00,
  0x00, 0x00, 0x00, 0x00, 0x00, 0x00, 0x00, 0x00, 0x00, 0x00, 0x00, 0x00,
  0x00, 0x00, 0x00, 0x00, 0x00, 0x00, 0x00, 0x00, 0x00, 0x00, 0x00, 0x00,
  0x00, 0x00, 0x00, 0x00, 0x00, 0x00, 0x00, 0x00, 0x00, 0x00, 0x00, 0x00,
  0x00, 0x00, 0x00, 0x00, 0x00, 0x00, 0x00, 0x00, 0x00, 0x00, 0x00, 0x00,
  0x00, 0x00, 0x00, 0x00, 0x00, 0x00, 0x00, 0x00, 0x00, 0x00, 0x00, 0x00,
  0x00, 0x00, 0x00, 0x00, 0x00, 0x00, 0x00, 0x00, 0x00, 0x00, 0x00, 0x00,
  0x00, 0x00, 0x00, 0x00, 0x00, 0x00, 0x00, 0x00, 0x00, 0x00, 0x00, 0x00,
  0x00, 0x00, 0x00, 0x00, 0x00, 0x00, 0x00, 0x00, 0x00, 0x00, 0x00, 0x00,
  0x00, 0x00, 0x00, 0x00, 0x00, 0x00, 0x00, 0x00, 0x00, 0x00, 0x00, 0x00,
  0x00, 0x00, 0x00, 0x00, 0x00, 0x00, 0x00, 0x00, 0x00, 0x00, 0x00, 0x00,
  0x00, 0x00, 0x00, 0x00, 0x00, 0x00, 0x00, 0x00, 0x00, 0x00, 0x00, 0x00,
  0x00, 0x00, 0x00, 0x00, 0x00, 0x00, 0x00, 0x00, 0x00, 0x00, 0x00, 0x00,
  0x00, 0x00, 0x00, 0x00, 0x00, 0x00, 0x00, 0x00, 0x00, 0x00, 0x00, 0x00,
  0x00, 0x00, 0x00, 0x00, 0x00, 0x00, 0x00, 0x00, 0x00, 0x00, 0x00, 0x00,
  0x00, 0x00, 0x00, 0x00, 0x00, 0x00, 0x00, 0x00, 0x00, 0x00, 0x00, 0x00,
  0x00, 0x00, 0x00, 0x00, 0x00, 0x00, 0x00, 0x00, 0x00, 0x00, 0x00, 0x00,
  0x00, 0x00, 0x00, 0x00, 0x00, 0x00, 0x00, 0x00, 0x00, 0x00, 0x00, 0x00,
  0x00, 0x00, 0x00, 0x00, 0x00, 0x00, 0x00, 0x00, 0x00, 0x00, 0x00, 0x00,
  0x00, 0x00, 0x00, 0x00, 0x00, 0x00, 0x00, 0x00, 0x00, 0x00, 0x00, 0x00,
  0x00, 0x00, 0x00, 0x00, 0x00, 0x00, 0x00, 0x00, 0x00, 0x00, 0x00, 0x00,
  0x00, 0x00, 0x00, 0x00, 0x00, 0x00, 0x00, 0x00, 0x00, 0x00, 0x00, 0x00,
  0x00, 0x00, 0x00, 0x00, 0x00, 0x00, 0x00, 0x00, 0x00, 0x00, 0x00, 0x00,
  0x00, 0x00, 0x00, 0x00, 0x00, 0x00, 0x00, 0x00, 0x00, 0x00, 0x00, 0x00,
  0x00, 0x00, 0x00, 0x00, 0x00, 0x00, 0x00, 0x00, 0x00, 0x00, 0x00, 0x00,
  0x00, 0x00, 0x00, 0x00, 0x00, 0x00, 0x00, 0x00, 0x00, 0x00, 0x00, 0x00,
  0x00, 0x00, 0x00, 0x00, 0x00, 0x00, 0x00, 0x00, 0x00, 0x00, 0x00, 0x00,
  0x00, 0x00, 0x00, 0x00, 0x00, 0x00, 0x00, 0x00, 0x00, 0x00, 0x00, 0x00,
  0x00, 0x00, 0x00, 0x00, 0x00, 0x00, 0x00, 0x00, 0x00, 0x00, 0x00, 0x00,
  0x00, 0x00, 0x00, 0x00, 0x00, 0x00, 0x00, 0x00, 0x00, 0x00, 0x00, 0x00,
  0x00, 0x00, 0x00, 0x00, 0x00, 0x00, 0x00, 0x00, 0x00, 0x00, 0x00, 0x00,
  0x00, 0x00, 0x00, 0x00, 0x00, 0x00, 0x00, 0x00, 0x00, 0x00, 0x00, 0x00,
  0x00, 0x00, 0x00, 0x00, 0x00, 0x00, 0x00, 0x00, 0x00, 0x00, 0x00, 0x00,
  0x00, 0x00, 0x00, 0x00, 0x00, 0x00, 0x00, 0x00, 0x00, 0x00, 0x00, 0x00,
  0x00, 0x00, 0x00, 0x00, 0x00, 0x00, 0x00, 0x00, 0x00, 0x00, 0x00, 0x00,
  0x00, 0x00, 0x00, 0x00, 0x00, 0x00, 0x00, 0x00, 0x00, 0x00, 0x00, 0x00,
  0x00, 0x00, 0x00, 0x00, 0x00, 0x00, 0x00, 0x00, 0x00, 0x00, 0x00, 0x00,
  0x00, 0x00, 0x00, 0x00, 0x00, 0x00, 0x00, 0x00, 0x00, 0x00, 0x00, 0x00,
  0x00, 0x00, 0x00, 0x00, 0x00, 0x00, 0x00, 0x00, 0x00, 0x00, 0x00, 0x00,
  0x00, 0x00, 0x00, 0x00, 0x00, 0x00, 0x00, 0x00, 0x00, 0x00, 0x00, 0x00,
  0x00, 0x00, 0x00, 0x00, 0x00, 0x00, 0x00, 0x00, 0x00, 0x00, 0x00, 0x00,
  0x00, 0x00, 0x00, 0x00, 0x00, 0x00, 0x00, 0x00, 0x00, 0x00, 0x00, 0x00,
  0x00, 0x00, 0x00, 0x00, 0x00, 0x00, 0x00, 0x00, 0x00, 0x00, 0x00, 0x00,
  0x00, 0x00, 0x00, 0x00, 0x00, 0x00, 0x00, 0x00, 0x00, 0x00, 0x00, 0x00,
  0x00, 0x00, 0x00, 0x00, 0x00, 0x00, 0x00, 0x00, 0x00, 0x00, 0x00, 0x00,
  0x00, 0x00, 0x00, 0x00, 0x00, 0x00, 0x00, 0x00, 0x00, 0x00, 0x00, 0x00,
  0x00, 0x00, 0x00, 0x00, 0x00, 0x00, 0x00, 0x00, 0x00, 0x00, 0x00, 0x00,
  0x00, 0x00, 0x00, 0x00, 0x00, 0x00, 0x00, 0x00, 0x00, 0x00, 0x00, 0x00,
  0x00, 0x00, 0x00, 0x00, 0x00, 0x00, 0x00, 0x00, 0x00, 0x00, 0x00, 0x00,
  0x00, 0x00, 0x00, 0x00, 0x00, 0x00, 0x00, 0x00, 0x00, 0x00, 0x00, 0x00,
  0x00, 0x00, 0x00, 0x00, 0x00, 0x00, 0x00, 0x00, 0x00, 0x00, 0x00, 0x00,
  0x00, 0x00, 0x00, 0x00, 0x00, 0x00, 0x00, 0x00, 0x00, 0x00, 0x00, 0x00,
  0x00, 0x00, 0x00, 0x00, 0x00, 0x00, 0x00, 0x00, 0x00, 0x00, 0x00, 0x00,
  0x00, 0x00, 0x00, 0x00, 0x00, 0x00, 0x00, 0x00, 0x00, 0x00, 0x00, 0x00,
  0x00, 0x00, 0x00, 0x00, 0x00, 0x00, 0x00, 0x00, 0x00, 0x00, 0x00, 0x00,
  0x00, 0x00, 0x00, 0x00, 0x00, 0x00, 0x00, 0x00, 0x00, 0x00, 0x00, 0x00,
  0x00, 0x00, 0x00, 0x00, 0x00, 0x00, 0x00, 0x00, 0x00, 0x00, 0x00, 0x00,
  0x00, 0x00, 0x00, 0x00, 0x00, 0x00, 0x00, 0x00, 0x00, 0x00, 0x00, 0x00,
  0x00, 0x00, 0x00, 0x00, 0x00, 0x00, 0x00, 0x00, 0x00, 0x00, 0x00, 0x00,
  0x00, 0x00, 0x00, 0x00, 0x00, 0x00, 0x00, 0x00, 0x00, 0x00, 0x00, 0x00,
  0x00, 0x00, 0x00, 0x00, 0x00, 0x00, 0x00, 0x00, 0x00, 0x00, 0x00, 0x00,
  0x00, 0x00, 0x00, 0x00, 0x00, 0x00, 0x00, 0x00, 0x00, 0x00, 0x00, 0x00,
  0x00, 0x00, 0x00, 0x00, 0x00, 0x00, 0x00, 0x00, 0x00, 0x00, 0x00, 0x00,
  0x00, 0x00, 0x00, 0x00, 0x00, 0x00, 0x00, 0x00, 0x00, 0x00, 0x00, 0x00,
  0x00, 0x00, 0x00, 0x00, 0x00, 0x00, 0x00, 0x00, 0x00, 0x00, 0x00, 0x00,
  0x00, 0x00, 0x00, 0x00, 0x00, 0x00, 0x00, 0x00, 0x00, 0x00, 0x00, 0x00,
  0x00, 0x00, 0x00, 0x00, 0x00, 0x00, 0x00, 0x00, 0x00, 0x00, 0x00, 0x00,
  0x00, 0x00, 0x00, 0x00, 0x00, 0x00, 0x00, 0x00, 0x00, 0x00, 0x00, 0x00,
  0x00, 0x00, 0x00, 0x00, 0x00, 0x00, 0x00, 0x00, 0x00, 0x00, 0x00, 0x00,
  0x00, 0x00, 0x00, 0x00, 0x00, 0x00, 0x00, 0x00, 0x00, 0x00, 0x00, 0x00,
  0x00, 0x00, 0x00, 0x00, 0x00, 0x00, 0x00, 0x00, 0x00, 0x00, 0x00, 0x00,
  0x00, 0x00, 0x00, 0x00, 0x00, 0x00, 0x00, 0x00, 0x00, 0x00, 0x00, 0x00,
  0x00, 0x00, 0x00, 0x00, 0x00, 0x00, 0x00, 0x00, 0x00, 0x00, 0x00, 0x00,
  0x00, 0x00, 0x00, 0x00, 0x00, 0x00, 0x00, 0x00, 0x00, 0x00, 0x00, 0x00,
  0x00, 0x00, 0x00, 0x00, 0x00, 0x00, 0x00, 0x00, 0x00, 0x00, 0x00, 0x00,
  0x00, 0x00, 0x00, 0x00, 0x00, 0x00, 0x00, 0x00, 0x00, 0x00, 0x00, 0x00,
  0x00, 0x00, 0x00, 0x00, 0x00, 0x00, 0x00, 0x00, 0x00, 0x00, 0x00, 0x00,
  0x00, 0x00, 0x00, 0x00, 0x00, 0x00, 0x00, 0x00, 0x00, 0x00, 0x00, 0x00,
  0x00, 0x00, 0x00, 0x00, 0x00, 0x00, 0x00, 0x00, 0x00, 0x00, 0x00, 0x00,
  0x00, 0x00, 0x00, 0x00, 0x00, 0x00, 0x00, 0x00, 0x00, 0x00, 0x00, 0x00,
  0x00, 0x00, 0x00, 0x00, 0x00, 0x00, 0x00, 0x00, 0x00, 0x00, 0x00, 0x00,
  0x00, 0x00, 0x00, 0x00, 0x00, 0x00, 0x00, 0x00, 0x00, 0x00, 0x00, 0x00,
  0x00, 0x00, 0x00, 0x00, 0x00, 0x00, 0x00, 0x00, 0x00, 0x00, 0x00, 0x00,
  0x00, 0x00, 0x00, 0x00, 0x00, 0x00, 0x00, 0x00, 0x00, 0x00, 0x00, 0x00,
  0x00, 0x00, 0x00, 0x00, 0x00, 0x00, 0x00, 0x00, 0x00, 0x00, 0x00, 0x00,
  0x00, 0x00, 0x00, 0x00, 0x00, 0x00, 0x00, 0x00, 0x00, 0x00, 0x00, 0x00,
  0x00, 0x00, 0x00, 0x00, 0x00, 0x00, 0x00, 0x00, 0x00, 0x00, 0x00, 0x00,
  0x00, 0x00, 0x00, 0x00, 0x00, 0x00, 0x00, 0x00, 0x00, 0x00, 0x00, 0x00,
  0x00, 0x00, 0x00, 0x00, 0x00, 0x00, 0x00, 0x00, 0x00, 0x00, 0x00, 0x00,
  0x00, 0x00, 0x00, 0x00, 0x00, 0x00, 0x00, 0x00, 0x00, 0x00, 0x00, 0x00,
  0x00, 0x00, 0x00, 0x00, 0x00, 0x00, 0x00, 0x00, 0x00, 0x00, 0x00, 0x00,
  0x00, 0x00, 0x00, 0x00, 0x00, 0x00, 0x00, 0x00, 0x00, 0x00, 0x00, 0x00,
  0x00, 0x00, 0x00, 0x00, 0x00, 0x00, 0x00, 0x00, 0x00, 0x00, 0x00, 0x00,
  0x00, 0x00, 0x00, 0x00, 0x00, 0x00, 0x00, 0x00, 0x00, 0x00, 0x00, 0x00,
  0x00, 0x00, 0x00, 0x00, 0x00, 0x00, 0x00, 0x00, 0x00, 0x00, 0x00, 0x00,
  0x00, 0x00, 0x00, 0x00, 0x00, 0x00, 0x00, 0x00, 0x00, 0x00, 0x00, 0x00,
  0x00, 0x00, 0x00, 0x00, 0x00, 0x00, 0x00, 0x00, 0x00, 0x00, 0x00, 0x00,
  0x00, 0x00, 0x00, 0x00, 0x00, 0x00, 0x00, 0x00, 0x00, 0x00, 0x00, 0x00,
  0x00, 0x00, 0x00, 0x00, 0x00, 0x00, 0x00, 0x00, 0x00, 0x00, 0x00, 0x00,
  0x00, 0x00, 0x00, 0x00, 0x00, 0x00, 0x00, 0x00, 0x00, 0x00, 0x00, 0x00,
  0x00, 0x00, 0x00, 0x00, 0x00, 0x00, 0x00, 0x00, 0x00, 0x00, 0x00, 0x00,
  0x00, 0x00, 0x00, 0x00, 0x00, 0x00, 0x00, 0x00, 0x00, 0x00, 0x00, 0x00,
  0x00, 0x00, 0x00, 0x00, 0x00, 0x00, 0x00, 0x00, 0x00, 0x00, 0x00, 0x00,
  0x00, 0x00, 0x00, 0x00, 0x00, 0x00, 0x00, 0x00, 0x00, 0x00, 0x00, 0x00,
  0x00, 0x00, 0x00, 0x00, 0x00, 0x00, 0x00, 0x00, 0x00, 0x00, 0x00, 0x00,
  0x00, 0x00, 0x00, 0x00, 0x00, 0x00, 0x00, 0x00, 0x00, 0x00, 0x00, 0x00,
  0x00, 0x00, 0x00, 0x00, 0x00, 0x00, 0x00, 0x00, 0x00, 0x00, 0x00, 0x00,
  0x00, 0x00, 0x00, 0x00, 0x00, 0x00, 0x00, 0x00, 0x00, 0x00, 0x00, 0x00,
  0x00, 0x00, 0x00, 0x00, 0x00, 0x00, 0x00, 0x00, 0x00, 0x00, 0x00, 0x00,
  0x00, 0x00, 0x00, 0x00, 0x00, 0x00, 0x00, 0x00, 0x00, 0x00, 0x00, 0x00,
  0x00, 0x00, 0x00, 0x00, 0x00, 0x00, 0x00, 0x00, 0x00, 0x00, 0x00, 0x00,
  0x00, 0x00, 0x00, 0x00, 0x00, 0x00, 0x00, 0x00, 0x00, 0x00, 0x00, 0x00,
  0x00, 0x00, 0x00, 0x00, 0x00, 0x00, 0x00, 0x00, 0x00, 0x00, 0x00, 0x00,
  0x00, 0x00, 0x00, 0x00, 0x00, 0x00, 0x00, 0x00, 0x00, 0x00, 0x00, 0x00,
  0x00, 0x00, 0x00, 0x00, 0x00, 0x00, 0x00, 0x00, 0x00, 0x00, 0x00, 0x00,
  0x00, 0x00, 0x00, 0x00, 0x00, 0x00, 0x00, 0x00, 0x00, 0x00, 0x00, 0x00,
  0x00, 0x00, 0x00, 0x00, 0x00, 0x00, 0x00, 0x00, 0x00, 0x00, 0x00, 0x00,
  0x00, 0x00, 0x00, 0x00, 0x00, 0x00, 0x00, 0x00, 0x00, 0x00, 0x00, 0x00,
  0x00, 0x00, 0x00, 0x00, 0x00, 0x00, 0x00, 0x00, 0x00, 0x00, 0x00, 0x00,
  0x00, 0x00, 0x00, 0x00, 0x00, 0x00, 0x00, 0x00, 0x00, 0x00, 0x00, 0x00,
  0x00, 0x00, 0x00, 0x00, 0x00, 0x00, 0x00, 0x00, 0x00, 0x00, 0x00, 0x00,
  0x00, 0x00, 0x00, 0x00, 0x00, 0x00, 0x00, 0x00, 0x00, 0x00, 0x00, 0x00,
  0x00, 0x00, 0x00, 0x00, 0x00, 0x00, 0x00, 0x00, 0x00, 0x00, 0x00, 0x00,
  0x00, 0x00, 0x00, 0x00, 0x00, 0x00, 0x00, 0x00, 0x00, 0x00, 0x00, 0x00,
  0x00, 0x00, 0x00, 0x00, 0x00, 0x00, 0x00, 0x00, 0x00, 0x00, 0x00, 0x00,
  0x00, 0x00, 0x00, 0x00, 0x00, 0x00, 0x00, 0x00, 0x00, 0x00, 0x00, 0x00,
  0x00, 0x00, 0x00, 0x00, 0x00, 0x00, 0x00, 0x00, 0x00, 0x00, 0x00, 0x00,
  0x00, 0x00, 0x00, 0x00, 0x00, 0x00, 0x00, 0x00, 0x00, 0x00, 0x00, 0x00,
  0x00, 0x00, 0x00, 0x00, 0x00, 0x00, 0x00, 0x00, 0x00, 0x00, 0x00, 0x00,
  0x00, 0x00, 0x00, 0x00, 0x00, 0x00, 0x00, 0x00, 0x00, 0x00, 0x00, 0x00,
  0x00, 0x00, 0x00, 0x00, 0x00, 0x00, 0x00, 0x00, 0x00, 0x00, 0x00, 0x00,
  0x00, 0x00, 0x00, 0x00, 0x00, 0x00, 0x00, 0x00, 0x00, 0x00, 0x00, 0x00,
  0x00, 0x00, 0x00, 0x00, 0x00, 0x00, 0x00, 0x00, 0x00, 0x00, 0x00, 0x00,
  0x00, 0x00, 0x00, 0x00, 0x00, 0x00, 0x00, 0x00, 0x00, 0x00, 0x00, 0x00,
  0x00, 0x00, 0x00, 0x00, 0x00, 0x00, 0x00, 0x00, 0x00, 0x00, 0x00, 0x00,
  0x00, 0x00, 0x00, 0x00, 0x00, 0x00, 0x00, 0x00, 0x00, 0x00, 0x00, 0x00,
  0x00, 0x00, 0x00, 0x00, 0x00, 0x00, 0x00, 0x00, 0x00, 0x00, 0x00, 0x00,
  0x00, 0x00, 0x00, 0x00, 0x00, 0x00, 0x00, 0x00, 0x00, 0x00, 0x00, 0x00,
  0x00, 0x00, 0x00, 0x00, 0x00, 0x00, 0x00, 0x00, 0x00, 0x00, 0x00, 0x00,
  0x00, 0x00, 0x00, 0x00, 0x00, 0x00, 0x00, 0x00, 0x00, 0x00, 0x00, 0x00,
  0x00, 0x00, 0x00, 0x00, 0x00, 0x00, 0x00, 0x00, 0x00, 0x00, 0x00, 0x00,
  0x00, 0x00, 0x00, 0x00, 0x00, 0x00, 0x00, 0x00, 0x00, 0x00, 0x00, 0x00,
  0x00, 0x00, 0x00, 0x00, 0x00, 0x00, 0x00, 0x00, 0x00, 0x00, 0x00, 0x00,
  0x00, 0x00, 0x00, 0x00, 0x00, 0x00, 0x00, 0x00, 0x00, 0x00, 0x00, 0x00,
  0x00, 0x00, 0x00, 0x00, 0x00, 0x00, 0x00, 0x00, 0x00, 0x00, 0x00, 0x00,
  0x00, 0x00, 0x00, 0x00, 0x00, 0x00, 0x00, 0x00, 0x00, 0x00, 0x00, 0x00,
  0x00, 0x00, 0x00, 0x00, 0x00, 0x00, 0x00, 0x00, 0x00, 0x00, 0x00, 0x00,
  0x00, 0x00, 0x00, 0x00, 0x00, 0x00, 0x00, 0x00, 0x00, 0x00, 0x00, 0x00,
  0x00, 0x00, 0x00, 0x00, 0x00, 0x00, 0x00, 0x00, 0x00, 0x00, 0x00, 0x00,
  0x00, 0x00, 0x00, 0x00, 0x00, 0x00, 0x00, 0x00, 0x00, 0x00, 0x00, 0x00,
  0x00, 0x00, 0x00, 0x00, 0x00, 0x00, 0x00, 0x00, 0x00, 0x00, 0x00, 0x00,
  0x00, 0x00, 0x00, 0x00, 0x00, 0x00, 0x00, 0x00, 0x00, 0x00, 0x00, 0x00,
  0x00, 0x00, 0x00, 0x00, 0x00, 0x00, 0x00, 0x00, 0x00, 0x00, 0x00, 0x00,
  0x00, 0x00, 0x00, 0x00, 0x00, 0x00, 0x00, 0x00, 0x00, 0x00, 0x00, 0x00,
  0x00, 0x00, 0x00, 0x00, 0x00, 0x00, 0x00, 0x00, 0x00, 0x00, 0x00, 0x00,
  0x00, 0x00, 0x00, 0x00, 0x00, 0x00, 0x00, 0x00, 0x00, 0x00, 0x00, 0x00,
  0x00, 0x00, 0x00, 0x00, 0x00, 0x00, 0x00, 0x00, 0x00, 0x00, 0x00, 0x00,
  0x00, 0x00, 0x00, 0x00, 0x00, 0x00, 0x00, 0x00, 0x00, 0x00, 0x00, 0x00,
  0x00, 0x00, 0x00, 0x00, 0x00, 0x00, 0x00, 0x00, 0x00, 0x00, 0x00, 0x00,
  0x00, 0x00, 0x00, 0x00, 0x00, 0x00, 0x00, 0x00, 0x00, 0x00, 0x00, 0x00,
  0x00, 0x00, 0x00, 0x00, 0x00, 0x00, 0x00, 0x00, 0x00, 0x00, 0x00, 0x00,
  0x00, 0x00, 0x00, 0x00, 0x00, 0x00, 0x00, 0x00, 0x00, 0x00, 0x00, 0x00,
  0x00, 0x00, 0x00, 0x00, 0x00, 0x00, 0x00, 0x00, 0x00, 0x00, 0x00, 0x00,
  0x00, 0x00, 0x00, 0x00, 0x00, 0x00, 0x00, 0x00, 0x00, 0x00, 0x00, 0x00,
  0x00, 0x00, 0x00, 0x00, 0x00, 0x00, 0x00, 0x00, 0x00, 0x00, 0x00, 0x00,
  0x00, 0x00, 0x00, 0x00, 0x00, 0x00, 0x00, 0x00, 0x00, 0x00, 0x00, 0x00,
  0x00, 0x00, 0x00, 0x00, 0x00, 0x00, 0x00, 0x00, 0x00, 0x00, 0x00, 0x00,
  0x00, 0x00, 0x00, 0x00, 0x00, 0x00, 0x00, 0x00, 0x00, 0x00, 0x00, 0x00,
  0x00, 0x00, 0x00, 0x00, 0x00, 0x00, 0x00, 0x00, 0x00, 0x00, 0x00, 0x00,
  0x00, 0x00, 0x00, 0x00, 0x00, 0x00, 0x00, 0x00, 0x00, 0x00, 0x00, 0x00,
  0x00, 0x00, 0x00, 0x00, 0x00, 0x00, 0x00, 0x00, 0x00, 0x00, 0x00, 0x00,
  0x00, 0x00, 0x00, 0x00, 0x00, 0x00, 0x00, 0x00, 0x00, 0x00, 0x00, 0x00,
  0x00, 0x00, 0x00, 0x00, 0x00, 0x00, 0x00, 0x00, 0x00, 0x00, 0x00, 0x00,
  0x00, 0x00, 0x00, 0x00, 0x00, 0x00, 0x00, 0x00, 0x00, 0x00, 0x00, 0x00,
  0x00, 0x00, 0x00, 0x00, 0x00, 0x00, 0x00, 0x00, 0x00, 0x00, 0x00, 0x00,
  0x00, 0x00, 0x00, 0x00, 0x00, 0x00, 0x00, 0x00, 0x00, 0x00, 0x00, 0x00,
  0x00, 0x00, 0x00, 0x00, 0x00, 0x00, 0x00, 0x00, 0x00, 0x00, 0x00, 0x00,
  0x00, 0x00, 0x00, 0x00, 0x00, 0x00, 0x00, 0x00, 0x00, 0x00, 0x00, 0x00,
  0x00, 0x00, 0x00, 0x00, 0x00, 0x00, 0x00, 0x00, 0x00, 0x00, 0x00, 0x00,
  0x00, 0x00, 0x00, 0x00, 0x00, 0x00, 0x00, 0x00, 0x00, 0x00, 0x00, 0x00,
  0x00, 0x00, 0x00, 0x00, 0x00, 0x00, 0x00, 0x00, 0x00, 0x00, 0x00, 0x00,
  0x00, 0x00, 0x00, 0x00, 0x00, 0x00, 0x00, 0x00, 0x00, 0x00, 0x00, 0x00,
  0x00, 0x00, 0x00, 0x00, 0x00, 0x00, 0x00, 0x00, 0x00, 0x00, 0x00, 0x00,
  0x00, 0x00, 0x00, 0x00, 0x00, 0x00, 0x00, 0x00, 0x00, 0x00, 0x00, 0x00,
  0x00, 0x00, 0x00, 0x00, 0x00, 0x00, 0x00, 0x00, 0x00, 0x00, 0x00, 0x00,
  0x00, 0x00, 0x00, 0x00, 0x00, 0x00, 0x00, 0x00, 0x00, 0x00, 0x00, 0x00,
  0x00, 0x00, 0x00, 0x00, 0x00, 0x00, 0x00, 0x00, 0x00, 0x00, 0x00, 0x00,
  0x00, 0x00, 0x00, 0x00, 0x00, 0x00, 0x00, 0x00, 0x00, 0x00, 0x00, 0x00,
  0x00, 0x00, 0x00, 0x00, 0x00, 0x00, 0x00, 0x00, 0x00, 0x00, 0x00, 0x00,
  0x00, 0x00, 0x00, 0x00, 0x00, 0x00, 0x00, 0x00, 0x00, 0x00, 0x00, 0x00,
  0x00, 0x00, 0x00, 0x00, 0x00, 0x00, 0x00, 0x00, 0x00, 0x00, 0x00, 0x00,
  0x00, 0x00, 0x00, 0x00, 0x00, 0x00, 0x00, 0x00, 0x00, 0x00, 0x00, 0x00,
  0x00, 0x00, 0x00, 0x00, 0x00, 0x00, 0x00, 0x00, 0x00, 0x00, 0x00, 0x00,
  0x00, 0x00, 0x00, 0x00, 0x00, 0x00, 0x00, 0x00, 0x00, 0x00, 0x00, 0x00,
  0x00, 0x00, 0x00, 0x00, 0x00, 0x00, 0x00, 0x00, 0x00, 0x00, 0x00, 0x00,
  0x00, 0x00, 0x00, 0x00, 0x00, 0x00, 0x00, 0x00, 0x00, 0x00, 0x00, 0x00,
  0x00, 0x00, 0x00, 0x00, 0x00, 0x00, 0x00, 0x00, 0x00, 0x00, 0x00, 0x00,
  0x00, 0x00, 0x00, 0x00, 0x00, 0x00, 0x00, 0x00, 0x00, 0x00, 0x00, 0x00,
  0x00, 0x00, 0x00, 0x00, 0x00, 0x00, 0x00, 0x00, 0x00, 0x00, 0x00, 0x00,
  0x00, 0x00, 0x00, 0x00, 0x00, 0x00, 0x00, 0x00, 0x00, 0x00, 0x00, 0x00,
  0x00, 0x00, 0x00, 0x00, 0x00, 0x00, 0x00, 0x00, 0x00, 0x00, 0x00, 0x00,
  0x00, 0x00, 0x00, 0x00, 0x00, 0x00, 0x00, 0x00, 0x00, 0x00, 0x00, 0x00,
  0x00, 0x00, 0x00, 0x00, 0x00, 0x00, 0x00, 0x00, 0x00, 0x00, 0x00, 0x00,
  0x00, 0x00, 0x00, 0x00, 0x00, 0x00, 0x00, 0x00, 0x00, 0x00, 0x00, 0x00,
  0x00, 0x00, 0x00, 0x00, 0x00, 0x00, 0x00, 0x00, 0x00, 0x00, 0x00, 0x00,
  0x00, 0x00, 0x00, 0x00, 0x00, 0x00, 0x00, 0x00, 0x00, 0x00, 0x00, 0x00,
  0x00, 0x00, 0x00, 0x00, 0x00, 0x00, 0x00, 0x00, 0x00, 0x00, 0x00, 0x00,
  0x00, 0x00, 0x00, 0x00, 0x00, 0x00, 0x00, 0x00, 0x00, 0x00, 0x00, 0x00,
  0x00, 0x00, 0x00, 0x00, 0x00, 0x00, 0x00, 0x00, 0x00, 0x00, 0x00, 0x00,
  0x00, 0x00, 0x00, 0x00, 0x00, 0x00, 0x00, 0x00, 0x00, 0x00, 0x00, 0x00,
  0x00, 0x00, 0x00, 0x00, 0x00, 0x00, 0x00, 0x00, 0x00, 0x00, 0x00, 0x00,
  0x00, 0x00, 0x00, 0x00, 0x00, 0x00, 0x00, 0x00, 0x00, 0x00, 0x00, 0x00,
  0x00, 0x00, 0x00, 0x00, 0x00, 0x00, 0x00, 0x00, 0x00, 0x00, 0x00, 0x00,
  0x00, 0x00, 0x00, 0x00, 0x00, 0x00, 0x00, 0x00, 0x00, 0x00, 0x00, 0x00,
  0x00, 0x00, 0x00, 0x00, 0x00, 0x00, 0x00, 0x00, 0x00, 0x00, 0x00, 0x00,
  0x00, 0x00, 0x00, 0x00, 0x00, 0x00, 0x00, 0x00, 0x00, 0x00, 0x00, 0x00,
  0x00, 0x00, 0x00, 0x00, 0x00, 0x00, 0x00, 0x00, 0x00, 0x00, 0x00, 0x00,
  0x00, 0x00, 0x00, 0x00, 0x00, 0x00, 0x00, 0x00, 0x00, 0x00, 0x00, 0x00,
  0x00, 0x00, 0x00, 0x00, 0x00, 0x00, 0x00, 0x00, 0x00, 0x00, 0x00, 0x00,
  0x00, 0x00, 0x00, 0x00, 0x00, 0x00, 0x00, 0x00, 0x00, 0x00, 0x00, 0x00,
  0x00, 0x00, 0x00, 0x00, 0x00, 0x00, 0x00, 0x00, 0x00, 0x00, 0x00, 0x00,
  0x00, 0x00, 0x00, 0x00, 0x00, 0x00, 0x00, 0x00, 0x00, 0x00, 0x00, 0x00,
  0x00, 0x00, 0x00, 0x00, 0x00, 0x00, 0x00, 0x00, 0x00, 0x00, 0x00, 0x00,
  0x00, 0x00, 0x00, 0x00, 0x00, 0x00, 0x00, 0x00, 0x00, 0x00, 0x00, 0x00,
  0x00, 0x00, 0x00, 0x00, 0x00, 0x00, 0x00, 0x00, 0x00, 0x00, 0x00, 0x00,
  0x00, 0x00, 0x00, 0x00, 0x00, 0x00, 0x00, 0x00, 0x00, 0x00, 0x00, 0x00,
  0x00, 0x00, 0x00, 0x00, 0x00, 0x00, 0x00, 0x00, 0x00, 0x00, 0x00, 0x00,
  0x00, 0x00, 0x00, 0x00, 0x00, 0x00, 0x00, 0x00, 0x00, 0x00, 0x00, 0x00,
  0x00, 0x00, 0x00, 0x00, 0x00, 0x00, 0x00, 0x00, 0x00, 0x00, 0x00, 0x00,
  0x00, 0x00, 0x00, 0x00, 0x00, 0x00, 0x00, 0x00, 0x00, 0x00, 0x00, 0x00,
  0x00, 0x00, 0x00, 0x00, 0x00, 0x00, 0x00, 0x00, 0x00, 0x00, 0x00, 0x00,
  0x00, 0x00, 0x00, 0x00, 0x00, 0x00, 0x00, 0x00, 0x00, 0x00, 0x00, 0x00,
  0x00, 0x00, 0x00, 0x00, 0x00, 0x00, 0x00, 0x00, 0x00, 0x00, 0x00, 0x00,
  0x00, 0x00, 0x00, 0x00, 0x00, 0x00, 0x00, 0x00, 0x00, 0x00, 0x00, 0x00,
  0x00, 0x00, 0x00, 0x00, 0x00, 0x00, 0x00, 0x00, 0x00, 0x00, 0x00, 0x00,
  0x00, 0x00, 0x00, 0x00, 0x00, 0x00, 0x00, 0x00, 0x00, 0x00, 0x00, 0x00,
  0x00, 0x00, 0x00, 0x00, 0x00, 0x00, 0x00, 0x00, 0x00, 0x00, 0x00, 0x00,
  0x00, 0x00, 0x00, 0x00, 0x00, 0x00, 0x00, 0x00, 0x00, 0x00, 0x00, 0x00,
  0x00, 0x00, 0x00, 0x00, 0x00, 0x00, 0x00, 0x00, 0x00, 0x00, 0x00, 0x00,
  0x00, 0x00, 0x00, 0x00, 0x00, 0x00, 0x00, 0x00, 0x00, 0x00, 0x00, 0x00,
  0x00, 0x00, 0x00, 0x00, 0x00, 0x00, 0x00, 0x00, 0x00, 0x00, 0x00, 0x00,
  0x00, 0x00, 0x00, 0x00, 0x00, 0x00, 0x00, 0x00, 0x00, 0x00, 0x00, 0x00,
  0x00, 0x00, 0x00, 0x00, 0x00, 0x00, 0x00, 0x00, 0x00, 0x00, 0x00, 0x00,
  0x00, 0x00, 0x00, 0x00, 0x00, 0x00, 0x00, 0x00, 0x00, 0x00, 0x00, 0x00,
  0x00, 0x00, 0x00, 0x00, 0x00, 0x00, 0x00, 0x00, 0x00, 0x00, 0x00, 0x00,
  0x00, 0x00, 0x00, 0x00, 0x00, 0x00, 0x00, 0x00, 0x00, 0x00, 0x00, 0x00,
  0x00, 0x00, 0x00, 0x00, 0x00, 0x00, 0x00, 0x00, 0x00, 0x00, 0x00, 0x00,
  0x00, 0x00, 0x00, 0x00, 0x00, 0x00, 0x00, 0x00, 0x00, 0x00, 0x00, 0x00,
  0x00, 0x00, 0x00, 0x00, 0x00, 0x00, 0x00, 0x00, 0x00, 0x00, 0x00, 0x00,
  0x00, 0x00, 0x00, 0x00, 0x00, 0x00, 0x00, 0x00, 0x00, 0x00, 0x00, 0x00,
  0x00, 0x00, 0x00, 0x00, 0x00, 0x00, 0x00, 0x00, 0x00, 0x00, 0x00, 0x00,
  0x00, 0x00, 0x00, 0x00, 0x00, 0x00, 0x00, 0x00, 0x00, 0x00, 0x00, 0x00,
  0x00, 0x00, 0x00, 0x00, 0x00, 0x00, 0x00, 0x00, 0x00, 0x00, 0x00, 0x00,
  0x00, 0x00, 0x00, 0x00, 0x00, 0x00, 0x00, 0x00, 0x00, 0x00, 0x00, 0x00,
  0x00, 0x00, 0x00, 0x00, 0x00, 0x00, 0x00, 0x00, 0x00, 0x00, 0x00, 0x00,
  0x00, 0x00, 0x00, 0x00, 0x00, 0x00, 0x00, 0x00, 0x00, 0x00, 0x00, 0x00,
  0x00, 0x00, 0x00, 0x00, 0x00, 0x00, 0x00, 0x00, 0x00, 0x00, 0x00, 0x00,
  0x00, 0x00, 0x00, 0x00, 0x00, 0x00, 0x00, 0x00, 0x00, 0x00, 0x00, 0x00,
  0x00, 0x00, 0x00, 0x00, 0x00, 0x00, 0x00, 0x00, 0x00, 0x00, 0x00, 0x00,
  0x00, 0x00, 0x00, 0x00, 0x00, 0x00, 0x00, 0x00, 0x00, 0x00, 0x00, 0x00,
  0x00, 0x00, 0x00, 0x00, 0x00, 0x00, 0x00, 0x00, 0x00, 0x00, 0x00, 0x00,
  0x00, 0x00, 0x00, 0x00, 0x00, 0x00, 0x00, 0x00, 0x00, 0x00, 0x00, 0x00,
  0x00, 0x00, 0x00, 0x00, 0x00, 0x00, 0x00, 0x00, 0x00, 0x00, 0x00, 0x00,
  0x00, 0x00, 0x00, 0x00, 0x00, 0x00, 0x00, 0x00, 0x00, 0x00, 0x00, 0x00,
  0x00, 0x00, 0x00, 0x00, 0x00, 0x00, 0x00, 0x00, 0x00, 0x00, 0x00, 0x00,
  0x00, 0x00, 0x00, 0x00, 0x00, 0x00, 0x00, 0x00, 0x00, 0x00, 0x00, 0x00,
  0x00, 0x00, 0x00, 0x00, 0x00, 0x00, 0x00, 0x00, 0x00, 0x00, 0x00, 0x00,
  0x00, 0x00, 0x00, 0x00, 0x00, 0x00, 0x00, 0x00, 0x00, 0x00, 0x00, 0x00,
  0x00, 0x00, 0x00, 0x00, 0x00, 0x00, 0x00, 0x00, 0x00, 0x00, 0x00, 0x00,
  0x00, 0x00, 0x00, 0x00, 0x00, 0x00, 0x00, 0x00, 0x00, 0x00, 0x00, 0x00,
  0x00, 0x00, 0x00, 0x00, 0x00, 0x00, 0x00, 0x00, 0x00, 0x00, 0x00, 0x00,
  0x00, 0x00, 0x00, 0x00, 0x00, 0x00, 0x00, 0x00, 0x00, 0x00, 0x00, 0x00,
  0x00, 0x00, 0x00, 0x00, 0x00, 0x00, 0x00, 0x00, 0x00, 0x00, 0x00, 0x00,
  0x00, 0x00, 0x00, 0x00, 0x00, 0x00, 0x00, 0x00, 0x00, 0x00, 0x00, 0x00,
  0x00, 0x00, 0x00, 0x00, 0x00, 0x00, 0x00, 0x00, 0x00, 0x00, 0x00, 0x00,
  0x00, 0x00, 0x00, 0x00, 0x00, 0x00, 0x00, 0x00, 0x00, 0x00, 0x00, 0x00,
  0x00, 0x00, 0x00, 0x00, 0x00, 0x00, 0x00, 0x00, 0x00, 0x00, 0x00, 0x00,
  0x00, 0x00, 0x00, 0x00, 0x00, 0x00, 0x00, 0x00, 0x00, 0x00, 0x00, 0x00,
  0x00, 0x00, 0x00, 0x00, 0x00, 0x00, 0x00, 0x00, 0x00, 0x00, 0x00, 0x00,
  0x00, 0x00, 0x00, 0x00, 0x00, 0x00, 0x00, 0x00, 0x00, 0x00, 0x00, 0x00,
  0x00, 0x00, 0x00, 0x00, 0x00, 0x00, 0x00, 0x00, 0x00, 0x00, 0x00, 0x00,
  0x00, 0x00, 0x00, 0x00, 0x00, 0x00, 0x00, 0x00, 0x00, 0x00, 0x00, 0x00,
  0x00, 0x00, 0x00, 0x00, 0x00, 0x00, 0x00, 0x00, 0x00, 0x00, 0x00, 0x00,
  0x00, 0x00, 0x00, 0x00, 0x00, 0x00, 0x00, 0x00, 0x00, 0x00, 0x00, 0x00,
  0x00, 0x00, 0x00, 0x00, 0x00, 0x00, 0x00, 0x00, 0x00, 0x00, 0x00, 0x00,
  0x00, 0x00, 0x00, 0x00, 0x00, 0x00, 0x00, 0x00, 0x00, 0x00, 0x00, 0x00,
  0x00, 0x00, 0x00, 0x00, 0x00, 0x00, 0x00, 0x00, 0x00, 0x00, 0x00, 0x00,
  0x00, 0x00, 0x00, 0x00, 0x00, 0x00, 0x00, 0x00, 0x00, 0x00, 0x00, 0x00,
  0x00, 0x00, 0x00, 0x00, 0x00, 0x00, 0x00, 0x00, 0x00, 0x00, 0x00, 0x00,
  0x00, 0x00, 0x00, 0x00, 0x00, 0x00, 0x00, 0x00, 0x00, 0x00, 0x00, 0x00,
  0x00, 0x00, 0x00, 0x00, 0x00, 0x00, 0x00, 0x00, 0x00, 0x00, 0x00, 0x00,
  0x00, 0x00, 0x00, 0x00, 0x00, 0x00, 0x00, 0x00, 0x00, 0x00, 0x00, 0x00,
  0x00, 0x00, 0x00, 0x00, 0x00, 0x00, 0x00, 0x00, 0x00, 0x00, 0x00, 0x00,
  0x00, 0x00, 0x00, 0x00, 0x00, 0x00, 0x00, 0x00, 0x00, 0x00, 0x00, 0x00,
  0x00, 0x00, 0x00, 0x00, 0x00, 0x00, 0x00, 0x00, 0x00, 0x00, 0x00, 0x00,
  0x00, 0x00, 0x00, 0x00, 0x00, 0x00, 0x00, 0x00, 0x00, 0x00, 0x00, 0x00,
  0x00, 0x00, 0x00, 0x00, 0x00, 0x00, 0x00, 0x00, 0x00, 0x00, 0x00, 0x00,
  0x00, 0x00, 0x00, 0x00, 0x00, 0x00, 0x00, 0x00, 0x00, 0x00, 0x00, 0x00,
  0x00, 0x00, 0x00, 0x00, 0x00, 0x00, 0x00, 0x00, 0x00, 0x00, 0x00, 0x00,
  0x00, 0x00, 0x00, 0x00, 0x00, 0x00, 0x00, 0x00, 0x00, 0x00, 0x00, 0x00,
  0x00, 0x00, 0x00, 0x00, 0x00, 0x00, 0x00, 0x00, 0x00, 0x00, 0x00, 0x00,
  0x00, 0x00, 0x00, 0x00, 0x00, 0x00, 0x00, 0x00, 0x00, 0x00, 0x00, 0x00,
  0x00, 0x00, 0x00, 0x00, 0x00, 0x00, 0x00, 0x00, 0x00, 0x00, 0x00, 0x00,
  0x00, 0x00, 0x00, 0x00, 0x00, 0x00, 0x00, 0x00, 0x00, 0x00, 0x00, 0x00,
  0x00, 0x00, 0x00, 0x00, 0x00, 0x00, 0x00, 0x00, 0x00, 0x00, 0x00, 0x00,
  0x00, 0x00, 0x00, 0x00, 0x00, 0x00, 0x00, 0x00, 0x00, 0x00, 0x00, 0x00,
  0x00, 0x00, 0x00, 0x00, 0x00, 0x00, 0x00, 0x00, 0x00, 0x00, 0x00, 0x00,
  0x00, 0x00, 0x00, 0x00, 0x00, 0x00, 0x00, 0x00, 0x00, 0x00, 0x00, 0x00,
  0x00, 0x00, 0x00, 0x00, 0x00, 0x00, 0x00, 0x00, 0x00, 0x00, 0x00, 0x00,
  0x00, 0x00, 0x00, 0x00, 0x00, 0x00, 0x00, 0x00, 0x00, 0x00, 0x00, 0x00,
  0x00, 0x00, 0x00, 0x00, 0x00, 0x00, 0x00, 0x00, 0x00, 0x00, 0x00, 0x00,
  0x00, 0x00, 0x00, 0x00, 0x00, 0x00, 0x00, 0x00, 0x00, 0x00, 0x00, 0x00,
  0x00, 0x00, 0x00, 0x00, 0x00, 0x00, 0x00, 0x00, 0x00, 0x00, 0x00, 0x00,
  0x00, 0x00, 0x00, 0x00, 0x00, 0x00, 0x00, 0x00, 0x00, 0x00, 0x00, 0x00,
  0x00, 0x00, 0x00, 0x00, 0x00, 0x00, 0x00, 0x00, 0x00, 0x00, 0x00, 0x00,
  0x00, 0x00, 0x00, 0x00, 0x00, 0x00, 0x00, 0x00, 0x00, 0x00, 0x00, 0x00,
  0x00, 0x00, 0x00, 0x00, 0x00, 0x00, 0x00, 0x00, 0x00, 0x00, 0x00, 0x00,
  0x00, 0x00, 0x00, 0x00, 0x00, 0x00, 0x00, 0x00, 0x00, 0x00, 0x00, 0x00,
  0x00, 0x00, 0x00, 0x00, 0x00, 0x00, 0x00, 0x00, 0x00, 0x00, 0x00, 0x00,
  0x00, 0x00, 0x00, 0x00, 0x00, 0x00, 0x00, 0x00, 0x00, 0x00, 0x00, 0x00,
  0x00, 0x00, 0x00, 0x00, 0x00, 0x00, 0x00, 0x00, 0x00, 0x00, 0x00, 0x00,
  0x00, 0x00, 0x00, 0x00, 0x00, 0x00, 0x00, 0x00, 0x00, 0x00, 0x00, 0x00,
  0x00, 0x00, 0x00, 0x00, 0x00, 0x00, 0x00, 0x00, 0x00, 0x00, 0x00, 0x00,
  0x00, 0x00, 0x00, 0x00, 0x00, 0x00, 0x00, 0x00, 0x00, 0x00, 0x00, 0x00,
  0x00, 0x00, 0x00, 0x00, 0x00, 0x00, 0x00, 0x00, 0x00, 0x00, 0x00, 0x00,
  0x00, 0x00, 0x00, 0x00, 0x00, 0x00, 0x00, 0x00, 0x00, 0x00, 0x00, 0x00,
  0x00, 0x00, 0x00, 0x00, 0x00, 0x00, 0x00, 0x00, 0x00, 0x00, 0x00, 0x00,
  0x00, 0x00, 0x00, 0x00, 0x00, 0x00, 0x00, 0x00, 0x00, 0x00, 0x00, 0x00,
  0x00, 0x00, 0x00, 0x00, 0x00, 0x00, 0x00, 0x00, 0x00, 0x00, 0x00, 0x00,
  0x00, 0x00, 0x00, 0x00, 0x00, 0x00, 0x00, 0x00, 0x00, 0x00, 0x00, 0x00,
  0x00, 0x00, 0x00, 0x00, 0x00, 0x00, 0x00, 0x00, 0x00, 0x00, 0x00, 0x00,
  0x00, 0x00, 0x00, 0x00, 0x00, 0x00, 0x00, 0x00, 0x00, 0x00, 0x00, 0x00,
  0x00, 0x00, 0x00, 0x00, 0x00, 0x00, 0x00, 0x00, 0x00, 0x00, 0x00, 0x00,
  0x00, 0x00, 0x00, 0x00, 0x00, 0x00, 0x00, 0x00, 0x00, 0x00, 0x00, 0x00,
  0x00, 0x00, 0x00, 0x00, 0x00, 0x00, 0x00, 0x00, 0x00, 0x00, 0x00, 0x00,
  0x00, 0x00, 0x00, 0x00, 0x00, 0x00, 0x00, 0x00, 0x00, 0x00, 0x00, 0x00,
  0x00, 0x00, 0x00, 0x00, 0x00, 0x00, 0x00, 0x00, 0x00, 0x00, 0x00, 0x00,
  0x00, 0x00, 0x00, 0x00, 0x00, 0x00, 0x00, 0x00, 0x00, 0x00, 0x00, 0x00,
  0x00, 0x00, 0x00, 0x00, 0x00, 0x00, 0x00, 0x00, 0x00, 0x00, 0x00, 0x00,
  0x00, 0x00, 0x00, 0x00, 0x00, 0x00, 0x00, 0x00, 0x00, 0x00, 0x00, 0x00,
  0x00, 0x00, 0x00, 0x00, 0x00, 0x00, 0x00, 0x00, 0x00, 0x00, 0x00, 0x00,
  0x00, 0x00, 0x00, 0x00, 0x00, 0x00, 0x00, 0x00, 0x00, 0x00, 0x00, 0x00,
  0x00, 0x00, 0x00, 0x00, 0x00, 0x00, 0x00, 0x00, 0x00, 0x00, 0x00, 0x00,
  0x00, 0x00, 0x00, 0x00, 0x00, 0x00, 0x00, 0x00, 0x00, 0x00, 0x00, 0x00,
  0x00, 0x00, 0x00, 0x00, 0x00, 0x00, 0x00, 0x00, 0x00, 0x00, 0x00, 0x00,
  0x00, 0x00, 0x00, 0x00, 0x00, 0x00, 0x00, 0x00, 0x00, 0x00, 0x00, 0x00,
  0x00, 0x00, 0x00, 0x00, 0x00, 0x00, 0x00, 0x00, 0x00, 0x00, 0x00, 0x00,
  0x00, 0x00, 0x00, 0x00, 0x00, 0x00, 0x00, 0x00, 0x00, 0x00, 0x00, 0x00,
  0x00, 0x00, 0x00, 0x00, 0x00, 0x00, 0x00, 0x00, 0x00, 0x00, 0x00, 0x00,
  0x00, 0x00, 0x00, 0x00, 0x00, 0x00, 0x00, 0x00, 0x00, 0x00, 0x00, 0x00,
  0x00, 0x00, 0x00, 0x00, 0x00, 0x00, 0x00, 0x00, 0x00, 0x00, 0x00, 0x00,
  0x00, 0x00, 0x00, 0x00, 0x00, 0x00, 0x00, 0x00, 0x00, 0x00, 0x00, 0x00,
  0x00, 0x00, 0x00, 0x00, 0x00, 0x00, 0x00, 0x00, 0x00, 0x00, 0x00, 0x00,
  0x00, 0x00, 0x00, 0x00, 0x00, 0x00, 0x00, 0x00, 0x00, 0x00, 0x00, 0x00,
  0x00, 0x00, 0x00, 0x00, 0x00, 0x00, 0x00, 0x00, 0x00, 0x00, 0x00, 0x00,
  0x00, 0x00, 0x00, 0x00, 0x00, 0x00, 0x00, 0x00, 0x00, 0x00, 0x00, 0x00,
  0x00, 0x00, 0x00, 0x00, 0x00, 0x00, 0x00, 0x00, 0x00, 0x00, 0x00, 0x00,
  0x00, 0x00, 0x00, 0x00, 0x00, 0x00, 0x00, 0x00, 0x00, 0x00, 0x00, 0x00,
  0x00, 0x00, 0x00, 0x00, 0x00, 0x00, 0x00, 0x00, 0x00, 0x00, 0x00, 0x00,
  0x00, 0x00, 0x00, 0x00, 0x00, 0x00, 0x00, 0x00, 0x00, 0x00, 0x00, 0x00,
  0x00, 0x00, 0x00, 0x00, 0x00, 0x00, 0x00, 0x00, 0x00, 0x00, 0x00, 0x00,
  0x00, 0x00, 0x00, 0x00, 0x00, 0x00, 0x00, 0x00, 0x00, 0x00, 0x00, 0x00,
  0x00, 0x00, 0x00, 0x00, 0x00, 0x00, 0x00, 0x00, 0x00, 0x00, 0x00, 0x00,
  0x00, 0x00, 0x00, 0x00, 0x00, 0x00, 0x00, 0x00, 0x00, 0x00, 0x00, 0x00,
  0x00, 0x00, 0x00, 0x00, 0x00, 0x00, 0x00, 0x00, 0x00, 0x00, 0x00, 0x00,
  0x00, 0x00, 0x00, 0x00, 0x00, 0x00, 0x00, 0x00, 0x00, 0x00, 0x00, 0x00,
  0x00, 0x00, 0x00, 0x00, 0x00, 0x00, 0x00, 0x00, 0x00, 0x00, 0x00, 0x00,
  0x00, 0x00, 0x00, 0x00, 0x00, 0x00, 0x00, 0x00, 0x00, 0x00, 0x00, 0x00,
  0x00, 0x00, 0x00, 0x00, 0x00, 0x00, 0x00, 0x00, 0x00, 0x00, 0x00, 0x00,
  0x00, 0x00, 0x00, 0x00, 0x00, 0x00, 0x00, 0x00, 0x00, 0x00, 0x00, 0x00,
  0x00, 0x00, 0x00, 0x00, 0x00, 0x00, 0x00, 0x00, 0x00, 0x00, 0x00, 0x00,
  0x00, 0x00, 0x00, 0x00, 0x00, 0x00, 0x00, 0x00, 0x00, 0x00, 0x00, 0x00,
  0x00, 0x00, 0x00, 0x00, 0x00, 0x00, 0x00, 0x00, 0x00, 0x00, 0x00, 0x00,
  0x00, 0x00, 0x00, 0x00, 0x00, 0x00, 0x00, 0x00, 0x00, 0x00, 0x00, 0x00,
  0x00, 0x00, 0x00, 0x00, 0x00, 0x00, 0x00, 0x00, 0x00, 0x00, 0x00, 0x00,
  0x00, 0x00, 0x00, 0x00, 0x00, 0x00, 0x00, 0x00, 0x00, 0x00, 0x00, 0x00,
  0x00, 0x00, 0x00, 0x00, 0x00, 0x00, 0x00, 0x00, 0x00, 0x00, 0x00, 0x00,
  0x00, 0x00, 0x00, 0x00, 0x00, 0x00, 0x00, 0x00, 0x00, 0x00, 0x00, 0x00,
  0x00, 0x00, 0x00, 0x00, 0x00, 0x00, 0x00, 0x00, 0x00, 0x00, 0x00, 0x00,
  0x00, 0x00, 0x00, 0x00, 0x00, 0x00, 0x00, 0x00, 0x00, 0x00, 0x00, 0x00,
  0x00, 0x00, 0x00, 0x00, 0x00, 0x00, 0x00, 0x00, 0x00, 0x00, 0x00, 0x00,
  0x00, 0x00, 0x00, 0x00, 0x00, 0x00, 0x00, 0x00, 0x00, 0x00, 0x00, 0x00,
  0x00, 0x00, 0x00, 0x00, 0x00, 0x00, 0x00, 0x00, 0x00, 0x00, 0x00, 0x00,
  0x00, 0x00, 0x00, 0x00, 0x00, 0x00, 0x00, 0x00, 0x00, 0x00, 0x00, 0x00,
  0x00, 0x00, 0x00, 0x00, 0x00, 0x00, 0x00, 0x00, 0x00, 0x00, 0x00, 0x00,
  0x00, 0x00, 0x00, 0x00, 0x00, 0x00, 0x00, 0x00, 0x00, 0x00, 0x00, 0x00,
  0x00, 0x00, 0x00, 0x00, 0x00, 0x00, 0x00, 0x00, 0x00, 0x00, 0x00, 0x00,
  0x00, 0x00, 0x00, 0x00, 0x00, 0x00, 0x00, 0x00, 0x00, 0x00, 0x00, 0x00,
  0x00, 0x00, 0x00, 0x00, 0x00, 0x00, 0x00, 0x00, 0x00, 0x00, 0x00, 0x00,
  0x00, 0x00, 0x00, 0x00, 0x00, 0x00, 0x00, 0x00, 0x00, 0x00, 0x00, 0x00,
  0x00, 0x00, 0x00, 0x00, 0x00, 0x00, 0x00, 0x00, 0x00, 0x00, 0x00, 0x00,
  0x00, 0x00, 0x00, 0x00, 0x00, 0x00, 0x00, 0x00, 0x00, 0x00, 0x00, 0x00,
  0x00, 0x00, 0x00, 0x00, 0x00, 0x00, 0x00, 0x00, 0x00, 0x00, 0x00, 0x00,
  0x00, 0x00, 0x00, 0x00, 0x00, 0x00, 0x00, 0x00, 0x00, 0x00, 0x00, 0x00,
  0x00, 0x00, 0x00, 0x00, 0x00, 0x00, 0x00, 0x00, 0x00, 0x00, 0x00, 0x00,
  0x00, 0x00, 0x00, 0x00, 0x00, 0x00, 0x00, 0x00, 0x00, 0x00, 0x00, 0x00,
  0x00, 0x00, 0x00, 0x00, 0x00, 0x00, 0x00, 0x00, 0x00, 0x00, 0x00, 0x00,
  0x00, 0x00, 0x00, 0x00, 0x00, 0x00, 0x00, 0x00, 0x00, 0x00, 0x00, 0x00,
  0x00, 0x00, 0x00, 0x00, 0x00, 0x00, 0x00, 0x00, 0x00, 0x00, 0x00, 0x00,
  0x00, 0x00, 0x00, 0x00, 0x00, 0x00, 0x00, 0x00, 0x00, 0x00, 0x00, 0x00,
  0x00, 0x00, 0x00, 0x00, 0x00, 0x00, 0x00, 0x00, 0x00, 0x00, 0x00, 0x00,
  0x00, 0x00, 0x00, 0x00, 0x00, 0x00, 0x00, 0x00, 0x00, 0x00, 0x00, 0x00,
  0x00, 0x00, 0x00, 0x00, 0x73, 0x63, 0x65, 0x4b, 0x65, 0x72, 0x6e, 0x65,
  0x6c, 0x4c, 0x6f, 0x61, 0x64, 0x53, 0x74, 0x61, 0x72, 0x74, 0x4d, 0x6f,
  0x64, 0x75, 0x6c, 0x65, 0x00, 0x67, 0x65, 0x74, 0x70, 0x69, 0x64, 0x00,
  0x00, 0x00, 0x00, 0x00, 0x00, 0x00, 0xf0, 0x3f, 0x73, 0x63, 0x65, 0x4b,
  0x65, 0x72, 0x6e, 0x65, 0x6c, 0x53, 0x65, 0x6e, 0x64, 0x4e, 0x6f, 0x74,
  0x69, 0x66, 0x69, 0x63, 0x61, 0x74, 0x69, 0x6f, 0x6e, 0x52, 0x65, 0x71,
  0x75, 0x65, 0x73, 0x74, 0x00, 0x75, 0x73, 0x6c, 0x65, 0x65, 0x70, 0x00,
  0x70, 0x72, 0x69, 0x6e, 0x74, 0x66, 0x00, 0x00, 0x79, 0x6f, 0x75, 0x72,
  0x20, 0x66, 0x69, 0x72, 0x6d, 0x77, 0x61, 0x72, 0x65, 0x20, 0x69, 0x73,
  0x20, 0x6e, 0x6f, 0x74, 0x20, 0x73, 0x75, 0x70, 0x70, 0x6f, 0x72, 0x74,
  0x65, 0x64, 0x20, 0x28, 0x70, 0x72, 0x6f, 0x73, 0x70, 0x65, 0x72, 0x30,
  0x67, 0x64, 0x62, 0x29, 0x00, 0x61, 0x66, 0x74, 0x65, 0x72, 0x20, 0x72,
  0x30, 0x67, 0x64, 0x62, 0x5f, 0x69, 0x6e, 0x69, 0x74, 0x0a, 0x00, 0x70,
  0x5f, 0x6b, 0x65, 0x6b, 0x63, 0x61, 0x6c, 0x6c, 0x20, 0x3d, 0x20, 0x28,
  0x76, 0x6f, 0x69, 0x64, 0x2a, 0x29, 0x70, 0x5f, 0x73, 0x79, 0x73, 0x63,
  0x61, 0x6c, 0x6c, 0x00, 0x70, 0x73, 0x35, 0x2d, 0x6b, 0x73, 0x74, 0x75,
  0x66, 0x66, 0x20, 0x69, 0x73, 0x20, 0x61, 0x6c, 0x72, 0x65, 0x61, 0x64,
  0x79, 0x20, 0x6c, 0x6f, 0x61, 0x64, 0x65, 0x64, 0x00, 0x61, 0x66, 0x74,
  0x65, 0x72, 0x20, 0x61, 0x6c, 0x72, 0x65, 0x61, 0x64, 0x79, 0x20, 0x6c,
  0x6f, 0x61, 0x64, 0x65, 0x64, 0x20, 0x63, 0x68, 0x65, 0x63, 0x6b, 0x0a,
  0x00, 0x00, 0x00, 0x00, 0x79, 0x6f, 0x75, 0x72, 0x20, 0x66, 0x69, 0x72,
  0x6d, 0x77, 0x61, 0x72, 0x65, 0x20, 0x69, 0x73, 0x20, 0x6e, 0x6f, 0x74,
  0x20, 0x73, 0x75, 0x70, 0x70, 0x6f, 0x72, 0x74, 0x65, 0x64, 0x20, 0x28,
  0x70, 0x73, 0x35, 0x2d, 0x6b, 0x73, 0x74, 0x75, 0x66, 0x66, 0x29, 0x00,
  0x61, 0x66, 0x74, 0x65, 0x72, 0x20, 0x76, 0x61, 0x72, 0x69, 0x6f, 0x75,
  0x73, 0x20, 0x63, 0x6f, 0x70, 0x79, 0x6f, 0x75, 0x74, 0x73, 0x0a, 0x00,
  0x62, 0x65, 0x66, 0x6f, 0x72, 0x65, 0x20, 0x72, 0x30, 0x67, 0x64, 0x62,
  0x5f, 0x6b, 0x6d, 0x61, 0x6c, 0x6c, 0x6f, 0x63, 0x0a, 0x00, 0x61, 0x66,
  0x74, 0x65, 0x72, 0x20, 0x72, 0x30, 0x67, 0x64, 0x62, 0x5f, 0x6b, 0x6d,
  0x61, 0x6c, 0x6c, 0x6f, 0x63, 0x0a, 0x00, 0x69, 0x64, 0x6b, 0x31, 0x20,
  0x70, 0x61, 0x72, 0x74, 0x20, 0x31, 0x0a, 0x00, 0x69, 0x64, 0x6b, 0x31,
  0x20, 0x70, 0x61, 0x72, 0x74, 0x20, 0x32, 0x0a, 0x00, 0x63, 0x6f, 0x6d,
  0x70, 0x61, 0x72, 0x69, 0x73, 0x6f, 0x6e, 0x5f, 0x74, 0x61, 0x62, 0x6c,
  0x65, 0x00, 0x64, 0x6d, 0x65, 0x6d, 0x00, 0x70, 0x61, 0x72, 0x61, 0x73,
  0x69, 0x74, 0x65, 0x73, 0x00, 0x70, 0x61, 0x72, 0x61, 0x73, 0x69, 0x74,
  0x65, 0x73, 0x5f, 0x6b, 0x6d, 0x65, 0x6d, 0x00, 0x69, 0x6e, 0x74, 0x31,
  0x5f, 0x68, 0x61, 0x6e, 0x64, 0x6c, 0x65, 0x72, 0x00, 0x69, 0x6e, 0x74,
  0x31, 0x33, 0x5f, 0x68, 0x61, 0x6e, 0x64, 0x6c, 0x65, 0x72, 0x00, 0x2e,
  0x69, 0x73, 0x74, 0x5f, 0x65, 0x72, 0x72, 0x63, 0x00, 0x2e, 0x69, 0x73,
  0x74, 0x5f, 0x6e, 0x6f, 0x65, 0x72, 0x72, 0x63, 0x00, 0x2e, 0x69, 0x73,
  0x74, 0x34, 0x00, 0x2e, 0x70, 0x63, 0x70, 0x75, 0x00, 0x73, 0x68, 0x61,
  0x72, 0x65, 0x64, 0x5f, 0x61, 0x72, 0x65, 0x61, 0x00, 0x75, 0x65, 0x6c,
  0x66, 0x5f, 0x6c, 0x6f, 0x67, 0x5f, 0x62, 0x75, 0x66, 0x66, 0x65, 0x72,
  0x5f, 0x6b, 0x70, 0x74, 0x72, 0x00, 0x75, 0x65, 0x6c, 0x66, 0x5f, 0x6c,
  0x6f, 0x67, 0x5f, 0x62, 0x75, 0x66, 0x66, 0x65, 0x72, 0x5f, 0x73, 0x69,
  0x7a, 0x65, 0x00, 0x75, 0x65, 0x6c, 0x66, 0x5f, 0x6c, 0x6f, 0x67, 0x5f,
  0x62, 0x75, 0x66, 0x66, 0x65, 0x72, 0x5f, 0x70, 0x6f, 0x73, 0x5f, 0x6b,
  0x70, 0x74, 0x72, 0x00, 0x2e, 0x74, 0x73, 0x73, 0x00, 0x2e, 0x75, 0x65,
  0x6c, 0x66, 0x5f, 0x63, 0x72, 0x33, 0x00, 0x2e, 0x75, 0x65, 0x6c, 0x66,
  0x5f, 0x65, 0x6e, 0x74, 0x72, 0x79, 0x00, 0x2e, 0x66, 0x77, 0x76, 0x65,
  0x72, 0x00, 0x61, 0x6c, 0x6c, 0x70, 0x72, 0x6f, 0x63, 0x00, 0x69, 0x64,
  0x74, 0x00, 0x67, 0x64, 0x74, 0x5f, 0x61, 0x72, 0x72, 0x61, 0x79, 0x00,
  0x74, 0x73, 0x73, 0x5f, 0x61, 0x72, 0x72, 0x61, 0x79, 0x00, 0x70, 0x63,
  0x70, 0x75, 0x5f, 0x61, 0x72, 0x72, 0x61, 0x79, 0x00, 0x64, 0x6f, 0x72,
  0x65, 0x74, 0x69, 0x5f, 0x69, 0x72, 0x65, 0x74, 0x00, 0x61, 0x64, 0x64,
  0x5f, 0x72, 0x73, 0x70, 0x5f, 0x69, 0x72, 0x65, 0x74, 0x00, 0x73, 0x77,
  0x61, 0x70, 0x67, 0x73, 0x5f, 0x61, 0x64, 0x64, 0x5f, 0x72, 0x73, 0x70,
  0x5f, 0x69, 0x72, 0x65, 0x74, 0x00, 0x72, 0x65, 0x70, 0x5f, 0x6d, 0x6f,
  0x76, 0x73, 0x62, 0x5f, 0x70, 0x6f, 0x70, 0x5f, 0x72, 0x62, 0x70, 0x5f,
  0x72, 0x65, 0x74, 0x00, 0x72, 0x64, 0x6d, 0x73, 0x72, 0x5f, 0x73, 0x74,
  0x61, 0x72, 0x74, 0x00, 0x77, 0x72, 0x6d, 0x73, 0x72, 0x5f, 0x72, 0x65,
  0x74, 0x00, 0x64, 0x72, 0x32, 0x67, 0x70, 0x72, 0x5f, 0x73, 0x74, 0x61,
  0x72, 0x74, 0x00, 0x67, 0x70, 0x72, 0x32, 0x64, 0x72, 0x5f, 0x31, 0x5f,
  0x73, 0x74, 0x61, 0x72, 0x74, 0x00, 0x67, 0x70, 0x72, 0x32, 0x64, 0x72,
  0x5f, 0x32, 0x5f, 0x73, 0x74, 0x61, 0x72, 0x74, 0x00, 0x6d, 0x6f, 0x76,
  0x5f, 0x63, 0x72, 0x33, 0x5f, 0x72, 0x61, 0x78, 0x00, 0x6d, 0x6f, 0x76,
  0x5f, 0x72, 0x64, 0x69, 0x5f, 0x63, 0x72, 0x33, 0x00, 0x6e, 0x6f, 0x70,
  0x5f, 0x72, 0x65, 0x74, 0x00, 0x63, 0x70, 0x75, 0x5f, 0x73, 0x77, 0x69,
  0x74, 0x63, 0x68, 0x00, 0x6d, 0x70, 0x72, 0x6f, 0x74, 0x65, 0x63, 0x74,
  0x5f, 0x66, 0x69, 0x78, 0x5f, 0x73, 0x74, 0x61, 0x72, 0x74, 0x00, 0x6d,
  0x70, 0x72, 0x6f, 0x74, 0x65, 0x63, 0x74, 0x5f, 0x66, 0x69, 0x78, 0x5f,
  0x65, 0x6e, 0x64, 0x00, 0x6d, 0x6d, 0x61, 0x70, 0x5f, 0x73, 0x65, 0x6c,
  0x66, 0x5f, 0x66, 0x69, 0x78, 0x5f, 0x31, 0x5f, 0x73, 0x74, 0x61, 0x72,
  0x74, 0x00, 0x6d, 0x6d, 0x61, 0x70, 0x5f, 0x73, 0x65, 0x6c, 0x66, 0x5f,
  0x66, 0x69, 0x78, 0x5f, 0x31, 0x5f, 0x65, 0x6e, 0x64, 0x00, 0x6d, 0x6d,
  0x61, 0x70, 0x5f, 0x73, 0x65, 0x6c, 0x66, 0x5f, 0x66, 0x69, 0x78, 0x5f,
  0x32, 0x5f, 0x73, 0x74, 0x61, 0x72, 0x74, 0x00, 0x6d, 0x6d, 0x61, 0x70,
  0x5f, 0x73, 0x65, 0x6c, 0x66, 0x5f, 0x66, 0x69, 0x78, 0x5f, 0x32, 0x5f,
  0x65, 0x6e, 0x64, 0x00, 0x73, 0x69, 0x67, 0x61, 0x63, 0x74, 0x69, 0x6f,
  0x6e, 0x5f, 0x66, 0x69, 0x78, 0x5f, 0x73, 0x74, 0x61, 0x72, 0x74, 0x00,
  0x73, 0x69, 0x67, 0x61, 0x63, 0x74, 0x69, 0x6f, 0x6e, 0x5f, 0x66, 0x69,
  0x78, 0x5f, 0x65, 0x6e, 0x64, 0x00, 0x6d, 0x64, 0x62, 0x67, 0x5f, 0x63,
  0x61, 0x6c, 0x6c, 0x5f, 0x66, 0x69, 0x78, 0x00, 0x73, 0x79, 0x73, 0x65,
  0x6e, 0x74, 0x73, 0x00, 0x73, 0x79, 0x73, 0x65, 0x6e, 0x74, 0x73, 0x5f,
  0x70, 0x73, 0x34, 0x00, 0x73, 0x79, 0x73, 0x65, 0x6e, 0x74, 0x76, 0x65,
  0x63, 0x00, 0x73, 0x79, 0x73, 0x65, 0x6e, 0x74, 0x76, 0x65, 0x63, 0x5f,
  0x70, 0x73, 0x34, 0x00, 0x73, 0x63, 0x65, 0x53, 0x62, 0x6c, 0x53, 0x65,
  0x72, 0x76, 0x69, 0x63, 0x65, 0x4d, 0x61, 0x69, 0x6c, 0x62, 0x6f, 0x78,
  0x00, 0x73, 0x63, 0x65, 0x53, 0x62, 0x6c, 0x41, 0x75, 0x74, 0x68, 0x4d,
  0x67, 0x72, 0x53, 0x6d, 0x49, 0x73, 0x4c, 0x6f, 0x61, 0x64, 0x61, 0x62,
  0x6c, 0x65, 0x32, 0x00, 0x73, 0x79, 0x73, 0x63, 0x61, 0x6c, 0x6c, 0x5f,
  0x62, 0x65, 0x66, 0x6f, 0x72, 0x65, 0x00, 0x73, 0x79, 0x73, 0x63, 0x61,
  0x6c, 0x6c, 0x5f, 0x61, 0x66, 0x74, 0x65, 0x72, 0x00, 0x6d, 0x61, 0x6c,
  0x6c, 0x6f, 0x63, 0x00, 0x4d, 0x5f, 0x73, 0x6f, 0x6d, 0x65, 0x74, 0x68,
  0x69, 0x6e, 0x67, 0x00, 0x6c, 0x6f, 0x61, 0x64, 0x53, 0x65, 0x6c, 0x66,
  0x53, 0x65, 0x67, 0x6d, 0x65, 0x6e, 0x74, 0x5f, 0x65, 0x70, 0x69, 0x6c,
  0x6f, 0x67, 0x75, 0x65, 0x00, 0x6c, 0x6f, 0x61, 0x64, 0x53, 0x65, 0x6c,
  0x66, 0x53, 0x65, 0x67, 0x6d, 0x65, 0x6e, 0x74, 0x5f, 0x77, 0x61, 0x74,
  0x63, 0x68, 0x70, 0x6f, 0x69, 0x6e, 0x74, 0x00, 0x6c, 0x6f, 0x61, 0x64,
  0x53, 0x65, 0x6c, 0x66, 0x53, 0x65, 0x67, 0x6d, 0x65, 0x6e, 0x74, 0x5f,
  0x77, 0x61, 0x74, 0x63, 0x68, 0x70, 0x6f, 0x69, 0x6e, 0x74, 0x5f, 0x6c,
  0x72, 0x00, 0x00, 0x00, 0x00, 0x00, 0x00, 0x00, 0x64, 0x65, 0x63, 0x72,
  0x79, 0x70, 0x74, 0x53, 0x65, 0x6c, 0x66, 0x42, 0x6c, 0x6f, 0x63, 0x6b,
  0x5f, 0x77, 0x61, 0x74, 0x63, 0x68, 0x70, 0x6f, 0x69, 0x6e, 0x74, 0x5f,
  0x6c, 0x72, 0x00, 0x64, 0x65, 0x63, 0x72, 0x79, 0x70, 0x74, 0x53, 0x65,
  0x6c, 0x66, 0x42, 0x6c, 0x6f, 0x63, 0x6b, 0x5f, 0x65, 0x70, 0x69, 0x6c,
  0x6f, 0x67, 0x75, 0x65, 0x00, 0x00, 0x00, 0x00, 0x00, 0x00, 0x00, 0x00,
  0x64, 0x65, 0x63, 0x72, 0x79, 0x70, 0x74, 0x4d, 0x75, 0x6c, 0x74, 0x69,
  0x70, 0x6c, 0x65, 0x53, 0x65, 0x6c, 0x66, 0x42, 0x6c, 0x6f, 0x63, 0x6b,
  0x73, 0x5f, 0x65, 0x70, 0x69, 0x6c, 0x6f, 0x67, 0x75, 0x65, 0x00, 0x00,
  0x00, 0x00, 0x00, 0x00, 0x64, 0x65, 0x63, 0x72, 0x79, 0x70, 0x74, 0x4d,
  0x75, 0x6c, 0x74, 0x69, 0x70, 0x6c, 0x65, 0x53, 0x65, 0x6c, 0x66, 0x42,
  0x6c, 0x6f, 0x63, 0x6b, 0x73, 0x5f, 0x77, 0x61, 0x74, 0x63, 0x68, 0x70,
  0x6f, 0x69, 0x6e, 0x74, 0x5f, 0x6c, 0x72, 0x00, 0x73, 0x63, 0x65, 0x53,
  0x62, 0x6c, 0x53, 0x65, 0x72, 0x76, 0x69, 0x63, 0x65, 0x4d, 0x61, 0x69,
  0x6c, 0x62, 0x6f, 0x78, 0x5f, 0x6c, 0x72, 0x5f, 0x76, 0x65, 0x72, 0x69,
  0x66, 0x79, 0x48, 0x65, 0x61, 0x64, 0x65, 0x72, 0x00, 0x00, 0x00, 0x00,
  0x73, 0x63, 0x65, 0x53, 0x62, 0x6c, 0x53, 0x65, 0x72, 0x76, 0x69, 0x63,
  0x65, 0x4d, 0x61, 0x69, 0x6c, 0x62, 0x6f, 0x78, 0x5f, 0x6c, 0x72, 0x5f,
  0x6c, 0x6f, 0x61, 0x64, 0x53, 0x65, 0x6c, 0x66, 0x53, 0x65, 0x67, 0x6d,
  0x65, 0x6e, 0x74, 0x00, 0x73, 0x63, 0x65, 0x53, 0x62, 0x6c, 0x53, 0x65,
  0x72, 0x76, 0x69, 0x63, 0x65, 0x4d, 0x61, 0x69, 0x6c, 0x62, 0x6f, 0x78,
  0x5f, 0x6c, 0x72, 0x5f, 0x64, 0x65, 0x63, 0x72, 0x79, 0x70, 0x74, 0x53,
  0x65, 0x6c, 0x66, 0x42, 0x6c, 0x6f, 0x63, 0x6b, 0x00, 0x00, 0x00, 0x00,
  0x00, 0x00, 0x00, 0x00, 0x73, 0x63, 0x65, 0x53, 0x62, 0x6c, 0x53, 0x65,
  0x72, 0x76, 0x69, 0x63, 0x65, 0x4d, 0x61, 0x69, 0x6c, 0x62, 0x6f, 0x78,
  0x5f, 0x6c, 0x72, 0x5f, 0x64, 0x65, 0x63, 0x72, 0x79, 0x70, 0x74, 0x4d,
  0x75, 0x6c, 0x74, 0x69, 0x70, 0x6c, 0x65, 0x53, 0x65, 0x6c, 0x66, 0x42,
  0x6c, 0x6f, 0x63, 0x6b, 0x73, 0x00, 0x00, 0x00, 0x00, 0x00, 0x00, 0x00,
  0x73, 0x63, 0x65, 0x53, 0x62, 0x6c, 0x53, 0x65, 0x72, 0x76, 0x69, 0x63,
  0x65, 0x4d, 0x61, 0x69, 0x6c, 0x62, 0x6f, 0x78, 0x5f, 0x6c, 0x72, 0x5f,
  0x73, 0x63, 0x65, 0x53, 0x62, 0x6c, 0x41, 0x75, 0x74, 0x68, 0x4d, 0x67,
  0x72, 0x53, 0x6d, 0x46, 0x69, 0x6e, 0x61, 0x6c, 0x69, 0x7a, 0x65, 0x00,
  0x73, 0x63, 0x65, 0x53, 0x62, 0x6c, 0x53, 0x65, 0x72, 0x76, 0x69, 0x63,
  0x65, 0x4d, 0x61, 0x69, 0x6c, 0x62, 0x6f, 0x78, 0x5f, 0x6c, 0x72, 0x5f,
  0x76, 0x65, 0x72, 0x69, 0x66, 0x79, 0x53, 0x75, 0x70, 0x65, 0x72, 0x42,
  0x6c, 0x6f, 0x63, 0x6b, 0x00, 0x00, 0x00, 0x00, 0x00, 0x00, 0x00, 0x00,
  0x73, 0x63, 0x65, 0x53, 0x62, 0x6c, 0x53, 0x65, 0x72, 0x76, 0x69, 0x63,
  0x65, 0x4d, 0x61, 0x69, 0x6c, 0x62, 0x6f, 0x78, 0x5f, 0x6c, 0x72, 0x5f,
  0x73, 0x63, 0x65, 0x53, 0x62, 0x6c, 0x50, 0x66, 0x73, 0x43, 0x6c, 0x65,
  0x61, 0x72, 0x4b, 0x65, 0x79, 0x5f, 0x31, 0x00, 0x00, 0x00, 0x00, 0x00,
  0x73, 0x63, 0x65, 0x53, 0x62, 0x6c, 0x53, 0x65, 0x72, 0x76, 0x69, 0x63,
  0x65, 0x4d, 0x61, 0x69, 0x6c, 0x62, 0x6f, 0x78, 0x5f, 0x6c, 0x72, 0x5f,
  0x73, 0x63, 0x65, 0x53, 0x62, 0x6c, 0x50, 0x66, 0x73, 0x43, 0x6c, 0x65,
  0x61, 0x72, 0x4b, 0x65, 0x79, 0x5f, 0x32, 0x00, 0x73, 0x63, 0x65, 0x53,
  0x62, 0x6c, 0x50, 0x66, 0x73, 0x53, 0x65, 0x74, 0x4b, 0x65, 0x79, 0x73,
  0x00, 0x73, 0x63, 0x65, 0x53, 0x62, 0x6c, 0x53, 0x65, 0x72, 0x76, 0x69,
  0x63, 0x65, 0x43, 0x72, 0x79, 0x70, 0x74, 0x41, 0x73, 0x79, 0x6e, 0x63,
  0x00, 0x00, 0x00, 0x00, 0x73, 0x63, 0x65, 0x53, 0x62, 0x6c, 0x53, 0x65,
  0x72, 0x76, 0x69, 0x63, 0x65, 0x43, 0x72, 0x79, 0x70, 0x74, 0x41, 0x73,
  0x79, 0x6e, 0x63, 0x5f, 0x64, 0x65, 0x72, 0x65, 0x66, 0x5f, 0x73, 0x69,
  0x6e, 0x67, 0x6c, 0x65, 0x74, 0x6f, 0x6e, 0x00, 0x63, 0x6f, 0x70, 0x79,
  0x69, 0x6e, 0x00, 0x63, 0x6f, 0x70, 0x79, 0x6f, 0x75, 0x74, 0x00, 0x63,
  0x72, 0x79, 0x70, 0x74, 0x5f, 0x6d, 0x65, 0x73, 0x73, 0x61, 0x67, 0x65,
  0x5f, 0x72, 0x65, 0x73, 0x6f, 0x6c, 0x76, 0x65, 0x00, 0x6a, 0x75, 0x73,
  0x74, 0x72, 0x65, 0x74, 0x75, 0x72, 0x6e, 0x00, 0x6a, 0x75, 0x73, 0x74,
  0x72, 0x65, 0x74, 0x75, 0x72, 0x6e, 0x5f, 0x70, 0x6f, 0x70, 0x00, 0x6d,
  0x69, 0x6e, 0x69, 0x5f, 0x73, 0x79, 0x73, 0x63, 0x6f, 0x72, 0x65, 0x5f,
  0x68, 0x65, 0x61, 0x64, 0x65, 0x72, 0x00, 0x70, 0x6f, 0x70, 0x5f, 0x61,
  0x6c, 0x6c, 0x5f, 0x69, 0x72, 0x65, 0x74, 0x00, 0x70, 0x6f, 0x70, 0x5f,
  0x61, 0x6c, 0x6c, 0x5f, 0x65, 0x78, 0x63, 0x65, 0x70, 0x74, 0x5f, 0x72,
  0x64, 0x69, 0x5f, 0x69, 0x72, 0x65, 0x74, 0x00, 0x70, 0x75, 0x73, 0x68,
  0x5f, 0x70, 0x6f, 0x70, 0x5f, 0x61, 0x6c, 0x6c, 0x5f, 0x69, 0x72, 0x65,
  0x74, 0x00, 0x6b, 0x65, 0x72, 0x6e, 0x65, 0x6c, 0x5f, 0x70, 0x6d, 0x61,
  0x70, 0x5f, 0x73, 0x74, 0x6f, 0x72, 0x65, 0x00, 0x63, 0x72, 0x79, 0x70,
  0x74, 0x5f, 0x73, 0x69, 0x6e, 0x67, 0x6c, 0x65, 0x74, 0x6f, 0x6e, 0x5f,
  0x61, 0x72, 0x72, 0x61, 0x79, 0x00, 0x73, 0x65, 0x63, 0x75, 0x72, 0x69,
  0x74, 0x79, 0x5f, 0x66, 0x6c, 0x61, 0x67, 0x73, 0x00, 0x74, 0x61, 0x72,
  0x67, 0x65, 0x74, 0x69, 0x64, 0x00, 0x71, 0x61, 0x5f, 0x66, 0x6c, 0x61,
  0x67, 0x73, 0x00, 0x75, 0x74, 0x6f, 0x6b, 0x65, 0x6e, 0x00, 0x61, 0x73,
  0x6c, 0x72, 0x5f, 0x66, 0x69, 0x78, 0x5f, 0x73, 0x74, 0x61, 0x72, 0x74,
  0x00, 0x61, 0x73, 0x6c, 0x72, 0x5f, 0x66, 0x69, 0x78, 0x5f, 0x65, 0x6e,
  0x64, 0x00, 0x6b, 0x6d, 0x65, 0x6d, 0x5f, 0x61, 0x6c, 0x6c, 0x6f, 0x63,
  0x00, 0x6b, 0x65, 0x72, 0x6e, 0x65, 0x6c, 0x5f, 0x76, 0x6d, 0x6d, 0x61,
  0x70, 0x00, 0x6b, 0x70, 0x72, 0x6f, 0x63, 0x5f, 0x63, 0x72, 0x65, 0x61,
  0x74, 0x65, 0x00, 0x6b, 0x6d, 0x65, 0x6d, 0x5f, 0x61, 0x6c, 0x6c, 0x6f,
  0x63, 0x5f, 0x72, 0x77, 0x78, 0x5f, 0x66, 0x69, 0x78, 0x00, 0x6d, 0x61,
  0x6c, 0x6c, 0x6f, 0x63, 0x5f, 0x61, 0x72, 0x65, 0x6e, 0x61, 0x5f, 0x66,
  0x69, 0x78, 0x5f, 0x73, 0x74, 0x61, 0x72, 0x74, 0x00, 0x6d, 0x61, 0x6c,
  0x6c, 0x6f, 0x63, 0x5f, 0x61, 0x72, 0x65, 0x6e, 0x61, 0x5f, 0x66, 0x69,
  0x78, 0x5f, 0x65, 0x6e, 0x64, 0x00, 0x69, 0x64, 0x6b, 0x31, 0x20, 0x70,
  0x61, 0x72, 0x74, 0x20, 0x33, 0x0a, 0x00, 0x69, 0x64, 0x6b, 0x31, 0x20,
  0x70, 0x61, 0x72, 0x74, 0x20, 0x34, 0x0a, 0x00, 0x69, 0x64, 0x6b, 0x31,
  0x20, 0x70, 0x61, 0x72, 0x74, 0x20, 0x35, 0x0a, 0x00, 0x6c, 0x6f, 0x61,
  0x64, 0x69, 0x6e, 0x67, 0x20, 0x6b, 0x65, 0x6c, 0x66, 0x20, 0x6f, 0x6e,
  0x20, 0x63, 0x70, 0x75, 0x20, 0x25, 0x64, 0x2e, 0x2e, 0x2e, 0x0a, 0x00,
  0x64, 0x6f, 0x6e, 0x65, 0x20, 0x6c, 0x6f, 0x61, 0x64, 0x69, 0x6e, 0x67,
  0x20, 0x6b, 0x65, 0x6c, 0x66, 0x0a, 0x00, 0x62, 0x65, 0x66, 0x6f, 0x72,
  0x65, 0x20, 0x70, 0x61, 0x74, 0x63, 0x68, 0x69, 0x6e, 0x67, 0x20, 0x69,
  0x64, 0x74, 0x0a, 0x00, 0x03, 0x00, 0x07, 0x00, 0x61, 0x66, 0x74, 0x65,
  0x72, 0x20, 0x70, 0x61, 0x74, 0x63, 0x68, 0x69, 0x6e, 0x67, 0x20, 0x69,
  0x64, 0x74, 0x0a, 0x00, 0x62, 0x65, 0x66, 0x6f, 0x72, 0x65, 0x20, 0x70,
  0x61, 0x74, 0x63, 0x68, 0x69, 0x6e, 0x67, 0x20, 0x6b, 0x64, 0x61, 0x74,
  0x61, 0x0a, 0x00, 0x00, 0x00, 0x00, 0x00, 0x00, 0x77, 0x61, 0x69, 0x74,
  0x69, 0x6e, 0x67, 0x20, 0x35, 0x73, 0x20, 0x74, 0x6f, 0x20, 0x6d, 0x61,
  0x6b, 0x65, 0x20, 0x73, 0x75, 0x72, 0x65, 0x20, 0x74, 0x68, 0x65, 0x20,
  0x66, 0x72, 0x65, 0x65, 0x7a, 0x69, 0x6e, 0x67, 0x20, 0x69, 0x73, 0x20,
  0x6e, 0x6f, 0x74, 0x20, 0x63, 0x61, 0x75, 0x73, 0x65, 0x64, 0x20, 0x62,
  0x79, 0x20, 0x61, 0x6e, 0x20, 0x65, 0x61, 0x72, 0x6c, 0x69, 0x65, 0x72,
  0x20, 0x70, 0x61, 0x74, 0x63, 0x68, 0x20, 0x77, 0x69, 0x74, 0x68, 0x20,
  0x61, 0x20, 0x64, 0x65, 0x6c, 0x61, 0x79, 0x0a, 0x00, 0x00, 0x00, 0x00,
  0x62, 0x65, 0x66, 0x6f, 0x72, 0x65, 0x20, 0x6f, 0x66, 0x66, 0x73, 0x65,
  0x74, 0x73, 0x2e, 0x73, 0x65, 0x63, 0x75, 0x72, 0x69, 0x74, 0x79, 0x5f,
  0x66, 0x6c, 0x61, 0x67, 0x73, 0x20, 0x63, 0x6f, 0x70, 0x79, 0x6f, 0x75,
  0x74, 0x0a, 0x00, 0x00, 0x62, 0x65, 0x66, 0x6f, 0x72, 0x65, 0x20, 0x6f,
  0x66, 0x66, 0x73, 0x65, 0x74, 0x73, 0x2e, 0x73, 0x65, 0x63, 0x75, 0x72,
  0x69, 0x74, 0x79, 0x5f, 0x66, 0x6c, 0x61, 0x67, 0x73, 0x20, 0x63, 0x6f,
  0x70, 0x79, 0x69, 0x6e, 0x0a, 0x00, 0x00, 0x00, 0x62, 0x65, 0x66, 0x6f,
  0x72, 0x65, 0x20, 0x70, 0x61, 0x74, 0x63, 0x68, 0x69, 0x6e, 0x67, 0x20,
  0x6f, 0x66, 0x66, 0x73, 0x65, 0x74, 0x73, 0x2e, 0x73, 0x79, 0x73, 0x65,
  0x6e, 0x74, 0x76, 0x65, 0x63, 0x20, 0x2b, 0x20, 0x31, 0x34, 0x20, 0x28,
  0x25, 0x23, 0x30, 0x32, 0x6c, 0x78, 0x29, 0x0a, 0x00, 0x00, 0x00, 0x00,
  0x00, 0x00, 0x00, 0x00, 0x62, 0x65, 0x66, 0x6f, 0x72, 0x65, 0x20, 0x6f,
  0x66, 0x66, 0x73, 0x65, 0x74, 0x73, 0x2e, 0x74, 0x61, 0x72, 0x67, 0x65,
  0x74, 0x69, 0x64, 0x20, 0x63, 0x6f, 0x70, 0x79, 0x69, 0x6e, 0x0a, 0x00,
  0x82, 0x00, 0x00, 0x00, 0x00, 0x00, 0x00, 0x00, 0x62, 0x65, 0x66, 0x6f,
  0x72, 0x65, 0x20, 0x6f, 0x66, 0x66, 0x73, 0x65, 0x74, 0x73, 0x2e, 0x71,
  0x61, 0x5f, 0x66, 0x6c, 0x61, 0x67, 0x73, 0x20, 0x63, 0x6f, 0x70, 0x79,
  0x6f, 0x75, 0x74, 0x0a, 0x00, 0x62, 0x65, 0x66, 0x6f, 0x72, 0x65, 0x20,
  0x6f, 0x66, 0x66, 0x73, 0x65, 0x74, 0x73, 0x2e, 0x75, 0x74, 0x6f, 0x6b,
  0x65, 0x6e, 0x20, 0x63, 0x6f, 0x70, 0x79, 0x69, 0x6e, 0x0a, 0x00, 0x00,
  0x62, 0x65, 0x66, 0x6f, 0x72, 0x65, 0x20, 0x6f, 0x66, 0x66, 0x73, 0x65,
  0x74, 0x73, 0x2e, 0x75, 0x74, 0x6f, 0x6b, 0x65, 0x6e, 0x20, 0x63, 0x6f,
  0x70, 0x79, 0x6f, 0x75, 0x74, 0x0a, 0x00, 0x61, 0x66, 0x74, 0x65, 0x72,
  0x20, 0x70, 0x61, 0x74, 0x63, 0x68, 0x69, 0x6e, 0x67, 0x20, 0x6b, 0x64,
  0x61, 0x74, 0x61, 0x0a, 0x00, 0x8e, 0x00, 0x00, 0x70, 0x73, 0x35, 0x2d,
  0x6b, 0x73, 0x74, 0x75, 0x66, 0x66, 0x20, 0x73, 0x75, 0x63, 0x63, 0x65,
  0x73, 0x73, 0x66, 0x75, 0x6c, 0x6c, 0x79, 0x20, 0x6c, 0x6f, 0x61, 0x64,
  0x65, 0x64, 0x0a, 0x00, 0x70, 0x73, 0x35, 0x2d, 0x6b, 0x73, 0x74, 0x75,
  0x66, 0x66, 0x20, 0x73, 0x75, 0x63, 0x63, 0x65, 0x73, 0x73, 0x66, 0x75,
  0x6c, 0x6c, 0x79, 0x20, 0x6c, 0x6f, 0x61, 0x64, 0x65, 0x64, 0x00, 0x00,
  0x93, 0xc7, 0xff, 0xff, 0x9d, 0xc7, 0xff, 0xff, 0xa7, 0xc7, 0xff, 0xff,
  0xb1, 0xc7, 0xff, 0xff, 0xbb, 0xc7, 0xff, 0xff, 0xc5, 0xc7, 0xff, 0xff,
  0xcf, 0xc7, 0xff, 0xff, 0x00, 0x00, 0x00, 0x00, 0x00, 0x00, 0x00, 0x00,
  0x00, 0x00, 0x00, 0x00, 0x00, 0x00, 0x00, 0x00, 0x00, 0x00, 0x00, 0x00,
  0x00, 0x00, 0x00, 0x00, 0x00, 0x00, 0x00, 0x00, 0x00, 0x00, 0x00, 0x00,
  0x00, 0x00, 0x00, 0x00, 0x00, 0x00, 0x00, 0x00, 0x00, 0x00, 0x00, 0x00,
  0x00, 0x00, 0x00, 0x00, 0x00, 0x00, 0x00, 0x00, 0x00, 0x00, 0x00, 0x00,
  0x00, 0x00, 0x00, 0x00, 0x00, 0x00, 0x00, 0x00, 0x00, 0x00, 0x00, 0x00,
  0x00, 0x00, 0x00, 0x00, 0x00, 0x00, 0x00, 0x00, 0x00, 0x00, 0x00, 0x00,
  0x00, 0x00, 0x00, 0x00, 0x00, 0x00, 0x00, 0x00, 0x00, 0x00, 0x00, 0x00,
  0x00, 0x00, 0x00, 0x00, 0x00, 0x00, 0x00, 0x00, 0x00, 0x00, 0x00, 0x00,
  0x00, 0x00, 0x00, 0x00, 0x00, 0x00, 0x00, 0x00, 0x00, 0x00, 0x00, 0x00,
  0x00, 0x00, 0x00, 0x00, 0x00, 0x00, 0x00, 0x00, 0x00, 0x00, 0x00, 0x00,
  0x00, 0x00, 0x00, 0x00, 0x00, 0x00, 0x00, 0x00, 0x00, 0x00, 0x00, 0x00,
  0x00, 0x00, 0x00, 0x00, 0x00, 0x00, 0x00, 0x00, 0x00, 0x00, 0x00, 0x00,
  0x00, 0x00, 0x00, 0x00, 0x00, 0x00, 0x00, 0x00, 0x00, 0x00, 0x00, 0x00,
  0x00, 0x00, 0x00, 0x00, 0x00, 0x00, 0x00, 0x00, 0x00, 0x00, 0x00, 0x00,
  0x00, 0x00, 0x00, 0x00, 0x00, 0x00, 0x00, 0x00, 0x00, 0x00, 0x00, 0x00,
  0x00, 0x00, 0x00, 0x00, 0x00, 0x00, 0x00, 0x00, 0x00, 0x00, 0x00, 0x00,
  0x00, 0x00, 0x00, 0x00, 0x00, 0x00, 0x00, 0x00, 0x00, 0x00, 0x00, 0x00,
  0x00, 0x00, 0x00, 0x00, 0x00, 0x00, 0x00, 0x00, 0x00, 0x00, 0x00, 0x00,
  0x00, 0x00, 0x00, 0x00, 0x00, 0x00, 0x00, 0x00, 0x00, 0x00, 0x00, 0x00,
  0x00, 0x00, 0x00, 0x00, 0x00, 0x00, 0x00, 0x00, 0x00, 0x00, 0x00, 0x00,
  0x00, 0x00, 0x00, 0x00, 0x00, 0x00, 0x00, 0x00, 0x00, 0x00, 0x00, 0x00,
  0x00, 0x00, 0x00, 0x00, 0x00, 0x00, 0x00, 0x00, 0x00, 0x00, 0x00, 0x00,
  0x00, 0x00, 0x00, 0x00, 0x00, 0x00, 0x00, 0x00, 0x00, 0x00, 0x00, 0x00,
  0x00, 0x00, 0x00, 0x00, 0x00, 0x00, 0x00, 0x00, 0x00, 0x00, 0x00, 0x00,
  0x00, 0x00, 0x00, 0x00, 0x00, 0x00, 0x00, 0x00, 0x00, 0x00, 0x00, 0x00,
  0x00, 0x00, 0x00, 0x00, 0x00, 0x00, 0x00, 0x00, 0x00, 0x00, 0x00, 0x00,
  0x00, 0x00, 0x00, 0x00, 0x00, 0x00, 0x00, 0x00, 0x00, 0x00, 0x00, 0x00,
  0x00, 0x00, 0x00, 0x00, 0x00, 0x00, 0x00, 0x00, 0x00, 0x00, 0x00, 0x00,
  0x00, 0x00, 0x00, 0x00, 0x00, 0x00, 0x00, 0x00, 0x00, 0x00, 0x00, 0x00,
  0x00, 0x00, 0x00, 0x00, 0x00, 0x00, 0x00, 0x00, 0x00, 0x00, 0x00, 0x00,
  0x00, 0x00, 0x00, 0x00, 0x00, 0x00, 0x00, 0x00, 0x00, 0x00, 0x00, 0x00,
  0x00, 0x00, 0x00, 0x00, 0x00, 0x00, 0x00, 0x00, 0x00, 0x00, 0x00, 0x00,
  0x00, 0x00, 0x00, 0x00, 0x00, 0x00, 0x00, 0x00, 0x00, 0x00, 0x00, 0x00,
  0x00, 0x00, 0x00, 0x00, 0x00, 0x00, 0x00, 0x00, 0x00, 0x00, 0x00, 0x00,
  0x00, 0x00, 0x00, 0x00, 0x00, 0x00, 0x00, 0x00, 0x00, 0x00, 0x00, 0x00,
  0x00, 0x00, 0x00, 0x00, 0x00, 0x00, 0x00, 0x00, 0x00, 0x00, 0x00, 0x00,
  0x00, 0x00, 0x00, 0x00, 0x00, 0x00, 0x00, 0x00, 0x00, 0x00, 0x00, 0x00,
  0x00, 0x00, 0x00, 0x00, 0x00, 0x00, 0x00, 0x00, 0x00, 0x00, 0x00, 0x00,
  0x00, 0x00, 0x00, 0x00, 0x00, 0x00, 0x00, 0x00, 0x00, 0x00, 0x00, 0x00,
  0x00, 0x00, 0x00, 0x00, 0x00, 0x00, 0x00, 0x00, 0x00, 0x00, 0x00, 0x00,
  0x00, 0x00, 0x00, 0x00, 0x00, 0x00, 0x00, 0x00, 0x00, 0x00, 0x00, 0x00,
  0x00, 0x00, 0x00, 0x00, 0x00, 0x00, 0x00, 0x00, 0x00, 0x00, 0x00, 0x00,
  0x00, 0x00, 0x00, 0x00, 0x00, 0x00, 0x00, 0x00, 0x00, 0x00, 0x00, 0x00,
  0x00, 0x00, 0x00, 0x00, 0x00, 0x00, 0x00, 0x00, 0x00, 0x00, 0x00, 0x00,
  0x00, 0x00, 0x00, 0x00, 0x00, 0x00, 0x00, 0x00, 0x00, 0x00, 0x00, 0x00,
  0x00, 0x00, 0x00, 0x00, 0x00, 0x00, 0x00, 0x00, 0x00, 0x00, 0x00, 0x00,
  0x00, 0x00, 0x00, 0x00, 0x00, 0x00, 0x00, 0x00, 0x00, 0x00, 0x00, 0x00,
  0x00, 0x00, 0x00, 0x00, 0x00, 0x00, 0x00, 0x00, 0x00, 0x00, 0x00, 0x00,
  0x00, 0x00, 0x00, 0x00, 0x00, 0x00, 0x00, 0x00, 0x00, 0x00, 0x00, 0x00,
  0x00, 0x00, 0x00, 0x00, 0x00, 0x00, 0x00, 0x00, 0x00, 0x00, 0x00, 0x00,
  0x00, 0x00, 0x00, 0x00, 0x00, 0x00, 0x00, 0x00, 0x00, 0x00, 0x00, 0x00,
  0x00, 0x00, 0x00, 0x00, 0x00, 0x00, 0x00, 0x00, 0x00, 0x00, 0x00, 0x00,
  0x00, 0x00, 0x00, 0x00, 0x00, 0x00, 0x00, 0x00, 0x00, 0x00, 0x00, 0x00,
  0x00, 0x00, 0x00, 0x00, 0x00, 0x00, 0x00, 0x00, 0x00, 0x00, 0x00, 0x00,
  0x00, 0x00, 0x00, 0x00, 0x00, 0x00, 0x00, 0x00, 0x00, 0x00, 0x00, 0x00,
  0x00, 0x00, 0x00, 0x00, 0x00, 0x00, 0x00, 0x00, 0x00, 0x00, 0x00, 0x00,
  0x00, 0x00, 0x00, 0x00, 0x00, 0x00, 0x00, 0x00, 0x00, 0x00, 0x00, 0x00,
  0x00, 0x00, 0x00, 0x00, 0x00, 0x00, 0x00, 0x00, 0x00, 0x00, 0x00, 0x00,
  0x00, 0x00, 0x00, 0x00, 0x00, 0x00, 0x00, 0x00, 0x00, 0x00, 0x00, 0x00,
  0x00, 0x00, 0x00, 0x00, 0x00, 0x00, 0x00, 0x00, 0x00, 0x00, 0x00, 0x00,
  0x00, 0x00, 0x00, 0x00, 0x00, 0x00, 0x00, 0x00, 0x00, 0x00, 0x00, 0x00,
  0x00, 0x00, 0x00, 0x00, 0x00, 0x00, 0x00, 0x00, 0x00, 0x00, 0x00, 0x00,
  0x00, 0x00, 0x00, 0x00, 0x00, 0x00, 0x00, 0x00, 0x00, 0x00, 0x00, 0x00,
  0x00, 0x00, 0x00, 0x00, 0x00, 0x00, 0x00, 0x00, 0x00, 0x00, 0x00, 0x00,
  0x00, 0x00, 0x00, 0x00, 0x00, 0x00, 0x00, 0x00, 0x00, 0x00, 0x00, 0x00,
  0x00, 0x00, 0x00, 0x00, 0x00, 0x00, 0x00, 0x00, 0x00, 0x00, 0x00, 0x00,
  0x00, 0x00, 0x00, 0x00, 0x00, 0x00, 0x00, 0x00, 0x00, 0x00, 0x00, 0x00,
  0x00, 0x00, 0x00, 0x00, 0x00, 0x00, 0x00, 0x00, 0x00, 0x00, 0x00, 0x00,
  0x00, 0x00, 0x00, 0x00, 0x00, 0x00, 0x00, 0x00, 0x00, 0x00, 0x00, 0x00,
  0x00, 0x00, 0x00, 0x00, 0x00, 0x00, 0x00, 0x00, 0x00, 0x00, 0x00, 0x00,
  0x00, 0x00, 0x00, 0x00, 0x00, 0x00, 0x00, 0x00, 0x00, 0x00, 0x00, 0x00,
  0x00, 0x00, 0x00, 0x00, 0x00, 0x00, 0x00, 0x00, 0x00, 0x00, 0x00, 0x00,
  0x00, 0x00, 0x00, 0x00, 0x00, 0x00, 0x00, 0x00, 0x00, 0x00, 0x00, 0x00,
  0x00, 0x00, 0x00, 0x00, 0x00, 0x00, 0x00, 0x00, 0x00, 0x00, 0x00, 0x00,
  0x00, 0x00, 0x00, 0x00, 0x00, 0x00, 0x00, 0x00, 0x00, 0x00, 0x00, 0x00,
  0x00, 0x00, 0x00, 0x00, 0x00, 0x00, 0x00, 0x00, 0x00, 0x00, 0x00, 0x00,
  0x00, 0x00, 0x00, 0x00, 0x00, 0x00, 0x00, 0x00, 0x00, 0x00, 0x00, 0x00,
  0x00, 0x00, 0x00, 0x00, 0x00, 0x00, 0x00, 0x00, 0x00, 0x00, 0x00, 0x00,
  0x00, 0x00, 0x00, 0x00, 0x00, 0x00, 0x00, 0x00, 0x00, 0x00, 0x00, 0x00,
  0x00, 0x00, 0x00, 0x00, 0x00, 0x00, 0x00, 0x00, 0x00, 0x00, 0x00, 0x00,
  0x00, 0x00, 0x00, 0x00, 0x00, 0x00, 0x00, 0x00, 0x00, 0x00, 0x00, 0x00,
  0x00, 0x00, 0x00, 0x00, 0x00, 0x00, 0x00, 0x00, 0x00, 0x00, 0x00, 0x00,
  0x00, 0x00, 0x00, 0x00, 0x00, 0x00, 0x00, 0x00, 0x00, 0x00, 0x00, 0x00,
  0x00, 0x00, 0x00, 0x00, 0x00, 0x00, 0x00, 0x00, 0x00, 0x00, 0x00, 0x00,
  0x00, 0x00, 0x00, 0x00, 0x00, 0x00, 0x00, 0x00, 0x00, 0x00, 0x00, 0x00,
  0x00, 0x00, 0x00, 0x00, 0x00, 0x00, 0x00, 0x00, 0x00, 0x00, 0x00, 0x00,
  0x00, 0x00, 0x00, 0x00, 0x00, 0x00, 0x00, 0x00, 0x00, 0x00, 0x00, 0x00,
  0x00, 0x00, 0x00, 0x00, 0x00, 0x00, 0x00, 0x00, 0x00, 0x00, 0x00, 0x00,
  0x00, 0x00, 0x00, 0x00, 0x00, 0x00, 0x00, 0x00, 0x00, 0x00, 0x00, 0x00,
  0x00, 0x00, 0x00, 0x00, 0x00, 0x00, 0x00, 0x00, 0x00, 0x00, 0x00, 0x00,
  0x00, 0x00, 0x00, 0x00, 0x00, 0x00, 0x00, 0x00, 0x00, 0x00, 0x00, 0x00,
  0x00, 0x00, 0x00, 0x00, 0x00, 0x00, 0x00, 0x00, 0x00, 0x00, 0x00, 0x00,
  0x00, 0x00, 0x00, 0x00, 0x00, 0x00, 0x00, 0x00, 0x00, 0x00, 0x00, 0x00,
  0x00, 0x00, 0x00, 0x00, 0x00, 0x00, 0x00, 0x00, 0x00, 0x00, 0x00, 0x00,
  0x00, 0x00, 0x00, 0x00, 0x00, 0x00, 0x00, 0x00, 0x00, 0x00, 0x00, 0x00,
  0x00, 0x00, 0x00, 0x00, 0x00, 0x00, 0x00, 0x00, 0x00, 0x00, 0x00, 0x00,
  0x00, 0x00, 0x00, 0x00, 0x00, 0x00, 0x00, 0x00, 0x00, 0x00, 0x00, 0x00,
  0x00, 0x00, 0x00, 0x00, 0x00, 0x00, 0x00, 0x00, 0x00, 0x00, 0x00, 0x00,
  0x00, 0x00, 0x00, 0x00, 0x00, 0x00, 0x00, 0x00, 0x00, 0x00, 0x00, 0x00,
  0x00, 0x00, 0x00, 0x00, 0x00, 0x00, 0x00, 0x00, 0x00, 0x00, 0x00, 0x00,
  0x00, 0x00, 0x00, 0x00, 0x00, 0x00, 0x00, 0x00, 0x00, 0x00, 0x00, 0x00,
  0x00, 0x00, 0x00, 0x00, 0x00, 0x00, 0x00, 0x00, 0x00, 0x00, 0x00, 0x00,
  0x00, 0x00, 0x00, 0x00, 0x00, 0x00, 0x00, 0x00, 0x00, 0x00, 0x00, 0x00,
  0x00, 0x00, 0x00, 0x00, 0x00, 0x00, 0x00, 0x00, 0x00, 0x00, 0x00, 0x00,
  0x00, 0x00, 0x00, 0x00, 0x00, 0x00, 0x00, 0x00, 0x00, 0x00, 0x00, 0x00,
  0x00, 0x00, 0x00, 0x00, 0x00, 0x00, 0x00, 0x00, 0x00, 0x00, 0x00, 0x00,
  0x00, 0x00, 0x00, 0x00, 0x00, 0x00, 0x00, 0x00, 0x00, 0x00, 0x00, 0x00,
  0x00, 0x00, 0x00, 0x00, 0x00, 0x00, 0x00, 0x00, 0x00, 0x00, 0x00, 0x00,
  0x00, 0x00, 0x00, 0x00, 0x00, 0x00, 0x00, 0x00, 0x00, 0x00, 0x00, 0x00,
  0x00, 0x00, 0x00, 0x00, 0x00, 0x00, 0x00, 0x00, 0x00, 0x00, 0x00, 0x00,
  0x00, 0x00, 0x00, 0x00, 0x00, 0x00, 0x00, 0x00, 0x00, 0x00, 0x00, 0x00,
  0x00, 0x00, 0x00, 0x00, 0x00, 0x00, 0x00, 0x00, 0x00, 0x00, 0x00, 0x00,
  0x00, 0x00, 0x00, 0x00, 0x00, 0x00, 0x00, 0x00, 0x00, 0x00, 0x00, 0x00,
  0x00, 0x00, 0x00, 0x00, 0x00, 0x00, 0x00, 0x00, 0x00, 0x00, 0x00, 0x00,
  0x00, 0x00, 0x00, 0x00, 0x00, 0x00, 0x00, 0x00, 0x00, 0x00, 0x00, 0x00,
  0x00, 0x00, 0x00, 0x00, 0x00, 0x00, 0x00, 0x00, 0x00, 0x00, 0x00, 0x00,
  0x00, 0x00, 0x00, 0x00, 0x00, 0x00, 0x00, 0x00, 0x00, 0x00, 0x00, 0x00,
  0x00, 0x00, 0x00, 0x00, 0x00, 0x00, 0x00, 0x00, 0x00, 0x00, 0x00, 0x00,
  0x00, 0x00, 0x00, 0x00, 0x00, 0x00, 0x00, 0x00, 0x00, 0x00, 0x00, 0x00,
  0x00, 0x00, 0x00, 0x00, 0x00, 0x00, 0x00, 0x00, 0x00, 0x00, 0x00, 0x00,
  0x00, 0x00, 0x00, 0x00, 0x00, 0x00, 0x00, 0x00, 0x00, 0x00, 0x00, 0x00,
  0x00, 0x00, 0x00, 0x00, 0x00, 0x00, 0x00, 0x00, 0x00, 0x00, 0x00, 0x00,
  0x00, 0x00, 0x00, 0x00, 0x00, 0x00, 0x00, 0x00, 0x00, 0x00, 0x00, 0x00,
  0x00, 0x00, 0x00, 0x00, 0x00, 0x00, 0x00, 0x00, 0x00, 0x00, 0x00, 0x00,
  0x00, 0x00, 0x00, 0x00, 0x00, 0x00, 0x00, 0x00, 0x00, 0x00, 0x00, 0x00,
  0x00, 0x00, 0x00, 0x00, 0x00, 0x00, 0x00, 0x00, 0x00, 0x00, 0x00, 0x00,
  0x00, 0x00, 0x00, 0x00, 0x00, 0x00, 0x00, 0x00, 0x00, 0x00, 0x00, 0x00,
  0x00, 0x00, 0x00, 0x00, 0x00, 0x00, 0x00, 0x00, 0x00, 0x00, 0x00, 0x00,
  0x00, 0x00, 0x00, 0x00, 0x00, 0x00, 0x00, 0x00, 0x00, 0x00, 0x00, 0x00,
  0x00, 0x00, 0x00, 0x00, 0x00, 0x00, 0x00, 0x00, 0x00, 0x00, 0x00, 0x00,
  0x00, 0x00, 0x00, 0x00, 0x00, 0x00, 0x00, 0x00, 0x00, 0x00, 0x00, 0x00,
  0x00, 0x00, 0x00, 0x00, 0x00, 0x00, 0x00, 0x00, 0x00, 0x00, 0x00, 0x00,
  0x00, 0x00, 0x00, 0x00, 0x00, 0x00, 0x00, 0x00, 0x00, 0x00, 0x00, 0x00,
  0x00, 0x00, 0x00, 0x00, 0x00, 0x00, 0x00, 0x00, 0x00, 0x00, 0x00, 0x00,
  0x00, 0x00, 0x00, 0x00, 0x00, 0x00, 0x00, 0x00, 0x00, 0x00, 0x00, 0x00,
  0x00, 0x00, 0x00, 0x00, 0x00, 0x00, 0x00, 0x00, 0x00, 0x00, 0x00, 0x00,
  0x00, 0x00, 0x00, 0x00, 0x00, 0x00, 0x00, 0x00, 0x00, 0x00, 0x00, 0x00,
  0x00, 0x00, 0x00, 0x00, 0x00, 0x00, 0x00, 0x00, 0x00, 0x00, 0x00, 0x00,
  0x00, 0x00, 0x00, 0x00, 0x00, 0x00, 0x00, 0x00, 0x00, 0x00, 0x00, 0x00,
  0x00, 0x00, 0x00, 0x00, 0x00, 0x00, 0x00, 0x00, 0x00, 0x00, 0x00, 0x00,
  0x00, 0x00, 0x00, 0x00, 0x00, 0x00, 0x00, 0x00, 0x00, 0x00, 0x00, 0x00,
  0x00, 0x00, 0x00, 0x00, 0x00, 0x00, 0x00, 0x00, 0x00, 0x00, 0x00, 0x00,
  0x00, 0x00, 0x00, 0x00, 0x00, 0x00, 0x00, 0x00, 0x00, 0x00, 0x00, 0x00,
  0x00, 0x00, 0x00, 0x00, 0x00, 0x00, 0x00, 0x00, 0x00, 0x00, 0x00, 0x00,
  0x00, 0x00, 0x00, 0x00, 0x00, 0x00, 0x00, 0x00, 0x00, 0x00, 0x00, 0x00,
  0x00, 0x00, 0x00, 0x00, 0x00, 0x00, 0x00, 0x00, 0x00, 0x00, 0x00, 0x00,
  0x00, 0x00, 0x00, 0x00, 0x00, 0x00, 0x00, 0x00, 0x00, 0x00, 0x00, 0x00,
  0x00, 0x00, 0x00, 0x00, 0x00, 0x00, 0x00, 0x00, 0x00, 0x00, 0x00, 0x00,
  0x00, 0x00, 0x00, 0x00, 0x00, 0x00, 0x00, 0x00, 0x00, 0x00, 0x00, 0x00,
  0x00, 0x00, 0x00, 0x00, 0x00, 0x00, 0x00, 0x00, 0x00, 0x00, 0x00, 0x00,
  0x00, 0x00, 0x00, 0x00, 0x00, 0x00, 0x00, 0x00, 0x00, 0x00, 0x00, 0x00,
  0x00, 0x00, 0x00, 0x00, 0x00, 0x00, 0x00, 0x00, 0x00, 0x00, 0x00, 0x00,
  0x00, 0x00, 0x00, 0x00, 0x00, 0x00, 0x00, 0x00, 0x00, 0x00, 0x00, 0x00,
  0x00, 0x00, 0x00, 0x00, 0x00, 0x00, 0x00, 0x00, 0x00, 0x00, 0x00, 0x00,
  0x00, 0x00, 0x00, 0x00, 0x00, 0x00, 0x00, 0x00, 0x00, 0x00, 0x00, 0x00,
  0x00, 0x00, 0x00, 0x00, 0x00, 0x00, 0x00, 0x00, 0x00, 0x00, 0x00, 0x00,
  0x00, 0x00, 0x00, 0x00, 0x00, 0x00, 0x00, 0x00, 0x00, 0x00, 0x00, 0x00,
  0x00, 0x00, 0x00, 0x00, 0x00, 0x00, 0x00, 0x00, 0x00, 0x00, 0x00, 0x00,
  0x00, 0x00, 0x00, 0x00, 0x00, 0x00, 0x00, 0x00, 0x00, 0x00, 0x00, 0x00,
  0x00, 0x00, 0x00, 0x00, 0x00, 0x00, 0x00, 0x00, 0x00, 0x00, 0x00, 0x00,
  0x00, 0x00, 0x00, 0x00, 0x00, 0x00, 0x00, 0x00, 0x00, 0x00, 0x00, 0x00,
  0x00, 0x00, 0x00, 0x00, 0x00, 0x00, 0x00, 0x00, 0x00, 0x00, 0x00, 0x00,
  0x00, 0x00, 0x00, 0x00, 0x00, 0x00, 0x00, 0x00, 0x00, 0x00, 0x00, 0x00,
  0x00, 0x00, 0x00, 0x00, 0x00, 0x00, 0x00, 0x00, 0x00, 0x00, 0x00, 0x00,
  0x00, 0x00, 0x00, 0x00, 0x00, 0x00, 0x00, 0x00, 0x00, 0x00, 0x00, 0x00,
  0x00, 0x00, 0x00, 0x00, 0x00, 0x00, 0x00, 0x00, 0x00, 0x00, 0x00, 0x00,
  0x00, 0x00, 0x00, 0x00, 0x00, 0x00, 0x00, 0x00, 0x00, 0x00, 0x00, 0x00,
  0x00, 0x00, 0x00, 0x00, 0x00, 0x00, 0x00, 0x00, 0x00, 0x00, 0x00, 0x00,
  0x00, 0x00, 0x00, 0x00, 0x00, 0x00, 0x00, 0x00, 0x00, 0x00, 0x00, 0x00,
  0x00, 0x00, 0x00, 0x00, 0x00, 0x00, 0x00, 0x00, 0x00, 0x00, 0x00, 0x00,
  0x00, 0x00, 0x00, 0x00, 0x00, 0x00, 0x00, 0x00, 0x00, 0x00, 0x00, 0x00,
  0x00, 0x00, 0x00, 0x00, 0x00, 0x00, 0x00, 0x00, 0x00, 0x00, 0x00, 0x00,
  0x00, 0x00, 0x00, 0x00, 0x00, 0x00, 0x00, 0x00, 0x00, 0x00, 0x00, 0x00,
  0x00, 0x00, 0x00, 0x00, 0x00, 0x00, 0x00, 0x00, 0x00, 0x00, 0x00, 0x00,
  0x00, 0x00, 0x00, 0x00, 0x00, 0x00, 0x00, 0x00, 0x00, 0x00, 0x00, 0x00,
  0x00, 0x00, 0x00, 0x00, 0x00, 0x00, 0x00, 0x00, 0x00, 0x00, 0x00, 0x00,
  0x00, 0x00, 0x00, 0x00, 0x00, 0x00, 0x00, 0x00, 0x00, 0x00, 0x00, 0x00,
  0x00, 0x00, 0x00, 0x00, 0x00, 0x00, 0x00, 0x00, 0x00, 0x00, 0x00, 0x00,
  0x00, 0x00, 0x00, 0x00, 0x00, 0x00, 0x00, 0x00, 0x00, 0x00, 0x00, 0x00,
  0x00, 0x00, 0x00, 0x00, 0x00, 0x00, 0x00, 0x00, 0x00, 0x00, 0x00, 0x00,
  0x00, 0x00, 0x00, 0x00, 0x00, 0x00, 0x00, 0x00, 0x00, 0x00, 0x00, 0x00,
  0x00, 0x00, 0x00, 0x00, 0x00, 0x00, 0x00, 0x00, 0x00, 0x00, 0x00, 0x00,
  0x00, 0x00, 0x00, 0x00, 0x00, 0x00, 0x00, 0x00, 0x00, 0x00, 0x00, 0x00,
  0x00, 0x00, 0x00, 0x00, 0x00, 0x00, 0x00, 0x00, 0x00, 0x00, 0x00, 0x00,
  0x00, 0x00, 0x00, 0x00, 0x00, 0x00, 0x00, 0x00, 0x00, 0x00, 0x00, 0x00,
  0x00, 0x00, 0x00, 0x00, 0x00, 0x00, 0x00, 0x00, 0x00, 0x00, 0x00, 0x00,
  0x00, 0x00, 0x00, 0x00, 0x00, 0x00, 0x00, 0x00, 0x00, 0x00, 0x00, 0x00,
  0x00, 0x00, 0x00, 0x00, 0x00, 0x00, 0x00, 0x00, 0x00, 0x00, 0x00, 0x00,
  0x00, 0x00, 0x00, 0x00, 0x00, 0x00, 0x00, 0x00, 0x00, 0x00, 0x00, 0x00,
  0x00, 0x00, 0x00, 0x00, 0x00, 0x00, 0x00, 0x00, 0x00, 0x00, 0x00, 0x00,
  0x00, 0x00, 0x00, 0x00, 0x00, 0x00, 0x00, 0x00, 0x00, 0x00, 0x00, 0x00,
  0x00, 0x00, 0x00, 0x00, 0x00, 0x00, 0x00, 0x00, 0x00, 0x00, 0x00, 0x00,
  0x00, 0x00, 0x00, 0x00, 0x00, 0x00, 0x00, 0x00, 0x00, 0x00, 0x00, 0x00,
  0x00, 0x00, 0x00, 0x00, 0x00, 0x00, 0x00, 0x00, 0x00, 0x00, 0x00, 0x00,
  0x00, 0x00, 0x00, 0x00, 0x00, 0x00, 0x00, 0x00, 0x00, 0x00, 0x00, 0x00,
  0x00, 0x00, 0x00, 0x00, 0x00, 0x00, 0x00, 0x00, 0x00, 0x00, 0x00, 0x00,
  0x00, 0x00, 0x00, 0x00, 0x00, 0x00, 0x00, 0x00, 0x00, 0x00, 0x00, 0x00,
  0x00, 0x00, 0x00, 0x00, 0x00, 0x00, 0x00, 0x00, 0x00, 0x00, 0x00, 0x00,
  0x00, 0x00, 0x00, 0x00, 0x00, 0x00, 0x00, 0x00, 0x00, 0x00, 0x00, 0x00,
  0x00, 0x00, 0x00, 0x00, 0x00, 0x00, 0x00, 0x00, 0x00, 0x00, 0x00, 0x00,
  0x00, 0x00, 0x00, 0x00, 0x00, 0x00, 0x00, 0x00, 0x00, 0x00, 0x00, 0x00,
  0x00, 0x00, 0x00, 0x00, 0x00, 0x00, 0x00, 0x00, 0x00, 0x00, 0x00, 0x00,
  0x00, 0x00, 0x00, 0x00, 0x00, 0x00, 0x00, 0x00, 0x00, 0x00, 0x00, 0x00,
  0x00, 0x00, 0x00, 0x00, 0x00, 0x00, 0x00, 0x00, 0x00, 0x00, 0x00, 0x00,
  0x00, 0x00, 0x00, 0x00, 0x00, 0x00, 0x00, 0x00, 0x00, 0x00, 0x00, 0x00,
  0x00, 0x00, 0x00, 0x00, 0x00, 0x00, 0x00, 0x00, 0x00, 0x00, 0x00, 0x00,
  0x00, 0x00, 0x00, 0x00, 0x00, 0x00, 0x00, 0x00, 0x00, 0x00, 0x00, 0x00,
  0x00, 0x00, 0x00, 0x00, 0x00, 0x00, 0x00, 0x00, 0x00, 0x00, 0x00, 0x00,
  0x00, 0x00, 0x00, 0x00, 0x00, 0x00, 0x00, 0x00, 0x00, 0x00, 0x00, 0x00,
  0x00, 0x00, 0x00, 0x00, 0x00, 0x00, 0x00, 0x00, 0x00, 0x00, 0x00, 0x00,
  0x00, 0x00, 0x00, 0x00, 0x00, 0x00, 0x00, 0x00, 0x00, 0x00, 0x00, 0x00,
  0x00, 0x00, 0x00, 0x00, 0x00, 0x00, 0x00, 0x00, 0x00, 0x00, 0x00, 0x00,
  0x00, 0x00, 0x00, 0x00, 0x00, 0x00, 0x00, 0x00, 0x00, 0x00, 0x00, 0x00,
  0x00, 0x00, 0x00, 0x00, 0x00, 0x00, 0x00, 0x00, 0x00, 0x00, 0x00, 0x00,
  0x00, 0x00, 0x00, 0x00, 0x00, 0x00, 0x00, 0x00, 0x00, 0x00, 0x00, 0x00,
  0x00, 0x00, 0x00, 0x00, 0x00, 0x00, 0x00, 0x00, 0x00, 0x00, 0x00, 0x00,
  0x00, 0x00, 0x00, 0x00, 0x00, 0x00, 0x00, 0x00, 0x00, 0x00, 0x00, 0x00,
  0x00, 0x00, 0x00, 0x00, 0x00, 0x00, 0x00, 0x00, 0x00, 0x00, 0x00, 0x00,
  0x00, 0x00, 0x00, 0x00, 0x00, 0x00, 0x00, 0x00, 0x00, 0x00, 0x00, 0x00,
  0x00, 0x00, 0x00, 0x00, 0x00, 0x00, 0x00, 0x00, 0x00, 0x00, 0x00, 0x00,
  0x00, 0x00, 0x00, 0x00, 0x00, 0x00, 0x00, 0x00, 0x00, 0x00, 0x00, 0x00,
  0x00, 0x00, 0x00, 0x00, 0x00, 0x00, 0x00, 0x00, 0x00, 0x00, 0x00, 0x00,
  0x00, 0x00, 0x00, 0x00, 0x00, 0x00, 0x00, 0x00, 0x00, 0x00, 0x00, 0x00,
  0x00, 0x00, 0x00, 0x00, 0x00, 0x00, 0x00, 0x00, 0x00, 0x00, 0x00, 0x00,
  0x00, 0x00, 0x00, 0x00, 0x00, 0x00, 0x00, 0x00, 0x00, 0x00, 0x00, 0x00,
  0x00, 0x00, 0x00, 0x00, 0x00, 0x00, 0x00, 0x00, 0x00, 0x00, 0x00, 0x00,
  0x00, 0x00, 0x00, 0x00, 0x00, 0x00, 0x00, 0x00, 0x00, 0x00, 0x00, 0x00,
  0x00, 0x00, 0x00, 0x00, 0x00, 0x00, 0x00, 0x00, 0x00, 0x00, 0x00, 0x00,
  0x00, 0x00, 0x00, 0x00, 0x00, 0x00, 0x00, 0x00, 0x00, 0x00, 0x00, 0x00,
  0x00, 0x00, 0x00, 0x00, 0x00, 0x00, 0x00, 0x00, 0x00, 0x00, 0x00, 0x00,
  0x00, 0x00, 0x00, 0x00, 0x00, 0x00, 0x00, 0x00, 0x00, 0x00, 0x00, 0x00,
  0x00, 0x00, 0x00, 0x00, 0x00, 0x00, 0x00, 0x00, 0x00, 0x00, 0x00, 0x00,
  0x00, 0x00, 0x00, 0x00, 0x00, 0x00, 0x00, 0x00, 0x00, 0x00, 0x00, 0x00,
  0x00, 0x00, 0x00, 0x00, 0x00, 0x00, 0x00, 0x00, 0x00, 0x00, 0x00, 0x00,
  0x00, 0x00, 0x00, 0x00, 0x00, 0x00, 0x00, 0x00, 0x00, 0x00, 0x00, 0x00,
  0x00, 0x00, 0x00, 0x00, 0x00, 0x00, 0x00, 0x00, 0x00, 0x00, 0x00, 0x00,
  0x00, 0x00, 0x00, 0x00, 0x00, 0x00, 0x00, 0x00, 0x00, 0x00, 0x00, 0x00,
  0x00, 0x00, 0x00, 0x00, 0x00, 0x00, 0x00, 0x00, 0x00, 0x00, 0x00, 0x00,
  0x00, 0x00, 0x00, 0x00, 0x00, 0x00, 0x00, 0x00, 0x00, 0x00, 0x00, 0x00,
  0x00, 0x00, 0x00, 0x00, 0x00, 0x00, 0x00, 0x00, 0x00, 0x00, 0x00, 0x00,
  0x00, 0x00, 0x00, 0x00, 0x00, 0x00, 0x00, 0x00, 0x00, 0x00, 0x00, 0x00,
  0x00, 0x00, 0x00, 0x00, 0x00, 0x00, 0x00, 0x00, 0x00, 0x00, 0x00, 0x00,
  0x00, 0x00, 0x00, 0x00, 0x00, 0x00, 0x00, 0x00, 0x00, 0x00, 0x00, 0x00,
  0x00, 0x00, 0x00, 0x00, 0x00, 0x00, 0x00, 0x00, 0x00, 0x00, 0x00, 0x00,
  0x00, 0x00, 0x00, 0x00, 0x00, 0x00, 0x00, 0x00, 0x00, 0x00, 0x00, 0x00,
  0x00, 0x00, 0x00, 0x00, 0x00, 0x00, 0x00, 0x00, 0x00, 0x00, 0x00, 0x00,
  0x00, 0x00, 0x00, 0x00, 0x00, 0x00, 0x00, 0x00, 0x00, 0x00, 0x00, 0x00,
  0x00, 0x00, 0x00, 0x00, 0x00, 0x00, 0x00, 0x00, 0x00, 0x00, 0x00, 0x00,
  0x00, 0x00, 0x00, 0x00, 0x00, 0x00, 0x00, 0x00, 0x00, 0x00, 0x00, 0x00,
  0x00, 0x00, 0x00, 0x00, 0x00, 0x00, 0x00, 0x00, 0x00, 0x00, 0x00, 0x00,
  0x00, 0x00, 0x00, 0x00, 0x00, 0x00, 0x00, 0x00, 0x00, 0x00, 0x00, 0x00,
  0x00, 0x00, 0x00, 0x00, 0x00, 0x00, 0x00, 0x00, 0x00, 0x00, 0x00, 0x00,
  0x00, 0x00, 0x00, 0x00, 0x00, 0x00, 0x00, 0x00, 0x00, 0x00, 0x00, 0x00,
  0x00, 0x00, 0x00, 0x00, 0x00, 0x00, 0x00, 0x00, 0x00, 0x00, 0x00, 0x00,
  0x00, 0x00, 0x00, 0x00, 0x00, 0x00, 0x00, 0x00, 0x00, 0x00, 0x00, 0x00,
  0x00, 0x00, 0x00, 0x00, 0x00, 0x00, 0x00, 0x00, 0x00, 0x00, 0x00, 0x00,
  0x00, 0x00, 0x00, 0x00, 0x00, 0x00, 0x00, 0x00, 0x00, 0x00, 0x00, 0x00,
  0x00, 0x00, 0x00, 0x00, 0x00, 0x00, 0x00, 0x00, 0x00, 0x00, 0x00, 0x00,
  0x00, 0x00, 0x00, 0x00, 0x00, 0x00, 0x00, 0x00, 0x00, 0x00, 0x00, 0x00,
  0x00, 0x00, 0x00, 0x00, 0x00, 0x00, 0x00, 0x00, 0x00, 0x00, 0x00, 0x00,
  0x00, 0x00, 0x00, 0x00, 0x00, 0x00, 0x00, 0x00, 0x00, 0x00, 0x00, 0x00,
  0x00, 0x00, 0x00, 0x00, 0x00, 0x00, 0x00, 0x00, 0x00, 0x00, 0x00, 0x00,
  0x00, 0x00, 0x00, 0x00, 0x00, 0x00, 0x00, 0x00, 0x00, 0x00, 0x00, 0x00,
  0x00, 0x00, 0x00, 0x00, 0x00, 0x00, 0x00, 0x00, 0x00, 0x00, 0x00, 0x00,
  0x00, 0x00, 0x00, 0x00, 0x00, 0x00, 0x00, 0x00, 0x00, 0x00, 0x00, 0x00,
  0x00, 0x00, 0x00, 0x00, 0x00, 0x00, 0x00, 0x00, 0x00, 0x00, 0x00, 0x00,
  0x00, 0x00, 0x00, 0x00, 0x00, 0x00, 0x00, 0x00, 0x00, 0x00, 0x00, 0x00,
  0x00, 0x00, 0x00, 0x00, 0x00, 0x00, 0x00, 0x00, 0x00, 0x00, 0x00, 0x00,
  0x00, 0x00, 0x00, 0x00, 0x00, 0x00, 0x00, 0x00, 0x00, 0x00, 0x00, 0x00,
  0x00, 0x00, 0x00, 0x00, 0x00, 0x00, 0x00, 0x00, 0x00, 0x00, 0x00, 0x00,
  0x00, 0x00, 0x00, 0x00, 0x00, 0x00, 0x00, 0x00, 0x00, 0x00, 0x00, 0x00,
  0x00, 0x00, 0x00, 0x00, 0x00, 0x00, 0x00, 0x00, 0x00, 0x00, 0x00, 0x00,
  0x00, 0x00, 0x00, 0x00, 0x00, 0x00, 0x00, 0x00, 0x00, 0x00, 0x00, 0x00,
  0x00, 0x00, 0x00, 0x00, 0x00, 0x00, 0x00, 0x00, 0x00, 0x00, 0x00, 0x00,
  0x00, 0x00, 0x00, 0x00, 0x00, 0x00, 0x00, 0x00, 0x00, 0x00, 0x00, 0x00,
  0x00, 0x00, 0x00, 0x00, 0x00, 0x00, 0x00, 0x00, 0x00, 0x00, 0x00, 0x00,
  0x00, 0x00, 0x00, 0x00, 0x00, 0x00, 0x00, 0x00, 0x00, 0x00, 0x00, 0x00,
  0x00, 0x00, 0x00, 0x00, 0x00, 0x00, 0x00, 0x00, 0x00, 0x00, 0x00, 0x00,
  0x00, 0x00, 0x00, 0x00, 0x00, 0x00, 0x00, 0x00, 0x00, 0x00, 0x00, 0x00,
  0x00, 0x00, 0x00, 0x00, 0x00, 0x00, 0x00, 0x00, 0x00, 0x00, 0x00, 0x00,
  0x00, 0x00, 0x00, 0x00, 0x00, 0x00, 0x00, 0x00, 0x00, 0x00, 0x00, 0x00,
  0x00, 0x00, 0x00, 0x00, 0x00, 0x00, 0x00, 0x00, 0x00, 0x00, 0x00, 0x00,
  0x00, 0x00, 0x00, 0x00, 0x00, 0x00, 0x00, 0x00, 0x00, 0x00, 0x00, 0x00,
  0x00, 0x00, 0x00, 0x00, 0x00, 0x00, 0x00, 0x00, 0x00, 0x00, 0x00, 0x00,
  0x00, 0x00, 0x00, 0x00, 0x00, 0x00, 0x00, 0x00, 0x00, 0x00, 0x00, 0x00,
  0x00, 0x00, 0x00, 0x00, 0x00, 0x00, 0x00, 0x00, 0x00, 0x00, 0x00, 0x00,
  0x00, 0x00, 0x00, 0x00, 0x00, 0x00, 0x00, 0x00, 0x00, 0x00, 0x00, 0x00,
  0x00, 0x00, 0x00, 0x00, 0x00, 0x00, 0x00, 0x00, 0x00, 0x00, 0x00, 0x00,
  0x00, 0x00, 0x00, 0x00, 0x00, 0x00, 0x00, 0x00, 0x00, 0x00, 0x00, 0x00,
  0x00, 0x00, 0x00, 0x00, 0x00, 0x00, 0x00, 0x00, 0x00, 0x00, 0x00, 0x00,
  0x00, 0x00, 0x00, 0x00, 0x00, 0x00, 0x00, 0x00, 0x00, 0x00, 0x00, 0x00,
  0x00, 0x00, 0x00, 0x00, 0x00, 0x00, 0x00, 0x00, 0x00, 0x00, 0x00, 0x00,
  0x00, 0x00, 0x00, 0x00, 0x00, 0x00, 0x00, 0x00, 0x00, 0x00, 0x00, 0x00,
  0x00, 0x00, 0x00, 0x00, 0x00, 0x00, 0x00, 0x00, 0x00, 0x00, 0x00, 0x00,
  0x00, 0x00, 0x00, 0x00, 0x00, 0x00, 0x00, 0x00, 0x00, 0x00, 0x00, 0x00,
  0x00, 0x00, 0x00, 0x00, 0x00, 0x00, 0x00, 0x00, 0x00, 0x00, 0x00, 0x00,
  0x00, 0x00, 0x00, 0x00, 0x00, 0x00, 0x00, 0x00, 0x00, 0x00, 0x00, 0x00,
  0x00, 0x00, 0x00, 0x00, 0x00, 0x00, 0x00, 0x00, 0x00, 0x00, 0x00, 0x00,
  0x00, 0x00, 0x00, 0x00, 0x00, 0x00, 0x00, 0x00, 0x00, 0x00, 0x00, 0x00,
  0x00, 0x00, 0x00, 0x00, 0x00, 0x00, 0x00, 0x00, 0x00, 0x00, 0x00, 0x00,
  0x00, 0x00, 0x00, 0x00, 0x00, 0x00, 0x00, 0x00, 0x00, 0x00, 0x00, 0x00,
  0x00, 0x00, 0x00, 0x00, 0x00, 0x00, 0x00, 0x00, 0x00, 0x00, 0x00, 0x00,
  0x00, 0x00, 0x00, 0x00, 0x00, 0x00, 0x00, 0x00, 0x00, 0x00, 0x00, 0x00,
  0x00, 0x00, 0x00, 0x00, 0x00, 0x00, 0x00, 0x00, 0x00, 0x00, 0x00, 0x00,
  0x00, 0x00, 0x00, 0x00, 0x00, 0x00, 0x00, 0x00, 0x00, 0x00, 0x00, 0x00,
  0x00, 0x00, 0x00, 0x00, 0x00, 0x00, 0x00, 0x00, 0x00, 0x00, 0x00, 0x00,
  0x00, 0x00, 0x00, 0x00, 0x00, 0x00, 0x00, 0x00, 0x00, 0x00, 0x00, 0x00,
  0x00, 0x00, 0x00, 0x00, 0x00, 0x00, 0x00, 0x00, 0x00, 0x00, 0x00, 0x00,
  0x00, 0x00, 0x00, 0x00, 0x00, 0x00, 0x00, 0x00, 0x00, 0x00, 0x00, 0x00,
  0x00, 0x00, 0x00, 0x00, 0x00, 0x00, 0x00, 0x00, 0x00, 0x00, 0x00, 0x00,
  0x00, 0x00, 0x00, 0x00, 0x00, 0x00, 0x00, 0x00, 0x00, 0x00, 0x00, 0x00,
  0x00, 0x00, 0x00, 0x00, 0x00, 0x00, 0x00, 0x00, 0x00, 0x00, 0x00, 0x00,
  0x00, 0x00, 0x00, 0x00, 0x00, 0x00, 0x00, 0x00, 0x00, 0x00, 0x00, 0x00,
  0x00, 0x00, 0x00, 0x00, 0x00, 0x00, 0x00, 0x00, 0x00, 0x00, 0x00, 0x00,
  0x00, 0x00, 0x00, 0x00, 0x00, 0x00, 0x00, 0x00, 0x00, 0x00, 0x00, 0x00,
  0x00, 0x00, 0x00, 0x00, 0x00, 0x00, 0x00, 0x00, 0x00, 0x00, 0x00, 0x00,
  0x00, 0x00, 0x00, 0x00, 0x00, 0x00, 0x00, 0x00, 0x00, 0x00, 0x00, 0x00,
  0x00, 0x00, 0x00, 0x00, 0x00, 0x00, 0x00, 0x00, 0x00, 0x00, 0x00, 0x00,
  0x00, 0x00, 0x00, 0x00, 0x00, 0x00, 0x00, 0x00, 0x00, 0x00, 0x00, 0x00,
  0x00, 0x00, 0x00, 0x00, 0x00, 0x00, 0x00, 0x00, 0x00, 0x00, 0x00, 0x00,
  0x00, 0x00, 0x00, 0x00, 0x00, 0x00, 0x00, 0x00, 0x00, 0x00, 0x00, 0x00,
  0x00, 0x00, 0x00, 0x00, 0x00, 0x00, 0x00, 0x00, 0x00, 0x00, 0x00, 0x00,
  0x00, 0x00, 0x00, 0x00, 0x00, 0x00, 0x00, 0x00, 0x00, 0x00, 0x00, 0x00,
  0x00, 0x00, 0x00, 0x00, 0x00, 0x00, 0x00, 0x00, 0x00, 0x00, 0x00, 0x00,
  0x00, 0x00, 0x00, 0x00, 0x00, 0x00, 0x00, 0x00, 0x00, 0x00, 0x00, 0x00,
  0x00, 0x00, 0x00, 0x00, 0x00, 0x00, 0x00, 0x00, 0x00, 0x00, 0x00, 0x00,
  0x00, 0x00, 0x00, 0x00, 0x00, 0x00, 0x00, 0x00, 0x00, 0x00, 0x00, 0x00,
  0x00, 0x00, 0x00, 0x00, 0x00, 0x00, 0x00, 0x00, 0x00, 0x00, 0x00, 0x00,
  0x00, 0x00, 0x00, 0x00, 0x00, 0x00, 0x00, 0x00, 0x00, 0x00, 0x00, 0x00,
  0x00, 0x00, 0x00, 0x00, 0x00, 0x00, 0x00, 0x00, 0x00, 0x00, 0x00, 0x00,
  0x00, 0x00, 0x00, 0x00, 0x00, 0x00, 0x00, 0x00, 0x00, 0x00, 0x00, 0x00,
  0x00, 0x00, 0x00, 0x00, 0x00, 0x00, 0x00, 0x00, 0x00, 0x00, 0x00, 0x00,
  0x00, 0x00, 0x00, 0x00, 0x00, 0x00, 0x00, 0x00, 0x00, 0x00, 0x00, 0x00,
  0x00, 0x00, 0x00, 0x00, 0x00, 0x00, 0x00, 0x00, 0x00, 0x00, 0x00, 0x00,
  0x00, 0x00, 0x00, 0x00, 0x00, 0x00, 0x00, 0x00, 0x00, 0x00, 0x00, 0x00,
  0x00, 0x00, 0x00, 0x00, 0x00, 0x00, 0x00, 0x00, 0x00, 0x00, 0x00, 0x00,
  0x00, 0x00, 0x00, 0x00, 0x00, 0x00, 0x00, 0x00, 0x00, 0x00, 0x00, 0x00,
  0x00, 0x00, 0x00, 0x00, 0x00, 0x00, 0x00, 0x00, 0x00, 0x00, 0x00, 0x00,
  0x00, 0x00, 0x00, 0x00, 0x00, 0x00, 0x00, 0x00, 0x00, 0x00, 0x00, 0x00,
  0x00, 0x00, 0x00, 0x00, 0x00, 0x00, 0x00, 0x00, 0x00, 0x00, 0x00, 0x00,
  0x00, 0x00, 0x00, 0x00, 0x00, 0x00, 0x00, 0x00, 0x00, 0x00, 0x00, 0x00,
  0x00, 0x00, 0x00, 0x00, 0x00, 0x00, 0x00, 0x00, 0x00, 0x00, 0x00, 0x00,
  0x00, 0x00, 0x00, 0x00, 0x00, 0x00, 0x00, 0x00, 0x00, 0x00, 0x00, 0x00,
  0x00, 0x00, 0x00, 0x00, 0x00, 0x00, 0x00, 0x00, 0x00, 0x00, 0x00, 0x00,
  0x00, 0x00, 0x00, 0x00, 0x00, 0x00, 0x00, 0x00, 0x00, 0x00, 0x00, 0x00,
  0x00, 0x00, 0x00, 0x00, 0x00, 0x00, 0x00, 0x00, 0x00, 0x00, 0x00, 0x00,
  0x00, 0x00, 0x00, 0x00, 0x00, 0x00, 0x00, 0x00, 0x00, 0x00, 0x00, 0x00,
  0x00, 0x00, 0x00, 0x00, 0x00, 0x00, 0x00, 0x00, 0x00, 0x00, 0x00, 0x00,
  0x00, 0x00, 0x00, 0x00, 0x00, 0x00, 0x00, 0x00, 0x00, 0x00, 0x00, 0x00,
  0x00, 0x00, 0x00, 0x00, 0x00, 0x00, 0x00, 0x00, 0x00, 0x00, 0x00, 0x00,
  0x00, 0x00, 0x00, 0x00, 0x00, 0x00, 0x00, 0x00, 0x00, 0x00, 0x00, 0x00,
  0x00, 0x00, 0x00, 0x00, 0x00, 0x00, 0x00, 0x00, 0x00, 0x00, 0x00, 0x00,
  0x00, 0x00, 0x00, 0x00, 0x00, 0x00, 0x00, 0x00, 0x00, 0x00, 0x00, 0x00,
  0x00, 0x00, 0x00, 0x00, 0x00, 0x00, 0x00, 0x00, 0x00, 0x00, 0x00, 0x00,
  0x00, 0x00, 0x00, 0x00, 0x00, 0x00, 0x00, 0x00, 0x00, 0x00, 0x00, 0x00,
  0x00, 0x00, 0x00, 0x00, 0x00, 0x00, 0x00, 0x00, 0x00, 0x00, 0x00, 0x00,
  0x00, 0x00, 0x00, 0x00, 0x00, 0x00, 0x00, 0x00, 0x00, 0x00, 0x00, 0x00,
  0x00, 0x00, 0x00, 0x00, 0x00, 0x00, 0x00, 0x00, 0x00, 0x00, 0x00, 0x00,
  0x00, 0x00, 0x00, 0x00, 0x00, 0x00, 0x00, 0x00, 0x00, 0x00, 0x00, 0x00,
  0x00, 0x00, 0x00, 0x00, 0x00, 0x00, 0x00, 0x00, 0x00, 0x00, 0x00, 0x00,
  0x00, 0x00, 0x00, 0x00, 0x00, 0x00, 0x00, 0x00, 0x00, 0x00, 0x00, 0x00,
  0x00, 0x00, 0x00, 0x00, 0x00, 0x00, 0x00, 0x00, 0x00, 0x00, 0x00, 0x00,
  0x00, 0x00, 0x00, 0x00, 0x00, 0x00, 0x00, 0x00, 0x00, 0x00, 0x00, 0x00,
  0x00, 0x00, 0x00, 0x00, 0x00, 0x00, 0x00, 0x00, 0x00, 0x00, 0x00, 0x00,
  0x00, 0x00, 0x00, 0x00, 0x00, 0x00, 0x00, 0x00, 0x00, 0x00, 0x00, 0x00,
  0x00, 0x00, 0x00, 0x00, 0x00, 0x00, 0x00, 0x00, 0x00, 0x00, 0x00, 0x00,
  0x00, 0x00, 0x00, 0x00, 0x00, 0x00, 0x00, 0x00, 0x00, 0x00, 0x00, 0x00,
  0x00, 0x00, 0x00, 0x00, 0x00, 0x00, 0x00, 0x00, 0x00, 0x00, 0x00, 0x00,
  0x00, 0x00, 0x00, 0x00, 0x00, 0x00, 0x00, 0x00, 0x00, 0x00, 0x00, 0x00,
  0x00, 0x00, 0x00, 0x00, 0x00, 0x00, 0x00, 0x00, 0x00, 0x00, 0x00, 0x00,
  0x00, 0x00, 0x00, 0x00, 0x00, 0x00, 0x00, 0x00, 0x00, 0x00, 0x00, 0x00,
  0x00, 0x00, 0x00, 0x00, 0x00, 0x00, 0x00, 0x00, 0x00, 0x00, 0x00, 0x00,
  0x00, 0x00, 0x00, 0x00, 0x00, 0x00, 0x00, 0x00, 0x00, 0x00, 0x00, 0x00,
  0x00, 0x00, 0x00, 0x00, 0x00, 0x00, 0x00, 0x00, 0x00, 0x00, 0x00, 0x00,
  0x00, 0x00, 0x00, 0x00, 0x00, 0x00, 0x00, 0x00, 0x00, 0x00, 0x00, 0x00,
  0x00, 0x00, 0x00, 0x00, 0x00, 0x00, 0x00, 0x00, 0x00, 0x00, 0x00, 0x00,
  0x00, 0x00, 0x00, 0x00, 0x00, 0x00, 0x00, 0x00, 0x00, 0x00, 0x00, 0x00,
  0x00, 0x00, 0x00, 0x00, 0x00, 0x00, 0x00, 0x00, 0x00, 0x00, 0x00, 0x00,
  0x00, 0x00, 0x00, 0x00, 0x00, 0x00, 0x00, 0x00, 0x00, 0x00, 0x00, 0x00,
  0x00, 0x00, 0x00, 0x00, 0x00, 0x00, 0x00, 0x00, 0x00, 0x00, 0x00, 0x00,
  0x00, 0x00, 0x00, 0x00, 0x00, 0x00, 0x00, 0x00, 0x00, 0x00, 0x00, 0x00,
  0x00, 0x00, 0x00, 0x00, 0x00, 0x00, 0x00, 0x00, 0x00, 0x00, 0x00, 0x00,
  0x00, 0x00, 0x00, 0x00, 0x00, 0x00, 0x00, 0x00, 0x00, 0x00, 0x00, 0x00,
  0x00, 0x00, 0x00, 0x00, 0x00, 0x00, 0x00, 0x00, 0x00, 0x00, 0x00, 0x00,
  0x00, 0x00, 0x00, 0x00, 0x00, 0x00, 0x00, 0x00, 0x00, 0x00, 0x00, 0x00,
  0x00, 0x00, 0x00, 0x00, 0x00, 0x00, 0x00, 0x00, 0x00, 0x00, 0x00, 0x00,
  0x00, 0x00, 0x00, 0x00, 0x00, 0x00, 0x00, 0x00, 0x00, 0x00, 0x00, 0x00,
  0x00, 0x00, 0x00, 0x00, 0x00, 0x00, 0x00, 0x00, 0x00, 0x00, 0x00, 0x00,
  0x00, 0x00, 0x00, 0x00, 0x00, 0x00, 0x00, 0x00, 0x00, 0x00, 0x00, 0x00,
  0x00, 0x00, 0x00, 0x00, 0x00, 0x00, 0x00, 0x00, 0x00, 0x00, 0x00, 0x00,
  0x00, 0x00, 0x00, 0x00, 0x00, 0x00, 0x00, 0x00, 0x00, 0x00, 0x00, 0x00,
  0x00, 0x00, 0x00, 0x00, 0x00, 0x00, 0x00, 0x00, 0x00, 0x00, 0x00, 0x00,
  0x00, 0x00, 0x00, 0x00, 0x00, 0x00, 0x00, 0x00, 0x00, 0x00, 0x00, 0x00,
  0x00, 0x00, 0x00, 0x00, 0x00, 0x00, 0x00, 0x00, 0x00, 0x00, 0x00, 0x00,
  0x00, 0x00, 0x00, 0x00, 0x00, 0x00, 0x00, 0x00, 0x00, 0x00, 0x00, 0x00,
  0x00, 0x00, 0x00, 0x00, 0x00, 0x00, 0x00, 0x00, 0x00, 0x00, 0x00, 0x00,
  0x00, 0x00, 0x00, 0x00, 0x00, 0x00, 0x00, 0x00, 0x00, 0x00, 0x00, 0x00,
  0x00, 0x00, 0x00, 0x00, 0x00, 0x00, 0x00, 0x00, 0x00, 0x00, 0x00, 0x00,
  0x00, 0x00, 0x00, 0x00, 0x00, 0x00, 0x00, 0x00, 0x00, 0x00, 0x00, 0x00,
  0x00, 0x00, 0x00, 0x00, 0x00, 0x00, 0x00, 0x00, 0x00, 0x00, 0x00, 0x00,
  0x00, 0x00, 0x00, 0x00, 0x00, 0x00, 0x00, 0x00, 0x00, 0x00, 0x00, 0x00,
  0x00, 0x00, 0x00, 0x00, 0x00, 0x00, 0x00, 0x00, 0x00, 0x00, 0x00, 0x00,
  0x00, 0x00, 0x00, 0x00, 0x00, 0x00, 0x00, 0x00, 0x00, 0x00, 0x00, 0x00,
  0x00, 0x00, 0x00, 0x00, 0x00, 0x00, 0x00, 0x00, 0x00, 0x00, 0x00, 0x00,
  0x00, 0x00, 0x00, 0x00, 0x00, 0x00, 0x00, 0x00, 0x00, 0x00, 0x00, 0x00,
  0x00, 0x00, 0x00, 0x00, 0x00, 0x00, 0x00, 0x00, 0x00, 0x00, 0x00, 0x00,
  0x00, 0x00, 0x00, 0x00, 0x00, 0x00, 0x00, 0x00, 0x00, 0x00, 0x00, 0x00,
  0x00, 0x00, 0x00, 0x00, 0x00, 0x00, 0x00, 0x00, 0x00, 0x00, 0x00, 0x00,
  0x00, 0x00, 0x00, 0x00, 0x00, 0x00, 0x00, 0x00, 0x00, 0x00, 0x00, 0x00,
  0x00, 0x00, 0x00, 0x00, 0x00, 0x00, 0x00, 0x00, 0x00, 0x00, 0x00, 0x00,
  0x00, 0x00, 0x00, 0x00, 0x00, 0x00, 0x00, 0x00, 0x00, 0x00, 0x00, 0x00,
  0x00, 0x00, 0x00, 0x00, 0x00, 0x00, 0x00, 0x00, 0x00, 0x00, 0x00, 0x00,
  0x00, 0x00, 0x00, 0x00, 0x00, 0x00, 0x00, 0x00, 0x00, 0x00, 0x00, 0x00,
  0x00, 0x00, 0x00, 0x00, 0x00, 0x00, 0x00, 0x00, 0x00, 0x00, 0x00, 0x00,
  0x00, 0x00, 0x00, 0x00, 0x00, 0x00, 0x00, 0x00, 0x00, 0x00, 0x00, 0x00,
  0x00, 0x00, 0x00, 0x00, 0x00, 0x00, 0x00, 0x00, 0x00, 0x00, 0x00, 0x00,
  0x00, 0x00, 0x00, 0x00, 0x00, 0x00, 0x00, 0x00, 0x00, 0x00, 0x00, 0x00,
  0x00, 0x00, 0x00, 0x00, 0x00, 0x00, 0x00, 0x00, 0x00, 0x00, 0x00, 0x00,
  0x00, 0x00, 0x00, 0x00, 0x00, 0x00, 0x00, 0x00, 0x00, 0x00, 0x00, 0x00,
  0x00, 0x00, 0x00, 0x00, 0x00, 0x00, 0x00, 0x00, 0x00, 0x00, 0x00, 0x00,
  0x00, 0x00, 0x00, 0x00, 0x00, 0x00, 0x00, 0x00, 0x00, 0x00, 0x00, 0x00,
  0x00, 0x00, 0x00, 0x00, 0x00, 0x00, 0x00, 0x00, 0x00, 0x00, 0x00, 0x00,
  0x00, 0x00, 0x00, 0x00, 0x00, 0x00, 0x00, 0x00, 0x00, 0x00, 0x00, 0x00,
  0x00, 0x00, 0x00, 0x00, 0x00, 0x00, 0x00, 0x00, 0x00, 0x00, 0x00, 0x00,
  0x00, 0x00, 0x00, 0x00, 0x00, 0x00, 0x00, 0x00, 0x00, 0x00, 0x00, 0x00,
  0x00, 0x00, 0x00, 0x00, 0x00, 0x00, 0x00, 0x00, 0x00, 0x00, 0x00, 0x00,
  0x00, 0x00, 0x00, 0x00, 0x00, 0x00, 0x00, 0x00, 0x00, 0x00, 0x00, 0x00,
  0x00, 0x00, 0x00, 0x00, 0x00, 0x00, 0x00, 0x00, 0x00, 0x00, 0x00, 0x00,
  0x00, 0x00, 0x00, 0x00, 0x00, 0x00, 0x00, 0x00, 0x00, 0x00, 0x00, 0x00,
  0x00, 0x00, 0x00, 0x00, 0x00, 0x00, 0x00, 0x00, 0x00, 0x00, 0x00, 0x00,
  0x00, 0x00, 0x00, 0x00, 0x00, 0x00, 0x00, 0x00, 0x00, 0x00, 0x00, 0x00,
  0x00, 0x00, 0x00, 0x00, 0x00, 0x00, 0x00, 0x00, 0x00, 0x00, 0x00, 0x00,
  0x00, 0x00, 0x00, 0x00, 0x00, 0x00, 0x00, 0x00, 0x00, 0x00, 0x00, 0x00,
  0x00, 0x00, 0x00, 0x00, 0x00, 0x00, 0x00, 0x00, 0x00, 0x00, 0x00, 0x00,
  0x00, 0x00, 0x00, 0x00, 0x00, 0x00, 0x00, 0x00, 0x00, 0x00, 0x00, 0x00,
  0x00, 0x00, 0x00, 0x00, 0x00, 0x00, 0x00, 0x00, 0x00, 0x00, 0x00, 0x00,
  0x00, 0x00, 0x00, 0x00, 0x00, 0x00, 0x00, 0x00, 0x00, 0x00, 0x00, 0x00,
  0x00, 0x00, 0x00, 0x00, 0x00, 0x00, 0x00, 0x00, 0x00, 0x00, 0x00, 0x00,
  0x00, 0x00, 0x00, 0x00, 0x00, 0x00, 0x00, 0x00, 0x00, 0x00, 0x00, 0x00,
  0x00, 0x00, 0x00, 0x00, 0x00, 0x00, 0x00, 0x00, 0x00, 0x00, 0x00, 0x00,
  0x00, 0x00, 0x00, 0x00, 0x00, 0x00, 0x00, 0x00, 0x00, 0x00, 0x00, 0x00,
  0x00, 0x00, 0x00, 0x00, 0x00, 0x00, 0x00, 0x00, 0x00, 0x00, 0x00, 0x00,
  0x00, 0x00, 0x00, 0x00, 0x00, 0x00, 0x00, 0x00, 0x00, 0x00, 0x00, 0x00,
  0x00, 0x00, 0x00, 0x00, 0x00, 0x00, 0x00, 0x00, 0x00, 0x00, 0x00, 0x00,
  0x00, 0x00, 0x00, 0x00, 0x00, 0x00, 0x00, 0x00, 0x00, 0x00, 0x00, 0x00,
  0x00, 0x00, 0x00, 0x00, 0x00, 0x00, 0x00, 0x00, 0x00, 0x00, 0x00, 0x00,
  0x00, 0x00, 0x00, 0x00, 0x00, 0x00, 0x00, 0x00, 0x00, 0x00, 0x00, 0x00,
  0x00, 0x00, 0x00, 0x00, 0x00, 0x00, 0x00, 0x00, 0x00, 0x00, 0x00, 0x00,
  0x00, 0x00, 0x00, 0x00, 0x00, 0x00, 0x00, 0x00, 0x00, 0x00, 0x00, 0x00,
  0x00, 0x00, 0x00, 0x00, 0x00, 0x00, 0x00, 0x00, 0x00, 0x00, 0x00, 0x00,
  0x00, 0x00, 0x00, 0x00, 0x00, 0x00, 0x00, 0x00, 0x00, 0x00, 0x00, 0x00,
  0x00, 0x00, 0x00, 0x00, 0x00, 0x00, 0x00, 0x00, 0x00, 0x00, 0x00, 0x00,
  0x00, 0x00, 0x00, 0x00, 0x00, 0x00, 0x00, 0x00, 0x00, 0x00, 0x00, 0x00,
  0x00, 0x00, 0x00, 0x00, 0x00, 0x00, 0x00, 0x00, 0x00, 0x00, 0x00, 0x00,
  0x00, 0x00, 0x00, 0x00, 0x00, 0x00, 0x00, 0x00, 0x00, 0x00, 0x00, 0x00,
  0x00, 0x00, 0x00, 0x00, 0x00, 0x00, 0x00, 0x00, 0x00, 0x00, 0x00, 0x00,
  0x00, 0x00, 0x00, 0x00, 0x00, 0x00, 0x00, 0x00, 0x00, 0x00, 0x00, 0x00,
  0x00, 0x00, 0x00, 0x00, 0x00, 0x00, 0x00, 0x00, 0x00, 0x00, 0x00, 0x00,
  0x00, 0x00, 0x00, 0x00, 0x00, 0x00, 0x00, 0x00, 0x00, 0x00, 0x00, 0x00,
  0x00, 0x00, 0x00, 0x00, 0x00, 0x00, 0x00, 0x00, 0x00, 0x00, 0x00, 0x00,
  0x00, 0x00, 0x00, 0x00, 0x00, 0x00, 0x00, 0x00, 0x00, 0x00, 0x00, 0x00,
  0x00, 0x00, 0x00, 0x00, 0x00, 0x00, 0x00, 0x00, 0x00, 0x00, 0x00, 0x00,
  0x00, 0x00, 0x00, 0x00, 0x00, 0x00, 0x00, 0x00, 0x00, 0x00, 0x00, 0x00,
  0x00, 0x00, 0x00, 0x00, 0x00, 0x00, 0x00, 0x00, 0x00, 0x00, 0x00, 0x00,
  0x00, 0x00, 0x00, 0x00, 0x00, 0x00, 0x00, 0x00, 0x00, 0x00, 0x00, 0x00,
  0x00, 0x00, 0x00, 0x00, 0x00, 0x00, 0x00, 0x00, 0x00, 0x00, 0x00, 0x00,
  0x00, 0x00, 0x00, 0x00, 0x00, 0x00, 0x00, 0x00, 0x00, 0x00, 0x00, 0x00,
  0x00, 0x00, 0x00, 0x00, 0x00, 0x00, 0x00, 0x00, 0x00, 0x00, 0x00, 0x00,
  0x00, 0x00, 0x00, 0x00, 0x00, 0x00, 0x00, 0x00, 0x00, 0x00, 0x00, 0x00,
  0x00, 0x00, 0x00, 0x00, 0x00, 0x00, 0x00, 0x00, 0x00, 0x00, 0x00, 0x00,
  0x00, 0x00, 0x00, 0x00, 0x00, 0x00, 0x00, 0x00, 0x00, 0x00, 0x00, 0x00,
  0x00, 0x00, 0x00, 0x00, 0x00, 0x00, 0x00, 0x00, 0x00, 0x00, 0x00, 0x00,
  0x00, 0x00, 0x00, 0x00, 0x00, 0x00, 0x00, 0x00, 0x00, 0x00, 0x00, 0x00,
  0x00, 0x00, 0x00, 0x00, 0x00, 0x00, 0x00, 0x00, 0x00, 0x00, 0x00, 0x00,
  0x00, 0x00, 0x00, 0x00, 0x00, 0x00, 0x00, 0x00, 0x00, 0x00, 0x00, 0x00,
  0x00, 0x00, 0x00, 0x00, 0x00, 0x00, 0x00, 0x00, 0x00, 0x00, 0x00, 0x00,
  0x00, 0x00, 0x00, 0x00, 0x00, 0x00, 0x00, 0x00, 0x00, 0x00, 0x00, 0x00,
  0x00, 0x00, 0x00, 0x00, 0x00, 0x00, 0x00, 0x00, 0x00, 0x00, 0x00, 0x00,
  0x00, 0x00, 0x00, 0x00, 0x00, 0x00, 0x00, 0x00, 0x00, 0x00, 0x00, 0x00,
  0x00, 0x00, 0x00, 0x00, 0x00, 0x00, 0x00, 0x00, 0x00, 0x00, 0x00, 0x00,
  0x00, 0x00, 0x00, 0x00, 0x00, 0x00, 0x00, 0x00, 0x00, 0x00, 0x00, 0x00,
  0x00, 0x00, 0x00, 0x00, 0x00, 0x00, 0x00, 0x00, 0x00, 0x00, 0x00, 0x00,
  0x00, 0x00, 0x00, 0x00, 0x00, 0x00, 0x00, 0x00, 0x00, 0x00, 0x00, 0x00,
  0x00, 0x00, 0x00, 0x00, 0x00, 0x00, 0x00, 0x00, 0x00, 0x00, 0x00, 0x00,
  0x00, 0x00, 0x00, 0x00, 0x00, 0x00, 0x00, 0x00, 0x00, 0x00, 0x00, 0x00,
  0x00, 0x00, 0x00, 0x00, 0x00, 0x00, 0x00, 0x00, 0x00, 0x00, 0x00, 0x00,
  0x00, 0x00, 0x00, 0x00, 0x00, 0x00, 0x00, 0x00, 0x00, 0x00, 0x00, 0x00,
  0x00, 0x00, 0x00, 0x00, 0x00, 0x00, 0x00, 0x00, 0x00, 0x00, 0x00, 0x00,
  0x00, 0x00, 0x00, 0x00, 0x00, 0x00, 0x00, 0x00, 0x00, 0x00, 0x00, 0x00,
  0x00, 0x00, 0x00, 0x00, 0x00, 0x00, 0x00, 0x00, 0x00, 0x00, 0x00, 0x00,
  0x00, 0x00, 0x00, 0x00, 0x00, 0x00, 0x00, 0x00, 0x00, 0x00, 0x00, 0x00,
  0x00, 0x00, 0x00, 0x00, 0x00, 0x00, 0x00, 0x00, 0x00, 0x00, 0x00, 0x00,
  0x00, 0x00, 0x00, 0x00, 0x00, 0x00, 0x00, 0x00, 0x00, 0x00, 0x00, 0x00,
  0x00, 0x00, 0x00, 0x00, 0x00, 0x00, 0x00, 0x00, 0x00, 0x00, 0x00, 0x00,
  0x00, 0x00, 0x00, 0x00, 0x00, 0x00, 0x00, 0x00, 0x00, 0x00, 0x00, 0x00,
  0x00, 0x00, 0x00, 0x00, 0x00, 0x00, 0x00, 0x00, 0x00, 0x00, 0x00, 0x00,
  0x00, 0x00, 0x00, 0x00, 0x00, 0x00, 0x00, 0x00, 0x00, 0x00, 0x00, 0x00,
  0x00, 0x00, 0x00, 0x00, 0x00, 0x00, 0x00, 0x00, 0x00, 0x00, 0x00, 0x00,
  0x00, 0x00, 0x00, 0x00, 0x00, 0x00, 0x00, 0x00, 0x00, 0x00, 0x00, 0x00,
  0x00, 0x00, 0x00, 0x00, 0x00, 0x00, 0x00, 0x00, 0x00, 0x00, 0x00, 0x00,
  0x00, 0x00, 0x00, 0x00, 0x00, 0x00, 0x00, 0x00, 0x00, 0x00, 0x00, 0x00,
  0x00, 0x00, 0x00, 0x00, 0x00, 0x00, 0x00, 0x00, 0x00, 0x00, 0x00, 0x00,
  0x00, 0x00, 0x00, 0x00, 0x00, 0x00, 0x00, 0x00, 0x00, 0x00, 0x00, 0x00,
  0x00, 0x00, 0x00, 0x00, 0x00, 0x00, 0x00, 0x00, 0x00, 0x00, 0x00, 0x00,
  0x00, 0x00, 0x00, 0x00, 0x00, 0x00, 0x00, 0x00, 0x00, 0x00, 0x00, 0x00,
  0x00, 0x00, 0x00, 0x00, 0x00, 0x00, 0x00, 0x00, 0x00, 0x00, 0x00, 0x00,
  0x00, 0x00, 0x00, 0x00, 0x00, 0x00, 0x00, 0x00, 0x00, 0x00, 0x00, 0x00,
  0x00, 0x00, 0x00, 0x00, 0x00, 0x00, 0x00, 0x00, 0x00, 0x00, 0x00, 0x00,
  0x00, 0x00, 0x00, 0x00, 0x00, 0x00, 0x00, 0x00, 0x00, 0x00, 0x00, 0x00,
  0x00, 0x00, 0x00, 0x00, 0x00, 0x00, 0x00, 0x00, 0x00, 0x00, 0x00, 0x00,
  0x00, 0x00, 0x00, 0x00, 0x00, 0x00, 0x00, 0x00, 0x00, 0x00, 0x00, 0x00,
  0x00, 0x00, 0x00, 0x00, 0x00, 0x00, 0x00, 0x00, 0x00, 0x00, 0x00, 0x00,
  0x00, 0x00, 0x00, 0x00, 0x00, 0x00, 0x00, 0x00, 0x00, 0x00, 0x00, 0x00,
  0x00, 0x00, 0x00, 0x00, 0x00, 0x00, 0x00, 0x00, 0x00, 0x00, 0x00, 0x00,
  0x00, 0x00, 0x00, 0x00, 0x00, 0x00, 0x00, 0x00, 0x00, 0x00, 0x00, 0x00,
  0x00, 0x00, 0x00, 0x00, 0x00, 0x00, 0x00, 0x00, 0x00, 0x00, 0x00, 0x00,
  0x00, 0x00, 0x00, 0x00, 0x00, 0x00, 0x00, 0x00, 0x00, 0x00, 0x00, 0x00,
  0x00, 0x00, 0x00, 0x00, 0x00, 0x00, 0x00, 0x00, 0x00, 0x00, 0x00, 0x00,
  0x00, 0x00, 0x00, 0x00, 0x00, 0x00, 0x00, 0x00, 0x00, 0x00, 0x00, 0x00,
  0x00, 0x00, 0x00, 0x00, 0x00, 0x00, 0x00, 0x00, 0x00, 0x00, 0x00, 0x00,
  0x00, 0x00, 0x00, 0x00, 0x00, 0x00, 0x00, 0x00, 0x00, 0x00, 0x00, 0x00,
  0x00, 0x00, 0x00, 0x00, 0x00, 0x00, 0x00, 0x00, 0x00, 0x00, 0x00, 0x00,
  0x00, 0x00, 0x00, 0x00, 0x00, 0x00, 0x00, 0x00, 0x00, 0x00, 0x00, 0x00,
  0x00, 0x00, 0x00, 0x00, 0x00, 0x00, 0x00, 0x00, 0x00, 0x00, 0x00, 0x00,
  0x00, 0x00, 0x00, 0x00, 0x00, 0x00, 0x00, 0x00, 0x00, 0x00, 0x00, 0x00,
  0x00, 0x00, 0x00, 0x00, 0x00, 0x00, 0x00, 0x00, 0x00, 0x00, 0x00, 0x00,
  0x00, 0x00, 0x00, 0x00, 0x00, 0x00, 0x00, 0x00, 0x00, 0x00, 0x00, 0x00,
  0x00, 0x00, 0x00, 0x00, 0x00, 0x00, 0x00, 0x00, 0x00, 0x00, 0x00, 0x00,
  0x00, 0x00, 0x00, 0x00, 0x00, 0x00, 0x00, 0x00, 0x00, 0x00, 0x00, 0x00,
  0x00, 0x00, 0x00, 0x00, 0x00, 0x00, 0x00, 0x00, 0x00, 0x00, 0x00, 0x00,
  0x00, 0x00, 0x00, 0x00, 0x00, 0x00, 0x00, 0x00, 0x00, 0x00, 0x00, 0x00,
  0x00, 0x00, 0x00, 0x00, 0x00, 0x00, 0x00, 0x00, 0x00, 0x00, 0x00, 0x00,
  0x00, 0x00, 0x00, 0x00, 0x00, 0x00, 0x00, 0x00, 0x00, 0x00, 0x00, 0x00,
  0x00, 0x00, 0x00, 0x00, 0x00, 0x00, 0x00, 0x00, 0x00, 0x00, 0x00, 0x00,
  0x00, 0x00, 0x00, 0x00, 0x00, 0x00, 0x00, 0x00, 0x00, 0x00, 0x00, 0x00,
  0x00, 0x00, 0x00, 0x00, 0x00, 0x00, 0x00, 0x00, 0x00, 0x00, 0x00, 0x00,
  0x00, 0x00, 0x00, 0x00, 0x00, 0x00, 0x00, 0x00, 0x00, 0x00, 0x00, 0x00,
  0x00, 0x00, 0x00, 0x00, 0x00, 0x00, 0x00, 0x00, 0x00, 0x00, 0x00, 0x00,
  0x00, 0x00, 0x00, 0x00, 0x00, 0x00, 0x00, 0x00, 0x00, 0x00, 0x00, 0x00,
  0x00, 0x00, 0x00, 0x00, 0x00, 0x00, 0x00, 0x00, 0x00, 0x00, 0x00, 0x00,
  0x00, 0x00, 0x00, 0x00, 0x00, 0x00, 0x00, 0x00, 0x00, 0x00, 0x00, 0x00,
  0x00, 0x00, 0x00, 0x00, 0x00, 0x00, 0x00, 0x00, 0x00, 0x00, 0x00, 0x00,
  0x00, 0x00, 0x00, 0x00, 0x00, 0x00, 0x00, 0x00, 0x00, 0x00, 0x00, 0x00,
  0x00, 0x00, 0x00, 0x00, 0x00, 0x00, 0x00, 0x00, 0x00, 0x00, 0x00, 0x00,
  0x00, 0x00, 0x00, 0x00, 0x00, 0x00, 0x00, 0x00, 0x00, 0x00, 0x00, 0x00,
  0x00, 0x00, 0x00, 0x00, 0x00, 0x00, 0x00, 0x00, 0x00, 0x00, 0x00, 0x00,
  0x00, 0x00, 0x00, 0x00, 0x00, 0x00, 0x00, 0x00, 0x00, 0x00, 0x00, 0x00,
  0x00, 0x00, 0x00, 0x00, 0x00, 0x00, 0x00, 0x00, 0x00, 0x00, 0x00, 0x00,
  0x00, 0x00, 0x00, 0x00, 0x00, 0x00, 0x00, 0x00, 0x00, 0x00, 0x00, 0x00,
  0x00, 0x00, 0x00, 0x00, 0x00, 0x00, 0x00, 0x00, 0x00, 0x00, 0x00, 0x00,
  0x00, 0x00, 0x00, 0x00, 0x00, 0x00, 0x00, 0x00, 0x00, 0x00, 0x00, 0x00,
  0x00, 0x00, 0x00, 0x00, 0x00, 0x00, 0x00, 0x00, 0x00, 0x00, 0x00, 0x00,
  0x00, 0x00, 0x00, 0x00, 0x00, 0x00, 0x00, 0x00, 0x00, 0x00, 0x00, 0x00,
  0x00, 0x00, 0x00, 0x00, 0x00, 0x00, 0x00, 0x00, 0x00, 0x00, 0x00, 0x00,
  0x00, 0x00, 0x00, 0x00, 0x00, 0x00, 0x00, 0x00, 0x00, 0x00, 0x00, 0x00,
  0x00, 0x00, 0x00, 0x00, 0x00, 0x00, 0x00, 0x00, 0x00, 0x00, 0x00, 0x00,
  0x00, 0x00, 0x00, 0x00, 0x00, 0x00, 0x00, 0x00, 0x00, 0x00, 0x00, 0x00,
  0x00, 0x00, 0x00, 0x00, 0x00, 0x00, 0x00, 0x00, 0x00, 0x00, 0x00, 0x00,
  0x00, 0x00, 0x00, 0x00, 0x00, 0x00, 0x00, 0x00, 0x00, 0x00, 0x00, 0x00,
  0x00, 0x00, 0x00, 0x00, 0x00, 0x00, 0x00, 0x00, 0x00, 0x00, 0x00, 0x00,
  0x00, 0x00, 0x00, 0x00, 0x00, 0x00, 0x00, 0x00, 0x00, 0x00, 0x00, 0x00,
  0x00, 0x00, 0x00, 0x00, 0x00, 0x00, 0x00, 0x00, 0x00, 0x00, 0x00, 0x00,
  0x00, 0x00, 0x00, 0x00, 0x00, 0x00, 0x00, 0x00, 0x00, 0x00, 0x00, 0x00,
  0x00, 0x00, 0x00, 0x00, 0x00, 0x00, 0x00, 0x00, 0x00, 0x00, 0x00, 0x00,
  0x00, 0x00, 0x00, 0x00, 0x00, 0x00, 0x00, 0x00, 0x00, 0x00, 0x00, 0x00,
  0x00, 0x00, 0x00, 0x00, 0x00, 0x00, 0x00, 0x00, 0x00, 0x00, 0x00, 0x00,
  0x00, 0x00, 0x00, 0x00, 0x00, 0x00, 0x00, 0x00, 0x00, 0x00, 0x00, 0x00,
  0x00, 0x00, 0x00, 0x00, 0x00, 0x00, 0x00, 0x00, 0x00, 0x00, 0x00, 0x00,
  0x00, 0x00, 0x00, 0x00, 0x00, 0x00, 0x00, 0x00, 0x00, 0x00, 0x00, 0x00,
  0x00, 0x00, 0x00, 0x00, 0x00, 0x00, 0x00, 0x00, 0x00, 0x00, 0x00, 0x00,
  0x00, 0x00, 0x00, 0x00, 0x00, 0x00, 0x00, 0x00, 0x00, 0x00, 0x00, 0x00,
  0x00, 0x00, 0x00, 0x00, 0x00, 0x00, 0x00, 0x00, 0x00, 0x00, 0x00, 0x00,
  0x00, 0x00, 0x00, 0x00, 0x00, 0x00, 0x00, 0x00, 0x00, 0x00, 0x00, 0x00,
  0x00, 0x00, 0x00, 0x00, 0x00, 0x00, 0x00, 0x00, 0x00, 0x00, 0x00, 0x00,
  0x00, 0x00, 0x00, 0x00, 0x00, 0x00, 0x00, 0x00, 0x00, 0x00, 0x00, 0x00,
  0x00, 0x00, 0x00, 0x00, 0x00, 0x00, 0x00, 0x00, 0x00, 0x00, 0x00, 0x00,
  0x00, 0x00, 0x00, 0x00, 0x00, 0x00, 0x00, 0x00, 0x00, 0x00, 0x00, 0x00,
  0x00, 0x00, 0x00, 0x00, 0x00, 0x00, 0x00, 0x00, 0x00, 0x00, 0x00, 0x00,
  0x00, 0x00, 0x00, 0x00, 0x00, 0x00, 0x00, 0x00, 0x00, 0x00, 0x00, 0x00,
  0x00, 0x00, 0x00, 0x00, 0x00, 0x00, 0x00, 0x00, 0x00, 0x00, 0x00, 0x00,
  0x00, 0x00, 0x00, 0x00, 0x00, 0x00, 0x00, 0x00, 0x00, 0x00, 0x00, 0x00,
  0x00, 0x00, 0x00, 0x00, 0x00, 0x00, 0x00, 0x00, 0x00, 0x00, 0x00, 0x00,
  0x00, 0x00, 0x00, 0x00, 0x00, 0x00, 0x00, 0x00, 0x00, 0x00, 0x00, 0x00,
  0x00, 0x00, 0x00, 0x00, 0x00, 0x00, 0x00, 0x00, 0x00, 0x00, 0x00, 0x00,
  0x00, 0x00, 0x00, 0x00, 0x00, 0x00, 0x00, 0x00, 0x00, 0x00, 0x00, 0x00,
  0x00, 0x00, 0x00, 0x00, 0x00, 0x00, 0x00, 0x00, 0x00, 0x00, 0x00, 0x00,
  0x00, 0x00, 0x00, 0x00, 0x00, 0x00, 0x00, 0x00, 0x00, 0x00, 0x00, 0x00,
  0x00, 0x00, 0x00, 0x00, 0x00, 0x00, 0x00, 0x00, 0x00, 0x00, 0x00, 0x00,
  0x00, 0x00, 0x00, 0x00, 0x00, 0x00, 0x00, 0x00, 0x00, 0x00, 0x00, 0x00,
  0x00, 0x00, 0x00, 0x00, 0x00, 0x00, 0x00, 0x00, 0x00, 0x00, 0x00, 0x00,
  0x00, 0x00, 0x00, 0x00, 0x00, 0x00, 0x00, 0x00, 0x00, 0x00, 0x00, 0x00,
  0x00, 0x00, 0x00, 0x00, 0x00, 0x00, 0x00, 0x00, 0x00, 0x00, 0x00, 0x00,
  0x00, 0x00, 0x00, 0x00, 0x00, 0x00, 0x00, 0x00, 0x00, 0x00, 0x00, 0x00,
  0x00, 0x00, 0x00, 0x00, 0x00, 0x00, 0x00, 0x00, 0x00, 0x00, 0x00, 0x00,
  0x00, 0x00, 0x00, 0x00, 0x00, 0x00, 0x00, 0x00, 0x00, 0x00, 0x00, 0x00,
  0x00, 0x00, 0x00, 0x00, 0x00, 0x00, 0x00, 0x00, 0x00, 0x00, 0x00, 0x00,
  0x00, 0x00, 0x00, 0x00, 0x00, 0x00, 0x00, 0x00, 0x00, 0x00, 0x00, 0x00,
  0x00, 0x00, 0x00, 0x00, 0x00, 0x00, 0x00, 0x00, 0x00, 0x00, 0x00, 0x00,
  0x00, 0x00, 0x00, 0x00, 0x00, 0x00, 0x00, 0x00, 0x00, 0x00, 0x00, 0x00,
  0x00, 0x00, 0x00, 0x00, 0x00, 0x00, 0x00, 0x00, 0x00, 0x00, 0x00, 0x00,
  0x00, 0x00, 0x00, 0x00, 0x00, 0x00, 0x00, 0x00, 0x00, 0x00, 0x00, 0x00,
  0x00, 0x00, 0x00, 0x00, 0x00, 0x00, 0x00, 0x00, 0x00, 0x00, 0x00, 0x00,
  0x00, 0x00, 0x00, 0x00, 0x00, 0x00, 0x00, 0x00, 0x00, 0x00, 0x00, 0x00,
  0x00, 0x00, 0x00, 0x00, 0x00, 0x00, 0x00, 0x00, 0x00, 0x00, 0x00, 0x00,
  0x00, 0x00, 0x00, 0x00, 0x00, 0x00, 0x00, 0x00, 0x00, 0x00, 0x00, 0x00,
  0x00, 0x00, 0x00, 0x00, 0x00, 0x00, 0x00, 0x00, 0x00, 0x00, 0x00, 0x00,
  0x00, 0x00, 0x00, 0x00, 0x00, 0x00, 0x00, 0x00, 0x00, 0x00, 0x00, 0x00,
  0x00, 0x00, 0x00, 0x00, 0x00, 0x00, 0x00, 0x00, 0x00, 0x00, 0x00, 0x00,
  0x00, 0x00, 0x00, 0x00, 0x00, 0x00, 0x00, 0x00, 0x00, 0x00, 0x00, 0x00,
  0x00, 0x00, 0x00, 0x00, 0x00, 0x00, 0x00, 0x00, 0x00, 0x00, 0x00, 0x00,
  0x00, 0x00, 0x00, 0x00, 0x00, 0x00, 0x00, 0x00, 0x00, 0x00, 0x00, 0x00,
  0x00, 0x00, 0x00, 0x00, 0x00, 0x00, 0x00, 0x00, 0x00, 0x00, 0x00, 0x00,
  0x00, 0x00, 0x00, 0x00, 0x00, 0x00, 0x00, 0x00, 0x00, 0x00, 0x00, 0x00,
  0x00, 0x00, 0x00, 0x00, 0x00, 0x00, 0x00, 0x00, 0x00, 0x00, 0x00, 0x00,
  0x00, 0x00, 0x00, 0x00, 0x00, 0x00, 0x00, 0x00, 0x00, 0x00, 0x00, 0x00,
  0x00, 0x00, 0x00, 0x00, 0x00, 0x00, 0x00, 0x00, 0x00, 0x00, 0x00, 0x00,
  0x00, 0x00, 0x00, 0x00, 0x00, 0x00, 0x00, 0x00, 0x00, 0x00, 0x00, 0x00,
  0x00, 0x00, 0x00, 0x00, 0x00, 0x00, 0x00, 0x00, 0x00, 0x00, 0x00, 0x00,
  0x00, 0x00, 0x00, 0x00, 0x00, 0x00, 0x00, 0x00, 0x00, 0x00, 0x00, 0x00,
  0x00, 0x00, 0x00, 0x00, 0x00, 0x00, 0x00, 0x00, 0x00, 0x00, 0x00, 0x00,
  0x00, 0x00, 0x00, 0x00, 0x00, 0x00, 0x00, 0x00, 0x00, 0x00, 0x00, 0x00,
  0x00, 0x00, 0x00, 0x00, 0x00, 0x00, 0x00, 0x00, 0x00, 0x00, 0x00, 0x00,
  0x00, 0x00, 0x00, 0x00, 0x00, 0x00, 0x00, 0x00, 0x00, 0x00, 0x00, 0x00,
  0x00, 0x00, 0x00, 0x00, 0x00, 0x00, 0x00, 0x00, 0x00, 0x00, 0x00, 0x00,
  0x00, 0x00, 0x00, 0x00, 0x00, 0x00, 0x00, 0x00, 0x00, 0x00, 0x00, 0x00,
  0x00, 0x00, 0x00, 0x00, 0x00, 0x00, 0x00, 0x00, 0x00, 0x00, 0x00, 0x00,
  0x00, 0x00, 0x00, 0x00, 0x00, 0x00, 0x00, 0x00, 0x00, 0x00, 0x00, 0x00,
  0x00, 0x00, 0x00, 0x00, 0x00, 0x00, 0x00, 0x00, 0x00, 0x00, 0x00, 0x00,
  0x00, 0x00, 0x00, 0x00, 0x00, 0x00, 0x00, 0x00, 0x00, 0x00, 0x00, 0x00,
  0x00, 0x00, 0x00, 0x00, 0x00, 0x00, 0x00, 0x00, 0x00, 0x00, 0x00, 0x00,
  0x00, 0x00, 0x00, 0x00, 0x00, 0x00, 0x00, 0x00, 0x00, 0x00, 0x00, 0x00,
  0x00, 0x00, 0x00, 0x00, 0x00, 0x00, 0x00, 0x00, 0x00, 0x00, 0x00, 0x00,
  0x00, 0x00, 0x00, 0x00, 0x00, 0x00, 0x00, 0x00, 0x00, 0x00, 0x00, 0x00,
  0x00, 0x00, 0x00, 0x00, 0x00, 0x00, 0x00, 0x00, 0x00, 0x00, 0x00, 0x00,
  0x00, 0x00, 0x00, 0x00, 0x00, 0x00, 0x00, 0x00, 0x00, 0x00, 0x00, 0x00,
  0x00, 0x00, 0x00, 0x00, 0x00, 0x00, 0x00, 0x00, 0x00, 0x00, 0x00, 0x00,
  0x00, 0x00, 0x00, 0x00, 0x00, 0x00, 0x00, 0x00, 0x00, 0x00, 0x00, 0x00,
  0x00, 0x00, 0x00, 0x00, 0x00, 0x00, 0x00, 0x00, 0x00, 0x00, 0x00, 0x00,
  0x00, 0x00, 0x00, 0x00, 0x00, 0x00, 0x00, 0x00, 0x00, 0x00, 0x00, 0x00,
  0x00, 0x00, 0x00, 0x00, 0x00, 0x00, 0x00, 0x00, 0x00, 0x00, 0x00, 0x00,
  0x00, 0x00, 0x00, 0x00, 0x00, 0x00, 0x00, 0x00, 0x00, 0x00, 0x00, 0x00,
  0x00, 0x00, 0x00, 0x00, 0x00, 0x00, 0x00, 0x00, 0x00, 0x00, 0x00, 0x00,
  0x00, 0x00, 0x00, 0x00, 0x00, 0x00, 0x00, 0x00, 0x00, 0x00, 0x00, 0x00,
  0x00, 0x00, 0x00, 0x00, 0x00, 0x00, 0x00, 0x00, 0x00, 0x00, 0x00, 0x00,
  0x00, 0x00, 0x00, 0x00, 0x00, 0x00, 0x00, 0x00, 0x00, 0x00, 0x00, 0x00,
  0x00, 0x00, 0x00, 0x00, 0x00, 0x00, 0x00, 0x00, 0x00, 0x00, 0x00, 0x00,
  0x00, 0x00, 0x00, 0x00, 0x00, 0x00, 0x00, 0x00, 0x00, 0x00, 0x00, 0x00,
  0x00, 0x00, 0x00, 0x00, 0x00, 0x00, 0x00, 0x00, 0x00, 0x00, 0x00, 0x00,
  0x00, 0x00, 0x00, 0x00, 0x00, 0x00, 0x00, 0x00, 0x00, 0x00, 0x00, 0x00,
  0x00, 0x00, 0x00, 0x00, 0x00, 0x00, 0x00, 0x00, 0x00, 0x00, 0x00, 0x00,
  0x00, 0x00, 0x00, 0x00, 0x00, 0x00, 0x00, 0x00, 0x00, 0x00, 0x00, 0x00,
  0x00, 0x00, 0x00, 0x00, 0x00, 0x00, 0x00, 0x00, 0x00, 0x00, 0x00, 0x00,
  0x00, 0x00, 0x00, 0x00, 0x00, 0x00, 0x00, 0x00, 0x00, 0x00, 0x00, 0x00,
  0x00, 0x00, 0x00, 0x00, 0x00, 0x00, 0x00, 0x00, 0x00, 0x00, 0x00, 0x00,
  0x00, 0x00, 0x00, 0x00, 0x00, 0x00, 0x00, 0x00, 0x00, 0x00, 0x00, 0x00,
  0x00, 0x00, 0x00, 0x00, 0x00, 0x00, 0x00, 0x00, 0x00, 0x00, 0x00, 0x00,
  0x00, 0x00, 0x00, 0x00, 0x00, 0x00, 0x00, 0x00, 0x00, 0x00, 0x00, 0x00,
  0x00, 0x00, 0x00, 0x00, 0x00, 0x00, 0x00, 0x00, 0x00, 0x00, 0x00, 0x00,
  0x00, 0x00, 0x00, 0x00, 0x00, 0x00, 0x00, 0x00, 0x00, 0x00, 0x00, 0x00,
  0x00, 0x00, 0x00, 0x00, 0x00, 0x00, 0x00, 0x00, 0x00, 0x00, 0x00, 0x00,
  0x00, 0x00, 0x00, 0x00, 0x00, 0x00, 0x00, 0x00, 0x00, 0x00, 0x00, 0x00,
  0x00, 0x00, 0x00, 0x00, 0x00, 0x00, 0x00, 0x00, 0x00, 0x00, 0x00, 0x00,
  0x00, 0x00, 0x00, 0x00, 0x00, 0x00, 0x00, 0x00, 0x00, 0x00, 0x00, 0x00,
  0x00, 0x00, 0x00, 0x00, 0x00, 0x00, 0x00, 0x00, 0x00, 0x00, 0x00, 0x00,
  0x00, 0x00, 0x00, 0x00, 0x00, 0x00, 0x00, 0x00, 0x00, 0x00, 0x00, 0x00,
  0x00, 0x00, 0x00, 0x00, 0x00, 0x00, 0x00, 0x00, 0x00, 0x00, 0x00, 0x00,
  0x00, 0x00, 0x00, 0x00, 0x00, 0x00, 0x00, 0x00, 0x00, 0x00, 0x00, 0x00,
  0x00, 0x00, 0x00, 0x00, 0x00, 0x00, 0x00, 0x00, 0x00, 0x00, 0x00, 0x00,
  0x00, 0x00, 0x00, 0x00, 0x00, 0x00, 0x00, 0x00, 0x00, 0x00, 0x00, 0x00,
  0x00, 0x00, 0x00, 0x00, 0x00, 0x00, 0x00, 0x00, 0x00, 0x00, 0x00, 0x00,
  0x00, 0x00, 0x00, 0x00, 0x00, 0x00, 0x00, 0x00, 0x00, 0x00, 0x00, 0x00,
  0x00, 0x00, 0x00, 0x00, 0x00, 0x00, 0x00, 0x00, 0x00, 0x00, 0x00, 0x00,
  0x00, 0x00, 0x00, 0x00, 0x00, 0x00, 0x00, 0x00, 0x00, 0x00, 0x00, 0x00,
  0x00, 0x00, 0x00, 0x00, 0x00, 0x00, 0x00, 0x00, 0x00, 0x00, 0x00, 0x00,
  0x00, 0x00, 0x00, 0x00, 0x00, 0x00, 0x00, 0x00, 0x00, 0x00, 0x00, 0x00,
  0x00, 0x00, 0x00, 0x00, 0x00, 0x00, 0x00, 0x00, 0x00, 0x00, 0x00, 0x00,
  0x00, 0x00, 0x00, 0x00, 0x00, 0x00, 0x00, 0x00, 0x00, 0x00, 0x00, 0x00,
  0x00, 0x00, 0x00, 0x00, 0x00, 0x00, 0x00, 0x00, 0x00, 0x00, 0x00, 0x00,
  0x00, 0x00, 0x00, 0x00, 0x00, 0x00, 0x00, 0x00, 0x00, 0x00, 0x00, 0x00,
  0x00, 0x00, 0x00, 0x00, 0x00, 0x00, 0x00, 0x00, 0x00, 0x00, 0x00, 0x00,
  0x00, 0x00, 0x00, 0x00, 0x00, 0x00, 0x00, 0x00, 0x00, 0x00, 0x00, 0x00,
  0x00, 0x00, 0x00, 0x00, 0x00, 0x00, 0x00, 0x00, 0x00, 0x00, 0x00, 0x00,
  0x00, 0x00, 0x00, 0x00, 0x00, 0x00, 0x00, 0x00, 0x00, 0x00, 0x00, 0x00,
  0x00, 0x00, 0x00, 0x00, 0x00, 0x00, 0x00, 0x00, 0x00, 0x00, 0x00, 0x00,
  0x00, 0x00, 0x00, 0x00, 0x00, 0x00, 0x00, 0x00, 0x00, 0x00, 0x00, 0x00,
  0x00, 0x00, 0x00, 0x00, 0x00, 0x00, 0x00, 0x00, 0x00, 0x00, 0x00, 0x00,
  0x00, 0x00, 0x00, 0x00, 0x00, 0x00, 0x00, 0x00, 0x00, 0x00, 0x00, 0x00,
  0x00, 0x00, 0x00, 0x00, 0x00, 0x00, 0x00, 0x00, 0x00, 0x00, 0x00, 0x00,
  0x00, 0x00, 0x00, 0x00, 0x00, 0x00, 0x00, 0x00, 0x00, 0x00, 0x00, 0x00,
  0x00, 0x00, 0x00, 0x00, 0x00, 0x00, 0x00, 0x00, 0x00, 0x00, 0x00, 0x00,
  0x00, 0x00, 0x00, 0x00, 0x00, 0x00, 0x00, 0x00, 0x00, 0x00, 0x00, 0x00,
  0x00, 0x00, 0x00, 0x00, 0x00, 0x00, 0x00, 0x00, 0x00, 0x00, 0x00, 0x00,
  0x00, 0x00, 0x00, 0x00, 0x00, 0x00, 0x00, 0x00, 0x00, 0x00, 0x00, 0x00,
  0x00, 0x00, 0x00, 0x00, 0x00, 0x00, 0x00, 0x00, 0x00, 0x00, 0x00, 0x00,
  0x00, 0x00, 0x00, 0x00, 0x00, 0x00, 0x00, 0x00, 0x00, 0x00, 0x00, 0x00,
  0x00, 0x00, 0x00, 0x00, 0x00, 0x00, 0x00, 0x00, 0x00, 0x00, 0x00, 0x00,
  0x00, 0x00, 0x00, 0x00, 0x00, 0x00, 0x00, 0x00, 0x00, 0x00, 0x00, 0x00,
  0x00, 0x00, 0x00, 0x00, 0x00, 0x00, 0x00, 0x00, 0x00, 0x00, 0x00, 0x00,
  0x00, 0x00, 0x00, 0x00, 0x00, 0x00, 0x00, 0x00, 0x00, 0x00, 0x00, 0x00,
  0x00, 0x00, 0x00, 0x00, 0x00, 0x00, 0x00, 0x00, 0x00, 0x00, 0x00, 0x00,
  0x00, 0x00, 0x00, 0x00, 0x00, 0x00, 0x00, 0x00, 0x00, 0x00, 0x00, 0x00,
  0x00, 0x00, 0x00, 0x00, 0x00, 0x00, 0x00, 0x00, 0x00, 0x00, 0x00, 0x00,
  0x00, 0x00, 0x00, 0x00, 0x00, 0x00, 0x00, 0x00, 0x00, 0x00, 0x00, 0x00,
  0x00, 0x00, 0x00, 0x00, 0x00, 0x00, 0x00, 0x00, 0x00, 0x00, 0x00, 0x00,
  0x00, 0x00, 0x00, 0x00, 0x00, 0x00, 0x00, 0x00, 0x00, 0x00, 0x00, 0x00,
  0x00, 0x00, 0x00, 0x00, 0x00, 0x00, 0x00, 0x00, 0x00, 0x00, 0x00, 0x00,
  0x00, 0x00, 0x00, 0x00, 0x00, 0x00, 0x00, 0x00, 0x00, 0x00, 0x00, 0x00,
  0x00, 0x00, 0x00, 0x00, 0x00, 0x00, 0x00, 0x00, 0x00, 0x00, 0x00, 0x00,
  0x00, 0x00, 0x00, 0x00, 0x00, 0x00, 0x00, 0x00, 0x00, 0x00, 0x00, 0x00,
  0x00, 0x00, 0x00, 0x00, 0x00, 0x00, 0x00, 0x00, 0x00, 0x00, 0x00, 0x00,
  0x00, 0x00, 0x00, 0x00, 0x00, 0x00, 0x00, 0x00, 0x00, 0x00, 0x00, 0x00,
  0x00, 0x00, 0x00, 0x00, 0x00, 0x00, 0x00, 0x00, 0x00, 0x00, 0x00, 0x00,
  0x00, 0x00, 0x00, 0x00, 0x00, 0x00, 0x00, 0x00, 0x00, 0x00, 0x00, 0x00,
  0x00, 0x00, 0x00, 0x00, 0x00, 0x00, 0x00, 0x00, 0x00, 0x00, 0x00, 0x00,
  0x00, 0x00, 0x00, 0x00, 0x00, 0x00, 0x00, 0x00, 0x00, 0x00, 0x00, 0x00,
  0x00, 0x00, 0x00, 0x00, 0x00, 0x00, 0x00, 0x00, 0x00, 0x00, 0x00, 0x00,
  0x00, 0x00, 0x00, 0x00, 0x00, 0x00, 0x00, 0x00, 0x00, 0x00, 0x00, 0x00,
  0x00, 0x00, 0x00, 0x00, 0x00, 0x00, 0x00, 0x00, 0x00, 0x00, 0x00, 0x00,
  0x00, 0x00, 0x00, 0x00, 0x00, 0x00, 0x00, 0x00, 0x00, 0x00, 0x00, 0x00,
  0x00, 0x00, 0x00, 0x00, 0x00, 0x00, 0x00, 0x00, 0x00, 0x00, 0x00, 0x00,
  0x00, 0x00, 0x00, 0x00, 0x00, 0x00, 0x00, 0x00, 0x00, 0x00, 0x00, 0x00,
  0x00, 0x00, 0x00, 0x00, 0x00, 0x00, 0x00, 0x00, 0x00, 0x00, 0x00, 0x00,
  0x00, 0x00, 0x00, 0x00, 0x00, 0x00, 0x00, 0x00, 0x00, 0x00, 0x00, 0x00,
  0x00, 0x00, 0x00, 0x00, 0x00, 0x00, 0x00, 0x00, 0x00, 0x00, 0x00, 0x00,
  0x00, 0x00, 0x00, 0x00, 0x00, 0x00, 0x00, 0x00, 0x00, 0x00, 0x00, 0x00,
  0x00, 0x00, 0x00, 0x00, 0x00, 0x00, 0x00, 0x00, 0x00, 0x00, 0x00, 0x00,
  0x00, 0x00, 0x00, 0x00, 0x00, 0x00, 0x00, 0x00, 0x00, 0x00, 0x00, 0x00,
  0x00, 0x00, 0x00, 0x00, 0x00, 0x00, 0x00, 0x00, 0x00, 0x00, 0x00, 0x00,
  0x00, 0x00, 0x00, 0x00, 0x00, 0x00, 0x00, 0x00, 0x00, 0x00, 0x00, 0x00,
  0x00, 0x00, 0x00, 0x00, 0x00, 0x00, 0x00, 0x00, 0x00, 0x00, 0x00, 0x00,
  0x00, 0x00, 0x00, 0x00, 0x00, 0x00, 0x00, 0x00, 0x00, 0x00, 0x00, 0x00,
  0x00, 0x00, 0x00, 0x00, 0x00, 0x00, 0x00, 0x00, 0x00, 0x00, 0x00, 0x00,
  0x00, 0x00, 0x00, 0x00, 0x00, 0x00, 0x00, 0x00, 0x00, 0x00, 0x00, 0x00,
  0x00, 0x00, 0x00, 0x00, 0x00, 0x00, 0x00, 0x00, 0x00, 0x00, 0x00, 0x00,
  0x00, 0x00, 0x00, 0x00, 0x00, 0x00, 0x00, 0x00, 0x00, 0x00, 0x00, 0x00,
  0x00, 0x00, 0x00, 0x00, 0x00, 0x00, 0x00, 0x00, 0x00, 0x00, 0x00, 0x00,
  0x00, 0x00, 0x00, 0x00, 0x00, 0x00, 0x00, 0x00, 0x00, 0x00, 0x00, 0x00,
  0x00, 0x00, 0x00, 0x00, 0x00, 0x00, 0x00, 0x00, 0x00, 0x00, 0x00, 0x00,
  0x00, 0x00, 0x00, 0x00, 0x00, 0x00, 0x00, 0x00, 0x00, 0x00, 0x00, 0x00,
  0x00, 0x00, 0x00, 0x00, 0x00, 0x00, 0x00, 0x00, 0x00, 0x00, 0x00, 0x00,
  0x00, 0x00, 0x00, 0x00, 0x00, 0x00, 0x00, 0x00, 0x00, 0x00, 0x00, 0x00,
  0x00, 0x00, 0x00, 0x00, 0x00, 0x00, 0x00, 0x00, 0x00, 0x00, 0x00, 0x00,
  0x00, 0x00, 0x00, 0x00, 0x00, 0x00, 0x00, 0x00, 0x00, 0x00, 0x00, 0x00,
  0x00, 0x00, 0x00, 0x00, 0x00, 0x00, 0x00, 0x00, 0x00, 0x00, 0x00, 0x00,
  0x00, 0x00, 0x00, 0x00, 0x00, 0x00, 0x00, 0x00, 0x00, 0x00, 0x00, 0x00,
  0x00, 0x00, 0x00, 0x00, 0x00, 0x00, 0x00, 0x00, 0x00, 0x00, 0x00, 0x00,
  0x00, 0x00, 0x00, 0x00, 0x00, 0x00, 0x00, 0x00, 0x00, 0x00, 0x00, 0x00,
  0x00, 0x00, 0x00, 0x00, 0x00, 0x00, 0x00, 0x00, 0x00, 0x00, 0x00, 0x00,
  0x00, 0x00, 0x00, 0x00, 0x00, 0x00, 0x00, 0x00, 0x00, 0x00, 0x00, 0x00,
  0x00, 0x00, 0x00, 0x00, 0x00, 0x00, 0x00, 0x00, 0x00, 0x00, 0x00, 0x00,
  0x00, 0x00, 0x00, 0x00, 0x00, 0x00, 0x00, 0x00, 0x00, 0x00, 0x00, 0x00,
  0x00, 0x00, 0x00, 0x00, 0x00, 0x00, 0x00, 0x00, 0x00, 0x00, 0x00, 0x00,
  0x00, 0x00, 0x00, 0x00, 0x00, 0x00, 0x00, 0x00, 0x00, 0x00, 0x00, 0x00,
  0x00, 0x00, 0x00, 0x00, 0x00, 0x00, 0x00, 0x00, 0x00, 0x00, 0x00, 0x00,
  0x00, 0x00, 0x00, 0x00, 0x00, 0x00, 0x00, 0x00, 0x00, 0x00, 0x00, 0x00,
  0x00, 0x00, 0x00, 0x00, 0x00, 0x00, 0x00, 0x00, 0x00, 0x00, 0x00, 0x00,
  0x00, 0x00, 0x00, 0x00, 0x00, 0x00, 0x00, 0x00, 0x00, 0x00, 0x00, 0x00,
  0x00, 0x00, 0x00, 0x00, 0x00, 0x00, 0x00, 0x00, 0x00, 0x00, 0x00, 0x00,
  0x00, 0x00, 0x00, 0x00, 0x00, 0x00, 0x00, 0x00, 0x00, 0x00, 0x00, 0x00,
  0x00, 0x00, 0x00, 0x00, 0x00, 0x00, 0x00, 0x00, 0x00, 0x00, 0x00, 0x00,
  0x00, 0x00, 0x00, 0x00, 0x00, 0x00, 0x00, 0x00, 0x00, 0x00, 0x00, 0x00,
  0x00, 0x00, 0x00, 0x00, 0x00, 0x00, 0x00, 0x00, 0x00, 0x00, 0x00, 0x00,
  0x00, 0x00, 0x00, 0x00, 0x00, 0x00, 0x00, 0x00, 0x00, 0x00, 0x00, 0x00,
  0x00, 0x00, 0x00, 0x00, 0x00, 0x00, 0x00, 0x00, 0x00, 0x00, 0x00, 0x00,
  0x00, 0x00, 0x00, 0x00, 0x00, 0x00, 0x00, 0x00, 0x00, 0x00, 0x00, 0x00,
  0x00, 0x00, 0x00, 0x00, 0x00, 0x00, 0x00, 0x00, 0x00, 0x00, 0x00, 0x00,
  0x00, 0x00, 0x00, 0x00, 0x00, 0x00, 0x00, 0x00, 0x00, 0x00, 0x00, 0x00,
  0x00, 0x00, 0x00, 0x00, 0x00, 0x00, 0x00, 0x00, 0x00, 0x00, 0x00, 0x00,
  0x00, 0x00, 0x00, 0x00, 0x00, 0x00, 0x00, 0x00, 0x00, 0x00, 0x00, 0x00,
  0x00, 0x00, 0x00, 0x00, 0x00, 0x00, 0x00, 0x00, 0x00, 0x00, 0x00, 0x00,
  0x00, 0x00, 0x00, 0x00, 0x00, 0x00, 0x00, 0x00, 0x00, 0x00, 0x00, 0x00,
  0x00, 0x00, 0x00, 0x00, 0x00, 0x00, 0x00, 0x00, 0x00, 0x00, 0x00, 0x00,
  0x00, 0x00, 0x00, 0x00, 0x00, 0x00, 0x00, 0x00, 0x00, 0x00, 0x00, 0x00,
  0x00, 0x00, 0x00, 0x00, 0x00, 0x00, 0x00, 0x00, 0x00, 0x00, 0x00, 0x00,
  0x00, 0x00, 0x00, 0x00, 0x00, 0x00, 0x00, 0x00, 0x00, 0x00, 0x00, 0x00,
  0x00, 0x00, 0x00, 0x00, 0x00, 0x00, 0x00, 0x00, 0x00, 0x00, 0x00, 0x00,
  0x00, 0x00, 0x00, 0x00, 0x00, 0x00, 0x00, 0x00, 0x00, 0x00, 0x00, 0x00,
  0x00, 0x00, 0x00, 0x00, 0x00, 0x00, 0x00, 0x00, 0x00, 0x00, 0x00, 0x00,
  0x00, 0x00, 0x00, 0x00, 0x00, 0x00, 0x00, 0x00, 0x00, 0x00, 0x00, 0x00,
  0x00, 0x00, 0x00, 0x00, 0x00, 0x00, 0x00, 0x00, 0x00, 0x00, 0x00, 0x00,
  0x00, 0x00, 0x00, 0x00, 0x00, 0x00, 0x00, 0x00, 0x00, 0x00, 0x00, 0x00,
  0x00, 0x00, 0x00, 0x00, 0x00, 0x00, 0x00, 0x00, 0x00, 0x00, 0x00, 0x00,
  0x00, 0x00, 0x00, 0x00, 0x00, 0x00, 0x00, 0x00, 0x00, 0x00, 0x00, 0x00,
  0x00, 0x00, 0x00, 0x00, 0x00, 0x00, 0x00, 0x00, 0x00, 0x00, 0x00, 0x00,
  0x00, 0x00, 0x00, 0x00, 0x00, 0x00, 0x00, 0x00, 0x00, 0x00, 0x00, 0x00,
  0x00, 0x00, 0x00, 0x00, 0x00, 0x00, 0x00, 0x00, 0x00, 0x00, 0x00, 0x00,
  0x00, 0x00, 0x00, 0x00, 0x00, 0x00, 0x00, 0x00, 0x00, 0x00, 0x00, 0x00,
  0x00, 0x00, 0x00, 0x00, 0x00, 0x00, 0x00, 0x00, 0x00, 0x00, 0x00, 0x00,
  0x00, 0x00, 0x00, 0x00, 0x00, 0x00, 0x00, 0x00, 0x00, 0x00, 0x00, 0x00,
  0x00, 0x00, 0x00, 0x00, 0x00, 0x00, 0x00, 0x00, 0x00, 0x00, 0x00, 0x00,
  0x00, 0x00, 0x00, 0x00, 0x00, 0x00, 0x00, 0x00, 0x00, 0x00, 0x00, 0x00,
  0x00, 0x00, 0x00, 0x00, 0x00, 0x00, 0x00, 0x00, 0x00, 0x00, 0x00, 0x00,
  0x00, 0x00, 0x00, 0x00, 0x00, 0x00, 0x00, 0x00, 0x00, 0x00, 0x00, 0x00,
  0x00, 0x00, 0x00, 0x00, 0x00, 0x00, 0x00, 0x00, 0x00, 0x00, 0x00, 0x00,
  0x00, 0x00, 0x00, 0x00, 0x00, 0x00, 0x00, 0x00, 0x00, 0x00, 0x00, 0x00,
  0x00, 0x00, 0x00, 0x00, 0x00, 0x00, 0x00, 0x00, 0x00, 0x00, 0x00, 0x00,
  0x00, 0x00, 0x00, 0x00, 0x00, 0x00, 0x00, 0x00, 0x00, 0x00, 0x00, 0x00,
  0x00, 0x00, 0x00, 0x00, 0x00, 0x00, 0x00, 0x00, 0x00, 0x00, 0x00, 0x00,
  0x00, 0x00, 0x00, 0x00, 0x00, 0x00, 0x00, 0x00, 0x00, 0x00, 0x00, 0x00,
  0x00, 0x00, 0x00, 0x00, 0x00, 0x00, 0x00, 0x00, 0x00, 0x00, 0x00, 0x00,
  0x00, 0x00, 0x00, 0x00, 0x00, 0x00, 0x00, 0x00, 0x00, 0x00, 0x00, 0x00,
  0x00, 0x00, 0x00, 0x00, 0x00, 0x00, 0x00, 0x00, 0x00, 0x00, 0x00, 0x00,
  0x00, 0x00, 0x00, 0x00, 0x00, 0x00, 0x00, 0x00, 0x00, 0x00, 0x00, 0x00,
  0x00, 0x00, 0x00, 0x00, 0x00, 0x00, 0x00, 0x00, 0x00, 0x00, 0x00, 0x00,
  0x00, 0x00, 0x00, 0x00, 0x00, 0x00, 0x00, 0x00, 0x00, 0x00, 0x00, 0x00,
  0x00, 0x00, 0x00, 0x00, 0x00, 0x00, 0x00, 0x00, 0x00, 0x00, 0x00, 0x00,
  0x00, 0x00, 0x00, 0x00, 0x00, 0x00, 0x00, 0x00, 0x00, 0x00, 0x00, 0x00,
  0x00, 0x00, 0x00, 0x00, 0x00, 0x00, 0x00, 0x00, 0x00, 0x00, 0x00, 0x00,
  0x00, 0x00, 0x00, 0x00, 0x00, 0x00, 0x00, 0x00, 0x00, 0x00, 0x00, 0x00,
  0x00, 0x00, 0x00, 0x00, 0x00, 0x00, 0x00, 0x00, 0x00, 0x00, 0x00, 0x00,
  0x00, 0x00, 0x00, 0x00, 0x00, 0x00, 0x00, 0x00, 0x00, 0x00, 0x00, 0x00,
  0x00, 0x00, 0x00, 0x00, 0x00, 0x00, 0x00, 0x00, 0x00, 0x00, 0x00, 0x00,
  0x00, 0x00, 0x00, 0x00, 0x00, 0x00, 0x00, 0x00, 0x00, 0x00, 0x00, 0x00,
  0x00, 0x00, 0x00, 0x00, 0x00, 0x00, 0x00, 0x00, 0x00, 0x00, 0x00, 0x00,
  0x00, 0x00, 0x00, 0x00, 0x00, 0x00, 0x00, 0x00, 0x00, 0x00, 0x00, 0x00,
  0x00, 0x00, 0x00, 0x00, 0x00, 0x00, 0x00, 0x00, 0x00, 0x00, 0x00, 0x00,
  0x00, 0x00, 0x00, 0x00, 0x00, 0x00, 0x00, 0x00, 0x00, 0x00, 0x00, 0x00,
  0x00, 0x00, 0x00, 0x00, 0x00, 0x00, 0x00, 0x00, 0x00, 0x00, 0x00, 0x00,
  0x00, 0x00, 0x00, 0x00, 0x00, 0x00, 0x00, 0x00, 0x00, 0x00, 0x00, 0x00,
  0x00, 0x00, 0x00, 0x00, 0x00, 0x00, 0x00, 0x00, 0x00, 0x00, 0x00, 0x00,
  0x00, 0x00, 0x00, 0x00, 0x00, 0x00, 0x00, 0x00, 0x00, 0x00, 0x00, 0x00,
  0x00, 0x00, 0x00, 0x00, 0x00, 0x00, 0x00, 0x00, 0x00, 0x00, 0x00, 0x00,
  0x00, 0x00, 0x00, 0x00, 0x00, 0x00, 0x00, 0x00, 0x00, 0x00, 0x00, 0x00,
  0x00, 0x00, 0x00, 0x00, 0x00, 0x00, 0x00, 0x00, 0x00, 0x00, 0x00, 0x00,
  0x00, 0x00, 0x00, 0x00, 0x00, 0x00, 0x00, 0x00, 0x00, 0x00, 0x00, 0x00,
  0x00, 0x00, 0x00, 0x00, 0x00, 0x00, 0x00, 0x00, 0x00, 0x00, 0x00, 0x00,
  0x00, 0x00, 0x00, 0x00, 0x00, 0x00, 0x00, 0x00, 0x00, 0x00, 0x00, 0x00,
  0x00, 0x00, 0x00, 0x00, 0x00, 0x00, 0x00, 0x00, 0x00, 0x00, 0x00, 0x00,
  0x00, 0x00, 0x00, 0x00, 0x00, 0x00, 0x00, 0x00, 0x00, 0x00, 0x00, 0x00,
  0x00, 0x00, 0x00, 0x00, 0x00, 0x00, 0x00, 0x00, 0x00, 0x00, 0x00, 0x00,
  0x00, 0x00, 0x00, 0x00, 0x00, 0x00, 0x00, 0x00, 0x00, 0x00, 0x00, 0x00,
  0x00, 0x00, 0x00, 0x00, 0x00, 0x00, 0x00, 0x00, 0x00, 0x00, 0x00, 0x00,
  0x00, 0x00, 0x00, 0x00, 0x00, 0x00, 0x00, 0x00, 0x00, 0x00, 0x00, 0x00,
  0x00, 0x00, 0x00, 0x00, 0x00, 0x00, 0x00, 0x00, 0x00, 0x00, 0x00, 0x00,
  0x00, 0x00, 0x00, 0x00, 0x00, 0x00, 0x00, 0x00, 0x00, 0x00, 0x00, 0x00,
  0x00, 0x00, 0x00, 0x00, 0x00, 0x00, 0x00, 0x00, 0x00, 0x00, 0x00, 0x00,
  0x00, 0x00, 0x00, 0x00, 0x00, 0x00, 0x00, 0x00, 0x00, 0x00, 0x00, 0x00,
  0x00, 0x00, 0x00, 0x00, 0x00, 0x00, 0x00, 0x00, 0x00, 0x00, 0x00, 0x00,
  0x00, 0x00, 0x00, 0x00, 0x00, 0x00, 0x00, 0x00, 0x00, 0x00, 0x00, 0x00,
  0x00, 0x00, 0x00, 0x00, 0x00, 0x00, 0x00, 0x00, 0x00, 0x00, 0x00, 0x00,
  0x00, 0x00, 0x00, 0x00, 0x00, 0x00, 0x00, 0x00, 0x00, 0x00, 0x00, 0x00,
  0x00, 0x00, 0x00, 0x00, 0x00, 0x00, 0x00, 0x00, 0x00, 0x00, 0x00, 0x00,
  0x00, 0x00, 0x00, 0x00, 0x00, 0x00, 0x00, 0x00, 0x00, 0x00, 0x00, 0x00,
  0x00, 0x00, 0x00, 0x00, 0x00, 0x00, 0x00, 0x00, 0x00, 0x00, 0x00, 0x00,
  0x00, 0x00, 0x00, 0x00, 0x00, 0x00, 0x00, 0x00, 0x00, 0x00, 0x00, 0x00,
  0x00, 0x00, 0x00, 0x00, 0x00, 0x00, 0x00, 0x00, 0x00, 0x00, 0x00, 0x00,
  0x00, 0x00, 0x00, 0x00, 0x00, 0x00, 0x00, 0x00, 0x00, 0x00, 0x00, 0x00,
  0x00, 0x00, 0x00, 0x00, 0x00, 0x00, 0x00, 0x00, 0x00, 0x00, 0x00, 0x00,
  0x00, 0x00, 0x00, 0x00, 0x00, 0x00, 0x00, 0x00, 0x00, 0x00, 0x00, 0x00,
  0x00, 0x00, 0x00, 0x00, 0x00, 0x00, 0x00, 0x00, 0x00, 0x00, 0x00, 0x00,
  0x00, 0x00, 0x00, 0x00, 0x00, 0x00, 0x00, 0x00, 0x00, 0x00, 0x00, 0x00,
  0x00, 0x00, 0x00, 0x00, 0x00, 0x00, 0x00, 0x00, 0x00, 0x00, 0x00, 0x00,
  0x00, 0x00, 0x00, 0x00, 0x00, 0x00, 0x00, 0x00, 0x00, 0x00, 0x00, 0x00,
  0x00, 0x00, 0x00, 0x00, 0x00, 0x00, 0x00, 0x00, 0x00, 0x00, 0x00, 0x00,
  0x00, 0x00, 0x00, 0x00, 0x00, 0x00, 0x00, 0x00, 0x00, 0x00, 0x00, 0x00,
  0x00, 0x00, 0x00, 0x00, 0x00, 0x00, 0x00, 0x00, 0x00, 0x00, 0x00, 0x00,
  0x00, 0x00, 0x00, 0x00, 0x00, 0x00, 0x00, 0x00, 0x00, 0x00, 0x00, 0x00,
  0x00, 0x00, 0x00, 0x00, 0x00, 0x00, 0x00, 0x00, 0x00, 0x00, 0x00, 0x00,
  0x00, 0x00, 0x00, 0x00, 0x00, 0x00, 0x00, 0x00, 0x00, 0x00, 0x00, 0x00,
  0x00, 0x00, 0x00, 0x00, 0x00, 0x00, 0x00, 0x00, 0x00, 0x00, 0x00, 0x00,
  0x00, 0x00, 0x00, 0x00, 0x00, 0x00, 0x00, 0x00, 0x00, 0x00, 0x00, 0x00,
  0x00, 0x00, 0x00, 0x00, 0x00, 0x00, 0x00, 0x00, 0x00, 0x00, 0x00, 0x00,
  0x00, 0x00, 0x00, 0x00, 0x00, 0x00, 0x00, 0x00, 0x00, 0x00, 0x00, 0x00,
  0x00, 0x00, 0x00, 0x00, 0x00, 0x00, 0x00, 0x00, 0x00, 0x00, 0x00, 0x00,
  0x00, 0x00, 0x00, 0x00, 0x00, 0x00, 0x00, 0x00, 0x00, 0x00, 0x00, 0x00,
  0x00, 0x00, 0x00, 0x00, 0x00, 0x00, 0x00, 0x00, 0x00, 0x00, 0x00, 0x00,
  0x00, 0x00, 0x00, 0x00, 0x00, 0x00, 0x00, 0x00, 0x00, 0x00, 0x00, 0x00,
  0x00, 0x00, 0x00, 0x00, 0x00, 0x00, 0x00, 0x00, 0x00, 0x00, 0x00, 0x00,
  0x00, 0x00, 0x00, 0x00, 0x00, 0x00, 0x00, 0x00, 0x00, 0x00, 0x00, 0x00,
  0x00, 0x00, 0x00, 0x00, 0x00, 0x00, 0x00, 0x00, 0x00, 0x00, 0x00, 0x00,
  0x00, 0x00, 0x00, 0x00, 0x00, 0x00, 0x00, 0x00, 0x00, 0x00, 0x00, 0x00,
  0x00, 0x00, 0x00, 0x00, 0x00, 0x00, 0x00, 0x00, 0x00, 0x00, 0x00, 0x00,
  0x00, 0x00, 0x00, 0x00, 0x00, 0x00, 0x00, 0x00, 0x00, 0x00, 0x00, 0x00,
  0x00, 0x00, 0x00, 0x00, 0x00, 0x00, 0x00, 0x00, 0x00, 0x00, 0x00, 0x00,
  0x00, 0x00, 0x00, 0x00, 0x00, 0x00, 0x00, 0x00, 0x00, 0x00, 0x00, 0x00,
  0x00, 0x00, 0x00, 0x00, 0x00, 0x00, 0x00, 0x00, 0x00, 0x00, 0x00, 0x00,
  0x00, 0x00, 0x00, 0x00, 0x00, 0x00, 0x00, 0x00, 0x00, 0x00, 0x00, 0x00,
  0x00, 0x00, 0x00, 0x00, 0x00, 0x00, 0x00, 0x00, 0x00, 0x00, 0x00, 0x00,
  0x00, 0x00, 0x00, 0x00, 0x00, 0x00, 0x00, 0x00, 0x00, 0x00, 0x00, 0x00,
  0x00, 0x00, 0x00, 0x00, 0x00, 0x00, 0x00, 0x00, 0x00, 0x00, 0x00, 0x00,
  0x00, 0x00, 0x00, 0x00, 0x00, 0x00, 0x00, 0x00, 0x00, 0x00, 0x00, 0x00,
  0x00, 0x00, 0x00, 0x00, 0x00, 0x00, 0x00, 0x00, 0x00, 0x00, 0x00, 0x00,
  0x00, 0x00, 0x00, 0x00, 0x00, 0x00, 0x00, 0x00, 0x00, 0x00, 0x00, 0x00,
  0x00, 0x00, 0x00, 0x00, 0x00, 0x00, 0x00, 0x00, 0x00, 0x00, 0x00, 0x00,
  0x00, 0x00, 0x00, 0x00, 0x00, 0x00, 0x00, 0x00, 0x00, 0x00, 0x00, 0x00,
  0x00, 0x00, 0x00, 0x00, 0x00, 0x00, 0x00, 0x00, 0x00, 0x00, 0x00, 0x00,
  0x00, 0x00, 0x00, 0x00, 0x00, 0x00, 0x00, 0x00, 0x00, 0x00, 0x00, 0x00,
  0x00, 0x00, 0x00, 0x00, 0x00, 0x00, 0x00, 0x00, 0x00, 0x00, 0x00, 0x00,
  0x00, 0x00, 0x00, 0x00, 0x00, 0x00, 0x00, 0x00, 0x00, 0x00, 0x00, 0x00,
  0x00, 0x00, 0x00, 0x00, 0x00, 0x00, 0x00, 0x00, 0x00, 0x00, 0x00, 0x00,
  0x00, 0x00, 0x00, 0x00, 0x00, 0x00, 0x00, 0x00, 0x00, 0x00, 0x00, 0x00,
  0x00, 0x00, 0x00, 0x00, 0x00, 0x00, 0x00, 0x00, 0x00, 0x00, 0x00, 0x00,
  0x00, 0x00, 0x00, 0x00, 0x00, 0x00, 0x00, 0x00, 0x00, 0x00, 0x00, 0x00,
  0x00, 0x00, 0x00, 0x00, 0x00, 0x00, 0x00, 0x00, 0x00, 0x00, 0x00, 0x00,
  0x00, 0x00, 0x00, 0x00, 0x00, 0x00, 0x00, 0x00, 0x00, 0x00, 0x00, 0x00,
  0x00, 0x00, 0x00, 0x00, 0x00, 0x00, 0x00, 0x00, 0x00, 0x00, 0x00, 0x00,
  0x00, 0x00, 0x00, 0x00, 0x00, 0x00, 0x00, 0x00, 0x00, 0x00, 0x00, 0x00,
  0x00, 0x00, 0x00, 0x00, 0x00, 0x00, 0x00, 0x00, 0x00, 0x00, 0x00, 0x00,
  0x00, 0x00, 0x00, 0x00, 0x00, 0x00, 0x00, 0x00, 0x00, 0x00, 0x00, 0x00,
  0x00, 0x00, 0x00, 0x00, 0x00, 0x00, 0x00, 0x00, 0x00, 0x00, 0x00, 0x00,
  0x00, 0x00, 0x00, 0x00, 0x00, 0x00, 0x00, 0x00, 0x00, 0x00, 0x00, 0x00,
  0x00, 0x00, 0x00, 0x00, 0x00, 0x00, 0x00, 0x00, 0x00, 0x00, 0x00, 0x00,
  0x00, 0x00, 0x00, 0x00, 0x00, 0x00, 0x00, 0x00, 0x00, 0x00, 0x00, 0x00,
  0x00, 0x00, 0x00, 0x00, 0x00, 0x00, 0x00, 0x00, 0x00, 0x00, 0x00, 0x00,
  0x00, 0x00, 0x00, 0x00, 0x00, 0x00, 0x00, 0x00, 0x00, 0x00, 0x00, 0x00,
  0x00, 0x00, 0x00, 0x00, 0x00, 0x00, 0x00, 0x00, 0x00, 0x00, 0x00, 0x00,
  0x00, 0x00, 0x00, 0x00, 0x00, 0x00, 0x00, 0x00, 0x00, 0x00, 0x00, 0x00,
  0x00, 0x00, 0x00, 0x00, 0x00, 0x00, 0x00, 0x00, 0x00, 0x00, 0x00, 0x00,
  0x00, 0x00, 0x00, 0x00, 0x00, 0x00, 0x00, 0x00, 0x00, 0x00, 0x00, 0x00,
  0x00, 0x00, 0x00, 0x00, 0x00, 0x00, 0x00, 0x00, 0x00, 0x00, 0x00, 0x00,
  0x00, 0x00, 0x00, 0x00, 0x00, 0x00, 0x00, 0x00, 0x00, 0x00, 0x00, 0x00,
  0x00, 0x00, 0x00, 0x00, 0x00, 0x00, 0x00, 0x00, 0x00, 0x00, 0x00, 0x00,
  0x00, 0x00, 0x00, 0x00, 0x00, 0x00, 0x00, 0x00, 0x00, 0x00, 0x00, 0x00,
  0x00, 0x00, 0x00, 0x00, 0x00, 0x00, 0x00, 0x00, 0x00, 0x00, 0x00, 0x00,
  0x00, 0x00, 0x00, 0x00, 0x00, 0x00, 0x00, 0x00, 0x00, 0x00, 0x00, 0x00,
  0x00, 0x00, 0x00, 0x00, 0x00, 0x00, 0x00, 0x00, 0x00, 0x00, 0x00, 0x00,
  0x00, 0x00, 0x00, 0x00, 0x00, 0x00, 0x00, 0x00, 0x00, 0x00, 0x00, 0x00,
  0x00, 0x00, 0x00, 0x00, 0x00, 0x00, 0x00, 0x00, 0x00, 0x00, 0x00, 0x00,
  0x00, 0x00, 0x00, 0x00, 0x00, 0x00, 0x00, 0x00, 0x00, 0x00, 0x00, 0x00,
  0x00, 0x00, 0x00, 0x00, 0x00, 0x00, 0x00, 0x00, 0x00, 0x00, 0x00, 0x00,
  0x00, 0x00, 0x00, 0x00, 0x00, 0x00, 0x00, 0x00, 0x00, 0x00, 0x00, 0x00,
  0x00, 0x00, 0x00, 0x00, 0x00, 0x00, 0x00, 0x00, 0x00, 0x00, 0x00, 0x00,
  0x00, 0x00, 0x00, 0x00, 0x00, 0x00, 0x00, 0x00, 0x00, 0x00, 0x00, 0x00,
  0x00, 0x00, 0x00, 0x00, 0x00, 0x00, 0x00, 0x00, 0x00, 0x00, 0x00, 0x00,
  0x00, 0x00, 0x00, 0x00, 0x00, 0x00, 0x00, 0x00, 0x00, 0x00, 0x00, 0x00,
  0x00, 0x00, 0x00, 0x00, 0x00, 0x00, 0x00, 0x00, 0x00, 0x00, 0x00, 0x00,
  0x00, 0x00, 0x00, 0x00, 0x00, 0x00, 0x00, 0x00, 0x00, 0x00, 0x00, 0x00,
  0x00, 0x00, 0x00, 0x00, 0x00, 0x00, 0x00, 0x00, 0x00, 0x00, 0x00, 0x00,
  0x00, 0x00, 0x00, 0x00, 0x00, 0x00, 0x00, 0x00, 0x00, 0x00, 0x00, 0x00,
  0x00, 0x00, 0x00, 0x00, 0x00, 0x00, 0x00, 0x00, 0x00, 0x00, 0x00, 0x00,
  0x00, 0x00, 0x00, 0x00, 0x00, 0x00, 0x00, 0x00, 0x00, 0x00, 0x00, 0x00,
  0x00, 0x00, 0x00, 0x00, 0x00, 0x00, 0x00, 0x00, 0x00, 0x00, 0x00, 0x00,
  0x00, 0x00, 0x00, 0x00, 0x00, 0x00, 0x00, 0x00, 0x00, 0x00, 0x00, 0x00,
  0x00, 0x00, 0x00, 0x00, 0x00, 0x00, 0x00, 0x00, 0x00, 0x00, 0x00, 0x00,
  0x00, 0x00, 0x00, 0x00, 0x00, 0x00, 0x00, 0x00, 0x00, 0x00, 0x00, 0x00,
  0x00, 0x00, 0x00, 0x00, 0x00, 0x00, 0x00, 0x00, 0x00, 0x00, 0x00, 0x00,
  0x00, 0x00, 0x00, 0x00, 0x00, 0x00, 0x00, 0x00, 0x00, 0x00, 0x00, 0x00,
  0x00, 0x00, 0x00, 0x00, 0x00, 0x00, 0x00, 0x00, 0x00, 0x00, 0x00, 0x00,
  0x00, 0x00, 0x00, 0x00, 0x00, 0x00, 0x00, 0x00, 0x00, 0x00, 0x00, 0x00,
  0x00, 0x00, 0x00, 0x00, 0x00, 0x00, 0x00, 0x00, 0x00, 0x00, 0x00, 0x00,
  0x00, 0x00, 0x00, 0x00, 0x00, 0x00, 0x00, 0x00, 0x00, 0x00, 0x00, 0x00,
  0x00, 0x00, 0x00, 0x00, 0x00, 0x00, 0x00, 0x00, 0x00, 0x00, 0x00, 0x00,
  0x00, 0x00, 0x00, 0x00, 0x00, 0x00, 0x00, 0x00, 0x00, 0x00, 0x00, 0x00,
  0x00, 0x00, 0x00, 0x00, 0x00, 0x00, 0x00, 0x00, 0x00, 0x00, 0x00, 0x00,
  0x00, 0x00, 0x00, 0x00, 0x00, 0x00, 0x00, 0x00, 0x00, 0x00, 0x00, 0x00,
  0x00, 0x00, 0x00, 0x00, 0x00, 0x00, 0x00, 0x00, 0x00, 0x00, 0x00, 0x00,
  0x00, 0x00, 0x00, 0x00, 0x00, 0x00, 0x00, 0x00, 0x00, 0x00, 0x00, 0x00,
  0x00, 0x00, 0x00, 0x00, 0x00, 0x00, 0x00, 0x00, 0x00, 0x00, 0x00, 0x00,
  0x00, 0x00, 0x00, 0x00, 0x00, 0x00, 0x00, 0x00, 0x00, 0x00, 0x00, 0x00,
  0x00, 0x00, 0x00, 0x00, 0x00, 0x00, 0x00, 0x00, 0x00, 0x00, 0x00, 0x00,
  0x00, 0x00, 0x00, 0x00, 0x00, 0x00, 0x00, 0x00, 0x00, 0x00, 0x00, 0x00,
  0x00, 0x00, 0x00, 0x00, 0x00, 0x00, 0x00, 0x00, 0x00, 0x00, 0x00, 0x00,
  0x00, 0x00, 0x00, 0x00, 0x00, 0x00, 0x00, 0x00, 0x00, 0x00, 0x00, 0x00,
  0x00, 0x00, 0x00, 0x00, 0x00, 0x00, 0x00, 0x00, 0x00, 0x00, 0x00, 0x00,
  0x00, 0x00, 0x00, 0x00, 0x00, 0x00, 0x00, 0x00, 0x00, 0x00, 0x00, 0x00,
  0x00, 0x00, 0x00, 0x00, 0x00, 0x00, 0x00, 0x00, 0x00, 0x00, 0x00, 0x00,
  0x00, 0x00, 0x00, 0x00, 0x00, 0x00, 0x00, 0x00, 0x00, 0x00, 0x00, 0x00,
  0x00, 0x00, 0x00, 0x00, 0x00, 0x00, 0x00, 0x00, 0x00, 0x00, 0x00, 0x00,
  0x00, 0x00, 0x00, 0x00, 0x00, 0x00, 0x00, 0x00, 0x00, 0x00, 0x00, 0x00,
  0x00, 0x00, 0x00, 0x00, 0x00, 0x00, 0x00, 0x00, 0x00, 0x00, 0x00, 0x00,
  0x00, 0x00, 0x00, 0x00, 0x00, 0x00, 0x00, 0x00, 0x00, 0x00, 0x00, 0x00,
  0x00, 0x00, 0x00, 0x00, 0x00, 0x00, 0x00, 0x00, 0x00, 0x00, 0x00, 0x00,
  0x00, 0x00, 0x00, 0x00, 0x00, 0x00, 0x00, 0x00, 0x00, 0x00, 0x00, 0x00,
  0x00, 0x00, 0x00, 0x00, 0x00, 0x00, 0x00, 0x00, 0x00, 0x00, 0x00, 0x00,
  0x00, 0x00, 0x00, 0x00, 0x00, 0x00, 0x00, 0x00, 0x00, 0x00, 0x00, 0x00,
  0x00, 0x00, 0x00, 0x00, 0x00, 0x00, 0x00, 0x00, 0x00, 0x00, 0x00, 0x00,
  0x00, 0x00, 0x00, 0x00, 0x00, 0x00, 0x00, 0x00, 0x00, 0x00, 0x00, 0x00,
  0x00, 0x00, 0x00, 0x00, 0x00, 0x00, 0x00, 0x00, 0x00, 0x00, 0x00, 0x00,
  0x00, 0x00, 0x00, 0x00, 0x00, 0x00, 0x00, 0x00, 0x00, 0x00, 0x00, 0x00,
  0x00, 0x00, 0x00, 0x00, 0x00, 0x00, 0x00, 0x00, 0x00, 0x00, 0x00, 0x00,
  0x00, 0x00, 0x00, 0x00, 0x00, 0x00, 0x00, 0x00, 0x00, 0x00, 0x00, 0x00,
  0x00, 0x00, 0x00, 0x00, 0x00, 0x00, 0x00, 0x00, 0x00, 0x00, 0x00, 0x00,
  0x00, 0x00, 0x00, 0x00, 0x00, 0x00, 0x00, 0x00, 0x00, 0x00, 0x00, 0x00,
  0x00, 0x00, 0x00, 0x00, 0x00, 0x00, 0x00, 0x00, 0x00, 0x00, 0x00, 0x00,
  0x00, 0x00, 0x00, 0x00, 0x00, 0x00, 0x00, 0x00, 0x00, 0x00, 0x00, 0x00,
  0x00, 0x00, 0x00, 0x00, 0x00, 0x00, 0x00, 0x00, 0x00, 0x00, 0x00, 0x00,
  0x00, 0x00, 0x00, 0x00, 0x00, 0x00, 0x00, 0x00, 0x00, 0x00, 0x00, 0x00,
  0x00, 0x00, 0x00, 0x00, 0x00, 0x00, 0x00, 0x00, 0x00, 0x00, 0x00, 0x00,
  0x00, 0x00, 0x00, 0x00, 0x00, 0x00, 0x00, 0x00, 0x00, 0x00, 0x00, 0x00,
  0x00, 0x00, 0x00, 0x00, 0x00, 0x00, 0x00, 0x00, 0x00, 0x00, 0x00, 0x00,
  0x00, 0x00, 0x00, 0x00, 0x00, 0x00, 0x00, 0x00, 0x00, 0x00, 0x00, 0x00,
  0x00, 0x00, 0x00, 0x00, 0x00, 0x00, 0x00, 0x00, 0x00, 0x00, 0x00, 0x00,
  0x00, 0x00, 0x00, 0x00, 0x00, 0x00, 0x00, 0x00, 0x00, 0x00, 0x00, 0x00,
  0x00, 0x00, 0x00, 0x00, 0x00, 0x00, 0x00, 0x00, 0x00, 0x00, 0x00, 0x00,
  0x00, 0x00, 0x00, 0x00, 0x00, 0x00, 0x00, 0x00, 0x00, 0x00, 0x00, 0x00,
  0x00, 0x00, 0x00, 0x00, 0x00, 0x00, 0x00, 0x00, 0x00, 0x00, 0x00, 0x00,
  0x00, 0x00, 0x00, 0x00, 0x00, 0x00, 0x00, 0x00, 0x00, 0x00, 0x00, 0x00,
  0x00, 0x00, 0x00, 0x00, 0x00, 0x00, 0x00, 0x00, 0x00, 0x00, 0x00, 0x00,
  0x00, 0x00, 0x00, 0x00, 0x00, 0x00, 0x00, 0x00, 0x00, 0x00, 0x00, 0x00,
  0x00, 0x00, 0x00, 0x00, 0x00, 0x00, 0x00, 0x00, 0x00, 0x00, 0x00, 0x00,
  0x00, 0x00, 0x00, 0x00, 0x00, 0x00, 0x00, 0x00, 0x00, 0x00, 0x00, 0x00,
  0x00, 0x00, 0x00, 0x00, 0x00, 0x00, 0x00, 0x00, 0x00, 0x00, 0x00, 0x00,
  0x00, 0x00, 0x00, 0x00, 0x00, 0x00, 0x00, 0x00, 0x00, 0x00, 0x00, 0x00,
  0x00, 0x00, 0x00, 0x00, 0x00, 0x00, 0x00, 0x00, 0x00, 0x00, 0x00, 0x00,
  0x00, 0x00, 0x00, 0x00, 0x00, 0x00, 0x00, 0x00, 0x00, 0x00, 0x00, 0x00,
  0x00, 0x00, 0x00, 0x00, 0x00, 0x00, 0x00, 0x00, 0x00, 0x00, 0x00, 0x00,
  0x00, 0x00, 0x00, 0x00, 0x00, 0x00, 0x00, 0x00, 0x00, 0x00, 0x00, 0x00,
  0x00, 0x00, 0x00, 0x00, 0x00, 0x00, 0x00, 0x00, 0x00, 0x00, 0x00, 0x00,
  0x00, 0x00, 0x00, 0x00, 0x00, 0x00, 0x00, 0x00, 0x00, 0x00, 0x00, 0x00,
  0x00, 0x00, 0x00, 0x00, 0x00, 0x00, 0x00, 0x00, 0x00, 0x00, 0x00, 0x00,
  0x00, 0x00, 0x00, 0x00, 0x00, 0x00, 0x00, 0x00, 0x00, 0x00, 0x00, 0x00,
  0x00, 0x00, 0x00, 0x00, 0x00, 0x00, 0x00, 0x00, 0x00, 0x00, 0x00, 0x00,
  0x00, 0x00, 0x00, 0x00, 0x00, 0x00, 0x00, 0x00, 0x00, 0x00, 0x00, 0x00,
  0x00, 0x00, 0x00, 0x00, 0x00, 0x00, 0x00, 0x00, 0x00, 0x00, 0x00, 0x00,
  0x00, 0x00, 0x00, 0x00, 0x00, 0x00, 0x00, 0x00, 0x00, 0x00, 0x00, 0x00,
  0x00, 0x00, 0x00, 0x00, 0x00, 0x00, 0x00, 0x00, 0x00, 0x00, 0x00, 0x00,
  0x00, 0x00, 0x00, 0x00, 0x00, 0x00, 0x00, 0x00, 0x00, 0x00, 0x00, 0x00,
  0x00, 0x00, 0x00, 0x00, 0x00, 0x00, 0x00, 0x00, 0x00, 0x00, 0x00, 0x00,
  0x00, 0x00, 0x00, 0x00, 0x00, 0x00, 0x00, 0x00, 0x00, 0x00, 0x00, 0x00,
  0x00, 0x00, 0x00, 0x00, 0x00, 0x00, 0x00, 0x00, 0x00, 0x00, 0x00, 0x00,
  0x00, 0x00, 0x00, 0x00, 0x00, 0x00, 0x00, 0x00, 0x00, 0x00, 0x00, 0x00,
  0x00, 0x00, 0x00, 0x00, 0x00, 0x00, 0x00, 0x00, 0x00, 0x00, 0x00, 0x00,
  0x00, 0x00, 0x00, 0x00, 0x00, 0x00, 0x00, 0x00, 0x00, 0x00, 0x00, 0x00,
  0x00, 0x00, 0x00, 0x00, 0x00, 0x00, 0x00, 0x00, 0x00, 0x00, 0x00, 0x00,
  0x00, 0x00, 0x00, 0x00, 0x00, 0x00, 0x00, 0x00, 0x00, 0x00, 0x00, 0x00,
  0x00, 0x00, 0x00, 0x00, 0x00, 0x00, 0x00, 0x00, 0x00, 0x00, 0x00, 0x00,
  0x00, 0x00, 0x00, 0x00, 0x00, 0x00, 0x00, 0x00, 0x00, 0x00, 0x00, 0x00,
  0x00, 0x00, 0x00, 0x00, 0x00, 0x00, 0x00, 0x00, 0x00, 0x00, 0x00, 0x00,
  0x00, 0x00, 0x00, 0x00, 0x00, 0x00, 0x00, 0x00, 0x00, 0x00, 0x00, 0x00,
  0x00, 0x00, 0x00, 0x00, 0x00, 0x00, 0x00, 0x00, 0x00, 0x00, 0x00, 0x00,
  0x00, 0x00, 0x00, 0x00, 0x00, 0x00, 0x00, 0x00, 0x00, 0x00, 0x00, 0x00,
  0x00, 0x00, 0x00, 0x00, 0x00, 0x00, 0x00, 0x00, 0x00, 0x00, 0x00, 0x00,
  0x00, 0x00, 0x00, 0x00, 0x00, 0x00, 0x00, 0x00, 0x00, 0x00, 0x00, 0x00,
  0x00, 0x00, 0x00, 0x00, 0x00, 0x00, 0x00, 0x00, 0x00, 0x00, 0x00, 0x00,
  0x00, 0x00, 0x00, 0x00, 0x00, 0x00, 0x00, 0x00, 0x00, 0x00, 0x00, 0x00,
  0x00, 0x00, 0x00, 0x00, 0x00, 0x00, 0x00, 0x00, 0x00, 0x00, 0x00, 0x00,
  0x00, 0x00, 0x00, 0x00, 0x00, 0x00, 0x00, 0x00, 0x00, 0x00, 0x00, 0x00,
  0x00, 0x00, 0x00, 0x00, 0x00, 0x00, 0x00, 0x00, 0x00, 0x00, 0x00, 0x00,
  0x00, 0x00, 0x00, 0x00, 0x00, 0x00, 0x00, 0x00, 0x00, 0x00, 0x00, 0x00,
  0x00, 0x00, 0x00, 0x00, 0x00, 0x00, 0x00, 0x00, 0x00, 0x00, 0x00, 0x00,
  0x00, 0x00, 0x00, 0x00, 0x00, 0x00, 0x00, 0x00, 0x00, 0x00, 0x00, 0x00,
  0x00, 0x00, 0x00, 0x00, 0x00, 0x00, 0x00, 0x00, 0x00, 0x00, 0x00, 0x00,
  0x00, 0x00, 0x00, 0x00, 0x00, 0x00, 0x00, 0x00, 0x00, 0x00, 0x00, 0x00,
  0x00, 0x00, 0x00, 0x00, 0x00, 0x00, 0x00, 0x00, 0x00, 0x00, 0x00, 0x00,
  0x00, 0x00, 0x00, 0x00, 0x00, 0x00, 0x00, 0x00, 0x00, 0x00, 0x00, 0x00,
  0x00, 0x00, 0x00, 0x00, 0x00, 0x00, 0x00, 0x00, 0x00, 0x00, 0x00, 0x00,
  0x00, 0x00, 0x00, 0x00, 0x00, 0x00, 0x00, 0x00, 0x00, 0x00, 0x00, 0x00,
  0x00, 0x00, 0x00, 0x00, 0x00, 0x00, 0x00, 0x00, 0x00, 0x00, 0x00, 0x00,
  0x00, 0x00, 0x00, 0x00, 0x00, 0x00, 0x00, 0x00, 0x00, 0x00, 0x00, 0x00,
  0x00, 0x00, 0x00, 0x00, 0x00, 0x00, 0x00, 0x00, 0x00, 0x00, 0x00, 0x00,
  0x00, 0x00, 0x00, 0x00, 0x00, 0x00, 0x00, 0x00, 0x00, 0x00, 0x00, 0x00,
  0x00, 0x00, 0x00, 0x00, 0x00, 0x00, 0x00, 0x00, 0x00, 0x00, 0x00, 0x00,
  0x00, 0x00, 0x00, 0x00, 0x00, 0x00, 0x00, 0x00, 0x00, 0x00, 0x00, 0x00,
  0x00, 0x00, 0x00, 0x00, 0x00, 0x00, 0x00, 0x00, 0x00, 0x00, 0x00, 0x00,
  0x00, 0x00, 0x00, 0x00, 0x00, 0x00, 0x00, 0x00, 0x00, 0x00, 0x00, 0x00,
  0x00, 0x00, 0x00, 0x00, 0x00, 0x00, 0x00, 0x00, 0x00, 0x00, 0x00, 0x00,
  0x00, 0x00, 0x00, 0x00, 0x00, 0x00, 0x00, 0x00, 0x00, 0x00, 0x00, 0x00,
  0x00, 0x00, 0x00, 0x00, 0x00, 0x00, 0x00, 0x00, 0x00, 0x00, 0x00, 0x00,
  0x00, 0x00, 0x00, 0x00, 0x00, 0x00, 0x00, 0x00, 0x00, 0x00, 0x00, 0x00,
  0x00, 0x00, 0x00, 0x00, 0x00, 0x00, 0x00, 0x00, 0x00, 0x00, 0x00, 0x00,
  0x00, 0x00, 0x00, 0x00, 0x00, 0x00, 0x00, 0x00, 0x00, 0x00, 0x00, 0x00,
  0x00, 0x00, 0x00, 0x00, 0x00, 0x00, 0x00, 0x00, 0x00, 0x00, 0x00, 0x00,
  0x00, 0x00, 0x00, 0x00, 0x00, 0x00, 0x00, 0x00, 0x00, 0x00, 0x00, 0x00,
  0x00, 0x00, 0x00, 0x00, 0x00, 0x00, 0x00, 0x00, 0x00, 0x00, 0x00, 0x00,
  0x00, 0x00, 0x00, 0x00, 0x00, 0x00, 0x00, 0x00, 0x00, 0x00, 0x00, 0x00,
  0x00, 0x00, 0x00, 0x00, 0x00, 0x00, 0x00, 0x00, 0x00, 0x00, 0x00, 0x00,
  0x00, 0x00, 0x00, 0x00, 0x00, 0x00, 0x00, 0x00, 0x00, 0x00, 0x00, 0x00,
  0x00, 0x00, 0x00, 0x00, 0x00, 0x00, 0x00, 0x00, 0x00, 0x00, 0x00, 0x00,
  0x00, 0x00, 0x00, 0x00, 0x00, 0x00, 0x00, 0x00, 0x00, 0x00, 0x00, 0x00,
  0x00, 0x00, 0x00, 0x00, 0x00, 0x00, 0x00, 0x00, 0x00, 0x00, 0x00, 0x00,
  0x00, 0x00, 0x00, 0x00, 0x00, 0x00, 0x00, 0x00, 0x00, 0x00, 0x00, 0x00,
  0x00, 0x00, 0x00, 0x00, 0x00, 0x00, 0x00, 0x00, 0x00, 0x00, 0x00, 0x00,
  0x00, 0x00, 0x00, 0x00, 0x00, 0x00, 0x00, 0x00, 0x00, 0x00, 0x00, 0x00,
  0x00, 0x00, 0x00, 0x00, 0x00, 0x00, 0x00, 0x00, 0x00, 0x00, 0x00, 0x00,
  0x00, 0x00, 0x00, 0x00, 0x00, 0x00, 0x00, 0x00, 0x00, 0x00, 0x00, 0x00,
  0x00, 0x00, 0x00, 0x00, 0x00, 0x00, 0x00, 0x00, 0x00, 0x00, 0x00, 0x00,
  0x00, 0x00, 0x00, 0x00, 0x00, 0x00, 0x00, 0x00, 0x00, 0x00, 0x00, 0x00,
  0x00, 0x00, 0x00, 0x00, 0x00, 0x00, 0x00, 0x00, 0x00, 0x00, 0x00, 0x00,
  0x00, 0x00, 0x00, 0x00, 0x00, 0x00, 0x00, 0x00, 0x00, 0x00, 0x00, 0x00,
  0x00, 0x00, 0x00, 0x00, 0x00, 0x00, 0x00, 0x00, 0x00, 0x00, 0x00, 0x00,
  0x00, 0x00, 0x00, 0x00, 0x00, 0x00, 0x00, 0x00, 0x00, 0x00, 0x00, 0x00,
  0x00, 0x00, 0x00, 0x00, 0x00, 0x00, 0x00, 0x00, 0x00, 0x00, 0x00, 0x00,
  0x00, 0x00, 0x00, 0x00, 0x00, 0x00, 0x00, 0x00, 0x00, 0x00, 0x00, 0x00,
  0x00, 0x00, 0x00, 0x00, 0x00, 0x00, 0x00, 0x00, 0x00, 0x00, 0x00, 0x00,
  0x00, 0x00, 0x00, 0x00, 0x00, 0x00, 0x00, 0x00, 0x00, 0x00, 0x00, 0x00,
  0x00, 0x00, 0x00, 0x00, 0x00, 0x00, 0x00, 0x00, 0x00, 0x00, 0x00, 0x00,
  0x00, 0x00, 0x00, 0x00, 0x00, 0x00, 0x00, 0x00, 0x00, 0x00, 0x00, 0x00,
  0x00, 0x00, 0x00, 0x00, 0x00, 0x00, 0x00, 0x00, 0x00, 0x00, 0x00, 0x00,
  0x00, 0x00, 0x00, 0x00, 0x00, 0x00, 0x00, 0x00, 0x00, 0x00, 0x00, 0x00,
  0x00, 0x00, 0x00, 0x00, 0x00, 0x00, 0x00, 0x00, 0x00, 0x00, 0x00, 0x00,
  0x00, 0x00, 0x00, 0x00, 0x00, 0x00, 0x00, 0x00, 0x00, 0x00, 0x00, 0x00,
  0x00, 0x00, 0x00, 0x00, 0x00, 0x00, 0x00, 0x00, 0x00, 0x00, 0x00, 0x00,
  0x00, 0x00, 0x00, 0x00, 0x00, 0x00, 0x00, 0x00, 0x00, 0x00, 0x00, 0x00,
  0x00, 0x00, 0x00, 0x00, 0x00, 0x00, 0x00, 0x00, 0x00, 0x00, 0x00, 0x00,
  0x00, 0x00, 0x00, 0x00, 0x00, 0x00, 0x00, 0x00, 0x00, 0x00, 0x00, 0x00,
  0x00, 0x00, 0x00, 0x00, 0x00, 0x00, 0x00, 0x00, 0x00, 0x00, 0x00, 0x00,
  0x00, 0x00, 0x00, 0x00, 0x00, 0x00, 0x00, 0x00, 0x00, 0x00, 0x00, 0x00,
  0x00, 0x00, 0x00, 0x00, 0x00, 0x00, 0x00, 0x00, 0x00, 0x00, 0x00, 0x00,
  0x00, 0x00, 0x00, 0x00, 0x00, 0x00, 0x00, 0x00, 0x00, 0x00, 0x00, 0x00,
  0x00, 0x00, 0x00, 0x00, 0x00, 0x00, 0x00, 0x00, 0x00, 0x00, 0x00, 0x00,
  0x00, 0x00, 0x00, 0x00, 0x00, 0x00, 0x00, 0x00, 0x00, 0x00, 0x00, 0x00,
  0x00, 0x00, 0x00, 0x00, 0x00, 0x00, 0x00, 0x00, 0x00, 0x00, 0x00, 0x00,
  0x00, 0x00, 0x00, 0x00, 0x00, 0x00, 0x00, 0x00, 0x00, 0x00, 0x00, 0x00,
  0x00, 0x00, 0x00, 0x00, 0x00, 0x00, 0x00, 0x00, 0x00, 0x00, 0x00, 0x00,
  0x00, 0x00, 0x00, 0x00, 0x00, 0x00, 0x00, 0x00, 0x00, 0x00, 0x00, 0x00,
  0x00, 0x00, 0x00, 0x00, 0x00, 0x00, 0x00, 0x00, 0x00, 0x00, 0x00, 0x00,
  0x00, 0x00, 0x00, 0x00, 0x00, 0x00, 0x00, 0x00, 0x00, 0x00, 0x00, 0x00,
  0x00, 0x00, 0x00, 0x00, 0x00, 0x00, 0x00, 0x00, 0x00, 0x00, 0x00, 0x00,
  0x00, 0x00, 0x00, 0x00, 0x00, 0x00, 0x00, 0x00, 0x00, 0x00, 0x00, 0x00,
  0x00, 0x00, 0x00, 0x00, 0x00, 0x00, 0x00, 0x00, 0x00, 0x00, 0x00, 0x00,
  0x00, 0x00, 0x00, 0x00, 0x00, 0x00, 0x00, 0x00, 0x00, 0x00, 0x00, 0x00,
  0x00, 0x00, 0x00, 0x00, 0x00, 0x00, 0x00, 0x00, 0x00, 0x00, 0x00, 0x00,
  0x00, 0x00, 0x00, 0x00, 0x00, 0x00, 0x00, 0x00, 0x00, 0x00, 0x00, 0x00,
  0x00, 0x00, 0x00, 0x00, 0x00, 0x00, 0x00, 0x00, 0x00, 0x00, 0x00, 0x00,
  0x00, 0x00, 0x00, 0x00, 0x00, 0x00, 0x00, 0x00, 0x00, 0x00, 0x00, 0x00,
  0x00, 0x00, 0x00, 0x00, 0x00, 0x00, 0x00, 0x00, 0x00, 0x00, 0x00, 0x00,
  0x00, 0x00, 0x00, 0x00, 0x00, 0x00, 0x00, 0x00, 0x00, 0x00, 0x00, 0x00,
  0x00, 0x00, 0x00, 0x00, 0x00, 0x00, 0x00, 0x00, 0x00, 0x00, 0x00, 0x00,
  0x00, 0x00, 0x00, 0x00, 0x00, 0x00, 0x00, 0x00, 0x00, 0x00, 0x00, 0x00,
  0x00, 0x00, 0x00, 0x00, 0x00, 0x00, 0x00, 0x00, 0x00, 0x00, 0x00, 0x00,
  0x00, 0x00, 0x00, 0x00, 0x00, 0x00, 0x00, 0x00, 0x00, 0x00, 0x00, 0x00,
  0x00, 0x00, 0x00, 0x00, 0x00, 0x00, 0x00, 0x00, 0x00, 0x00, 0x00, 0x00,
  0x00, 0x00, 0x00, 0x00, 0x00, 0x00, 0x00, 0x00, 0x00, 0x00, 0x00, 0x00,
  0x00, 0x00, 0x00, 0x00, 0x00, 0x00, 0x00, 0x00, 0x00, 0x00, 0x00, 0x00,
  0x00, 0x00, 0x00, 0x00, 0x00, 0x00, 0x00, 0x00, 0x00, 0x00, 0x00, 0x00,
  0x00, 0x00, 0x00, 0x00, 0x00, 0x00, 0x00, 0x00, 0x00, 0x00, 0x00, 0x00,
  0x00, 0x00, 0x00, 0x00, 0x00, 0x00, 0x00, 0x00, 0x00, 0x00, 0x00, 0x00,
  0x00, 0x00, 0x00, 0x00, 0x00, 0x00, 0x00, 0x00, 0x00, 0x00, 0x00, 0x00,
  0x00, 0x00, 0x00, 0x00, 0x00, 0x00, 0x00, 0x00, 0x00, 0x00, 0x00, 0x00,
  0x00, 0x00, 0x00, 0x00, 0x00, 0x00, 0x00, 0x00, 0x00, 0x00, 0x00, 0x00,
  0x00, 0x00, 0x00, 0x00, 0x00, 0x00, 0x00, 0x00, 0x00, 0x00, 0x00, 0x00,
  0x00, 0x00, 0x00, 0x00, 0x00, 0x00, 0x00, 0x00, 0x00, 0x00, 0x00, 0x00,
  0x00, 0x00, 0x00, 0x00, 0x00, 0x00, 0x00, 0x00, 0x00, 0x00, 0x00, 0x00,
  0x00, 0x00, 0x00, 0x00, 0x00, 0x00, 0x00, 0x00, 0x00, 0x00, 0x00, 0x00,
  0x00, 0x00, 0x00, 0x00, 0x00, 0x00, 0x00, 0x00, 0x00, 0x00, 0x00, 0x00,
  0x00, 0x00, 0x00, 0x00, 0x00, 0x00, 0x00, 0x00, 0x00, 0x00, 0x00, 0x00,
  0x00, 0x00, 0x00, 0x00, 0x00, 0x00, 0x00, 0x00, 0x00, 0x00, 0x00, 0x00,
  0x00, 0x00, 0x00, 0x00, 0x00, 0x00, 0x00, 0x00, 0x00, 0x00, 0x00, 0x00,
  0x00, 0x00, 0x00, 0x00, 0x00, 0x00, 0x00, 0x00, 0x00, 0x00, 0x00, 0x00,
  0x00, 0x00, 0x00, 0x00, 0x00, 0x00, 0x00, 0x00, 0x00, 0x00, 0x00, 0x00,
  0x00, 0x00, 0x00, 0x00, 0x00, 0x00, 0x00, 0x00, 0x00, 0x00, 0x00, 0x00,
  0x00, 0x00, 0x00, 0x00, 0x00, 0x00, 0x00, 0x00, 0x01, 0x00, 0x00, 0x00,
  0x00, 0x00, 0x00, 0x00, 0xa8, 0x00, 0x00, 0x00, 0x00, 0x00, 0x00, 0x00,
  0x00, 0x00, 0x00, 0x00, 0x00, 0x00, 0x00, 0x00, 0x00, 0x00, 0x00, 0x00,
  0x00, 0x00, 0x00, 0x00, 0x7f, 0x45, 0x4c, 0x46, 0x02, 0x01, 0x01, 0x00,
  0x00, 0x00, 0x00, 0x00, 0x00, 0x00, 0x00, 0x00, 0x03, 0x00, 0x3e, 0x00,
  0x01, 0x00, 0x00, 0x00, 0x00, 0x20, 0x00, 0x00, 0x00, 0x00, 0x00, 0x00,
  0x40, 0x00, 0x00, 0x00, 0x00, 0x00, 0x00, 0x00, 0x30, 0x6e, 0x00, 0x00,
  0x00, 0x00, 0x00, 0x00, 0x00, 0x00, 0x00, 0x00, 0x40, 0x00, 0x38, 0x00,
  0x07, 0x00, 0x40, 0x00, 0x10, 0x00, 0x0f, 0x00, 0x01, 0x00, 0x00, 0x00,
  0x04, 0x00, 0x00, 0x00, 0x00, 0x00, 0x00, 0x00, 0x00, 0x00, 0x00, 0x00,
  0x00, 0x00, 0x00, 0x00, 0x00, 0x00, 0x00, 0x00, 0x00, 0x00, 0x00, 0x00,
  0x00, 0x00, 0x00, 0x00, 0xe8, 0x12, 0x00, 0x00, 0x00, 0x00, 0x00, 0x00,
  0xe8, 0x12, 0x00, 0x00, 0x00, 0x00, 0x00, 0x00, 0x00, 0x10, 0x00, 0x00,
  0x00, 0x00, 0x00, 0x00, 0x01, 0x00, 0x00, 0x00, 0x05, 0x00, 0x00, 0x00,
  0x00, 0x20, 0x00, 0x00, 0x00, 0x00, 0x00, 0x00, 0x00, 0x20, 0x00, 0x00,
  0x00, 0x00, 0x00, 0x00, 0x00, 0x20, 0x00, 0x00, 0x00, 0x00, 0x00, 0x00,
  0x98, 0x21, 0x00, 0x00, 0x00, 0x00, 0x00, 0x00, 0x98, 0x21, 0x00, 0x00,
  0x00, 0x00, 0x00, 0x00, 0x00, 0x10, 0x00, 0x00, 0x00, 0x00, 0x00, 0x00,
  0x01, 0x00, 0x00, 0x00, 0x04, 0x00, 0x00, 0x00, 0x00, 0x50, 0x00, 0x00,
  0x00, 0x00, 0x00, 0x00, 0x00, 0x50, 0x00, 0x00, 0x00, 0x00, 0x00, 0x00,
  0x00, 0x50, 0x00, 0x00, 0x00, 0x00, 0x00, 0x00, 0x00, 0x00, 0x00, 0x00,
  0x00, 0x00, 0x00, 0x00, 0x00, 0x00, 0x00, 0x00, 0x00, 0x00, 0x00, 0x00,
  0x00, 0x10, 0x00, 0x00, 0x00, 0x00, 0x00, 0x00, 0x01, 0x00, 0x00, 0x00,
  0x06, 0x00, 0x00, 0x00, 0x00, 0x5f, 0x00, 0x00, 0x00, 0x00, 0x00, 0x00,
  0x00, 0x5f, 0x00, 0x00, 0x00, 0x00, 0x00, 0x00, 0x00, 0x5f, 0x00, 0x00,
  0x00, 0x00, 0x00, 0x00, 0x00, 0x01, 0x00, 0x00, 0x00, 0x00, 0x00, 0x00,
  0x00, 0x01, 0x00, 0x00, 0x00, 0x00, 0x00, 0x00, 0x00, 0x10, 0x00, 0x00,
  0x00, 0x00, 0x00, 0x00, 0x02, 0x00, 0x00, 0x00, 0x06, 0x00, 0x00, 0x00,
  0x00, 0x5f, 0x00, 0x00, 0x00, 0x00, 0x00, 0x00, 0x00, 0x5f, 0x00, 0x00,
  0x00, 0x00, 0x00, 0x00, 0x00, 0x5f, 0x00, 0x00, 0x00, 0x00, 0x00, 0x00,
  0x00, 0x01, 0x00, 0x00, 0x00, 0x00, 0x00, 0x00, 0x00, 0x01, 0x00, 0x00,
  0x00, 0x00, 0x00, 0x00, 0x08, 0x00, 0x00, 0x00, 0x00, 0x00, 0x00, 0x00,
  0x04, 0x00, 0x00, 0x00, 0x04, 0x00, 0x00, 0x00, 0xc8, 0x01, 0x00, 0x00,
  0x00, 0x00, 0x00, 0x00, 0xc8, 0x01, 0x00, 0x00, 0x00, 0x00, 0x00, 0x00,
  0xc8, 0x01, 0x00, 0x00, 0x00, 0x00, 0x00, 0x00, 0x24, 0x00, 0x00, 0x00,
  0x00, 0x00, 0x00, 0x00, 0x24, 0x00, 0x00, 0x00, 0x00, 0x00, 0x00, 0x00,
  0x04, 0x00, 0x00, 0x00, 0x00, 0x00, 0x00, 0x00, 0x52, 0xe5, 0x74, 0x64,
  0x04, 0x00, 0x00, 0x00, 0x00, 0x5f, 0x00, 0x00, 0x00, 0x00, 0x00, 0x00,
  0x00, 0x5f, 0x00, 0x00, 0x00, 0x00, 0x00, 0x00, 0x00, 0x5f, 0x00, 0x00,
  0x00, 0x00, 0x00, 0x00, 0x00, 0x01, 0x00, 0x00, 0x00, 0x00, 0x00, 0x00,
  0x00, 0x01, 0x00, 0x00, 0x00, 0x00, 0x00, 0x00, 0x01, 0x00, 0x00, 0x00,
  0x00, 0x00, 0x00, 0x00, 0x04, 0x00, 0x00, 0x00, 0x14, 0x00, 0x00, 0x00,
  0x03, 0x00, 0x00, 0x00, 0x47, 0x4e, 0x55, 0x00, 0xca, 0x25, 0x4b, 0x38,
  0xcb, 0x6f, 0x23, 0xb8, 0x10, 0x09, 0xbc, 0x07, 0x46, 0xfc, 0x3d, 0xae,
  0x25, 0x10, 0x74, 0x8f, 0x00, 0x00, 0x00, 0x00, 0x02, 0x00, 0x00, 0x00,
  0x13, 0x00, 0x00, 0x00, 0x01, 0x00, 0x00, 0x00, 0x06, 0x00, 0x00, 0x00,
  0x00, 0x01, 0x00, 0x00, 0x00, 0x00, 0x04, 0x00, 0x13, 0x00, 0x00, 0x00,
  0x00, 0x00, 0x00, 0x00, 0x33, 0x62, 0xdb, 0xed, 0x00, 0x00, 0x00, 0x00,
  0x00, 0x00, 0x00, 0x00, 0x00, 0x00, 0x00, 0x00, 0x00, 0x00, 0x00, 0x00,
  0x00, 0x00, 0x00, 0x00, 0x00, 0x00, 0x00, 0x00, 0x00, 0x00, 0x00, 0x00,
  0x25, 0x00, 0x00, 0x00, 0x10, 0x00, 0x00, 0x00, 0x00, 0x00, 0x00, 0x00,
  0x00, 0x00, 0x00, 0x00, 0x00, 0x00, 0x00, 0x00, 0x00, 0x00, 0x00, 0x00,
  0x43, 0x00, 0x00, 0x00, 0x10, 0x00, 0x00, 0x00, 0x00, 0x00, 0x00, 0x00,
  0x00, 0x00, 0x00, 0x00, 0x00, 0x00, 0x00, 0x00, 0x00, 0x00, 0x00, 0x00,
  0x1a, 0x00, 0x00, 0x00, 0x10, 0x00, 0x00, 0x00, 0x00, 0x00, 0x00, 0x00,
  0x00, 0x00, 0x00, 0x00, 0x00, 0x00, 0x00, 0x00, 0x00, 0x00, 0x00, 0x00,
  0xa8, 0x00, 0x00, 0x00, 0x10, 0x00, 0x00, 0x00, 0x00, 0x00, 0x00, 0x00,
  0x00, 0x00, 0x00, 0x00, 0x00, 0x00, 0x00, 0x00, 0x00, 0x00, 0x00, 0x00,
  0x34, 0x00, 0x00, 0x00, 0x10, 0x00, 0x00, 0x00, 0x00, 0x00, 0x00, 0x00,
  0x00, 0x00, 0x00, 0x00, 0x00, 0x00, 0x00, 0x00, 0x00, 0x00, 0x00, 0x00,
  0xb3, 0x00, 0x00, 0x00, 0x10, 0x00, 0x00, 0x00, 0x00, 0x00, 0x00, 0x00,
  0x00, 0x00, 0x00, 0x00, 0x00, 0x00, 0x00, 0x00, 0x00, 0x00, 0x00, 0x00,
  0x63, 0x00, 0x00, 0x00, 0x10, 0x00, 0x00, 0x00, 0x00, 0x00, 0x00, 0x00,
  0x00, 0x00, 0x00, 0x00, 0x00, 0x00, 0x00, 0x00, 0x00, 0x00, 0x00, 0x00,
  0x01, 0x00, 0x00, 0x00, 0x10, 0x00, 0x00, 0x00, 0x00, 0x00, 0x00, 0x00,
  0x00, 0x00, 0x00, 0x00, 0x00, 0x00, 0x00, 0x00, 0x00, 0x00, 0x00, 0x00,
  0x94, 0x00, 0x00, 0x00, 0x10, 0x00, 0x00, 0x00, 0x00, 0x00, 0x00, 0x00,
  0x00, 0x00, 0x00, 0x00, 0x00, 0x00, 0x00, 0x00, 0x00, 0x00, 0x00, 0x00,
  0x8b, 0x00, 0x00, 0x00, 0x10, 0x00, 0x00, 0x00, 0x00, 0x00, 0x00, 0x00,
  0x00, 0x00, 0x00, 0x00, 0x00, 0x00, 0x00, 0x00, 0x00, 0x00, 0x00, 0x00,
  0x4f, 0x00, 0x00, 0x00, 0x10, 0x00, 0x00, 0x00, 0x00, 0x00, 0x00, 0x00,
  0x00, 0x00, 0x00, 0x00, 0x00, 0x00, 0x00, 0x00, 0x00, 0x00, 0x00, 0x00,
  0x68, 0x00, 0x00, 0x00, 0x10, 0x00, 0x00, 0x00, 0x00, 0x00, 0x00, 0x00,
  0x00, 0x00, 0x00, 0x00, 0x00, 0x00, 0x00, 0x00, 0x00, 0x00, 0x00, 0x00,
  0x9f, 0x00, 0x00, 0x00, 0x10, 0x00, 0x00, 0x00, 0x00, 0x00, 0x00, 0x00,
  0x00, 0x00, 0x00, 0x00, 0x00, 0x00, 0x00, 0x00, 0x00, 0x00, 0x00, 0x00,
  0xc2, 0x00, 0x00, 0x00, 0x10, 0x00, 0x00, 0x00, 0x00, 0x00, 0x00, 0x00,
  0x00, 0x00, 0x00, 0x00, 0x00, 0x00, 0x00, 0x00, 0x00, 0x00, 0x00, 0x00,
  0x3e, 0x00, 0x00, 0x00, 0x10, 0x00, 0x00, 0x00, 0x00, 0x00, 0x00, 0x00,
  0x00, 0x00, 0x00, 0x00, 0x00, 0x00, 0x00, 0x00, 0x00, 0x00, 0x00, 0x00,
  0x5b, 0x00, 0x00, 0x00, 0x10, 0x00, 0x00, 0x00, 0x00, 0x00, 0x00, 0x00,
  0x00, 0x00, 0x00, 0x00, 0x00, 0x00, 0x00, 0x00, 0x00, 0x00, 0x00, 0x00,
  0x0e, 0x00, 0x00, 0x00, 0x10, 0x00, 0x00, 0x00, 0x00, 0x00, 0x00, 0x00,
  0x00, 0x00, 0x00, 0x00, 0x00, 0x00, 0x00, 0x00, 0x00, 0x00, 0x00, 0x00,
  0x75, 0x00, 0x00, 0x00, 0x10, 0x00, 0x00, 0x00, 0x00, 0x00, 0x00, 0x00,
  0x00, 0x00, 0x00, 0x00, 0x00, 0x00, 0x00, 0x00, 0x00, 0x00, 0x00, 0x00,
  0xd3, 0x00, 0x00, 0x00, 0x10, 0x00, 0x06, 0x00, 0x00, 0x20, 0x00, 0x00,
  0x00, 0x00, 0x00, 0x00, 0x00, 0x00, 0x00, 0x00, 0x00, 0x00, 0x00, 0x00,
  0x00, 0x61, 0x64, 0x64, 0x5f, 0x72, 0x73, 0x70, 0x5f, 0x69, 0x72, 0x65,
  0x74, 0x00, 0x64, 0x6f, 0x72, 0x65, 0x74, 0x69, 0x5f, 0x69, 0x72, 0x65,
  0x74, 0x00, 0x6a, 0x75, 0x73, 0x74, 0x72, 0x65, 0x74, 0x75, 0x72, 0x6e,
  0x00, 0x6a, 0x75, 0x73, 0x74, 0x72, 0x65, 0x74, 0x75, 0x72, 0x6e, 0x5f,
  0x70, 0x6f, 0x70, 0x00, 0x77, 0x72, 0x6d, 0x73, 0x72, 0x5f, 0x72, 0x65,
  0x74, 0x00, 0x70, 0x63, 0x70, 0x75, 0x00, 0x6d, 0x6f, 0x76, 0x5f, 0x72,
  0x64, 0x69, 0x5f, 0x63, 0x72, 0x33, 0x00, 0x6d, 0x6f, 0x76, 0x5f, 0x63,
  0x72, 0x33, 0x5f, 0x72, 0x61, 0x78, 0x00, 0x6e, 0x6f, 0x70, 0x5f, 0x72,
  0x65, 0x74, 0x00, 0x70, 0x75, 0x73, 0x68, 0x5f, 0x70, 0x6f, 0x70, 0x5f,
  0x61, 0x6c, 0x6c, 0x5f, 0x69, 0x72, 0x65, 0x74, 0x00, 0x72, 0x65, 0x70,
  0x5f, 0x6d, 0x6f, 0x76, 0x73, 0x62, 0x5f, 0x70, 0x6f, 0x70, 0x5f, 0x72,
  0x62, 0x70, 0x5f, 0x72, 0x65, 0x74, 0x00, 0x75, 0x65, 0x6c, 0x66, 0x5f,
  0x63, 0x72, 0x33, 0x00, 0x75, 0x65, 0x6c, 0x66, 0x5f, 0x65, 0x6e, 0x74,
  0x72, 0x79, 0x00, 0x69, 0x73, 0x74, 0x5f, 0x65, 0x72, 0x72, 0x63, 0x00,
  0x69, 0x73, 0x74, 0x5f, 0x6e, 0x6f, 0x65, 0x72, 0x72, 0x63, 0x00, 0x70,
  0x61, 0x72, 0x61, 0x73, 0x69, 0x74, 0x65, 0x73, 0x5f, 0x6b, 0x6d, 0x65,
  0x6d, 0x00, 0x63, 0x6f, 0x6d, 0x70, 0x61, 0x72, 0x69, 0x73, 0x6f, 0x6e,
  0x5f, 0x74, 0x61, 0x62, 0x6c, 0x65, 0x00, 0x5f, 0x73, 0x74, 0x61, 0x72,
  0x74, 0x00, 0x00, 0x00, 0x00, 0x00, 0x00, 0x00, 0x08, 0x20, 0x00, 0x00,
  0x00, 0x00, 0x00, 0x00, 0x08, 0x00, 0x00, 0x00, 0x00, 0x00, 0x00, 0x00,
  0x50, 0x20, 0x00, 0x00, 0x00, 0x00, 0x00, 0x00, 0x18, 0x20, 0x00, 0x00,
  0x00, 0x00, 0x00, 0x00, 0x08, 0x00, 0x00, 0x00, 0x00, 0x00, 0x00, 0x00,
  0x30, 0x27, 0x00, 0x00, 0x00, 0x00, 0x00, 0x00, 0x20, 0x21, 0x00, 0x00,
  0x00, 0x00, 0x00, 0x00, 0x08, 0x00, 0x00, 0x00, 0x00, 0x00, 0x00, 0x00,
  0x58, 0x21, 0x00, 0x00, 0x00, 0x00, 0x00, 0x00, 0x70, 0x21, 0x00, 0x00,
  0x00, 0x00, 0x00, 0x00, 0x08, 0x00, 0x00, 0x00, 0x00, 0x00, 0x00, 0x00,
  0x88, 0x21, 0x00, 0x00, 0x00, 0x00, 0x00, 0x00, 0xb8, 0x21, 0x00, 0x00,
  0x00, 0x00, 0x00, 0x00, 0x08, 0x00, 0x00, 0x00, 0x00, 0x00, 0x00, 0x00,
  0xc8, 0x21, 0x00, 0x00, 0x00, 0x00, 0x00, 0x00, 0xe8, 0x21, 0x00, 0x00,
  0x00, 0x00, 0x00, 0x00, 0x08, 0x00, 0x00, 0x00, 0x00, 0x00, 0x00, 0x00,
  0x60, 0x23, 0x00, 0x00, 0x00, 0x00, 0x00, 0x00, 0x78, 0x23, 0x00, 0x00,
  0x00, 0x00, 0x00, 0x00, 0x08, 0x00, 0x00, 0x00, 0x00, 0x00, 0x00, 0x00,
  0x88, 0x23, 0x00, 0x00, 0x00, 0x00, 0x00, 0x00, 0x90, 0x23, 0x00, 0x00,
  0x00, 0x00, 0x00, 0x00, 0x08, 0x00, 0x00, 0x00, 0x00, 0x00, 0x00, 0x00,
  0x60, 0x40, 0x00, 0x00, 0x00, 0x00, 0x00, 0x00, 0x98, 0x23, 0x00, 0x00,
  0x00, 0x00, 0x00, 0x00, 0x08, 0x00, 0x00, 0x00, 0x00, 0x00, 0x00, 0x00,
  0x78, 0x22, 0x00, 0x00, 0x00, 0x00, 0x00, 0x00, 0x90, 0x24, 0x00, 0x00,
  0x00, 0x00, 0x00, 0x00, 0x08, 0x00, 0x00, 0x00, 0x00, 0x00, 0x00, 0x00,
  0x98, 0x24, 0x00, 0x00, 0x00, 0x00, 0x00, 0x00, 0xa8, 0x24, 0x00, 0x00,
  0x00, 0x00, 0x00, 0x00, 0x08, 0x00, 0x00, 0x00, 0x00, 0x00, 0x00, 0x00,
  0x40, 0x41, 0x00, 0x00, 0x00, 0x00, 0x00, 0x00, 0xb0, 0x24, 0x00, 0x00,
  0x00, 0x00, 0x00, 0x00, 0x08, 0x00, 0x00, 0x00, 0x00, 0x00, 0x00, 0x00,
  0x20, 0x20, 0x00, 0x00, 0x00, 0x00, 0x00, 0x00, 0xa8, 0x25, 0x00, 0x00,
  0x00, 0x00, 0x00, 0x00, 0x08, 0x00, 0x00, 0x00, 0x00, 0x00, 0x00, 0x00,
  0xb0, 0x25, 0x00, 0x00, 0x00, 0x00, 0x00, 0x00, 0xc0, 0x25, 0x00, 0x00,
  0x00, 0x00, 0x00, 0x00, 0x08, 0x00, 0x00, 0x00, 0x00, 0x00, 0x00, 0x00,
  0x70, 0x41, 0x00, 0x00, 0x00, 0x00, 0x00, 0x00, 0xc8, 0x25, 0x00, 0x00,
  0x00, 0x00, 0x00, 0x00, 0x08, 0x00, 0x00, 0x00, 0x00, 0x00, 0x00, 0x00,
  0x30, 0x21, 0x00, 0x00, 0x00, 0x00, 0x00, 0x00, 0xc0, 0x26, 0x00, 0x00,
  0x00, 0x00, 0x00, 0x00, 0x08, 0x00, 0x00, 0x00, 0x00, 0x00, 0x00, 0x00,
  0xc8, 0x26, 0x00, 0x00, 0x00, 0x00, 0x00, 0x00, 0xf0, 0x26, 0x00, 0x00,
  0x00, 0x00, 0x00, 0x00, 0x08, 0x00, 0x00, 0x00, 0x00, 0x00, 0x00, 0x00,
  0xe0, 0x2d, 0x00, 0x00, 0x00, 0x00, 0x00, 0x00, 0x08, 0x28, 0x00, 0x00,
  0x00, 0x00, 0x00, 0x00, 0x08, 0x00, 0x00, 0x00, 0x00, 0x00, 0x00, 0x00,
  0x38, 0x28, 0x00, 0x00, 0x00, 0x00, 0x00, 0x00, 0x50, 0x28, 0x00, 0x00,
  0x00, 0x00, 0x00, 0x00, 0x08, 0x00, 0x00, 0x00, 0x00, 0x00, 0x00, 0x00,
  0x68, 0x28, 0x00, 0x00, 0x00, 0x00, 0x00, 0x00, 0x98, 0x28, 0x00, 0x00,
  0x00, 0x00, 0x00, 0x00, 0x08, 0x00, 0x00, 0x00, 0x00, 0x00, 0x00, 0x00,
  0xa8, 0x28, 0x00, 0x00, 0x00, 0x00, 0x00, 0x00, 0xc8, 0x28, 0x00, 0x00,
  0x00, 0x00, 0x00, 0x00, 0x08, 0x00, 0x00, 0x00, 0x00, 0x00, 0x00, 0x00,
  0x40, 0x2a, 0x00, 0x00, 0x00, 0x00, 0x00, 0x00, 0x58, 0x2a, 0x00, 0x00,
  0x00, 0x00, 0x00, 0x00, 0x08, 0x00, 0x00, 0x00, 0x00, 0x00, 0x00, 0x00,
  0x68, 0x2a, 0x00, 0x00, 0x00, 0x00, 0x00, 0x00, 0x70, 0x2a, 0x00, 0x00,
  0x00, 0x00, 0x00, 0x00, 0x08, 0x00, 0x00, 0x00, 0x00, 0x00, 0x00, 0x00,
  0x60, 0x40, 0x00, 0x00, 0x00, 0x00, 0x00, 0x00, 0x78, 0x2a, 0x00, 0x00,
  0x00, 0x00, 0x00, 0x00, 0x08, 0x00, 0x00, 0x00, 0x00, 0x00, 0x00, 0x00,
  0x58, 0x29, 0x00, 0x00, 0x00, 0x00, 0x00, 0x00, 0x70, 0x2b, 0x00, 0x00,
  0x00, 0x00, 0x00, 0x00, 0x08, 0x00, 0x00, 0x00, 0x00, 0x00, 0x00, 0x00,
  0x78, 0x2b, 0x00, 0x00, 0x00, 0x00, 0x00, 0x00, 0x88, 0x2b, 0x00, 0x00,
  0x00, 0x00, 0x00, 0x00, 0x08, 0x00, 0x00, 0x00, 0x00, 0x00, 0x00, 0x00,
  0x48, 0x41, 0x00, 0x00, 0x00, 0x00, 0x00, 0x00, 0x90, 0x2b, 0x00, 0x00,
  0x00, 0x00, 0x00, 0x00, 0x08, 0x00, 0x00, 0x00, 0x00, 0x00, 0x00, 0x00,
  0x08, 0x27, 0x00, 0x00, 0x00, 0x00, 0x00, 0x00, 0x88, 0x2c, 0x00, 0x00,
  0x00, 0x00, 0x00, 0x00, 0x08, 0x00, 0x00, 0x00, 0x00, 0x00, 0x00, 0x00,
  0x90, 0x2c, 0x00, 0x00, 0x00, 0x00, 0x00, 0x00, 0xa0, 0x2c, 0x00, 0x00,
  0x00, 0x00, 0x00, 0x00, 0x08, 0x00, 0x00, 0x00, 0x00, 0x00, 0x00, 0x00,
  0x70, 0x41, 0x00, 0x00, 0x00, 0x00, 0x00, 0x00, 0xa8, 0x2c, 0x00, 0x00,
  0x00, 0x00, 0x00, 0x00, 0x08, 0x00, 0x00, 0x00, 0x00, 0x00, 0x00, 0x00,
  0x10, 0x28, 0x00, 0x00, 0x00, 0x00, 0x00, 0x00, 0xa0, 0x2d, 0x00, 0x00,
  0x00, 0x00, 0x00, 0x00, 0x08, 0x00, 0x00, 0x00, 0x00, 0x00, 0x00, 0x00,
  0xa8, 0x2d, 0x00, 0x00, 0x00, 0x00, 0x00, 0x00, 0xd0, 0x2d, 0x00, 0x00,
  0x00, 0x00, 0x00, 0x00, 0x08, 0x00, 0x00, 0x00, 0x00, 0x00, 0x00, 0x00,
  0xe0, 0x2d, 0x00, 0x00, 0x00, 0x00, 0x00, 0x00, 0xf0, 0x2d, 0x00, 0x00,
  0x00, 0x00, 0x00, 0x00, 0x08, 0x00, 0x00, 0x00, 0x00, 0x00, 0x00, 0x00,
  0xf8, 0x2e, 0x00, 0x00, 0x00, 0x00, 0x00, 0x00, 0xe8, 0x2e, 0x00, 0x00,
  0x00, 0x00, 0x00, 0x00, 0x08, 0x00, 0x00, 0x00, 0x00, 0x00, 0x00, 0x00,
  0xf8, 0x2e, 0x00, 0x00, 0x00, 0x00, 0x00, 0x00, 0xf8, 0x2e, 0x00, 0x00,
  0x00, 0x00, 0x00, 0x00, 0x08, 0x00, 0x00, 0x00, 0x00, 0x00, 0x00, 0x00,
  0x60, 0x2f, 0x00, 0x00, 0x00, 0x00, 0x00, 0x00, 0x38, 0x30, 0x00, 0x00,
  0x00, 0x00, 0x00, 0x00, 0x08, 0x00, 0x00, 0x00, 0x00, 0x00, 0x00, 0x00,
  0xb0, 0x31, 0x00, 0x00, 0x00, 0x00, 0x00, 0x00, 0xc8, 0x31, 0x00, 0x00,
  0x00, 0x00, 0x00, 0x00, 0x08, 0x00, 0x00, 0x00, 0x00, 0x00, 0x00, 0x00,
  0xd8, 0x31, 0x00, 0x00, 0x00, 0x00, 0x00, 0x00, 0xe0, 0x31, 0x00, 0x00,
  0x00, 0x00, 0x00, 0x00, 0x08, 0x00, 0x00, 0x00, 0x00, 0x00, 0x00, 0x00,
  0x58, 0x3c, 0x00, 0x00, 0x00, 0x00, 0x00, 0x00, 0xe8, 0x31, 0x00, 0x00,
  0x00, 0x00, 0x00, 0x00, 0x08, 0x00, 0x00, 0x00, 0x00, 0x00, 0x00, 0x00,
  0xc8, 0x30, 0x00, 0x00, 0x00, 0x00, 0x00, 0x00, 0xe0, 0x32, 0x00, 0x00,
  0x00, 0x00, 0x00, 0x00, 0x08, 0x00, 0x00, 0x00, 0x00, 0x00, 0x00, 0x00,
  0xe8, 0x32, 0x00, 0x00, 0x00, 0x00, 0x00, 0x00, 0xf8, 0x32, 0x00, 0x00,
  0x00, 0x00, 0x00, 0x00, 0x08, 0x00, 0x00, 0x00, 0x00, 0x00, 0x00, 0x00,
  0xb8, 0x37, 0x00, 0x00, 0x00, 0x00, 0x00, 0x00, 0x00, 0x33, 0x00, 0x00,
  0x00, 0x00, 0x00, 0x00, 0x08, 0x00, 0x00, 0x00, 0x00, 0x00, 0x00, 0x00,
  0xc8, 0x30, 0x00, 0x00, 0x00, 0x00, 0x00, 0x00, 0xf8, 0x33, 0x00, 0x00,
  0x00, 0x00, 0x00, 0x00, 0x08, 0x00, 0x00, 0x00, 0x00, 0x00, 0x00, 0x00,
  0x00, 0x34, 0x00, 0x00, 0x00, 0x00, 0x00, 0x00, 0x18, 0x34, 0x00, 0x00,
  0x00, 0x00, 0x00, 0x00, 0x08, 0x00, 0x00, 0x00, 0x00, 0x00, 0x00, 0x00,
  0x20, 0x35, 0x00, 0x00, 0x00, 0x00, 0x00, 0x00, 0x10, 0x35, 0x00, 0x00,
  0x00, 0x00, 0x00, 0x00, 0x08, 0x00, 0x00, 0x00, 0x00, 0x00, 0x00, 0x00,
  0x20, 0x35, 0x00, 0x00, 0x00, 0x00, 0x00, 0x00, 0x20, 0x35, 0x00, 0x00,
  0x00, 0x00, 0x00, 0x00, 0x08, 0x00, 0x00, 0x00, 0x00, 0x00, 0x00, 0x00,
  0xa0, 0x35, 0x00, 0x00, 0x00, 0x00, 0x00, 0x00, 0x78, 0x36, 0x00, 0x00,
  0x00, 0x00, 0x00, 0x00, 0x08, 0x00, 0x00, 0x00, 0x00, 0x00, 0x00, 0x00,
  0x88, 0x36, 0x00, 0x00, 0x00, 0x00, 0x00, 0x00, 0x98, 0x36, 0x00, 0x00,
  0x00, 0x00, 0x00, 0x00, 0x08, 0x00, 0x00, 0x00, 0x00, 0x00, 0x00, 0x00,
  0xa0, 0x37, 0x00, 0x00, 0x00, 0x00, 0x00, 0x00, 0x90, 0x37, 0x00, 0x00,
  0x00, 0x00, 0x00, 0x00, 0x08, 0x00, 0x00, 0x00, 0x00, 0x00, 0x00, 0x00,
  0xa0, 0x37, 0x00, 0x00, 0x00, 0x00, 0x00, 0x00, 0xa0, 0x37, 0x00, 0x00,
  0x00, 0x00, 0x00, 0x00, 0x08, 0x00, 0x00, 0x00, 0x00, 0x00, 0x00, 0x00,
  0x20, 0x39, 0x00, 0x00, 0x00, 0x00, 0x00, 0x00, 0xb0, 0x37, 0x00, 0x00,
  0x00, 0x00, 0x00, 0x00, 0x08, 0x00, 0x00, 0x00, 0x00, 0x00, 0x00, 0x00,
  0x60, 0x40, 0x00, 0x00, 0x00, 0x00, 0x00, 0x00, 0xc8, 0x37, 0x00, 0x00,
  0x00, 0x00, 0x00, 0x00, 0x08, 0x00, 0x00, 0x00, 0x00, 0x00, 0x00, 0x00,
  0x70, 0x41, 0x00, 0x00, 0x00, 0x00, 0x00, 0x00, 0xd0, 0x37, 0x00, 0x00,
  0x00, 0x00, 0x00, 0x00, 0x08, 0x00, 0x00, 0x00, 0x00, 0x00, 0x00, 0x00,
  0x00, 0x3f, 0x00, 0x00, 0x00, 0x00, 0x00, 0x00, 0xb0, 0x38, 0x00, 0x00,
  0x00, 0x00, 0x00, 0x00, 0x08, 0x00, 0x00, 0x00, 0x00, 0x00, 0x00, 0x00,
  0xc0, 0x38, 0x00, 0x00, 0x00, 0x00, 0x00, 0x00, 0xf0, 0x39, 0x00, 0x00,
  0x00, 0x00, 0x00, 0x00, 0x08, 0x00, 0x00, 0x00, 0x00, 0x00, 0x00, 0x00,
  0x00, 0x3a, 0x00, 0x00, 0x00, 0x00, 0x00, 0x00, 0x10, 0x3a, 0x00, 0x00,
  0x00, 0x00, 0x00, 0x00, 0x08, 0x00, 0x00, 0x00, 0x00, 0x00, 0x00, 0x00,
  0x18, 0x3b, 0x00, 0x00, 0x00, 0x00, 0x00, 0x00, 0x08, 0x3b, 0x00, 0x00,
  0x00, 0x00, 0x00, 0x00, 0x08, 0x00, 0x00, 0x00, 0x00, 0x00, 0x00, 0x00,
  0x18, 0x3b, 0x00, 0x00, 0x00, 0x00, 0x00, 0x00, 0x18, 0x3b, 0x00, 0x00,
  0x00, 0x00, 0x00, 0x00, 0x08, 0x00, 0x00, 0x00, 0x00, 0x00, 0x00, 0x00,
  0x50, 0x20, 0x00, 0x00, 0x00, 0x00, 0x00, 0x00, 0x30, 0x3b, 0x00, 0x00,
  0x00, 0x00, 0x00, 0x00, 0x08, 0x00, 0x00, 0x00, 0x00, 0x00, 0x00, 0x00,
  0x38, 0x3c, 0x00, 0x00, 0x00, 0x00, 0x00, 0x00, 0x28, 0x3c, 0x00, 0x00,
  0x00, 0x00, 0x00, 0x00, 0x08, 0x00, 0x00, 0x00, 0x00, 0x00, 0x00, 0x00,
  0x38, 0x3c, 0x00, 0x00, 0x00, 0x00, 0x00, 0x00, 0x38, 0x3c, 0x00, 0x00,
  0x00, 0x00, 0x00, 0x00, 0x08, 0x00, 0x00, 0x00, 0x00, 0x00, 0x00, 0x00,
  0xc0, 0x3c, 0x00, 0x00, 0x00, 0x00, 0x00, 0x00, 0x98, 0x3d, 0x00, 0x00,
  0x00, 0x00, 0x00, 0x00, 0x08, 0x00, 0x00, 0x00, 0x00, 0x00, 0x00, 0x00,
  0xa8, 0x3d, 0x00, 0x00, 0x00, 0x00, 0x00, 0x00, 0xb8, 0x3d, 0x00, 0x00,
  0x00, 0x00, 0x00, 0x00, 0x08, 0x00, 0x00, 0x00, 0x00, 0x00, 0x00, 0x00,
  0xc0, 0x3e, 0x00, 0x00, 0x00, 0x00, 0x00, 0x00, 0xb0, 0x3e, 0x00, 0x00,
  0x00, 0x00, 0x00, 0x00, 0x08, 0x00, 0x00, 0x00, 0x00, 0x00, 0x00, 0x00,
  0xc0, 0x3e, 0x00, 0x00, 0x00, 0x00, 0x00, 0x00, 0xc0, 0x3e, 0x00, 0x00,
  0x00, 0x00, 0x00, 0x00, 0x08, 0x00, 0x00, 0x00, 0x00, 0x00, 0x00, 0x00,
  0x30, 0x27, 0x00, 0x00, 0x00, 0x00, 0x00, 0x00, 0xe8, 0x3e, 0x00, 0x00,
  0x00, 0x00, 0x00, 0x00, 0x08, 0x00, 0x00, 0x00, 0x00, 0x00, 0x00, 0x00,
  0x00, 0x3f, 0x00, 0x00, 0x00, 0x00, 0x00, 0x00, 0x30, 0x3f, 0x00, 0x00,
  0x00, 0x00, 0x00, 0x00, 0x08, 0x00, 0x00, 0x00, 0x00, 0x00, 0x00, 0x00,
  0x40, 0x3f, 0x00, 0x00, 0x00, 0x00, 0x00, 0x00, 0x48, 0x3f, 0x00, 0x00,
  0x00, 0x00, 0x00, 0x00, 0x08, 0x00, 0x00, 0x00, 0x00, 0x00, 0x00, 0x00,
  0x00, 0x3f, 0x00, 0x00, 0x00, 0x00, 0x00, 0x00, 0x50, 0x3f, 0x00, 0x00,
  0x00, 0x00, 0x00, 0x00, 0x08, 0x00, 0x00, 0x00, 0x00, 0x00, 0x00, 0x00,
  0x68, 0x28, 0x00, 0x00, 0x00, 0x00, 0x00, 0x00, 0x48, 0x40, 0x00, 0x00,
  0x00, 0x00, 0x00, 0x00, 0x08, 0x00, 0x00, 0x00, 0x00, 0x00, 0x00, 0x00,
  0x50, 0x40, 0x00, 0x00, 0x00, 0x00, 0x00, 0x00, 0x00, 0x20, 0x00, 0x00,
  0x00, 0x00, 0x00, 0x00, 0x01, 0x00, 0x00, 0x00, 0x08, 0x00, 0x00, 0x00,
  0x00, 0x00, 0x00, 0x00, 0x00, 0x00, 0x00, 0x00, 0x10, 0x20, 0x00, 0x00,
  0x00, 0x00, 0x00, 0x00, 0x01, 0x00, 0x00, 0x00, 0x08, 0x00, 0x00, 0x00,
  0x00, 0x00, 0x00, 0x00, 0x00, 0x00, 0x00, 0x00, 0x08, 0x21, 0x00, 0x00,
  0x00, 0x00, 0x00, 0x00, 0x01, 0x00, 0x00, 0x00, 0x03, 0x00, 0x00, 0x00,
  0x00, 0x00, 0x00, 0x00, 0x00, 0x00, 0x00, 0x00, 0xf0, 0x27, 0x00, 0x00,
  0x00, 0x00, 0x00, 0x00, 0x01, 0x00, 0x00, 0x00, 0x03, 0x00, 0x00, 0x00,
  0x00, 0x00, 0x00, 0x00, 0x00, 0x00, 0x00, 0x00, 0x58, 0x21, 0x00, 0x00,
  0x00, 0x00, 0x00, 0x00, 0x01, 0x00, 0x00, 0x00, 0x01, 0x00, 0x00, 0x00,
  0x00, 0x00, 0x00, 0x00, 0x00, 0x00, 0x00, 0x00, 0x38, 0x28, 0x00, 0x00,
  0x00, 0x00, 0x00, 0x00, 0x01, 0x00, 0x00, 0x00, 0x01, 0x00, 0x00, 0x00,
  0x00, 0x00, 0x00, 0x00, 0x00, 0x00, 0x00, 0x00, 0x28, 0x35, 0x00, 0x00,
  0x00, 0x00, 0x00, 0x00, 0x01, 0x00, 0x00, 0x00, 0x01, 0x00, 0x00, 0x00,
  0x00, 0x00, 0x00, 0x00, 0x00, 0x00, 0x00, 0x00, 0x40, 0x3c, 0x00, 0x00,
  0x00, 0x00, 0x00, 0x00, 0x01, 0x00, 0x00, 0x00, 0x01, 0x00, 0x00, 0x00,
  0x00, 0x00, 0x00, 0x00, 0x00, 0x00, 0x00, 0x00, 0xd0, 0x3e, 0x00, 0x00,
  0x00, 0x00, 0x00, 0x00, 0x01, 0x00, 0x00, 0x00, 0x01, 0x00, 0x00, 0x00,
  0x00, 0x00, 0x00, 0x00, 0x00, 0x00, 0x00, 0x00, 0x84, 0x21, 0x00, 0x00,
  0x00, 0x00, 0x00, 0x00, 0x01, 0x00, 0x00, 0x00, 0x0f, 0x00, 0x00, 0x00,
  0x00, 0x00, 0x00, 0x00, 0x00, 0x00, 0x00, 0x00, 0x98, 0x21, 0x00, 0x00,
  0x00, 0x00, 0x00, 0x00, 0x01, 0x00, 0x00, 0x00, 0x0f, 0x00, 0x00, 0x00,
  0x00, 0x00, 0x00, 0x00, 0x00, 0x00, 0x00, 0x00, 0x64, 0x28, 0x00, 0x00,
  0x00, 0x00, 0x00, 0x00, 0x01, 0x00, 0x00, 0x00, 0x0f, 0x00, 0x00, 0x00,
  0x00, 0x00, 0x00, 0x00, 0x00, 0x00, 0x00, 0x00, 0x78, 0x28, 0x00, 0x00,
  0x00, 0x00, 0x00, 0x00, 0x01, 0x00, 0x00, 0x00, 0x0f, 0x00, 0x00, 0x00,
  0x00, 0x00, 0x00, 0x00, 0x00, 0x00, 0x00, 0x00, 0xfc, 0x3e, 0x00, 0x00,
  0x00, 0x00, 0x00, 0x00, 0x01, 0x00, 0x00, 0x00, 0x0f, 0x00, 0x00, 0x00,
  0x00, 0x00, 0x00, 0x00, 0x00, 0x00, 0x00, 0x00, 0x10, 0x3f, 0x00, 0x00,
  0x00, 0x00, 0x00, 0x00, 0x01, 0x00, 0x00, 0x00, 0x0f, 0x00, 0x00, 0x00,
  0x00, 0x00, 0x00, 0x00, 0x00, 0x00, 0x00, 0x00, 0xa0, 0x21, 0x00, 0x00,
  0x00, 0x00, 0x00, 0x00, 0x01, 0x00, 0x00, 0x00, 0x05, 0x00, 0x00, 0x00,
  0x00, 0x00, 0x00, 0x00, 0x00, 0x00, 0x00, 0x00, 0x80, 0x28, 0x00, 0x00,
  0x00, 0x00, 0x00, 0x00, 0x01, 0x00, 0x00, 0x00, 0x05, 0x00, 0x00, 0x00,
  0x00, 0x00, 0x00, 0x00, 0x00, 0x00, 0x00, 0x00, 0x18, 0x3f, 0x00, 0x00,
  0x00, 0x00, 0x00, 0x00, 0x01, 0x00, 0x00, 0x00, 0x05, 0x00, 0x00, 0x00,
  0x00, 0x00, 0x00, 0x00, 0x00, 0x00, 0x00, 0x00, 0xc8, 0x21, 0x00, 0x00,
  0x00, 0x00, 0x00, 0x00, 0x01, 0x00, 0x00, 0x00, 0x11, 0x00, 0x00, 0x00,
  0x00, 0x00, 0x00, 0x00, 0x00, 0x00, 0x00, 0x00, 0xd0, 0x26, 0x00, 0x00,
  0x00, 0x00, 0x00, 0x00, 0x01, 0x00, 0x00, 0x00, 0x11, 0x00, 0x00, 0x00,
  0x00, 0x00, 0x00, 0x00, 0x00, 0x00, 0x00, 0x00, 0xa8, 0x28, 0x00, 0x00,
  0x00, 0x00, 0x00, 0x00, 0x01, 0x00, 0x00, 0x00, 0x11, 0x00, 0x00, 0x00,
  0x00, 0x00, 0x00, 0x00, 0x00, 0x00, 0x00, 0x00, 0xb0, 0x2d, 0x00, 0x00,
  0x00, 0x00, 0x00, 0x00, 0x01, 0x00, 0x00, 0x00, 0x11, 0x00, 0x00, 0x00,
  0x00, 0x00, 0x00, 0x00, 0x00, 0x00, 0x00, 0x00, 0x00, 0x2f, 0x00, 0x00,
  0x00, 0x00, 0x00, 0x00, 0x01, 0x00, 0x00, 0x00, 0x11, 0x00, 0x00, 0x00,
  0x00, 0x00, 0x00, 0x00, 0x00, 0x00, 0x00, 0x00, 0x98, 0x38, 0x00, 0x00,
  0x00, 0x00, 0x00, 0x00, 0x01, 0x00, 0x00, 0x00, 0x11, 0x00, 0x00, 0x00,
  0x00, 0x00, 0x00, 0x00, 0x00, 0x00, 0x00, 0x00, 0xc8, 0x3e, 0x00, 0x00,
  0x00, 0x00, 0x00, 0x00, 0x01, 0x00, 0x00, 0x00, 0x11, 0x00, 0x00, 0x00,
  0x00, 0x00, 0x00, 0x00, 0x00, 0x00, 0x00, 0x00, 0xd0, 0x21, 0x00, 0x00,
  0x00, 0x00, 0x00, 0x00, 0x01, 0x00, 0x00, 0x00, 0x07, 0x00, 0x00, 0x00,
  0x00, 0x00, 0x00, 0x00, 0x00, 0x00, 0x00, 0x00, 0xb0, 0x28, 0x00, 0x00,
  0x00, 0x00, 0x00, 0x00, 0x01, 0x00, 0x00, 0x00, 0x07, 0x00, 0x00, 0x00,
  0x00, 0x00, 0x00, 0x00, 0x00, 0x00, 0x00, 0x00, 0x20, 0x30, 0x00, 0x00,
  0x00, 0x00, 0x00, 0x00, 0x01, 0x00, 0x00, 0x00, 0x07, 0x00, 0x00, 0x00,
  0x00, 0x00, 0x00, 0x00, 0x00, 0x00, 0x00, 0x00, 0x60, 0x23, 0x00, 0x00,
  0x00, 0x00, 0x00, 0x00, 0x01, 0x00, 0x00, 0x00, 0x10, 0x00, 0x00, 0x00,
  0x00, 0x00, 0x00, 0x00, 0x00, 0x00, 0x00, 0x00, 0xd8, 0x26, 0x00, 0x00,
  0x00, 0x00, 0x00, 0x00, 0x01, 0x00, 0x00, 0x00, 0x10, 0x00, 0x00, 0x00,
  0x00, 0x00, 0x00, 0x00, 0x00, 0x00, 0x00, 0x00, 0x40, 0x2a, 0x00, 0x00,
  0x00, 0x00, 0x00, 0x00, 0x01, 0x00, 0x00, 0x00, 0x10, 0x00, 0x00, 0x00,
  0x00, 0x00, 0x00, 0x00, 0x00, 0x00, 0x00, 0x00, 0xb8, 0x2d, 0x00, 0x00,
  0x00, 0x00, 0x00, 0x00, 0x01, 0x00, 0x00, 0x00, 0x10, 0x00, 0x00, 0x00,
  0x00, 0x00, 0x00, 0x00, 0x00, 0x00, 0x00, 0x00, 0xb0, 0x31, 0x00, 0x00,
  0x00, 0x00, 0x00, 0x00, 0x01, 0x00, 0x00, 0x00, 0x10, 0x00, 0x00, 0x00,
  0x00, 0x00, 0x00, 0x00, 0x00, 0x00, 0x00, 0x00, 0x60, 0x36, 0x00, 0x00,
  0x00, 0x00, 0x00, 0x00, 0x01, 0x00, 0x00, 0x00, 0x10, 0x00, 0x00, 0x00,
  0x00, 0x00, 0x00, 0x00, 0x00, 0x00, 0x00, 0x00, 0xd8, 0x39, 0x00, 0x00,
  0x00, 0x00, 0x00, 0x00, 0x01, 0x00, 0x00, 0x00, 0x10, 0x00, 0x00, 0x00,
  0x00, 0x00, 0x00, 0x00, 0x00, 0x00, 0x00, 0x00, 0x80, 0x3d, 0x00, 0x00,
  0x00, 0x00, 0x00, 0x00, 0x01, 0x00, 0x00, 0x00, 0x10, 0x00, 0x00, 0x00,
  0x00, 0x00, 0x00, 0x00, 0x00, 0x00, 0x00, 0x00, 0x88, 0x23, 0x00, 0x00,
  0x00, 0x00, 0x00, 0x00, 0x01, 0x00, 0x00, 0x00, 0x0c, 0x00, 0x00, 0x00,
  0x00, 0x00, 0x00, 0x00, 0x00, 0x00, 0x00, 0x00, 0xa0, 0x24, 0x00, 0x00,
  0x00, 0x00, 0x00, 0x00, 0x01, 0x00, 0x00, 0x00, 0x0c, 0x00, 0x00, 0x00,
  0x00, 0x00, 0x00, 0x00, 0x00, 0x00, 0x00, 0x00, 0xb8, 0x25, 0x00, 0x00,
  0x00, 0x00, 0x00, 0x00, 0x01, 0x00, 0x00, 0x00, 0x0c, 0x00, 0x00, 0x00,
  0x00, 0x00, 0x00, 0x00, 0x00, 0x00, 0x00, 0x00, 0x68, 0x2a, 0x00, 0x00,
  0x00, 0x00, 0x00, 0x00, 0x01, 0x00, 0x00, 0x00, 0x0c, 0x00, 0x00, 0x00,
  0x00, 0x00, 0x00, 0x00, 0x00, 0x00, 0x00, 0x00, 0x80, 0x2b, 0x00, 0x00,
  0x00, 0x00, 0x00, 0x00, 0x01, 0x00, 0x00, 0x00, 0x0c, 0x00, 0x00, 0x00,
  0x00, 0x00, 0x00, 0x00, 0x00, 0x00, 0x00, 0x00, 0x98, 0x2c, 0x00, 0x00,
  0x00, 0x00, 0x00, 0x00, 0x01, 0x00, 0x00, 0x00, 0x0c, 0x00, 0x00, 0x00,
  0x00, 0x00, 0x00, 0x00, 0x00, 0x00, 0x00, 0x00, 0xe0, 0x2d, 0x00, 0x00,
  0x00, 0x00, 0x00, 0x00, 0x01, 0x00, 0x00, 0x00, 0x0c, 0x00, 0x00, 0x00,
  0x00, 0x00, 0x00, 0x00, 0x00, 0x00, 0x00, 0x00, 0xd8, 0x31, 0x00, 0x00,
  0x00, 0x00, 0x00, 0x00, 0x01, 0x00, 0x00, 0x00, 0x0c, 0x00, 0x00, 0x00,
  0x00, 0x00, 0x00, 0x00, 0x00, 0x00, 0x00, 0x00, 0xf0, 0x32, 0x00, 0x00,
  0x00, 0x00, 0x00, 0x00, 0x01, 0x00, 0x00, 0x00, 0x0c, 0x00, 0x00, 0x00,
  0x00, 0x00, 0x00, 0x00, 0x00, 0x00, 0x00, 0x00, 0x08, 0x34, 0x00, 0x00,
  0x00, 0x00, 0x00, 0x00, 0x01, 0x00, 0x00, 0x00, 0x0c, 0x00, 0x00, 0x00,
  0x00, 0x00, 0x00, 0x00, 0x00, 0x00, 0x00, 0x00, 0x88, 0x36, 0x00, 0x00,
  0x00, 0x00, 0x00, 0x00, 0x01, 0x00, 0x00, 0x00, 0x0c, 0x00, 0x00, 0x00,
  0x00, 0x00, 0x00, 0x00, 0x00, 0x00, 0x00, 0x00, 0xa8, 0x37, 0x00, 0x00,
  0x00, 0x00, 0x00, 0x00, 0x01, 0x00, 0x00, 0x00, 0x0c, 0x00, 0x00, 0x00,
  0x00, 0x00, 0x00, 0x00, 0x00, 0x00, 0x00, 0x00, 0x00, 0x3a, 0x00, 0x00,
  0x00, 0x00, 0x00, 0x00, 0x01, 0x00, 0x00, 0x00, 0x0c, 0x00, 0x00, 0x00,
  0x00, 0x00, 0x00, 0x00, 0x00, 0x00, 0x00, 0x00, 0x20, 0x3b, 0x00, 0x00,
  0x00, 0x00, 0x00, 0x00, 0x01, 0x00, 0x00, 0x00, 0x0c, 0x00, 0x00, 0x00,
  0x00, 0x00, 0x00, 0x00, 0x00, 0x00, 0x00, 0x00, 0xa8, 0x3d, 0x00, 0x00,
  0x00, 0x00, 0x00, 0x00, 0x01, 0x00, 0x00, 0x00, 0x0c, 0x00, 0x00, 0x00,
  0x00, 0x00, 0x00, 0x00, 0x00, 0x00, 0x00, 0x00, 0x40, 0x3f, 0x00, 0x00,
  0x00, 0x00, 0x00, 0x00, 0x01, 0x00, 0x00, 0x00, 0x0c, 0x00, 0x00, 0x00,
  0x00, 0x00, 0x00, 0x00, 0x00, 0x00, 0x00, 0x00, 0x58, 0x40, 0x00, 0x00,
  0x00, 0x00, 0x00, 0x00, 0x01, 0x00, 0x00, 0x00, 0x0c, 0x00, 0x00, 0x00,
  0x00, 0x00, 0x00, 0x00, 0x00, 0x00, 0x00, 0x00, 0x78, 0x24, 0x00, 0x00,
  0x00, 0x00, 0x00, 0x00, 0x01, 0x00, 0x00, 0x00, 0x12, 0x00, 0x00, 0x00,
  0x00, 0x00, 0x00, 0x00, 0x00, 0x00, 0x00, 0x00, 0x90, 0x25, 0x00, 0x00,
  0x00, 0x00, 0x00, 0x00, 0x01, 0x00, 0x00, 0x00, 0x12, 0x00, 0x00, 0x00,
  0x00, 0x00, 0x00, 0x00, 0x00, 0x00, 0x00, 0x00, 0xa8, 0x26, 0x00, 0x00,
  0x00, 0x00, 0x00, 0x00, 0x01, 0x00, 0x00, 0x00, 0x12, 0x00, 0x00, 0x00,
  0x00, 0x00, 0x00, 0x00, 0x00, 0x00, 0x00, 0x00, 0x58, 0x2b, 0x00, 0x00,
  0x00, 0x00, 0x00, 0x00, 0x01, 0x00, 0x00, 0x00, 0x12, 0x00, 0x00, 0x00,
  0x00, 0x00, 0x00, 0x00, 0x00, 0x00, 0x00, 0x00, 0x70, 0x2c, 0x00, 0x00,
  0x00, 0x00, 0x00, 0x00, 0x01, 0x00, 0x00, 0x00, 0x12, 0x00, 0x00, 0x00,
  0x00, 0x00, 0x00, 0x00, 0x00, 0x00, 0x00, 0x00, 0x88, 0x2d, 0x00, 0x00,
  0x00, 0x00, 0x00, 0x00, 0x01, 0x00, 0x00, 0x00, 0x12, 0x00, 0x00, 0x00,
  0x00, 0x00, 0x00, 0x00, 0x00, 0x00, 0x00, 0x00, 0xd0, 0x2e, 0x00, 0x00,
  0x00, 0x00, 0x00, 0x00, 0x01, 0x00, 0x00, 0x00, 0x12, 0x00, 0x00, 0x00,
  0x00, 0x00, 0x00, 0x00, 0x00, 0x00, 0x00, 0x00, 0xc8, 0x32, 0x00, 0x00,
  0x00, 0x00, 0x00, 0x00, 0x01, 0x00, 0x00, 0x00, 0x12, 0x00, 0x00, 0x00,
  0x00, 0x00, 0x00, 0x00, 0x00, 0x00, 0x00, 0x00, 0xe0, 0x33, 0x00, 0x00,
  0x00, 0x00, 0x00, 0x00, 0x01, 0x00, 0x00, 0x00, 0x12, 0x00, 0x00, 0x00,
  0x00, 0x00, 0x00, 0x00, 0x00, 0x00, 0x00, 0x00, 0xf8, 0x34, 0x00, 0x00,
  0x00, 0x00, 0x00, 0x00, 0x01, 0x00, 0x00, 0x00, 0x12, 0x00, 0x00, 0x00,
  0x00, 0x00, 0x00, 0x00, 0x00, 0x00, 0x00, 0x00, 0x78, 0x37, 0x00, 0x00,
  0x00, 0x00, 0x00, 0x00, 0x01, 0x00, 0x00, 0x00, 0x12, 0x00, 0x00, 0x00,
  0x00, 0x00, 0x00, 0x00, 0x00, 0x00, 0x00, 0x00, 0xf0, 0x3a, 0x00, 0x00,
  0x00, 0x00, 0x00, 0x00, 0x01, 0x00, 0x00, 0x00, 0x12, 0x00, 0x00, 0x00,
  0x00, 0x00, 0x00, 0x00, 0x00, 0x00, 0x00, 0x00, 0x10, 0x3c, 0x00, 0x00,
  0x00, 0x00, 0x00, 0x00, 0x01, 0x00, 0x00, 0x00, 0x12, 0x00, 0x00, 0x00,
  0x00, 0x00, 0x00, 0x00, 0x00, 0x00, 0x00, 0x00, 0x98, 0x3e, 0x00, 0x00,
  0x00, 0x00, 0x00, 0x00, 0x01, 0x00, 0x00, 0x00, 0x12, 0x00, 0x00, 0x00,
  0x00, 0x00, 0x00, 0x00, 0x00, 0x00, 0x00, 0x00, 0x30, 0x40, 0x00, 0x00,
  0x00, 0x00, 0x00, 0x00, 0x01, 0x00, 0x00, 0x00, 0x12, 0x00, 0x00, 0x00,
  0x00, 0x00, 0x00, 0x00, 0x00, 0x00, 0x00, 0x00, 0xe8, 0x2d, 0x00, 0x00,
  0x00, 0x00, 0x00, 0x00, 0x01, 0x00, 0x00, 0x00, 0x04, 0x00, 0x00, 0x00,
  0x00, 0x00, 0x00, 0x00, 0x00, 0x00, 0x00, 0x00, 0x10, 0x34, 0x00, 0x00,
  0x00, 0x00, 0x00, 0x00, 0x01, 0x00, 0x00, 0x00, 0x04, 0x00, 0x00, 0x00,
  0x00, 0x00, 0x00, 0x00, 0x00, 0x00, 0x00, 0x00, 0x28, 0x3b, 0x00, 0x00,
  0x00, 0x00, 0x00, 0x00, 0x01, 0x00, 0x00, 0x00, 0x04, 0x00, 0x00, 0x00,
  0x00, 0x00, 0x00, 0x00, 0x00, 0x00, 0x00, 0x00, 0xb0, 0x3d, 0x00, 0x00,
  0x00, 0x00, 0x00, 0x00, 0x01, 0x00, 0x00, 0x00, 0x04, 0x00, 0x00, 0x00,
  0x00, 0x00, 0x00, 0x00, 0x00, 0x00, 0x00, 0x00, 0x08, 0x2f, 0x00, 0x00,
  0x00, 0x00, 0x00, 0x00, 0x01, 0x00, 0x00, 0x00, 0x02, 0x00, 0x00, 0x00,
  0x00, 0x00, 0x00, 0x00, 0x00, 0x00, 0x00, 0x00, 0x40, 0x35, 0x00, 0x00,
  0x00, 0x00, 0x00, 0x00, 0x01, 0x00, 0x00, 0x00, 0x0a, 0x00, 0x00, 0x00,
  0x00, 0x00, 0x00, 0x00, 0x00, 0x00, 0x00, 0x00, 0xc0, 0x37, 0x00, 0x00,
  0x00, 0x00, 0x00, 0x00, 0x01, 0x00, 0x00, 0x00, 0x0a, 0x00, 0x00, 0x00,
  0x00, 0x00, 0x00, 0x00, 0x00, 0x00, 0x00, 0x00, 0x48, 0x35, 0x00, 0x00,
  0x00, 0x00, 0x00, 0x00, 0x01, 0x00, 0x00, 0x00, 0x0b, 0x00, 0x00, 0x00,
  0x00, 0x00, 0x00, 0x00, 0x00, 0x00, 0x00, 0x00, 0x60, 0x3c, 0x00, 0x00,
  0x00, 0x00, 0x00, 0x00, 0x01, 0x00, 0x00, 0x00, 0x0b, 0x00, 0x00, 0x00,
  0x00, 0x00, 0x00, 0x00, 0x00, 0x00, 0x00, 0x00, 0x90, 0x36, 0x00, 0x00,
  0x00, 0x00, 0x00, 0x00, 0x01, 0x00, 0x00, 0x00, 0x0d, 0x00, 0x00, 0x00,
  0x00, 0x00, 0x00, 0x00, 0x00, 0x00, 0x00, 0x00, 0x08, 0x3a, 0x00, 0x00,
  0x00, 0x00, 0x00, 0x00, 0x01, 0x00, 0x00, 0x00, 0x0d, 0x00, 0x00, 0x00,
  0x00, 0x00, 0x00, 0x00, 0x00, 0x00, 0x00, 0x00, 0xc0, 0x38, 0x00, 0x00,
  0x00, 0x00, 0x00, 0x00, 0x01, 0x00, 0x00, 0x00, 0x09, 0x00, 0x00, 0x00,
  0x00, 0x00, 0x00, 0x00, 0x00, 0x00, 0x00, 0x00, 0x00, 0x00, 0x00, 0x00,
  0x00, 0x00, 0x00, 0x00, 0x00, 0x00, 0x00, 0x00, 0x00, 0x00, 0x00, 0x00,
  0x00, 0x00, 0x00, 0x00, 0x00, 0x00, 0x00, 0x00, 0x00, 0x00, 0x00, 0x00,
  0x00, 0x00, 0x00, 0x00, 0x00, 0x00, 0x00, 0x00, 0x00, 0x00, 0x00, 0x00,
  0x00, 0x00, 0x00, 0x00, 0x00, 0x00, 0x00, 0x00, 0x00, 0x00, 0x00, 0x00,
  0x00, 0x00, 0x00, 0x00, 0x00, 0x00, 0x00, 0x00, 0x00, 0x00, 0x00, 0x00,
  0x00, 0x00, 0x00, 0x00, 0x00, 0x00, 0x00, 0x00, 0x00, 0x00, 0x00, 0x00,
  0x00, 0x00, 0x00, 0x00, 0x00, 0x00, 0x00, 0x00, 0x00, 0x00, 0x00, 0x00,
  0x00, 0x00, 0x00, 0x00, 0x00, 0x00, 0x00, 0x00, 0x00, 0x00, 0x00, 0x00,
  0x00, 0x00, 0x00, 0x00, 0x00, 0x00, 0x00, 0x00, 0x00, 0x00, 0x00, 0x00,
  0x00, 0x00, 0x00, 0x00, 0x00, 0x00, 0x00, 0x00, 0x00, 0x00, 0x00, 0x00,
  0x00, 0x00, 0x00, 0x00, 0x00, 0x00, 0x00, 0x00, 0x00, 0x00, 0x00, 0x00,
  0x00, 0x00, 0x00, 0x00, 0x00, 0x00, 0x00, 0x00, 0x00, 0x00, 0x00, 0x00,
  0x00, 0x00, 0x00, 0x00, 0x00, 0x00, 0x00, 0x00, 0x00, 0x00, 0x00, 0x00,
  0x00, 0x00, 0x00, 0x00, 0x00, 0x00, 0x00, 0x00, 0x00, 0x00, 0x00, 0x00,
  0x00, 0x00, 0x00, 0x00, 0x00, 0x00, 0x00, 0x00, 0x00, 0x00, 0x00, 0x00,
  0x00, 0x00, 0x00, 0x00, 0x00, 0x00, 0x00, 0x00, 0x00, 0x00, 0x00, 0x00,
  0x00, 0x00, 0x00, 0x00, 0x00, 0x00, 0x00, 0x00, 0x00, 0x00, 0x00, 0x00,
  0x00, 0x00, 0x00, 0x00, 0x00, 0x00, 0x00, 0x00, 0x00, 0x00, 0x00, 0x00,
  0x00, 0x00, 0x00, 0x00, 0x00, 0x00, 0x00, 0x00, 0x00, 0x00, 0x00, 0x00,
  0x00, 0x00, 0x00, 0x00, 0x00, 0x00, 0x00, 0x00, 0x00, 0x00, 0x00, 0x00,
  0x00, 0x00, 0x00, 0x00, 0x00, 0x00, 0x00, 0x00, 0x00, 0x00, 0x00, 0x00,
  0x00, 0x00, 0x00, 0x00, 0x00, 0x00, 0x00, 0x00, 0x00, 0x00, 0x00, 0x00,
  0x00, 0x00, 0x00, 0x00, 0x00, 0x00, 0x00, 0x00, 0x00, 0x00, 0x00, 0x00,
  0x00, 0x00, 0x00, 0x00, 0x00, 0x00, 0x00, 0x00, 0x00, 0x00, 0x00, 0x00,
  0x00, 0x00, 0x00, 0x00, 0x00, 0x00, 0x00, 0x00, 0x00, 0x00, 0x00, 0x00,
  0x00, 0x00, 0x00, 0x00, 0x00, 0x00, 0x00, 0x00, 0x00, 0x00, 0x00, 0x00,
  0x00, 0x00, 0x00, 0x00, 0x00, 0x00, 0x00, 0x00, 0x00, 0x00, 0x00, 0x00,
  0x00, 0x00, 0x00, 0x00, 0x00, 0x00, 0x00, 0x00, 0x00, 0x00, 0x00, 0x00,
  0x00, 0x00, 0x00, 0x00, 0x00, 0x00, 0x00, 0x00, 0x00, 0x00, 0x00, 0x00,
  0x00, 0x00, 0x00, 0x00, 0x00, 0x00, 0x00, 0x00, 0x00, 0x00, 0x00, 0x00,
  0x00, 0x00, 0x00, 0x00, 0x00, 0x00, 0x00, 0x00, 0x00, 0x00, 0x00, 0x00,
  0x00, 0x00, 0x00, 0x00, 0x00, 0x00, 0x00, 0x00, 0x00, 0x00, 0x00, 0x00,
  0x00, 0x00, 0x00, 0x00, 0x00, 0x00, 0x00, 0x00, 0x00, 0x00, 0x00, 0x00,
  0x00, 0x00, 0x00, 0x00, 0x00, 0x00, 0x00, 0x00, 0x00, 0x00, 0x00, 0x00,
  0x00, 0x00, 0x00, 0x00, 0x00, 0x00, 0x00, 0x00, 0x00, 0x00, 0x00, 0x00,
  0x00, 0x00, 0x00, 0x00, 0x00, 0x00, 0x00, 0x00, 0x00, 0x00, 0x00, 0x00,
  0x00, 0x00, 0x00, 0x00, 0x00, 0x00, 0x00, 0x00, 0x00, 0x00, 0x00, 0x00,
  0x00, 0x00, 0x00, 0x00, 0x00, 0x00, 0x00, 0x00, 0x00, 0x00, 0x00, 0x00,
  0x00, 0x00, 0x00, 0x00, 0x00, 0x00, 0x00, 0x00, 0x00, 0x00, 0x00, 0x00,
  0x00, 0x00, 0x00, 0x00, 0x00, 0x00, 0x00, 0x00, 0x00, 0x00, 0x00, 0x00,
  0x00, 0x00, 0x00, 0x00, 0x00, 0x00, 0x00, 0x00, 0x00, 0x00, 0x00, 0x00,
  0x00, 0x00, 0x00, 0x00, 0x00, 0x00, 0x00, 0x00, 0x00, 0x00, 0x00, 0x00,
  0x00, 0x00, 0x00, 0x00, 0x00, 0x00, 0x00, 0x00, 0x00, 0x00, 0x00, 0x00,
  0x00, 0x00, 0x00, 0x00, 0x00, 0x00, 0x00, 0x00, 0x00, 0x00, 0x00, 0x00,
  0x00, 0x00, 0x00, 0x00, 0x00, 0x00, 0x00, 0x00, 0x00, 0x00, 0x00, 0x00,
  0x00, 0x00, 0x00, 0x00, 0x00, 0x00, 0x00, 0x00, 0x00, 0x00, 0x00, 0x00,
  0x00, 0x00, 0x00, 0x00, 0x00, 0x00, 0x00, 0x00, 0x00, 0x00, 0x00, 0x00,
  0x00, 0x00, 0x00, 0x00, 0x00, 0x00, 0x00, 0x00, 0x00, 0x00, 0x00, 0x00,
  0x00, 0x00, 0x00, 0x00, 0x00, 0x00, 0x00, 0x00, 0x00, 0x00, 0x00, 0x00,
  0x00, 0x00, 0x00, 0x00, 0x00, 0x00, 0x00, 0x00, 0x00, 0x00, 0x00, 0x00,
  0x00, 0x00, 0x00, 0x00, 0x00, 0x00, 0x00, 0x00, 0x00, 0x00, 0x00, 0x00,
  0x00, 0x00, 0x00, 0x00, 0x00, 0x00, 0x00, 0x00, 0x00, 0x00, 0x00, 0x00,
  0x00, 0x00, 0x00, 0x00, 0x00, 0x00, 0x00, 0x00, 0x00, 0x00, 0x00, 0x00,
  0x00, 0x00, 0x00, 0x00, 0x00, 0x00, 0x00, 0x00, 0x00, 0x00, 0x00, 0x00,
  0x00, 0x00, 0x00, 0x00, 0x00, 0x00, 0x00, 0x00, 0x00, 0x00, 0x00, 0x00,
  0x00, 0x00, 0x00, 0x00, 0x00, 0x00, 0x00, 0x00, 0x00, 0x00, 0x00, 0x00,
  0x00, 0x00, 0x00, 0x00, 0x00, 0x00, 0x00, 0x00, 0x00, 0x00, 0x00, 0x00,
  0x00, 0x00, 0x00, 0x00, 0x00, 0x00, 0x00, 0x00, 0x00, 0x00, 0x00, 0x00,
  0x00, 0x00, 0x00, 0x00, 0x00, 0x00, 0x00, 0x00, 0x00, 0x00, 0x00, 0x00,
  0x00, 0x00, 0x00, 0x00, 0x00, 0x00, 0x00, 0x00, 0x00, 0x00, 0x00, 0x00,
  0x00, 0x00, 0x00, 0x00, 0x00, 0x00, 0x00, 0x00, 0x00, 0x00, 0x00, 0x00,
  0x00, 0x00, 0x00, 0x00, 0x00, 0x00, 0x00, 0x00, 0x00, 0x00, 0x00, 0x00,
  0x00, 0x00, 0x00, 0x00, 0x00, 0x00, 0x00, 0x00, 0x00, 0x00, 0x00, 0x00,
  0x00, 0x00, 0x00, 0x00, 0x00, 0x00, 0x00, 0x00, 0x00, 0x00, 0x00, 0x00,
  0x00, 0x00, 0x00, 0x00, 0x00, 0x00, 0x00, 0x00, 0x00, 0x00, 0x00, 0x00,
  0x00, 0x00, 0x00, 0x00, 0x00, 0x00, 0x00, 0x00, 0x00, 0x00, 0x00, 0x00,
  0x00, 0x00, 0x00, 0x00, 0x00, 0x00, 0x00, 0x00, 0x00, 0x00, 0x00, 0x00,
  0x00, 0x00, 0x00, 0x00, 0x00, 0x00, 0x00, 0x00, 0x00, 0x00, 0x00, 0x00,
  0x00, 0x00, 0x00, 0x00, 0x00, 0x00, 0x00, 0x00, 0x00, 0x00, 0x00, 0x00,
  0x00, 0x00, 0x00, 0x00, 0x00, 0x00, 0x00, 0x00, 0x00, 0x00, 0x00, 0x00,
  0x00, 0x00, 0x00, 0x00, 0x00, 0x00, 0x00, 0x00, 0x00, 0x00, 0x00, 0x00,
  0x00, 0x00, 0x00, 0x00, 0x00, 0x00, 0x00, 0x00, 0x00, 0x00, 0x00, 0x00,
  0x00, 0x00, 0x00, 0x00, 0x00, 0x00, 0x00, 0x00, 0x00, 0x00, 0x00, 0x00,
  0x00, 0x00, 0x00, 0x00, 0x00, 0x00, 0x00, 0x00, 0x00, 0x00, 0x00, 0x00,
  0x00, 0x00, 0x00, 0x00, 0x00, 0x00, 0x00, 0x00, 0x00, 0x00, 0x00, 0x00,
  0x00, 0x00, 0x00, 0x00, 0x00, 0x00, 0x00, 0x00, 0x00, 0x00, 0x00, 0x00,
  0x00, 0x00, 0x00, 0x00, 0x00, 0x00, 0x00, 0x00, 0x00, 0x00, 0x00, 0x00,
  0x00, 0x00, 0x00, 0x00, 0x00, 0x00, 0x00, 0x00, 0x00, 0x00, 0x00, 0x00,
  0x00, 0x00, 0x00, 0x00, 0x00, 0x00, 0x00, 0x00, 0x00, 0x00, 0x00, 0x00,
  0x00, 0x00, 0x00, 0x00, 0x00, 0x00, 0x00, 0x00, 0x00, 0x00, 0x00, 0x00,
  0x00, 0x00, 0x00, 0x00, 0x00, 0x00, 0x00, 0x00, 0x00, 0x00, 0x00, 0x00,
  0x00, 0x00, 0x00, 0x00, 0x00, 0x00, 0x00, 0x00, 0x00, 0x00, 0x00, 0x00,
  0x00, 0x00, 0x00, 0x00, 0x00, 0x00, 0x00, 0x00, 0x00, 0x00, 0x00, 0x00,
  0x00, 0x00, 0x00, 0x00, 0x00, 0x00, 0x00, 0x00, 0x00, 0x00, 0x00, 0x00,
  0x00, 0x00, 0x00, 0x00, 0x00, 0x00, 0x00, 0x00, 0x00, 0x00, 0x00, 0x00,
  0x00, 0x00, 0x00, 0x00, 0x00, 0x00, 0x00, 0x00, 0x00, 0x00, 0x00, 0x00,
  0x00, 0x00, 0x00, 0x00, 0x00, 0x00, 0x00, 0x00, 0x00, 0x00, 0x00, 0x00,
  0x00, 0x00, 0x00, 0x00, 0x00, 0x00, 0x00, 0x00, 0x00, 0x00, 0x00, 0x00,
  0x00, 0x00, 0x00, 0x00, 0x00, 0x00, 0x00, 0x00, 0x00, 0x00, 0x00, 0x00,
  0x00, 0x00, 0x00, 0x00, 0x00, 0x00, 0x00, 0x00, 0x00, 0x00, 0x00, 0x00,
  0x00, 0x00, 0x00, 0x00, 0x00, 0x00, 0x00, 0x00, 0x00, 0x00, 0x00, 0x00,
  0x00, 0x00, 0x00, 0x00, 0x00, 0x00, 0x00, 0x00, 0x00, 0x00, 0x00, 0x00,
  0x00, 0x00, 0x00, 0x00, 0x00, 0x00, 0x00, 0x00, 0x00, 0x00, 0x00, 0x00,
  0x00, 0x00, 0x00, 0x00, 0x00, 0x00, 0x00, 0x00, 0x00, 0x00, 0x00, 0x00,
  0x00, 0x00, 0x00, 0x00, 0x00, 0x00, 0x00, 0x00, 0x00, 0x00, 0x00, 0x00,
  0x00, 0x00, 0x00, 0x00, 0x00, 0x00, 0x00, 0x00, 0x00, 0x00, 0x00, 0x00,
  0x00, 0x00, 0x00, 0x00, 0x00, 0x00, 0x00, 0x00, 0x00, 0x00, 0x00, 0x00,
  0x00, 0x00, 0x00, 0x00, 0x00, 0x00, 0x00, 0x00, 0x00, 0x00, 0x00, 0x00,
  0x00, 0x00, 0x00, 0x00, 0x00, 0x00, 0x00, 0x00, 0x00, 0x00, 0x00, 0x00,
  0x00, 0x00, 0x00, 0x00, 0x00, 0x00, 0x00, 0x00, 0x00, 0x00, 0x00, 0x00,
  0x00, 0x00, 0x00, 0x00, 0x00, 0x00, 0x00, 0x00, 0x00, 0x00, 0x00, 0x00,
  0x00, 0x00, 0x00, 0x00, 0x00, 0x00, 0x00, 0x00, 0x00, 0x00, 0x00, 0x00,
  0x00, 0x00, 0x00, 0x00, 0x00, 0x00, 0x00, 0x00, 0x00, 0x00, 0x00, 0x00,
  0x00, 0x00, 0x00, 0x00, 0x00, 0x00, 0x00, 0x00, 0x00, 0x00, 0x00, 0x00,
  0x00, 0x00, 0x00, 0x00, 0x00, 0x00, 0x00, 0x00, 0x00, 0x00, 0x00, 0x00,
  0x00, 0x00, 0x00, 0x00, 0x00, 0x00, 0x00, 0x00, 0x00, 0x00, 0x00, 0x00,
  0x00, 0x00, 0x00, 0x00, 0x00, 0x00, 0x00, 0x00, 0x00, 0x00, 0x00, 0x00,
  0x00, 0x00, 0x00, 0x00, 0x00, 0x00, 0x00, 0x00, 0x00, 0x00, 0x00, 0x00,
  0x00, 0x00, 0x00, 0x00, 0x00, 0x00, 0x00, 0x00, 0x00, 0x00, 0x00, 0x00,
  0x00, 0x00, 0x00, 0x00, 0x00, 0x00, 0x00, 0x00, 0x00, 0x00, 0x00, 0x00,
  0x00, 0x00, 0x00, 0x00, 0x00, 0x00, 0x00, 0x00, 0x00, 0x00, 0x00, 0x00,
  0x00, 0x00, 0x00, 0x00, 0x00, 0x00, 0x00, 0x00, 0x00, 0x00, 0x00, 0x00,
  0x00, 0x00, 0x00, 0x00, 0x00, 0x00, 0x00, 0x00, 0x00, 0x00, 0x00, 0x00,
  0x00, 0x00, 0x00, 0x00, 0x00, 0x00, 0x00, 0x00, 0x00, 0x00, 0x00, 0x00,
  0x00, 0x00, 0x00, 0x00, 0x00, 0x00, 0x00, 0x00, 0x00, 0x00, 0x00, 0x00,
  0x00, 0x00, 0x00, 0x00, 0x00, 0x00, 0x00, 0x00, 0x00, 0x00, 0x00, 0x00,
  0x00, 0x00, 0x00, 0x00, 0x00, 0x00, 0x00, 0x00, 0x00, 0x00, 0x00, 0x00,
  0x00, 0x00, 0x00, 0x00, 0x00, 0x00, 0x00, 0x00, 0x00, 0x00, 0x00, 0x00,
  0x00, 0x00, 0x00, 0x00, 0x00, 0x00, 0x00, 0x00, 0x00, 0x00, 0x00, 0x00,
  0x00, 0x00, 0x00, 0x00, 0x00, 0x00, 0x00, 0x00, 0x00, 0x00, 0x00, 0x00,
  0x00, 0x00, 0x00, 0x00, 0x00, 0x00, 0x00, 0x00, 0x00, 0x00, 0x00, 0x00,
  0x00, 0x00, 0x00, 0x00, 0x00, 0x00, 0x00, 0x00, 0x00, 0x00, 0x00, 0x00,
  0x00, 0x00, 0x00, 0x00, 0x00, 0x00, 0x00, 0x00, 0x00, 0x00, 0x00, 0x00,
  0x00, 0x00, 0x00, 0x00, 0x00, 0x00, 0x00, 0x00, 0x00, 0x00, 0x00, 0x00,
  0x00, 0x00, 0x00, 0x00, 0x00, 0x00, 0x00, 0x00, 0x00, 0x00, 0x00, 0x00,
  0x00, 0x00, 0x00, 0x00, 0x00, 0x00, 0x00, 0x00, 0x00, 0x00, 0x00, 0x00,
  0x00, 0x00, 0x00, 0x00, 0x00, 0x00, 0x00, 0x00, 0x00, 0x00, 0x00, 0x00,
  0x00, 0x00, 0x00, 0x00, 0x00, 0x00, 0x00, 0x00, 0x00, 0x00, 0x00, 0x00,
  0x00, 0x00, 0x00, 0x00, 0x00, 0x00, 0x00, 0x00, 0x00, 0x00, 0x00, 0x00,
  0x00, 0x00, 0x00, 0x00, 0x00, 0x00, 0x00, 0x00, 0x00, 0x00, 0x00, 0x00,
  0x00, 0x00, 0x00, 0x00, 0x00, 0x00, 0x00, 0x00, 0x00, 0x00, 0x00, 0x00,
  0x00, 0x00, 0x00, 0x00, 0x00, 0x00, 0x00, 0x00, 0x00, 0x00, 0x00, 0x00,
  0x00, 0x00, 0x00, 0x00, 0x00, 0x00, 0x00, 0x00, 0x00, 0x00, 0x00, 0x00,
  0x00, 0x00, 0x00, 0x00, 0x00, 0x00, 0x00, 0x00, 0x00, 0x00, 0x00, 0x00,
  0x00, 0x00, 0x00, 0x00, 0x00, 0x00, 0x00, 0x00, 0x00, 0x00, 0x00, 0x00,
  0x00, 0x00, 0x00, 0x00, 0x00, 0x00, 0x00, 0x00, 0x00, 0x00, 0x00, 0x00,
  0x00, 0x00, 0x00, 0x00, 0x00, 0x00, 0x00, 0x00, 0x00, 0x00, 0x00, 0x00,
  0x00, 0x00, 0x00, 0x00, 0x00, 0x00, 0x00, 0x00, 0x00, 0x00, 0x00, 0x00,
  0x00, 0x00, 0x00, 0x00, 0x00, 0x00, 0x00, 0x00, 0x00, 0x00, 0x00, 0x00,
  0x00, 0x00, 0x00, 0x00, 0x00, 0x00, 0x00, 0x00, 0x00, 0x00, 0x00, 0x00,
  0x00, 0x00, 0x00, 0x00, 0x00, 0x00, 0x00, 0x00, 0x00, 0x00, 0x00, 0x00,
  0x00, 0x00, 0x00, 0x00, 0x00, 0x00, 0x00, 0x00, 0x00, 0x00, 0x00, 0x00,
  0x00, 0x00, 0x00, 0x00, 0x00, 0x00, 0x00, 0x00, 0x00, 0x00, 0x00, 0x00,
  0x00, 0x00, 0x00, 0x00, 0x00, 0x00, 0x00, 0x00, 0x00, 0x00, 0x00, 0x00,
  0x00, 0x00, 0x00, 0x00, 0x00, 0x00, 0x00, 0x00, 0x00, 0x00, 0x00, 0x00,
  0x00, 0x00, 0x00, 0x00, 0x00, 0x00, 0x00, 0x00, 0x00, 0x00, 0x00, 0x00,
  0x00, 0x00, 0x00, 0x00, 0x00, 0x00, 0x00, 0x00, 0x00, 0x00, 0x00, 0x00,
  0x00, 0x00, 0x00, 0x00, 0x00, 0x00, 0x00, 0x00, 0x00, 0x00, 0x00, 0x00,
  0x00, 0x00, 0x00, 0x00, 0x00, 0x00, 0x00, 0x00, 0x00, 0x00, 0x00, 0x00,
  0x00, 0x00, 0x00, 0x00, 0x00, 0x00, 0x00, 0x00, 0x00, 0x00, 0x00, 0x00,
  0x00, 0x00, 0x00, 0x00, 0x00, 0x00, 0x00, 0x00, 0x00, 0x00, 0x00, 0x00,
  0x00, 0x00, 0x00, 0x00, 0x00, 0x00, 0x00, 0x00, 0x00, 0x00, 0x00, 0x00,
  0x00, 0x00, 0x00, 0x00, 0x00, 0x00, 0x00, 0x00, 0x00, 0x00, 0x00, 0x00,
  0x00, 0x00, 0x00, 0x00, 0x00, 0x00, 0x00, 0x00, 0x00, 0x00, 0x00, 0x00,
  0x00, 0x00, 0x00, 0x00, 0x00, 0x00, 0x00, 0x00, 0x00, 0x00, 0x00, 0x00,
  0x00, 0x00, 0x00, 0x00, 0x00, 0x00, 0x00, 0x00, 0x00, 0x00, 0x00, 0x00,
  0x00, 0x00, 0x00, 0x00, 0x00, 0x00, 0x00, 0x00, 0x00, 0x00, 0x00, 0x00,
  0x00, 0x00, 0x00, 0x00, 0x00, 0x00, 0x00, 0x00, 0x00, 0x00, 0x00, 0x00,
  0x00, 0x00, 0x00, 0x00, 0x00, 0x00, 0x00, 0x00, 0x00, 0x00, 0x00, 0x00,
  0x00, 0x00, 0x00, 0x00, 0x00, 0x00, 0x00, 0x00, 0x00, 0x00, 0x00, 0x00,
  0x00, 0x00, 0x00, 0x00, 0x00, 0x00, 0x00, 0x00, 0x00, 0x00, 0x00, 0x00,
  0x00, 0x00, 0x00, 0x00, 0x00, 0x00, 0x00, 0x00, 0x00, 0x00, 0x00, 0x00,
  0x00, 0x00, 0x00, 0x00, 0x00, 0x00, 0x00, 0x00, 0x00, 0x00, 0x00, 0x00,
  0x00, 0x00, 0x00, 0x00, 0x00, 0x00, 0x00, 0x00, 0x00, 0x00, 0x00, 0x00,
  0x00, 0x00, 0x00, 0x00, 0x00, 0x00, 0x00, 0x00, 0x00, 0x00, 0x00, 0x00,
  0x00, 0x00, 0x00, 0x00, 0x00, 0x00, 0x00, 0x00, 0x00, 0x00, 0x00, 0x00,
  0x00, 0x00, 0x00, 0x00, 0x00, 0x00, 0x00, 0x00, 0x00, 0x00, 0x00, 0x00,
  0x00, 0x00, 0x00, 0x00, 0x00, 0x00, 0x00, 0x00, 0x00, 0x00, 0x00, 0x00,
  0x00, 0x00, 0x00, 0x00, 0x00, 0x00, 0x00, 0x00, 0x00, 0x00, 0x00, 0x00,
  0x00, 0x00, 0x00, 0x00, 0x00, 0x00, 0x00, 0x00, 0x00, 0x00, 0x00, 0x00,
  0x00, 0x00, 0x00, 0x00, 0x00, 0x00, 0x00, 0x00, 0x00, 0x00, 0x00, 0x00,
  0x00, 0x00, 0x00, 0x00, 0x00, 0x00, 0x00, 0x00, 0x00, 0x00, 0x00, 0x00,
  0x00, 0x00, 0x00, 0x00, 0x00, 0x00, 0x00, 0x00, 0x00, 0x00, 0x00, 0x00,
  0x00, 0x00, 0x00, 0x00, 0x00, 0x00, 0x00, 0x00, 0x00, 0x00, 0x00, 0x00,
  0x00, 0x00, 0x00, 0x00, 0x00, 0x00, 0x00, 0x00, 0x00, 0x00, 0x00, 0x00,
  0x00, 0x00, 0x00, 0x00, 0x00, 0x00, 0x00, 0x00, 0x00, 0x00, 0x00, 0x00,
  0x00, 0x00, 0x00, 0x00, 0x00, 0x00, 0x00, 0x00, 0x00, 0x00, 0x00, 0x00,
  0x00, 0x00, 0x00, 0x00, 0x00, 0x00, 0x00, 0x00, 0x00, 0x00, 0x00, 0x00,
  0x00, 0x00, 0x00, 0x00, 0x00, 0x00, 0x00, 0x00, 0x00, 0x00, 0x00, 0x00,
  0x00, 0x00, 0x00, 0x00, 0x00, 0x00, 0x00, 0x00, 0x00, 0x00, 0x00, 0x00,
  0x00, 0x00, 0x00, 0x00, 0x00, 0x00, 0x00, 0x00, 0x00, 0x00, 0x00, 0x00,
  0x00, 0x00, 0x00, 0x00, 0x00, 0x00, 0x00, 0x00, 0x00, 0x00, 0x00, 0x00,
  0x00, 0x00, 0x00, 0x00, 0x00, 0x00, 0x00, 0x00, 0x00, 0x00, 0x00, 0x00,
  0x00, 0x00, 0x00, 0x00, 0x00, 0x00, 0x00, 0x00, 0x00, 0x00, 0x00, 0x00,
  0x00, 0x00, 0x00, 0x00, 0x00, 0x00, 0x00, 0x00, 0x00, 0x00, 0x00, 0x00,
  0x00, 0x00, 0x00, 0x00, 0x00, 0x00, 0x00, 0x00, 0x00, 0x00, 0x00, 0x00,
  0x00, 0x00, 0x00, 0x00, 0x00, 0x00, 0x00, 0x00, 0x00, 0x00, 0x00, 0x00,
  0x00, 0x00, 0x00, 0x00, 0x00, 0x00, 0x00, 0x00, 0x00, 0x00, 0x00, 0x00,
  0x00, 0x00, 0x00, 0x00, 0x00, 0x00, 0x00, 0x00, 0x00, 0x00, 0x00, 0x00,
  0x00, 0x00, 0x00, 0x00, 0x00, 0x00, 0x00, 0x00, 0x00, 0x00, 0x00, 0x00,
  0x00, 0x00, 0x00, 0x00, 0x00, 0x00, 0x00, 0x00, 0x00, 0x00, 0x00, 0x00,
  0x00, 0x00, 0x00, 0x00, 0x00, 0x00, 0x00, 0x00, 0x00, 0x00, 0x00, 0x00,
  0x00, 0x00, 0x00, 0x00, 0x00, 0x00, 0x00, 0x00, 0x00, 0x00, 0x00, 0x00,
  0x00, 0x00, 0x00, 0x00, 0x00, 0x00, 0x00, 0x00, 0x00, 0x00, 0x00, 0x00,
  0x00, 0x00, 0x00, 0x00, 0x00, 0x00, 0x00, 0x00, 0x00, 0x00, 0x00, 0x00,
  0x00, 0x00, 0x00, 0x00, 0x00, 0x00, 0x00, 0x00, 0x00, 0x00, 0x00, 0x00,
  0x00, 0x00, 0x00, 0x00, 0x00, 0x00, 0x00, 0x00, 0x00, 0x00, 0x00, 0x00,
  0x00, 0x00, 0x00, 0x00, 0x00, 0x00, 0x00, 0x00, 0x00, 0x00, 0x00, 0x00,
  0x00, 0x00, 0x00, 0x00, 0x00, 0x00, 0x00, 0x00, 0x00, 0x00, 0x00, 0x00,
  0x00, 0x00, 0x00, 0x00, 0x00, 0x00, 0x00, 0x00, 0x00, 0x00, 0x00, 0x00,
  0x00, 0x00, 0x00, 0x00, 0x00, 0x00, 0x00, 0x00, 0x00, 0x00, 0x00, 0x00,
  0x00, 0x00, 0x00, 0x00, 0x00, 0x00, 0x00, 0x00, 0x00, 0x00, 0x00, 0x00,
  0x00, 0x00, 0x00, 0x00, 0x00, 0x00, 0x00, 0x00, 0x00, 0x00, 0x00, 0x00,
  0x00, 0x00, 0x00, 0x00, 0x00, 0x00, 0x00, 0x00, 0x00, 0x00, 0x00, 0x00,
  0x00, 0x00, 0x00, 0x00, 0x00, 0x00, 0x00, 0x00, 0x00, 0x00, 0x00, 0x00,
  0x00, 0x00, 0x00, 0x00, 0x00, 0x00, 0x00, 0x00, 0x00, 0x00, 0x00, 0x00,
  0x00, 0x00, 0x00, 0x00, 0x00, 0x00, 0x00, 0x00, 0x00, 0x00, 0x00, 0x00,
  0x00, 0x00, 0x00, 0x00, 0x00, 0x00, 0x00, 0x00, 0x00, 0x00, 0x00, 0x00,
  0x00, 0x00, 0x00, 0x00, 0x00, 0x00, 0x00, 0x00, 0x00, 0x00, 0x00, 0x00,
  0x00, 0x00, 0x00, 0x00, 0x00, 0x00, 0x00, 0x00, 0x00, 0x00, 0x00, 0x00,
  0x00, 0x00, 0x00, 0x00, 0x00, 0x00, 0x00, 0x00, 0x00, 0x00, 0x00, 0x00,
  0x00, 0x00, 0x00, 0x00, 0x00, 0x00, 0x00, 0x00, 0x00, 0x00, 0x00, 0x00,
  0x00, 0x00, 0x00, 0x00, 0x00, 0x00, 0x00, 0x00, 0x00, 0x00, 0x00, 0x00,
  0x00, 0x00, 0x00, 0x00, 0x00, 0x00, 0x00, 0x00, 0x00, 0x00, 0x00, 0x00,
  0x00, 0x00, 0x00, 0x00, 0x00, 0x00, 0x00, 0x00, 0x00, 0x00, 0x00, 0x00,
  0x00, 0x00, 0x00, 0x00, 0x00, 0x00, 0x00, 0x00, 0x00, 0x00, 0x00, 0x00,
  0x00, 0x00, 0x00, 0x00, 0x00, 0x00, 0x00, 0x00, 0x00, 0x00, 0x00, 0x00,
  0x00, 0x00, 0x00, 0x00, 0x00, 0x00, 0x00, 0x00, 0x00, 0x00, 0x00, 0x00,
  0x00, 0x00, 0x00, 0x00, 0x00, 0x00, 0x00, 0x00, 0x00, 0x00, 0x00, 0x00,
  0x00, 0x00, 0x00, 0x00, 0x00, 0x00, 0x00, 0x00, 0x00, 0x00, 0x00, 0x00,
  0x00, 0x00, 0x00, 0x00, 0x00, 0x00, 0x00, 0x00, 0x00, 0x00, 0x00, 0x00,
  0x00, 0x00, 0x00, 0x00, 0x00, 0x00, 0x00, 0x00, 0x00, 0x00, 0x00, 0x00,
  0x00, 0x00, 0x00, 0x00, 0x00, 0x00, 0x00, 0x00, 0x00, 0x00, 0x00, 0x00,
  0x00, 0x00, 0x00, 0x00, 0x00, 0x00, 0x00, 0x00, 0x00, 0x00, 0x00, 0x00,
  0x00, 0x00, 0x00, 0x00, 0x00, 0x00, 0x00, 0x00, 0x00, 0x00, 0x00, 0x00,
  0x00, 0x00, 0x00, 0x00, 0x00, 0x00, 0x00, 0x00, 0x00, 0x00, 0x00, 0x00,
  0x00, 0x00, 0x00, 0x00, 0x00, 0x00, 0x00, 0x00, 0x00, 0x00, 0x00, 0x00,
  0x00, 0x00, 0x00, 0x00, 0x00, 0x00, 0x00, 0x00, 0x00, 0x00, 0x00, 0x00,
  0x00, 0x00, 0x00, 0x00, 0x00, 0x00, 0x00, 0x00, 0x00, 0x00, 0x00, 0x00,
  0x00, 0x00, 0x00, 0x00, 0x00, 0x00, 0x00, 0x00, 0x00, 0x00, 0x00, 0x00,
  0x00, 0x00, 0x00, 0x00, 0x00, 0x00, 0x00, 0x00, 0x00, 0x00, 0x00, 0x00,
  0x00, 0x00, 0x00, 0x00, 0x00, 0x00, 0x00, 0x00, 0x00, 0x00, 0x00, 0x00,
  0x00, 0x00, 0x00, 0x00, 0x00, 0x00, 0x00, 0x00, 0x00, 0x00, 0x00, 0x00,
  0x00, 0x00, 0x00, 0x00, 0x00, 0x00, 0x00, 0x00, 0x00, 0x00, 0x00, 0x00,
  0x00, 0x00, 0x00, 0x00, 0x00, 0x00, 0x00, 0x00, 0x00, 0x00, 0x00, 0x00,
  0x00, 0x00, 0x00, 0x00, 0x00, 0x00, 0x00, 0x00, 0x00, 0x00, 0x00, 0x00,
  0x00, 0x00, 0x00, 0x00, 0x00, 0x00, 0x00, 0x00, 0x00, 0x00, 0x00, 0x00,
  0x00, 0x00, 0x00, 0x00, 0x00, 0x00, 0x00, 0x00, 0x00, 0x00, 0x00, 0x00,
  0x00, 0x00, 0x00, 0x00, 0x00, 0x00, 0x00, 0x00, 0x00, 0x00, 0x00, 0x00,
  0x00, 0x00, 0x00, 0x00, 0x00, 0x00, 0x00, 0x00, 0x00, 0x00, 0x00, 0x00,
  0x00, 0x00, 0x00, 0x00, 0x00, 0x00, 0x00, 0x00, 0x00, 0x00, 0x00, 0x00,
  0x00, 0x00, 0x00, 0x00, 0x00, 0x00, 0x00, 0x00, 0x00, 0x00, 0x00, 0x00,
  0x00, 0x00, 0x00, 0x00, 0x00, 0x00, 0x00, 0x00, 0x00, 0x00, 0x00, 0x00,
  0x00, 0x00, 0x00, 0x00, 0x00, 0x00, 0x00, 0x00, 0x00, 0x00, 0x00, 0x00,
  0x00, 0x00, 0x00, 0x00, 0x00, 0x00, 0x00, 0x00, 0x00, 0x00, 0x00, 0x00,
  0x00, 0x00, 0x00, 0x00, 0x00, 0x00, 0x00, 0x00, 0x00, 0x00, 0x00, 0x00,
  0x00, 0x00, 0x00, 0x00, 0x00, 0x00, 0x00, 0x00, 0x00, 0x00, 0x00, 0x00,
  0x00, 0x00, 0x00, 0x00, 0x00, 0x00, 0x00, 0x00, 0x00, 0x00, 0x00, 0x00,
  0x00, 0x00, 0x00, 0x00, 0x00, 0x00, 0x00, 0x00, 0x00, 0x00, 0x00, 0x00,
  0x00, 0x00, 0x00, 0x00, 0x00, 0x00, 0x00, 0x00, 0x00, 0x00, 0x00, 0x00,
  0x00, 0x00, 0x00, 0x00, 0x00, 0x00, 0x00, 0x00, 0x00, 0x00, 0x00, 0x00,
  0x00, 0x00, 0x00, 0x00, 0x00, 0x00, 0x00, 0x00, 0x00, 0x00, 0x00, 0x00,
  0x00, 0x00, 0x00, 0x00, 0x00, 0x00, 0x00, 0x00, 0x00, 0x00, 0x00, 0x00,
  0x00, 0x00, 0x00, 0x00, 0x00, 0x00, 0x00, 0x00, 0x00, 0x00, 0x00, 0x00,
  0x00, 0x00, 0x00, 0x00, 0x00, 0x00, 0x00, 0x00, 0x00, 0x00, 0x00, 0x00,
  0x00, 0x00, 0x00, 0x00, 0x00, 0x00, 0x00, 0x00, 0x00, 0x00, 0x00, 0x00,
  0x00, 0x00, 0x00, 0x00, 0x00, 0x00, 0x00, 0x00, 0x00, 0x00, 0x00, 0x00,
  0x00, 0x00, 0x00, 0x00, 0x00, 0x00, 0x00, 0x00, 0x00, 0x00, 0x00, 0x00,
  0x00, 0x00, 0x00, 0x00, 0x00, 0x00, 0x00, 0x00, 0x00, 0x00, 0x00, 0x00,
  0x00, 0x00, 0x00, 0x00, 0x00, 0x00, 0x00, 0x00, 0x00, 0x00, 0x00, 0x00,
  0x00, 0x00, 0x00, 0x00, 0x00, 0x00, 0x00, 0x00, 0x00, 0x00, 0x00, 0x00,
  0x00, 0x00, 0x00, 0x00, 0x00, 0x00, 0x00, 0x00, 0x00, 0x00, 0x00, 0x00,
  0x00, 0x00, 0x00, 0x00, 0x00, 0x00, 0x00, 0x00, 0x00, 0x00, 0x00, 0x00,
  0x00, 0x00, 0x00, 0x00, 0x00, 0x00, 0x00, 0x00, 0x00, 0x00, 0x00, 0x00,
  0x00, 0x00, 0x00, 0x00, 0x00, 0x00, 0x00, 0x00, 0x00, 0x00, 0x00, 0x00,
  0x00, 0x00, 0x00, 0x00, 0x00, 0x00, 0x00, 0x00, 0x00, 0x00, 0x00, 0x00,
  0x00, 0x00, 0x00, 0x00, 0x00, 0x00, 0x00, 0x00, 0x00, 0x00, 0x00, 0x00,
  0x00, 0x00, 0x00, 0x00, 0x00, 0x00, 0x00, 0x00, 0x00, 0x00, 0x00, 0x00,
  0x00, 0x00, 0x00, 0x00, 0x00, 0x00, 0x00, 0x00, 0x00, 0x00, 0x00, 0x00,
  0x00, 0x00, 0x00, 0x00, 0x00, 0x00, 0x00, 0x00, 0x00, 0x00, 0x00, 0x00,
  0x00, 0x00, 0x00, 0x00, 0x00, 0x00, 0x00, 0x00, 0x00, 0x00, 0x00, 0x00,
  0x00, 0x00, 0x00, 0x00, 0x00, 0x00, 0x00, 0x00, 0x00, 0x00, 0x00, 0x00,
  0x00, 0x00, 0x00, 0x00, 0x00, 0x00, 0x00, 0x00, 0x00, 0x00, 0x00, 0x00,
  0x00, 0x00, 0x00, 0x00, 0x00, 0x00, 0x00, 0x00, 0x00, 0x00, 0x00, 0x00,
  0x00, 0x00, 0x00, 0x00, 0x00, 0x00, 0x00, 0x00, 0x00, 0x00, 0x00, 0x00,
  0x00, 0x00, 0x00, 0x00, 0x00, 0x00, 0x00, 0x00, 0x00, 0x00, 0x00, 0x00,
  0x00, 0x00, 0x00, 0x00, 0x00, 0x00, 0x00, 0x00, 0x00, 0x00, 0x00, 0x00,
  0x00, 0x00, 0x00, 0x00, 0x00, 0x00, 0x00, 0x00, 0x00, 0x00, 0x00, 0x00,
  0x00, 0x00, 0x00, 0x00, 0x00, 0x00, 0x00, 0x00, 0x00, 0x00, 0x00, 0x00,
  0x00, 0x00, 0x00, 0x00, 0x00, 0x00, 0x00, 0x00, 0x50, 0x20, 0x00, 0x00,
  0x00, 0x00, 0x00, 0x00, 0x00, 0x00, 0x00, 0x00, 0x00, 0x00, 0x00, 0x00,
  0x30, 0x27, 0x00, 0x00, 0x00, 0x00, 0x00, 0x00, 0x00, 0x00, 0x00, 0x00,
  0x00, 0x00, 0x00, 0x00, 0x00, 0x00, 0x00, 0x00, 0x00, 0x00, 0x00, 0x00,
  0x00, 0x00, 0x00, 0x00, 0x00, 0x00, 0x00, 0x00, 0x00, 0x00, 0x00, 0x00,
  0x00, 0x00, 0x00, 0x00, 0x00, 0x00, 0x00, 0x00, 0x00, 0x00, 0x00, 0x00,
  0x00, 0x00, 0x00, 0x00, 0x00, 0x00, 0x00, 0x00, 0x00, 0x00, 0x00, 0x00,
  0x00, 0x00, 0x00, 0x00, 0x00, 0x00, 0x00, 0x00, 0x00, 0x00, 0x00, 0x00,
  0x00, 0x00, 0x00, 0x00, 0x00, 0x00, 0x00, 0x00, 0x00, 0x00, 0x00, 0x00,
  0x00, 0x00, 0x00, 0x00, 0x00, 0x00, 0x00, 0x00, 0x00, 0x00, 0x00, 0x00,
  0x00, 0x00, 0x00, 0x00, 0x00, 0x00, 0x00, 0x00, 0x00, 0x00, 0x00, 0x00,
  0x00, 0x00, 0x00, 0x00, 0x00, 0x00, 0x00, 0x00, 0x00, 0x00, 0x00, 0x00,
  0x00, 0x00, 0x00, 0x00, 0x00, 0x00, 0x00, 0x00, 0x00, 0x00, 0x00, 0x00,
  0x00, 0x00, 0x00, 0x00, 0x00, 0x00, 0x00, 0x00, 0x00, 0x00, 0x00, 0x00,
  0x00, 0x00, 0x00, 0x00, 0x00, 0x00, 0x00, 0x00, 0x00, 0x00, 0x00, 0x00,
  0x00, 0x00, 0x00, 0x00, 0x00, 0x00, 0x00, 0x00, 0x00, 0x00, 0x00, 0x00,
  0x00, 0x00, 0x00, 0x00, 0x00, 0x00, 0x00, 0x00, 0x00, 0x00, 0x00, 0x00,
  0x00, 0x00, 0x00, 0x00, 0x00, 0x00, 0x00, 0x00, 0x00, 0x00, 0x00, 0x00,
  0x00, 0x00, 0x00, 0x00, 0x00, 0x00, 0x00, 0x00, 0x00, 0x00, 0x00, 0x00,
  0x00, 0x00, 0x00, 0x00, 0x00, 0x00, 0x00, 0x00, 0x00, 0x00, 0x00, 0x00,
  0x00, 0x00, 0x00, 0x00, 0x00, 0x00, 0x00, 0x00, 0x00, 0x00, 0x00, 0x00,
  0x00, 0x00, 0x00, 0x00, 0x00, 0x00, 0x00, 0x00, 0x00, 0x00, 0x00, 0x00,
  0x00, 0x00, 0x00, 0x00, 0x00, 0x00, 0x00, 0x00, 0x20, 0x00, 0x00, 0x00,
  0x00, 0x00, 0x00, 0x00, 0x02, 0x00, 0x00, 0x00, 0x00, 0x00, 0x00, 0x00,
  0x58, 0x21, 0x00, 0x00, 0x00, 0x00, 0x00, 0x00, 0x00, 0x00, 0x00, 0x00,
  0x00, 0x00, 0x00, 0x00, 0x01, 0x00, 0x00, 0x00, 0x00, 0x00, 0x00, 0x00,
  0x00, 0x00, 0x00, 0x00, 0x00, 0x00, 0x00, 0x00, 0x00, 0x00, 0x00, 0x00,
  0x00, 0x00, 0x00, 0x00, 0x00, 0x00, 0x00, 0x00, 0x00, 0x00, 0x00, 0x00,
  0x00, 0x00, 0x00, 0x00, 0x00, 0x00, 0x00, 0x00, 0x00, 0x00, 0x00, 0x00,
  0x00, 0x00, 0x00, 0x00, 0x20, 0x00, 0x00, 0x00, 0x00, 0x00, 0x00, 0x00,
  0x02, 0x00, 0x00, 0x00, 0x00, 0x00, 0x00, 0x00, 0x88, 0x21, 0x00, 0x00,
  0x00, 0x00, 0x00, 0x00, 0x00, 0x00, 0x00, 0x00, 0x00, 0x00, 0x00, 0x00,
  0x00, 0x00, 0x00, 0x00, 0x00, 0x00, 0x00, 0x00, 0x00, 0x00, 0x00, 0x00,
  0x00, 0x00, 0x00, 0x00, 0x01, 0x01, 0x00, 0xc0, 0x00, 0x00, 0x00, 0x00,
  0x00, 0x00, 0x00, 0x00, 0x00, 0x00, 0x00, 0x00, 0x00, 0x00, 0x00, 0x00,
  0x00, 0x00, 0x00, 0x00, 0x20, 0x00, 0x00, 0x00, 0x00, 0x00, 0x00, 0x00,
  0x02, 0x00, 0x00, 0x00, 0x00, 0x00, 0x00, 0x00, 0xc8, 0x21, 0x00, 0x00,
  0x00, 0x00, 0x00, 0x00, 0x00, 0x00, 0x00, 0x00, 0x00, 0x00, 0x00, 0x00,
  0x00, 0x00, 0x00, 0x00, 0x00, 0x00, 0x00, 0x00, 0x00, 0x00, 0x00, 0x00,
  0x00, 0x00, 0x00, 0x00, 0x20, 0x00, 0x00, 0x00, 0x00, 0x00, 0x00, 0x00,
  0x02, 0x00, 0x00, 0x00, 0x00, 0x00, 0x00, 0x00, 0x60, 0x23, 0x00, 0x00,
  0x00, 0x00, 0x00, 0x00, 0x00, 0x00, 0x00, 0x00, 0x00, 0x00, 0x00, 0x00,
  0x00, 0x00, 0x00, 0x00, 0x00, 0x00, 0x00, 0x00, 0x00, 0x00, 0x00, 0x00,
  0x00, 0x00, 0x00, 0x00, 0x00, 0x00, 0x00, 0x00, 0x00, 0x00, 0x00, 0x00,
  0x00, 0x00, 0x00, 0x00, 0x00, 0x00, 0x00, 0x00, 0x00, 0x00, 0x00, 0x00,
  0x00, 0x00, 0x00, 0x00, 0x00, 0x00, 0x00, 0x00, 0x00, 0x00, 0x00, 0x00,
  0x00, 0x00, 0x00, 0x00, 0x00, 0x00, 0x00, 0x00, 0x00, 0x00, 0x00, 0x00,
  0x00, 0x00, 0x00, 0x00, 0x00, 0x00, 0x00, 0x00, 0x00, 0x00, 0x00, 0x00,
  0x00, 0x00, 0x00, 0x00, 0x00, 0x00, 0x00, 0x00, 0x00, 0x00, 0x00, 0x00,
  0x00, 0x00, 0x00, 0x00, 0x00, 0x00, 0x00, 0x00, 0x00, 0x00, 0x00, 0x00,
  0x00, 0x00, 0x00, 0x00, 0x00, 0x00, 0x00, 0x00, 0x00, 0x00, 0x00, 0x00,
  0x00, 0x00, 0x00, 0x00, 0x00, 0x00, 0x00, 0x00, 0x00, 0x00, 0x00, 0x00,
  0x00, 0x00, 0x00, 0x00, 0x00, 0x00, 0x00, 0x00, 0x00, 0x00, 0x00, 0x00,
  0x00, 0x00, 0x00, 0x00, 0x00, 0x00, 0x00, 0x00, 0x00, 0x00, 0x00, 0x00,
  0x00, 0x00, 0x00, 0x00, 0x00, 0x00, 0x00, 0x00, 0x00, 0x00, 0x00, 0x00,
  0x00, 0x00, 0x00, 0x00, 0x00, 0x00, 0x00, 0x00, 0x00, 0x00, 0x00, 0x00,
  0x00, 0x00, 0x00, 0x00, 0x00, 0x00, 0x00, 0x00, 0x00, 0x00, 0x00, 0x00,
  0x00, 0x00, 0x00, 0x00, 0x00, 0x00, 0x00, 0x00, 0x00, 0x00, 0x00, 0x00,
  0x00, 0x00, 0x00, 0x00, 0x00, 0x00, 0x00, 0x00, 0x00, 0x00, 0x00, 0x00,
  0x00, 0x00, 0x00, 0x00, 0x00, 0x00, 0x00, 0x00, 0x00, 0x00, 0x00, 0x00,
  0x00, 0x00, 0x00, 0x00, 0x00, 0x00, 0x00, 0x00, 0x00, 0x00, 0x00, 0x00,
  0x00, 0x00, 0x00, 0x00, 0x00, 0x00, 0x00, 0x00, 0x00, 0x00, 0x00, 0x00,
  0x00, 0x00, 0x00, 0x00, 0x00, 0x00, 0x00, 0x00, 0x00, 0x00, 0x00, 0x00,
  0x00, 0x00, 0x00, 0x00, 0x00, 0x00, 0x00, 0x00, 0x00, 0x00, 0x00, 0x00,
  0x00, 0x00, 0x00, 0x00, 0x00, 0x00, 0x00, 0x00, 0x00, 0x00, 0x00, 0x00,
  0x00, 0x00, 0x00, 0x00, 0x00, 0x00, 0x00, 0x00, 0x00, 0x00, 0x00, 0x00,
  0x00, 0x00, 0x00, 0x00, 0x00, 0x00, 0x00, 0x00, 0x00, 0x00, 0x00, 0x00,
  0x00, 0x00, 0x00, 0x00, 0x00, 0x00, 0x00, 0x00, 0x00, 0x00, 0x00, 0x00,
  0x00, 0x00, 0x00, 0x00, 0x00, 0x00, 0x00, 0x00, 0x00, 0x00, 0x00, 0x00,
  0x00, 0x00, 0x00, 0x00, 0x00, 0x00, 0x00, 0x00, 0x00, 0x00, 0x00, 0x00,
  0x00, 0x00, 0x00, 0x00, 0x00, 0x00, 0x00, 0x00, 0x00, 0x00, 0x00, 0x00,
  0x00, 0x00, 0x00, 0x00, 0x00, 0x00, 0x00, 0x00, 0x00, 0x00, 0x00, 0x00,
  0x00, 0x00, 0x00, 0x00, 0x00, 0x00, 0x00, 0x00, 0x20, 0x00, 0x00, 0x00,
  0x00, 0x00, 0x00, 0x00, 0x02, 0x00, 0x00, 0x00, 0x00, 0x00, 0x00, 0x00,
  0x88, 0x23, 0x00, 0x00, 0x00, 0x00, 0x00, 0x00, 0x00, 0x00, 0x00, 0x00,
  0x00, 0x00, 0x00, 0x00, 0x00, 0x00, 0x00, 0x00, 0x00, 0x00, 0x00, 0x00,
  0x60, 0x40, 0x00, 0x00, 0x00, 0x00, 0x00, 0x00, 0x78, 0x22, 0x00, 0x00,
  0x00, 0x00, 0x00, 0x00, 0x00, 0x00, 0x00, 0x00, 0x00, 0x00, 0x00, 0x00,
  0xe0, 0x00, 0x00, 0x00, 0x00, 0x00, 0x00, 0x00, 0x00, 0x00, 0x00, 0x00,
  0x00, 0x00, 0x00, 0x00, 0x00, 0x00, 0x00, 0x00, 0x00, 0x00, 0x00, 0x00,
  0x00, 0x00, 0x00, 0x00, 0x00, 0x00, 0x00, 0x00, 0x00, 0x00, 0x00, 0x00,
  0x00, 0x00, 0x00, 0x00, 0x00, 0x00, 0x00, 0x00, 0x00, 0x00, 0x00, 0x00,
  0x00, 0x00, 0x00, 0x00, 0x00, 0x00, 0x00, 0x00, 0x00, 0x00, 0x00, 0x00,
  0x00, 0x00, 0x00, 0x00, 0x00, 0x00, 0x00, 0x00, 0x00, 0x00, 0x00, 0x00,
  0x00, 0x00, 0x00, 0x00, 0x00, 0x00, 0x00, 0x00, 0x00, 0x00, 0x00, 0x00,
  0x00, 0x00, 0x00, 0x00, 0x00, 0x00, 0x00, 0x00, 0x00, 0x00, 0x00, 0x00,
  0x00, 0x00, 0x00, 0x00, 0x00, 0x00, 0x00, 0x00, 0x00, 0x00, 0x00, 0x00,
  0x00, 0x00, 0x00, 0x00, 0x00, 0x00, 0x00, 0x00, 0x00, 0x00, 0x00, 0x00,
  0x00, 0x00, 0x00, 0x00, 0x00, 0x00, 0x00, 0x00, 0x00, 0x00, 0x00, 0x00,
  0x00, 0x00, 0x00, 0x00, 0x00, 0x00, 0x00, 0x00, 0x00, 0x00, 0x00, 0x00,
  0x00, 0x00, 0x00, 0x00, 0x00, 0x00, 0x00, 0x00, 0x00, 0x00, 0x00, 0x00,
  0x00, 0x00, 0x00, 0x00, 0x00, 0x00, 0x00, 0x00, 0x00, 0x00, 0x00, 0x00,
  0x00, 0x00, 0x00, 0x00, 0x00, 0x00, 0x00, 0x00, 0x00, 0x00, 0x00, 0x00,
  0x00, 0x00, 0x00, 0x00, 0x00, 0x00, 0x00, 0x00, 0x00, 0x00, 0x00, 0x00,
  0x00, 0x00, 0x00, 0x00, 0x00, 0x00, 0x00, 0x00, 0x00, 0x00, 0x00, 0x00,
  0x00, 0x00, 0x00, 0x00, 0x00, 0x00, 0x00, 0x00, 0x00, 0x00, 0x00, 0x00,
  0x20, 0x00, 0x00, 0x00, 0x00, 0x00, 0x00, 0x00, 0x02, 0x00, 0x00, 0x00,
  0x00, 0x00, 0x00, 0x00, 0x98, 0x24, 0x00, 0x00, 0x00, 0x00, 0x00, 0x00,
  0x00, 0x00, 0x00, 0x00, 0x00, 0x00, 0x00, 0x00, 0x00, 0x00, 0x00, 0x00,
  0x00, 0x00, 0x00, 0x00, 0x40, 0x41, 0x00, 0x00, 0x00, 0x00, 0x00, 0x00,
  0x20, 0x20, 0x00, 0x00, 0x00, 0x00, 0x00, 0x00, 0x00, 0x00, 0x00, 0x00,
  0x00, 0x00, 0x00, 0x00, 0x30, 0x00, 0x00, 0x00, 0x00, 0x00, 0x00, 0x00,
  0x00, 0x00, 0x00, 0x00, 0x00, 0x00, 0x00, 0x00, 0x00, 0x00, 0x00, 0x00,
  0x00, 0x00, 0x00, 0x00, 0x00, 0x00, 0x00, 0x00, 0x00, 0x00, 0x00, 0x00,
  0x00, 0x00, 0x00, 0x00, 0x00, 0x00, 0x00, 0x00, 0x00, 0x00, 0x00, 0x00,
  0x00, 0x00, 0x00, 0x00, 0x00, 0x00, 0x00, 0x00, 0x00, 0x00, 0x00, 0x00,
  0x00, 0x00, 0x00, 0x00, 0x00, 0x00, 0x00, 0x00, 0x00, 0x00, 0x00, 0x00,
  0x00, 0x00, 0x00, 0x00, 0x00, 0x00, 0x00, 0x00, 0x00, 0x00, 0x00, 0x00,
  0x00, 0x00, 0x00, 0x00, 0x00, 0x00, 0x00, 0x00, 0x00, 0x00, 0x00, 0x00,
  0x00, 0x00, 0x00, 0x00, 0x00, 0x00, 0x00, 0x00, 0x00, 0x00, 0x00, 0x00,
  0x00, 0x00, 0x00, 0x00, 0x00, 0x00, 0x00, 0x00, 0x00, 0x00, 0x00, 0x00,
  0x00, 0x00, 0x00, 0x00, 0x00, 0x00, 0x00, 0x00, 0x00, 0x00, 0x00, 0x00,
  0x00, 0x00, 0x00, 0x00, 0x00, 0x00, 0x00, 0x00, 0x00, 0x00, 0x00, 0x00,
  0x00, 0x00, 0x00, 0x00, 0x00, 0x00, 0x00, 0x00, 0x00, 0x00, 0x00, 0x00,
  0x00, 0x00, 0x00, 0x00, 0x00, 0x00, 0x00, 0x00, 0x00, 0x00, 0x00, 0x00,
  0x00, 0x00, 0x00, 0x00, 0x00, 0x00, 0x00, 0x00, 0x00, 0x00, 0x00, 0x00,
  0x00, 0x00, 0x00, 0x00, 0x00, 0x00, 0x00, 0x00, 0x00, 0x00, 0x00, 0x00,
  0x00, 0x00, 0x00, 0x00, 0x00, 0x00, 0x00, 0x00, 0x00, 0x00, 0x00, 0x00,
  0x00, 0x00, 0x00, 0x00, 0x00, 0x00, 0x00, 0x00, 0x00, 0x00, 0x00, 0x00,
  0x00, 0x00, 0x00, 0x00, 0x20, 0x00, 0x00, 0x00, 0x00, 0x00, 0x00, 0x00,
  0x02, 0x00, 0x00, 0x00, 0x00, 0x00, 0x00, 0x00, 0xb0, 0x25, 0x00, 0x00,
  0x00, 0x00, 0x00, 0x00, 0x00, 0x00, 0x00, 0x00, 0x00, 0x00, 0x00, 0x00,
  0x00, 0x00, 0x00, 0x00, 0x00, 0x00, 0x00, 0x00, 0x70, 0x41, 0x00, 0x00,
  0x00, 0x00, 0x00, 0x00, 0x30, 0x21, 0x00, 0x00, 0x00, 0x00, 0x00, 0x00,
  0x00, 0x00, 0x00, 0x00, 0x00, 0x00, 0x00, 0x00, 0x28, 0x00, 0x00, 0x00,
  0x00, 0x00, 0x00, 0x00, 0x00, 0x00, 0x00, 0x00, 0x00, 0x00, 0x00, 0x00,
  0x00, 0x00, 0x00, 0x00, 0x00, 0x00, 0x00, 0x00, 0x00, 0x00, 0x00, 0x00,
  0x00, 0x00, 0x00, 0x00, 0x00, 0x00, 0x00, 0x00, 0x00, 0x00, 0x00, 0x00,
  0x00, 0x00, 0x00, 0x00, 0x00, 0x00, 0x00, 0x00, 0x00, 0x00, 0x00, 0x00,
  0x00, 0x00, 0x00, 0x00, 0x00, 0x00, 0x00, 0x00, 0x00, 0x00, 0x00, 0x00,
  0x00, 0x00, 0x00, 0x00, 0x00, 0x00, 0x00, 0x00, 0x00, 0x00, 0x00, 0x00,
  0x00, 0x00, 0x00, 0x00, 0x00, 0x00, 0x00, 0x00, 0x00, 0x00, 0x00, 0x00,
  0x00, 0x00, 0x00, 0x00, 0x00, 0x00, 0x00, 0x00, 0x00, 0x00, 0x00, 0x00,
  0x00, 0x00, 0x00, 0x00, 0x00, 0x00, 0x00, 0x00, 0x00, 0x00, 0x00, 0x00,
  0x00, 0x00, 0x00, 0x00, 0x00, 0x00, 0x00, 0x00, 0x00, 0x00, 0x00, 0x00,
  0x00, 0x00, 0x00, 0x00, 0x00, 0x00, 0x00, 0x00, 0x00, 0x00, 0x00, 0x00,
  0x00, 0x00, 0x00, 0x00, 0x00, 0x00, 0x00, 0x00, 0x00, 0x00, 0x00, 0x00,
  0x00, 0x00, 0x00, 0x00, 0x00, 0x00, 0x00, 0x00, 0x00, 0x00, 0x00, 0x00,
  0x00, 0x00, 0x00, 0x00, 0x00, 0x00, 0x00, 0x00, 0x00, 0x00, 0x00, 0x00,
  0x00, 0x00, 0x00, 0x00, 0x00, 0x00, 0x00, 0x00, 0x00, 0x00, 0x00, 0x00,
  0x00, 0x00, 0x00, 0x00, 0x00, 0x00, 0x00, 0x00, 0x00, 0x00, 0x00, 0x00,
  0x00, 0x00, 0x00, 0x00, 0x00, 0x00, 0x00, 0x00, 0x00, 0x00, 0x00, 0x00,
  0x00, 0x00, 0x00, 0x00, 0x00, 0x00, 0x00, 0x00, 0x20, 0x00, 0x00, 0x00,
  0x00, 0x00, 0x00, 0x00, 0x02, 0x00, 0x00, 0x00, 0x00, 0x00, 0x00, 0x00,
  0xc8, 0x26, 0x00, 0x00, 0x00, 0x00, 0x00, 0x00, 0x00, 0x00, 0x00, 0x00,
  0x00, 0x00, 0x00, 0x00, 0x00, 0x00, 0x00, 0x00, 0x00, 0x00, 0x00, 0x00,
  0x00, 0x00, 0x00, 0x00, 0x00, 0x00, 0x00, 0x00, 0x20, 0x00, 0x00, 0x00,
  0x00, 0x00, 0x00, 0x00, 0x02, 0x00, 0x00, 0x00, 0x00, 0x00, 0x00, 0x00,
  0xe0, 0x2d, 0x00, 0x00, 0x00, 0x00, 0x00, 0x00, 0x00, 0x00, 0x00, 0x00,
  0x00, 0x00, 0x00, 0x00, 0x00, 0x00, 0x00, 0x00, 0x00, 0x00, 0x00, 0x00,
  0x00, 0x00, 0x00, 0x00, 0x00, 0x00, 0x00, 0x00, 0x00, 0x00, 0x00, 0x00,
  0x00, 0x00, 0x00, 0x00, 0x00, 0x00, 0x00, 0x00, 0x00, 0x00, 0x00, 0x00,
  0x00, 0x00, 0x00, 0x00, 0x00, 0x00, 0x00, 0x00, 0x00, 0x00, 0x00, 0x00,
  0x00, 0x00, 0x00, 0x00, 0x00, 0x00, 0x00, 0x00, 0x00, 0x00, 0x00, 0x00,
  0x00, 0x00, 0x00, 0x00, 0x00, 0x00, 0x00, 0x00, 0x00, 0x00, 0x00, 0x00,
  0x00, 0x00, 0x00, 0x00, 0x00, 0x00, 0x00, 0x00, 0x00, 0x00, 0x00, 0x00,
  0x00, 0x00, 0x00, 0x00, 0x00, 0x00, 0x00, 0x00, 0x00, 0x00, 0x00, 0x00,
  0x00, 0x00, 0x00, 0x00, 0x00, 0x00, 0x00, 0x00, 0x00, 0x00, 0x00, 0x00,
  0x00, 0x00, 0x00, 0x00, 0x00, 0x00, 0x00, 0x00, 0x00, 0x00, 0x00, 0x00,
  0x00, 0x00, 0x00, 0x00, 0x00, 0x00, 0x00, 0x00, 0x00, 0x00, 0x00, 0x00,
  0x00, 0x00, 0x00, 0x00, 0x00, 0x00, 0x00, 0x00, 0x00, 0x00, 0x00, 0x00,
  0x00, 0x00, 0x00, 0x00, 0x00, 0x00, 0x00, 0x00, 0x00, 0x00, 0x00, 0x00,
  0x00, 0x00, 0x00, 0x00, 0x00, 0x00, 0x00, 0x00, 0x00, 0x00, 0x00, 0x00,
  0x00, 0x00, 0x00, 0x00, 0x00, 0x00, 0x00, 0x00, 0x00, 0x00, 0x00, 0x00,
  0x00, 0x00, 0x00, 0x00, 0x00, 0x00, 0x00, 0x00, 0x00, 0x00, 0x00, 0x00,
  0x00, 0x00, 0x00, 0x00, 0x00, 0x00, 0x00, 0x00, 0x00, 0x00, 0x00, 0x00,
  0x00, 0x00, 0x00, 0x00, 0x00, 0x00, 0x00, 0x00, 0x00, 0x00, 0x00, 0x00,
  0x00, 0x00, 0x00, 0x00, 0x00, 0x00, 0x00, 0x00, 0x00, 0x00, 0x00, 0x00,
  0x00, 0x00, 0x00, 0x00, 0x00, 0x00, 0x00, 0x00, 0x00, 0x00, 0x00, 0x00,
  0x00, 0x00, 0x00, 0x00, 0x00, 0x00, 0x00, 0x00, 0x00, 0x00, 0x00, 0x00,
  0x20, 0x00, 0x00, 0x00, 0x00, 0x00, 0x00, 0x00, 0x02, 0x00, 0x00, 0x00,
  0x00, 0x00, 0x00, 0x00, 0x38, 0x28, 0x00, 0x00, 0x00, 0x00, 0x00, 0x00,
  0x00, 0x00, 0x00, 0x00, 0x00, 0x00, 0x00, 0x00, 0x00, 0x00, 0x00, 0x00,
  0x00, 0x00, 0x00, 0x00, 0x00, 0x00, 0x00, 0x00, 0x00, 0x00, 0x00, 0x00,
  0x00, 0x00, 0x00, 0x00, 0x00, 0x00, 0x00, 0x00, 0x00, 0x00, 0x00, 0x00,
  0x00, 0x00, 0x00, 0x00, 0x00, 0x00, 0x00, 0x00, 0x00, 0x00, 0x00, 0x00,
  0x20, 0x00, 0x00, 0x00, 0x00, 0x00, 0x00, 0x00, 0x02, 0x00, 0x00, 0x00,
  0x00, 0x00, 0x00, 0x00, 0x68, 0x28, 0x00, 0x00, 0x00, 0x00, 0x00, 0x00,
  0x00, 0x00, 0x00, 0x00, 0x00, 0x00, 0x00, 0x00, 0x00, 0x00, 0x00, 0x00,
  0x00, 0x00, 0x00, 0x00, 0x00, 0x00, 0x00, 0x00, 0x00, 0x00, 0x00, 0x00,
  0x01, 0x01, 0x00, 0xc0, 0x00, 0x00, 0x00, 0x00, 0x00, 0x00, 0x00, 0x00,
  0x00, 0x00, 0x00, 0x00, 0x00, 0x00, 0x00, 0x00, 0x00, 0x00, 0x00, 0x00,
  0x20, 0x00, 0x00, 0x00, 0x00, 0x00, 0x00, 0x00, 0x02, 0x00, 0x00, 0x00,
  0x00, 0x00, 0x00, 0x00, 0xa8, 0x28, 0x00, 0x00, 0x00, 0x00, 0x00, 0x00,
  0x00, 0x00, 0x00, 0x00, 0x00, 0x00, 0x00, 0x00, 0x00, 0x00, 0x00, 0x00,
  0x00, 0x00, 0x00, 0x00, 0x00, 0x00, 0x00, 0x00, 0x00, 0x00, 0x00, 0x00,
  0x20, 0x00, 0x00, 0x00, 0x00, 0x00, 0x00, 0x00, 0x02, 0x00, 0x00, 0x00,
  0x00, 0x00, 0x00, 0x00, 0x40, 0x2a, 0x00, 0x00, 0x00, 0x00, 0x00, 0x00,
  0x00, 0x00, 0x00, 0x00, 0x00, 0x00, 0x00, 0x00, 0x00, 0x00, 0x00, 0x00,
  0x00, 0x00, 0x00, 0x00, 0x00, 0x00, 0x00, 0x00, 0x00, 0x00, 0x00, 0x00,
  0x00, 0x00, 0x00, 0x00, 0x00, 0x00, 0x00, 0x00, 0x00, 0x00, 0x00, 0x00,
  0x00, 0x00, 0x00, 0x00, 0x00, 0x00, 0x00, 0x00, 0x00, 0x00, 0x00, 0x00,
  0x00, 0x00, 0x00, 0x00, 0x00, 0x00, 0x00, 0x00, 0x00, 0x00, 0x00, 0x00,
  0x00, 0x00, 0x00, 0x00, 0x00, 0x00, 0x00, 0x00, 0x00, 0x00, 0x00, 0x00,
  0x00, 0x00, 0x00, 0x00, 0x00, 0x00, 0x00, 0x00, 0x00, 0x00, 0x00, 0x00,
  0x00, 0x00, 0x00, 0x00, 0x00, 0x00, 0x00, 0x00, 0x00, 0x00, 0x00, 0x00,
  0x00, 0x00, 0x00, 0x00, 0x00, 0x00, 0x00, 0x00, 0x00, 0x00, 0x00, 0x00,
  0x00, 0x00, 0x00, 0x00, 0x00, 0x00, 0x00, 0x00, 0x00, 0x00, 0x00, 0x00,
  0x00, 0x00, 0x00, 0x00, 0x00, 0x00, 0x00, 0x00, 0x00, 0x00, 0x00, 0x00,
  0x00, 0x00, 0x00, 0x00, 0x00, 0x00, 0x00, 0x00, 0x00, 0x00, 0x00, 0x00,
  0x00, 0x00, 0x00, 0x00, 0x00, 0x00, 0x00, 0x00, 0x00, 0x00, 0x00, 0x00,
  0x00, 0x00, 0x00, 0x00, 0x00, 0x00, 0x00, 0x00, 0x00, 0x00, 0x00, 0x00,
  0x00, 0x00, 0x00, 0x00, 0x00, 0x00, 0x00, 0x00, 0x00, 0x00, 0x00, 0x00,
  0x00, 0x00, 0x00, 0x00, 0x00, 0x00, 0x00, 0x00, 0x00, 0x00, 0x00, 0x00,
  0x00, 0x00, 0x00, 0x00, 0x00, 0x00, 0x00, 0x00, 0x00, 0x00, 0x00, 0x00,
  0x00, 0x00, 0x00, 0x00, 0x00, 0x00, 0x00, 0x00, 0x00, 0x00, 0x00, 0x00,
  0x00, 0x00, 0x00, 0x00, 0x00, 0x00, 0x00, 0x00, 0x00, 0x00, 0x00, 0x00,
  0x00, 0x00, 0x00, 0x00, 0x00, 0x00, 0x00, 0x00, 0x00, 0x00, 0x00, 0x00,
  0x00, 0x00, 0x00, 0x00, 0x00, 0x00, 0x00, 0x00, 0x00, 0x00, 0x00, 0x00,
  0x00, 0x00, 0x00, 0x00, 0x00, 0x00, 0x00, 0x00, 0x00, 0x00, 0x00, 0x00,
  0x00, 0x00, 0x00, 0x00, 0x00, 0x00, 0x00, 0x00, 0x00, 0x00, 0x00, 0x00,
  0x00, 0x00, 0x00, 0x00, 0x00, 0x00, 0x00, 0x00, 0x00, 0x00, 0x00, 0x00,
  0x00, 0x00, 0x00, 0x00, 0x00, 0x00, 0x00, 0x00, 0x00, 0x00, 0x00, 0x00,
  0x00, 0x00, 0x00, 0x00, 0x00, 0x00, 0x00, 0x00, 0x00, 0x00, 0x00, 0x00,
  0x00, 0x00, 0x00, 0x00, 0x00, 0x00, 0x00, 0x00, 0x00, 0x00, 0x00, 0x00,
  0x00, 0x00, 0x00, 0x00, 0x00, 0x00, 0x00, 0x00, 0x00, 0x00, 0x00, 0x00,
  0x00, 0x00, 0x00, 0x00, 0x00, 0x00, 0x00, 0x00, 0x00, 0x00, 0x00, 0x00,
  0x00, 0x00, 0x00, 0x00, 0x00, 0x00, 0x00, 0x00, 0x00, 0x00, 0x00, 0x00,
  0x00, 0x00, 0x00, 0x00, 0x00, 0x00, 0x00, 0x00, 0x00, 0x00, 0x00, 0x00,
  0x00, 0x00, 0x00, 0x00, 0x20, 0x00, 0x00, 0x00, 0x00, 0x00, 0x00, 0x00,
  0x02, 0x00, 0x00, 0x00, 0x00, 0x00, 0x00, 0x00, 0x68, 0x2a, 0x00, 0x00,
  0x00, 0x00, 0x00, 0x00, 0x00, 0x00, 0x00, 0x00, 0x00, 0x00, 0x00, 0x00,
  0x00, 0x00, 0x00, 0x00, 0x00, 0x00, 0x00, 0x00, 0x60, 0x40, 0x00, 0x00,
  0x00, 0x00, 0x00, 0x00, 0x58, 0x29, 0x00, 0x00, 0x00, 0x00, 0x00, 0x00,
  0x00, 0x00, 0x00, 0x00, 0x00, 0x00, 0x00, 0x00, 0xe8, 0x00, 0x00, 0x00,
  0x00, 0x00, 0x00, 0x00, 0x00, 0x00, 0x00, 0x00, 0x00, 0x00, 0x00, 0x00,
  0x00, 0x00, 0x00, 0x00, 0x00, 0x00, 0x00, 0x00, 0x00, 0x00, 0x00, 0x00,
  0x00, 0x00, 0x00, 0x00, 0x00, 0x00, 0x00, 0x00, 0x00, 0x00, 0x00, 0x00,
  0x00, 0x00, 0x00, 0x00, 0x00, 0x00, 0x00, 0x00, 0x00, 0x00, 0x00, 0x00,
  0x00, 0x00, 0x00, 0x00, 0x00, 0x00, 0x00, 0x00, 0x00, 0x00, 0x00, 0x00,
  0x00, 0x00, 0x00, 0x00, 0x00, 0x00, 0x00, 0x00, 0x00, 0x00, 0x00, 0x00,
  0x00, 0x00, 0x00, 0x00, 0x00, 0x00, 0x00, 0x00, 0x00, 0x00, 0x00, 0x00,
  0x00, 0x00, 0x00, 0x00, 0x00, 0x00, 0x00, 0x00, 0x00, 0x00, 0x00, 0x00,
  0x00, 0x00, 0x00, 0x00, 0x00, 0x00, 0x00, 0x00, 0x00, 0x00, 0x00, 0x00,
  0x00, 0x00, 0x00, 0x00, 0x00, 0x00, 0x00, 0x00, 0x00, 0x00, 0x00, 0x00,
  0x00, 0x00, 0x00, 0x00, 0x00, 0x00, 0x00, 0x00, 0x00, 0x00, 0x00, 0x00,
  0x00, 0x00, 0x00, 0x00, 0x00, 0x00, 0x00, 0x00, 0x00, 0x00, 0x00, 0x00,
  0x00, 0x00, 0x00, 0x00, 0x00, 0x00, 0x00, 0x00, 0x00, 0x00, 0x00, 0x00,
  0x00, 0x00, 0x00, 0x00, 0x00, 0x00, 0x00, 0x00, 0x00, 0x00, 0x00, 0x00,
  0x00, 0x00, 0x00, 0x00, 0x00, 0x00, 0x00, 0x00, 0x00, 0x00, 0x00, 0x00,
  0x00, 0x00, 0x00, 0x00, 0x00, 0x00, 0x00, 0x00, 0x00, 0x00, 0x00, 0x00,
  0x00, 0x00, 0x00, 0x00, 0x00, 0x00, 0x00, 0x00, 0x00, 0x00, 0x00, 0x00,
  0x00, 0x00, 0x00, 0x00, 0x00, 0x00, 0x00, 0x00, 0x20, 0x00, 0x00, 0x00,
  0x00, 0x00, 0x00, 0x00, 0x02, 0x00, 0x00, 0x00, 0x00, 0x00, 0x00, 0x00,
  0x78, 0x2b, 0x00, 0x00, 0x00, 0x00, 0x00, 0x00, 0x00, 0x00, 0x00, 0x00,
  0x00, 0x00, 0x00, 0x00, 0x00, 0x00, 0x00, 0x00, 0x00, 0x00, 0x00, 0x00,
  0x48, 0x41, 0x00, 0x00, 0x00, 0x00, 0x00, 0x00, 0x08, 0x27, 0x00, 0x00,
  0x00, 0x00, 0x00, 0x00, 0x00, 0x00, 0x00, 0x00, 0x00, 0x00, 0x00, 0x00,
  0x28, 0x00, 0x00, 0x00, 0x00, 0x00, 0x00, 0x00, 0x00, 0x00, 0x00, 0x00,
  0x00, 0x00, 0x00, 0x00, 0x00, 0x00, 0x00, 0x00, 0x00, 0x00, 0x00, 0x00,
  0x00, 0x00, 0x00, 0x00, 0x00, 0x00, 0x00, 0x00, 0x00, 0x00, 0x00, 0x00,
  0x00, 0x00, 0x00, 0x00, 0x00, 0x00, 0x00, 0x00, 0x00, 0x00, 0x00, 0x00,
  0x00, 0x00, 0x00, 0x00, 0x00, 0x00, 0x00, 0x00, 0x00, 0x00, 0x00, 0x00,
  0x00, 0x00, 0x00, 0x00, 0x00, 0x00, 0x00, 0x00, 0x00, 0x00, 0x00, 0x00,
  0x00, 0x00, 0x00, 0x00, 0x00, 0x00, 0x00, 0x00, 0x00, 0x00, 0x00, 0x00,
  0x00, 0x00, 0x00, 0x00, 0x00, 0x00, 0x00, 0x00, 0x00, 0x00, 0x00, 0x00,
  0x00, 0x00, 0x00, 0x00, 0x00, 0x00, 0x00, 0x00, 0x00, 0x00, 0x00, 0x00,
  0x00, 0x00, 0x00, 0x00, 0x00, 0x00, 0x00, 0x00, 0x00, 0x00, 0x00, 0x00,
  0x00, 0x00, 0x00, 0x00, 0x00, 0x00, 0x00, 0x00, 0x00, 0x00, 0x00, 0x00,
  0x00, 0x00, 0x00, 0x00, 0x00, 0x00, 0x00, 0x00, 0x00, 0x00, 0x00, 0x00,
  0x00, 0x00, 0x00, 0x00, 0x00, 0x00, 0x00, 0x00, 0x00, 0x00, 0x00, 0x00,
  0x00, 0x00, 0x00, 0x00, 0x00, 0x00, 0x00, 0x00, 0x00, 0x00, 0x00, 0x00,
  0x00, 0x00, 0x00, 0x00, 0x00, 0x00, 0x00, 0x00, 0x00, 0x00, 0x00, 0x00,
  0x00, 0x00, 0x00, 0x00, 0x00, 0x00, 0x00, 0x00, 0x00, 0x00, 0x00, 0x00,
  0x00, 0x00, 0x00, 0x00, 0x00, 0x00, 0x00, 0x00, 0x00, 0x00, 0x00, 0x00,
  0x00, 0x00, 0x00, 0x00, 0x00, 0x00, 0x00, 0x00, 0x00, 0x00, 0x00, 0x00,
  0x20, 0x00, 0x00, 0x00, 0x00, 0x00, 0x00, 0x00, 0x02, 0x00, 0x00, 0x00,
  0x00, 0x00, 0x00, 0x00, 0x90, 0x2c, 0x00, 0x00, 0x00, 0x00, 0x00, 0x00,
  0x00, 0x00, 0x00, 0x00, 0x00, 0x00, 0x00, 0x00, 0x00, 0x00, 0x00, 0x00,
  0x00, 0x00, 0x00, 0x00, 0x70, 0x41, 0x00, 0x00, 0x00, 0x00, 0x00, 0x00,
  0x10, 0x28, 0x00, 0x00, 0x00, 0x00, 0x00, 0x00, 0x00, 0x00, 0x00, 0x00,
  0x00, 0x00, 0x00, 0x00, 0x28, 0x00, 0x00, 0x00, 0x00, 0x00, 0x00, 0x00,
  0x00, 0x00, 0x00, 0x00, 0x00, 0x00, 0x00, 0x00, 0x00, 0x00, 0x00, 0x00,
  0x00, 0x00, 0x00, 0x00, 0x00, 0x00, 0x00, 0x00, 0x00, 0x00, 0x00, 0x00,
  0x00, 0x00, 0x00, 0x00, 0x00, 0x00, 0x00, 0x00, 0x00, 0x00, 0x00, 0x00,
  0x00, 0x00, 0x00, 0x00, 0x00, 0x00, 0x00, 0x00, 0x00, 0x00, 0x00, 0x00,
  0x00, 0x00, 0x00, 0x00, 0x00, 0x00, 0x00, 0x00, 0x00, 0x00, 0x00, 0x00,
  0x00, 0x00, 0x00, 0x00, 0x00, 0x00, 0x00, 0x00, 0x00, 0x00, 0x00, 0x00,
  0x00, 0x00, 0x00, 0x00, 0x00, 0x00, 0x00, 0x00, 0x00, 0x00, 0x00, 0x00,
  0x00, 0x00, 0x00, 0x00, 0x00, 0x00, 0x00, 0x00, 0x00, 0x00, 0x00, 0x00,
  0x00, 0x00, 0x00, 0x00, 0x00, 0x00, 0x00, 0x00, 0x00, 0x00, 0x00, 0x00,
  0x00, 0x00, 0x00, 0x00, 0x00, 0x00, 0x00, 0x00, 0x00, 0x00, 0x00, 0x00,
  0x00, 0x00, 0x00, 0x00, 0x00, 0x00, 0x00, 0x00, 0x00, 0x00, 0x00, 0x00,
  0x00, 0x00, 0x00, 0x00, 0x00, 0x00, 0x00, 0x00, 0x00, 0x00, 0x00, 0x00,
  0x00, 0x00, 0x00, 0x00, 0x00, 0x00, 0x00, 0x00, 0x00, 0x00, 0x00, 0x00,
  0x00, 0x00, 0x00, 0x00, 0x00, 0x00, 0x00, 0x00, 0x00, 0x00, 0x00, 0x00,
  0x00, 0x00, 0x00, 0x00, 0x00, 0x00, 0x00, 0x00, 0x00, 0x00, 0x00, 0x00,
  0x00, 0x00, 0x00, 0x00, 0x00, 0x00, 0x00, 0x00, 0x00, 0x00, 0x00, 0x00,
  0x00, 0x00, 0x00, 0x00, 0x00, 0x00, 0x00, 0x00, 0x00, 0x00, 0x00, 0x00,
  0x00, 0x00, 0x00, 0x00, 0x20, 0x00, 0x00, 0x00, 0x00, 0x00, 0x00, 0x00,
  0x02, 0x00, 0x00, 0x00, 0x00, 0x00, 0x00, 0x00, 0xa8, 0x2d, 0x00, 0x00,
  0x00, 0x00, 0x00, 0x00, 0x00, 0x00, 0x00, 0x00, 0x00, 0x00, 0x00, 0x00,
  0x00, 0x00, 0x00, 0x00, 0x00, 0x00, 0x00, 0x00, 0x00, 0x00, 0x00, 0x00,
  0x00, 0x00, 0x00, 0x00, 0x20, 0x00, 0x00, 0x00, 0x00, 0x00, 0x00, 0x00,
  0x02, 0x00, 0x00, 0x00, 0x00, 0x00, 0x00, 0x00, 0xe0, 0x2d, 0x00, 0x00,
  0x00, 0x00, 0x00, 0x00, 0x00, 0x00, 0x00, 0x00, 0x00, 0x00, 0x00, 0x00,
  0x00, 0x00, 0x00, 0x00, 0x00, 0x00, 0x00, 0x00, 0x00, 0x00, 0x00, 0x00,
  0x00, 0x00, 0x00, 0x00, 0xf8, 0x2e, 0x00, 0x00, 0x00, 0x00, 0x00, 0x00,
  0x00, 0x00, 0x00, 0x00, 0x00, 0x00, 0x00, 0x00, 0x08, 0x00, 0x00, 0x00,
  0x00, 0x00, 0x00, 0x00, 0x00, 0x00, 0x00, 0x00, 0x00, 0x00, 0x00, 0x00,
  0x00, 0x00, 0x00, 0x00, 0x00, 0x00, 0x00, 0x00, 0x00, 0x00, 0x00, 0x00,
  0x00, 0x00, 0x00, 0x00, 0x00, 0x00, 0x00, 0x00, 0x00, 0x00, 0x00, 0x00,
  0x00, 0x00, 0x00, 0x00, 0x00, 0x00, 0x00, 0x00, 0x00, 0x00, 0x00, 0x00,
  0x00, 0x00, 0x00, 0x00, 0x00, 0x00, 0x00, 0x00, 0x00, 0x00, 0x00, 0x00,
  0x00, 0x00, 0x00, 0x00, 0x00, 0x00, 0x00, 0x00, 0x00, 0x00, 0x00, 0x00,
  0x00, 0x00, 0x00, 0x00, 0x00, 0x00, 0x00, 0x00, 0x00, 0x00, 0x00, 0x00,
  0x00, 0x00, 0x00, 0x00, 0x00, 0x00, 0x00, 0x00, 0x00, 0x00, 0x00, 0x00,
  0x00, 0x00, 0x00, 0x00, 0x00, 0x00, 0x00, 0x00, 0x00, 0x00, 0x00, 0x00,
  0x00, 0x00, 0x00, 0x00, 0x00, 0x00, 0x00, 0x00, 0x00, 0x00, 0x00, 0x00,
  0x00, 0x00, 0x00, 0x00, 0x00, 0x00, 0x00, 0x00, 0x00, 0x00, 0x00, 0x00,
  0x00, 0x00, 0x00, 0x00, 0x00, 0x00, 0x00, 0x00, 0x00, 0x00, 0x00, 0x00,
  0x00, 0x00, 0x00, 0x00, 0x00, 0x00, 0x00, 0x00, 0x00, 0x00, 0x00, 0x00,
  0x00, 0x00, 0x00, 0x00, 0x00, 0x00, 0x00, 0x00, 0x00, 0x00, 0x00, 0x00,
  0x00, 0x00, 0x00, 0x00, 0x00, 0x00, 0x00, 0x00, 0x00, 0x00, 0x00, 0x00,
  0x00, 0x00, 0x00, 0x00, 0x00, 0x00, 0x00, 0x00, 0x00, 0x00, 0x00, 0x00,
  0x00, 0x00, 0x00, 0x00, 0x00, 0x00, 0x00, 0x00, 0x00, 0x00, 0x00, 0x00,
  0x00, 0x00, 0x00, 0x00, 0x00, 0x00, 0x00, 0x00, 0x20, 0x00, 0x00, 0x00,
  0x00, 0x00, 0x00, 0x00, 0x02, 0x00, 0x00, 0x00, 0x00, 0x00, 0x00, 0x00,
  0xf8, 0x2e, 0x00, 0x00, 0x00, 0x00, 0x00, 0x00, 0x00, 0x00, 0x00, 0x00,
  0x00, 0x00, 0x00, 0x00, 0x60, 0x2f, 0x00, 0x00, 0x00, 0x00, 0x00, 0x00,
  0x00, 0x00, 0x00, 0x00, 0x00, 0x00, 0x00, 0x00, 0x00, 0x00, 0x00, 0x00,
  0x00, 0x00, 0x00, 0x00, 0x20, 0x00, 0x00, 0x00, 0x00, 0x00, 0x00, 0x00,
  0x02, 0x01, 0x00, 0x00, 0x00, 0x00, 0x00, 0x00, 0x00, 0x00, 0x00, 0x00,
  0x00, 0x00, 0x00, 0x00, 0x00, 0x00, 0x00, 0x00, 0x00, 0x00, 0x00, 0x00,
  0x00, 0x00, 0x00, 0x00, 0x00, 0x00, 0x00, 0x00, 0x00, 0x00, 0x00, 0x00,
  0x00, 0x00, 0x00, 0x00, 0x00, 0x00, 0x00, 0x00, 0x00, 0x00, 0x00, 0x00,
  0x00, 0x00, 0x00, 0x00, 0x00, 0x00, 0x00, 0x00, 0x00, 0x00, 0x00, 0x00,
  0x00, 0x00, 0x00, 0x00, 0x00, 0x00, 0x00, 0x00, 0x00, 0x00, 0x00, 0x00,
  0x00, 0x00, 0x00, 0x00, 0x00, 0x00, 0x00, 0x00, 0x00, 0x00, 0x00, 0x00,
  0x00, 0x00, 0x00, 0x00, 0x00, 0x00, 0x00, 0x00, 0x00, 0x00, 0x00, 0x00,
  0x00, 0x00, 0x00, 0x00, 0x00, 0x00, 0x00, 0x00, 0x00, 0x00, 0x00, 0x00,
  0x00, 0x00, 0x00, 0x00, 0x00, 0x00, 0x00, 0x00, 0x00, 0x00, 0x00, 0x00,
  0x00, 0x00, 0x00, 0x00, 0x00, 0x00, 0x00, 0x00, 0x00, 0x00, 0x00, 0x00,
  0x00, 0x00, 0x00, 0x00, 0x00, 0x00, 0x00, 0x00, 0x00, 0x00, 0x00, 0x00,
  0x00, 0x00, 0x00, 0x00, 0x00, 0x00, 0x00, 0x00, 0x00, 0x00, 0x00, 0x00,
  0x00, 0x00, 0x00, 0x00, 0x00, 0x00, 0x00, 0x00, 0x00, 0x00, 0x00, 0x00,
  0x00, 0x00, 0x00, 0x00, 0x00, 0x00, 0x00, 0x00, 0x00, 0x00, 0x00, 0x00,
  0x00, 0x00, 0x00, 0x00, 0x00, 0x00, 0x00, 0x00, 0x00, 0x00, 0x00, 0x00,
  0x00, 0x00, 0x00, 0x00, 0x00, 0x00, 0x00, 0x00, 0x00, 0x00, 0x00, 0x00,
  0x00, 0x00, 0x00, 0x00, 0x00, 0x00, 0x00, 0x00, 0x00, 0x00, 0x00, 0x00,
  0x00, 0x00, 0x00, 0x00, 0x00, 0x00, 0x00, 0x00, 0x00, 0x00, 0x00, 0x00,
  0x00, 0x00, 0x00, 0x00, 0x00, 0x00, 0x00, 0x00, 0x00, 0x00, 0x00, 0x00,
  0x00, 0x00, 0x00, 0x00, 0x00, 0x00, 0x00, 0x00, 0x00, 0x00, 0x00, 0x00,
  0x00, 0x00, 0x00, 0x00, 0x00, 0x00, 0x00, 0x00, 0x00, 0x00, 0x00, 0x00,
  0x00, 0x00, 0x00, 0x00, 0x00, 0x00, 0x00, 0x00, 0x20, 0x00, 0x00, 0x00,
  0x00, 0x00, 0x00, 0x00, 0x02, 0x00, 0x00, 0x00, 0x00, 0x00, 0x00, 0x00,
  0xb0, 0x31, 0x00, 0x00, 0x00, 0x00, 0x00, 0x00, 0x00, 0x00, 0x00, 0x00,
  0x00, 0x00, 0x00, 0x00, 0x00, 0x00, 0x00, 0x00, 0x00, 0x00, 0x00, 0x00,
  0x00, 0x00, 0x00, 0x00, 0x00, 0x00, 0x00, 0x00, 0x00, 0x00, 0x00, 0x00,
  0x00, 0x00, 0x00, 0x00, 0x00, 0x00, 0x00, 0x00, 0x00, 0x00, 0x00, 0x00,
  0x00, 0x00, 0x00, 0x00, 0x00, 0x00, 0x00, 0x00, 0x00, 0x00, 0x00, 0x00,
  0x00, 0x00, 0x00, 0x00, 0x00, 0x00, 0x00, 0x00, 0x00, 0x00, 0x00, 0x00,
  0x00, 0x00, 0x00, 0x00, 0x00, 0x00, 0x00, 0x00, 0x00, 0x00, 0x00, 0x00,
  0x00, 0x00, 0x00, 0x00, 0x00, 0x00, 0x00, 0x00, 0x00, 0x00, 0x00, 0x00,
  0x00, 0x00, 0x00, 0x00, 0x00, 0x00, 0x00, 0x00, 0x00, 0x00, 0x00, 0x00,
  0x00, 0x00, 0x00, 0x00, 0x00, 0x00, 0x00, 0x00, 0x00, 0x00, 0x00, 0x00,
  0x00, 0x00, 0x00, 0x00, 0x00, 0x00, 0x00, 0x00, 0x00, 0x00, 0x00, 0x00,
  0x00, 0x00, 0x00, 0x00, 0x00, 0x00, 0x00, 0x00, 0x00, 0x00, 0x00, 0x00,
  0x00, 0x00, 0x00, 0x00, 0x00, 0x00, 0x00, 0x00, 0x00, 0x00, 0x00, 0x00,
  0x00, 0x00, 0x00, 0x00, 0x00, 0x00, 0x00, 0x00, 0x00, 0x00, 0x00, 0x00,
  0x00, 0x00, 0x00, 0x00, 0x00, 0x00, 0x00, 0x00, 0x00, 0x00, 0x00, 0x00,
  0x00, 0x00, 0x00, 0x00, 0x00, 0x00, 0x00, 0x00, 0x00, 0x00, 0x00, 0x00,
  0x00, 0x00, 0x00, 0x00, 0x00, 0x00, 0x00, 0x00, 0x00, 0x00, 0x00, 0x00,
  0x00, 0x00, 0x00, 0x00, 0x00, 0x00, 0x00, 0x00, 0x00, 0x00, 0x00, 0x00,
  0x00, 0x00, 0x00, 0x00, 0x00, 0x00, 0x00, 0x00, 0x00, 0x00, 0x00, 0x00,
  0x00, 0x00, 0x00, 0x00, 0x00, 0x00, 0x00, 0x00, 0x00, 0x00, 0x00, 0x00,
  0x00, 0x00, 0x00, 0x00, 0x00, 0x00, 0x00, 0x00, 0x00, 0x00, 0x00, 0x00,
  0x00, 0x00, 0x00, 0x00, 0x00, 0x00, 0x00, 0x00, 0x00, 0x00, 0x00, 0x00,
  0x00, 0x00, 0x00, 0x00, 0x00, 0x00, 0x00, 0x00, 0x00, 0x00, 0x00, 0x00,
  0x00, 0x00, 0x00, 0x00, 0x00, 0x00, 0x00, 0x00, 0x00, 0x00, 0x00, 0x00,
  0x00, 0x00, 0x00, 0x00, 0x00, 0x00, 0x00, 0x00, 0x00, 0x00, 0x00, 0x00,
  0x00, 0x00, 0x00, 0x00, 0x00, 0x00, 0x00, 0x00, 0x00, 0x00, 0x00, 0x00,
  0x00, 0x00, 0x00, 0x00, 0x00, 0x00, 0x00, 0x00, 0x00, 0x00, 0x00, 0x00,
  0x00, 0x00, 0x00, 0x00, 0x00, 0x00, 0x00, 0x00, 0x00, 0x00, 0x00, 0x00,
  0x00, 0x00, 0x00, 0x00, 0x00, 0x00, 0x00, 0x00, 0x00, 0x00, 0x00, 0x00,
  0x00, 0x00, 0x00, 0x00, 0x00, 0x00, 0x00, 0x00, 0x00, 0x00, 0x00, 0x00,
  0x00, 0x00, 0x00, 0x00, 0x00, 0x00, 0x00, 0x00, 0x00, 0x00, 0x00, 0x00,
  0x00, 0x00, 0x00, 0x00, 0x00, 0x00, 0x00, 0x00, 0x00, 0x00, 0x00, 0x00,
  0x20, 0x00, 0x00, 0x00, 0x00, 0x00, 0x00, 0x00, 0x02, 0x00, 0x00, 0x00,
  0x00, 0x00, 0x00, 0x00, 0xd8, 0x31, 0x00, 0x00, 0x00, 0x00, 0x00, 0x00,
  0x00, 0x00, 0x00, 0x00, 0x00, 0x00, 0x00, 0x00, 0x00, 0x00, 0x00, 0x00,
  0x00, 0x00, 0x00, 0x00, 0x58, 0x3c, 0x00, 0x00, 0x00, 0x00, 0x00, 0x00,
  0xc8, 0x30, 0x00, 0x00, 0x00, 0x00, 0x00, 0x00, 0x00, 0x00, 0x00, 0x00,
  0x00, 0x00, 0x00, 0x00, 0x08, 0x00, 0x00, 0x00, 0x00, 0x00, 0x00, 0x00,
  0x00, 0x00, 0x00, 0x00, 0x00, 0x00, 0x00, 0x00, 0x00, 0x00, 0x00, 0x00,
  0x00, 0x00, 0x00, 0x00, 0x00, 0x00, 0x00, 0x00, 0x00, 0x00, 0x00, 0x00,
  0x00, 0x00, 0x00, 0x00, 0x00, 0x00, 0x00, 0x00, 0x00, 0x00, 0x00, 0x00,
  0x00, 0x00, 0x00, 0x00, 0x00, 0x00, 0x00, 0x00, 0x00, 0x00, 0x00, 0x00,
  0x00, 0x00, 0x00, 0x00, 0x00, 0x00, 0x00, 0x00, 0x00, 0x00, 0x00, 0x00,
  0x00, 0x00, 0x00, 0x00, 0x00, 0x00, 0x00, 0x00, 0x00, 0x00, 0x00, 0x00,
  0x00, 0x00, 0x00, 0x00, 0x00, 0x00, 0x00, 0x00, 0x00, 0x00, 0x00, 0x00,
  0x00, 0x00, 0x00, 0x00, 0x00, 0x00, 0x00, 0x00, 0x00, 0x00, 0x00, 0x00,
  0x00, 0x00, 0x00, 0x00, 0x00, 0x00, 0x00, 0x00, 0x00, 0x00, 0x00, 0x00,
  0x00, 0x00, 0x00, 0x00, 0x00, 0x00, 0x00, 0x00, 0x00, 0x00, 0x00, 0x00,
  0x00, 0x00, 0x00, 0x00, 0x00, 0x00, 0x00, 0x00, 0x00, 0x00, 0x00, 0x00,
  0x00, 0x00, 0x00, 0x00, 0x00, 0x00, 0x00, 0x00, 0x00, 0x00, 0x00, 0x00,
  0x00, 0x00, 0x00, 0x00, 0x00, 0x00, 0x00, 0x00, 0x00, 0x00, 0x00, 0x00,
  0x00, 0x00, 0x00, 0x00, 0x00, 0x00, 0x00, 0x00, 0x00, 0x00, 0x00, 0x00,
  0x00, 0x00, 0x00, 0x00, 0x00, 0x00, 0x00, 0x00, 0x00, 0x00, 0x00, 0x00,
  0x00, 0x00, 0x00, 0x00, 0x00, 0x00, 0x00, 0x00, 0x00, 0x00, 0x00, 0x00,
  0x00, 0x00, 0x00, 0x00, 0x00, 0x00, 0x00, 0x00, 0x00, 0x00, 0x00, 0x00,
  0x00, 0x00, 0x00, 0x00, 0x20, 0x00, 0x00, 0x00, 0x00, 0x00, 0x00, 0x00,
  0x02, 0x00, 0x00, 0x00, 0x00, 0x00, 0x00, 0x00, 0xe8, 0x32, 0x00, 0x00,
  0x00, 0x00, 0x00, 0x00, 0x00, 0x00, 0x00, 0x00, 0x00, 0x00, 0x00, 0x00,
  0x00, 0x00, 0x00, 0x00, 0x00, 0x00, 0x00, 0x00, 0xb8, 0x37, 0x00, 0x00,
  0x00, 0x00, 0x00, 0x00, 0xc8, 0x30, 0x00, 0x00, 0x00, 0x00, 0x00, 0x00,
  0x00, 0x00, 0x00, 0x00, 0x00, 0x00, 0x00, 0x00, 0x08, 0x00, 0x00, 0x00,
  0x00, 0x00, 0x00, 0x00, 0x00, 0x00, 0x00, 0x00, 0x00, 0x00, 0x00, 0x00,
  0x00, 0x00, 0x00, 0x00, 0x00, 0x00, 0x00, 0x00, 0x00, 0x00, 0x00, 0x00,
  0x00, 0x00, 0x00, 0x00, 0x00, 0x00, 0x00, 0x00, 0x00, 0x00, 0x00, 0x00,
  0x00, 0x00, 0x00, 0x00, 0x00, 0x00, 0x00, 0x00, 0x00, 0x00, 0x00, 0x00,
  0x00, 0x00, 0x00, 0x00, 0x00, 0x00, 0x00, 0x00, 0x00, 0x00, 0x00, 0x00,
  0x00, 0x00, 0x00, 0x00, 0x00, 0x00, 0x00, 0x00, 0x00, 0x00, 0x00, 0x00,
  0x00, 0x00, 0x00, 0x00, 0x00, 0x00, 0x00, 0x00, 0x00, 0x00, 0x00, 0x00,
  0x00, 0x00, 0x00, 0x00, 0x00, 0x00, 0x00, 0x00, 0x00, 0x00, 0x00, 0x00,
  0x00, 0x00, 0x00, 0x00, 0x00, 0x00, 0x00, 0x00, 0x00, 0x00, 0x00, 0x00,
  0x00, 0x00, 0x00, 0x00, 0x00, 0x00, 0x00, 0x00, 0x00, 0x00, 0x00, 0x00,
  0x00, 0x00, 0x00, 0x00, 0x00, 0x00, 0x00, 0x00, 0x00, 0x00, 0x00, 0x00,
  0x00, 0x00, 0x00, 0x00, 0x00, 0x00, 0x00, 0x00, 0x00, 0x00, 0x00, 0x00,
  0x00, 0x00, 0x00, 0x00, 0x00, 0x00, 0x00, 0x00, 0x00, 0x00, 0x00, 0x00,
  0x00, 0x00, 0x00, 0x00, 0x00, 0x00, 0x00, 0x00, 0x00, 0x00, 0x00, 0x00,
  0x00, 0x00, 0x00, 0x00, 0x00, 0x00, 0x00, 0x00, 0x00, 0x00, 0x00, 0x00,
  0x00, 0x00, 0x00, 0x00, 0x00, 0x00, 0x00, 0x00, 0x00, 0x00, 0x00, 0x00,
  0x00, 0x00, 0x00, 0x00, 0x00, 0x00, 0x00, 0x00, 0x00, 0x00, 0x00, 0x00,
  0x00, 0x00, 0x00, 0x00, 0x00, 0x00, 0x00, 0x00, 0x20, 0x00, 0x00, 0x00,
  0x00, 0x00, 0x00, 0x00, 0x02, 0x00, 0x00, 0x00, 0x00, 0x00, 0x00, 0x00,
  0x00, 0x34, 0x00, 0x00, 0x00, 0x00, 0x00, 0x00, 0x00, 0x00, 0x00, 0x00,
  0x00, 0x00, 0x00, 0x00, 0x00, 0x00, 0x00, 0x00, 0x00, 0x00, 0x00, 0x00,
  0x00, 0x00, 0x00, 0x00, 0x00, 0x00, 0x00, 0x00, 0x20, 0x35, 0x00, 0x00,
  0x00, 0x00, 0x00, 0x00, 0x00, 0x00, 0x00, 0x00, 0x00, 0x00, 0x00, 0x00,
  0x08, 0x00, 0x00, 0x00, 0x00, 0x00, 0x00, 0x00, 0x00, 0x00, 0x00, 0x00,
  0x00, 0x00, 0x00, 0x00, 0x00, 0x00, 0x00, 0x00, 0x00, 0x00, 0x00, 0x00,
  0x00, 0x00, 0x00, 0x00, 0x00, 0x00, 0x00, 0x00, 0x00, 0x00, 0x00, 0x00,
  0x00, 0x00, 0x00, 0x00, 0x00, 0x00, 0x00, 0x00, 0x00, 0x00, 0x00, 0x00,
  0x00, 0x00, 0x00, 0x00, 0x00, 0x00, 0x00, 0x00, 0x00, 0x00, 0x00, 0x00,
  0x00, 0x00, 0x00, 0x00, 0x00, 0x00, 0x00, 0x00, 0x00, 0x00, 0x00, 0x00,
  0x00, 0x00, 0x00, 0x00, 0x00, 0x00, 0x00, 0x00, 0x00, 0x00, 0x00, 0x00,
  0x00, 0x00, 0x00, 0x00, 0x00, 0x00, 0x00, 0x00, 0x00, 0x00, 0x00, 0x00,
  0x00, 0x00, 0x00, 0x00, 0x00, 0x00, 0x00, 0x00, 0x00, 0x00, 0x00, 0x00,
  0x00, 0x00, 0x00, 0x00, 0x00, 0x00, 0x00, 0x00, 0x00, 0x00, 0x00, 0x00,
  0x00, 0x00, 0x00, 0x00, 0x00, 0x00, 0x00, 0x00, 0x00, 0x00, 0x00, 0x00,
  0x00, 0x00, 0x00, 0x00, 0x00, 0x00, 0x00, 0x00, 0x00, 0x00, 0x00, 0x00,
  0x00, 0x00, 0x00, 0x00, 0x00, 0x00, 0x00, 0x00, 0x00, 0x00, 0x00, 0x00,
  0x00, 0x00, 0x00, 0x00, 0x00, 0x00, 0x00, 0x00, 0x00, 0x00, 0x00, 0x00,
  0x00, 0x00, 0x00, 0x00, 0x00, 0x00, 0x00, 0x00, 0x00, 0x00, 0x00, 0x00,
  0x00, 0x00, 0x00, 0x00, 0x00, 0x00, 0x00, 0x00, 0x00, 0x00, 0x00, 0x00,
  0x00, 0x00, 0x00, 0x00, 0x00, 0x00, 0x00, 0x00, 0x00, 0x00, 0x00, 0x00,
  0x00, 0x00, 0x00, 0x00, 0x00, 0x00, 0x00, 0x00, 0x00, 0x00, 0x00, 0x00,
  0x20, 0x00, 0x00, 0x00, 0x00, 0x00, 0x00, 0x00, 0x02, 0x00, 0x00, 0x00,
  0x00, 0x00, 0x00, 0x00, 0x20, 0x35, 0x00, 0x00, 0x00, 0x00, 0x00, 0x00,
  0x00, 0x00, 0x00, 0x00, 0x00, 0x00, 0x00, 0x00, 0xa0, 0x35, 0x00, 0x00,
  0x00, 0x00, 0x00, 0x00, 0x00, 0x00, 0x00, 0x00, 0x00, 0x00, 0x00, 0x00,
  0x00, 0x00, 0x00, 0x00, 0x00, 0x00, 0x00, 0x00, 0x00, 0x00, 0x00, 0x00,
  0x00, 0x00, 0x00, 0x00, 0x00, 0x00, 0x00, 0x00, 0x00, 0x00, 0x00, 0x00,
  0x00, 0x00, 0x00, 0x00, 0x00, 0x00, 0x00, 0x00, 0x20, 0x00, 0x00, 0x00,
  0x00, 0x00, 0x00, 0x00, 0x02, 0x01, 0x00, 0x00, 0x00, 0x00, 0x00, 0x00,
  0x00, 0x00, 0x00, 0x00, 0x00, 0x00, 0x00, 0x00, 0x00, 0x00, 0x00, 0x00,
  0x00, 0x00, 0x00, 0x00, 0x00, 0x00, 0x00, 0x00, 0x00, 0x00, 0x00, 0x00,
  0x00, 0x00, 0x00, 0x00, 0x00, 0x00, 0x00, 0x00, 0x00, 0x00, 0x00, 0x00,
  0x00, 0x00, 0x00, 0x00, 0x00, 0x00, 0x00, 0x00, 0x00, 0x00, 0x00, 0x00,
  0x00, 0x00, 0x00, 0x00, 0x00, 0x00, 0x00, 0x00, 0x00, 0x00, 0x00, 0x00,
  0x00, 0x00, 0x00, 0x00, 0x00, 0x00, 0x00, 0x00, 0x00, 0x00, 0x00, 0x00,
  0x00, 0x00, 0x00, 0x00, 0x00, 0x00, 0x00, 0x00, 0x00, 0x00, 0x00, 0x00,
  0x00, 0x00, 0x00, 0x00, 0x00, 0x00, 0x00, 0x00, 0x00, 0x00, 0x00, 0x00,
  0x00, 0x00, 0x00, 0x00, 0x00, 0x00, 0x00, 0x00, 0x00, 0x00, 0x00, 0x00,
  0x00, 0x00, 0x00, 0x00, 0x00, 0x00, 0x00, 0x00, 0x00, 0x00, 0x00, 0x00,
  0x00, 0x00, 0x00, 0x00, 0x00, 0x00, 0x00, 0x00, 0x00, 0x00, 0x00, 0x00,
  0x00, 0x00, 0x00, 0x00, 0x00, 0x00, 0x00, 0x00, 0x00, 0x00, 0x00, 0x00,
  0x00, 0x00, 0x00, 0x00, 0x00, 0x00, 0x00, 0x00, 0x00, 0x00, 0x00, 0x00,
  0x00, 0x00, 0x00, 0x00, 0x00, 0x00, 0x00, 0x00, 0x00, 0x00, 0x00, 0x00,
  0x00, 0x00, 0x00, 0x00, 0x00, 0x00, 0x00, 0x00, 0x00, 0x00, 0x00, 0x00,
  0x00, 0x00, 0x00, 0x00, 0x00, 0x00, 0x00, 0x00, 0x00, 0x00, 0x00, 0x00,
  0x00, 0x00, 0x00, 0x00, 0x00, 0x00, 0x00, 0x00, 0x00, 0x00, 0x00, 0x00,
  0x00, 0x00, 0x00, 0x00, 0x00, 0x00, 0x00, 0x00, 0x00, 0x00, 0x00, 0x00,
  0x00, 0x00, 0x00, 0x00, 0x00, 0x00, 0x00, 0x00, 0x00, 0x00, 0x00, 0x00,
  0x00, 0x00, 0x00, 0x00, 0x00, 0x00, 0x00, 0x00, 0x00, 0x00, 0x00, 0x00,
  0x00, 0x00, 0x00, 0x00, 0x00, 0x00, 0x00, 0x00, 0x00, 0x00, 0x00, 0x00,
  0x00, 0x00, 0x00, 0x00, 0x00, 0x00, 0x00, 0x00, 0x00, 0x00, 0x00, 0x00,
  0x20, 0x00, 0x00, 0x00, 0x00, 0x00, 0x00, 0x00, 0x02, 0x00, 0x00, 0x00,
  0x00, 0x00, 0x00, 0x00, 0x88, 0x36, 0x00, 0x00, 0x00, 0x00, 0x00, 0x00,
  0x00, 0x00, 0x00, 0x00, 0x00, 0x00, 0x00, 0x00, 0x00, 0x00, 0x00, 0x00,
  0x00, 0x00, 0x00, 0x00, 0x00, 0x00, 0x00, 0x00, 0x00, 0x00, 0x00, 0x00,
  0xa0, 0x37, 0x00, 0x00, 0x00, 0x00, 0x00, 0x00, 0x00, 0x00, 0x00, 0x00,
  0x00, 0x00, 0x00, 0x00, 0x08, 0x00, 0x00, 0x00, 0x00, 0x00, 0x00, 0x00,
  0x00, 0x00, 0x00, 0x00, 0x00, 0x00, 0x00, 0x00, 0x00, 0x00, 0x00, 0x00,
  0x00, 0x00, 0x00, 0x00, 0x00, 0x00, 0x00, 0x00, 0x00, 0x00, 0x00, 0x00,
  0x00, 0x00, 0x00, 0x00, 0x00, 0x00, 0x00, 0x00, 0x00, 0x00, 0x00, 0x00,
  0x00, 0x00, 0x00, 0x00, 0x00, 0x00, 0x00, 0x00, 0x00, 0x00, 0x00, 0x00,
  0x00, 0x00, 0x00, 0x00, 0x00, 0x00, 0x00, 0x00, 0x00, 0x00, 0x00, 0x00,
  0x00, 0x00, 0x00, 0x00, 0x00, 0x00, 0x00, 0x00, 0x00, 0x00, 0x00, 0x00,
  0x00, 0x00, 0x00, 0x00, 0x00, 0x00, 0x00, 0x00, 0x00, 0x00, 0x00, 0x00,
  0x00, 0x00, 0x00, 0x00, 0x00, 0x00, 0x00, 0x00, 0x00, 0x00, 0x00, 0x00,
  0x00, 0x00, 0x00, 0x00, 0x00, 0x00, 0x00, 0x00, 0x00, 0x00, 0x00, 0x00,
  0x00, 0x00, 0x00, 0x00, 0x00, 0x00, 0x00, 0x00, 0x00, 0x00, 0x00, 0x00,
  0x00, 0x00, 0x00, 0x00, 0x00, 0x00, 0x00, 0x00, 0x00, 0x00, 0x00, 0x00,
  0x00, 0x00, 0x00, 0x00, 0x00, 0x00, 0x00, 0x00, 0x00, 0x00, 0x00, 0x00,
  0x00, 0x00, 0x00, 0x00, 0x00, 0x00, 0x00, 0x00, 0x00, 0x00, 0x00, 0x00,
  0x00, 0x00, 0x00, 0x00, 0x00, 0x00, 0x00, 0x00, 0x00, 0x00, 0x00, 0x00,
  0x00, 0x00, 0x00, 0x00, 0x00, 0x00, 0x00, 0x00, 0x00, 0x00, 0x00, 0x00,
  0x00, 0x00, 0x00, 0x00, 0x00, 0x00, 0x00, 0x00, 0x00, 0x00, 0x00, 0x00,
  0x00, 0x00, 0x00, 0x00, 0x00, 0x00, 0x00, 0x00, 0x00, 0x00, 0x00, 0x00,
  0x00, 0x00, 0x00, 0x00, 0x20, 0x00, 0x00, 0x00, 0x00, 0x00, 0x00, 0x00,
  0x02, 0x00, 0x00, 0x00, 0x00, 0x00, 0x00, 0x00, 0xa0, 0x37, 0x00, 0x00,
  0x00, 0x00, 0x00, 0x00, 0x00, 0x00, 0x00, 0x00, 0x00, 0x00, 0x00, 0x00,
  0x20, 0x39, 0x00, 0x00, 0x00, 0x00, 0x00, 0x00, 0x00, 0x00, 0x00, 0x00,
  0x00, 0x00, 0x00, 0x00, 0x60, 0x40, 0x00, 0x00, 0x00, 0x00, 0x00, 0x00,
  0x00, 0x00, 0x00, 0x00, 0x00, 0x00, 0x00, 0x00, 0x00, 0x00, 0x00, 0x00,
  0x00, 0x00, 0x00, 0x00, 0x70, 0x41, 0x00, 0x00, 0x00, 0x00, 0x00, 0x00,
  0x00, 0x3f, 0x00, 0x00, 0x00, 0x00, 0x00, 0x00, 0x00, 0x00, 0x00, 0x00,
  0x00, 0x00, 0x00, 0x00, 0x00, 0x00, 0x00, 0x00, 0x00, 0x00, 0x00, 0x00,
  0x00, 0x00, 0x00, 0x00, 0x00, 0x00, 0x00, 0x00, 0x00, 0x00, 0x00, 0x00,
  0x00, 0x00, 0x00, 0x00, 0x00, 0x00, 0x00, 0x00, 0x00, 0x00, 0x00, 0x00,
  0x00, 0x00, 0x00, 0x00, 0x00, 0x00, 0x00, 0x00, 0x00, 0x00, 0x00, 0x00,
  0x00, 0x00, 0x00, 0x00, 0x00, 0x00, 0x00, 0x00, 0x00, 0x00, 0x00, 0x00,
  0x00, 0x00, 0x00, 0x00, 0x00, 0x00, 0x00, 0x00, 0x00, 0x00, 0x00, 0x00,
  0x00, 0x00, 0x00, 0x00, 0x00, 0x00, 0x00, 0x00, 0x00, 0x00, 0x00, 0x00,
  0x00, 0x00, 0x00, 0x00, 0x00, 0x00, 0x00, 0x00, 0x00, 0x00, 0x00, 0x00,
  0x00, 0x00, 0x00, 0x00, 0x00, 0x00, 0x00, 0x00, 0x00, 0x00, 0x00, 0x00,
  0x00, 0x00, 0x00, 0x00, 0x00, 0x00, 0x00, 0x00, 0x00, 0x00, 0x00, 0x00,
  0x00, 0x00, 0x00, 0x00, 0x00, 0x00, 0x00, 0x00, 0x00, 0x00, 0x00, 0x00,
  0x00, 0x00, 0x00, 0x00, 0x00, 0x00, 0x00, 0x00, 0x00, 0x00, 0x00, 0x00,
  0x00, 0x00, 0x00, 0x00, 0x00, 0x00, 0x00, 0x00, 0x00, 0x00, 0x00, 0x00,
  0x00, 0x00, 0x00, 0x00, 0x00, 0x00, 0x00, 0x00, 0x00, 0x00, 0x00, 0x00,
  0x00, 0x00, 0x00, 0x00, 0x00, 0x00, 0x00, 0x00, 0x00, 0x00, 0x00, 0x00,
  0x00, 0x00, 0x00, 0x00, 0x00, 0x00, 0x00, 0x00, 0x00, 0x00, 0x00, 0x00,
  0x00, 0x00, 0x00, 0x00, 0x20, 0x00, 0x00, 0x00, 0x00, 0x00, 0x00, 0x00,
  0x02, 0x00, 0x00, 0x00, 0x00, 0x00, 0x00, 0x00, 0xc0, 0x38, 0x00, 0x00,
  0x00, 0x00, 0x00, 0x00, 0x00, 0x00, 0x00, 0x00, 0x00, 0x00, 0x00, 0x00,
  0x00, 0x00, 0x00, 0x00, 0x00, 0x00, 0x00, 0x00, 0x43, 0x00, 0x00, 0x00,
  0x00, 0x00, 0x00, 0x00, 0x02, 0x00, 0x00, 0x00, 0x00, 0x00, 0x00, 0x00,
  0x00, 0x00, 0x00, 0x00, 0x00, 0x00, 0x00, 0x00, 0x3b, 0x00, 0x00, 0x00,
  0x00, 0x00, 0x00, 0x00, 0x0f, 0x1f, 0x84, 0x00, 0x00, 0x00, 0x00, 0x00,
  0x00, 0x00, 0x00, 0x00, 0x00, 0x00, 0x00, 0x00, 0x00, 0x00, 0x00, 0x00,
  0x00, 0x00, 0x00, 0x00, 0x00, 0x00, 0x00, 0x00, 0x00, 0x00, 0x00, 0x00,
  0x00, 0x00, 0x00, 0x00, 0x00, 0x00, 0x00, 0x00, 0x00, 0x00, 0x00, 0x00,
  0x00, 0x00, 0x00, 0x00, 0x00, 0x00, 0x00, 0x00, 0x00, 0x00, 0x00, 0x00,
  0x00, 0x00, 0x00, 0x00, 0x00, 0x00, 0x00, 0x00, 0x00, 0x00, 0x00, 0x00,
  0x00, 0x00, 0x00, 0x00, 0x00, 0x00, 0x00, 0x00, 0x00, 0x00, 0x00, 0x00,
  0x00, 0x00, 0x00, 0x00, 0x00, 0x00, 0x00, 0x00, 0x00, 0x00, 0x00, 0x00,
  0x00, 0x00, 0x00, 0x00, 0x00, 0x00, 0x00, 0x00, 0x00, 0x00, 0x00, 0x00,
  0x00, 0x00, 0x00, 0x00, 0x00, 0x00, 0x00, 0x00, 0x00, 0x00, 0x00, 0x00,
  0x00, 0x00, 0x00, 0x00, 0x00, 0x00, 0x00, 0x00, 0x00, 0x00, 0x00, 0x00,
  0x00, 0x00, 0x00, 0x00, 0x00, 0x00, 0x00, 0x00, 0x00, 0x00, 0x00, 0x00,
  0x00, 0x00, 0x00, 0x00, 0x00, 0x00, 0x00, 0x00, 0x00, 0x00, 0x00, 0x00,
  0x00, 0x00, 0x00, 0x00, 0x00, 0x00, 0x00, 0x00, 0x00, 0x00, 0x00, 0x00,
  0x00, 0x00, 0x00, 0x00, 0x00, 0x00, 0x00, 0x00, 0x00, 0x00, 0x00, 0x00,
  0x00, 0x00, 0x00, 0x00, 0x00, 0x00, 0x00, 0x00, 0x00, 0x00, 0x00, 0x00,
  0x00, 0x00, 0x00, 0x00, 0x00, 0x00, 0x00, 0x00, 0x00, 0x00, 0x00, 0x00,
  0x00, 0x00, 0x00, 0x00, 0x00, 0x00, 0x00, 0x00, 0x00, 0x00, 0x00, 0x00,
  0x00, 0x00, 0x00, 0x00, 0x00, 0x00, 0x00, 0x00, 0x00, 0x00, 0x00, 0x00,
  0x00, 0x00, 0x00, 0x00, 0x00, 0x00, 0x00, 0x00, 0x00, 0x00, 0x00, 0x00,
  0x00, 0x00, 0x00, 0x00, 0x00, 0x00, 0x00, 0x00, 0x00, 0x00, 0x00, 0x00,
  0x20, 0x00, 0x00, 0x00, 0x00, 0x00, 0x00, 0x00, 0x02, 0x00, 0x00, 0x00,
  0x00, 0x00, 0x00, 0x00, 0x00, 0x3a, 0x00, 0x00, 0x00, 0x00, 0x00, 0x00,
  0x00, 0x00, 0x00, 0x00, 0x00, 0x00, 0x00, 0x00, 0x00, 0x00, 0x00, 0x00,
  0x00, 0x00, 0x00, 0x00, 0x00, 0x00, 0x00, 0x00, 0x00, 0x00, 0x00, 0x00,
  0x18, 0x3b, 0x00, 0x00, 0x00, 0x00, 0x00, 0x00, 0x00, 0x00, 0x00, 0x00,
  0x00, 0x00, 0x00, 0x00, 0x08, 0x00, 0x00, 0x00, 0x00, 0x00, 0x00, 0x00,
  0x00, 0x00, 0x00, 0x00, 0x00, 0x00, 0x00, 0x00, 0x00, 0x00, 0x00, 0x00,
  0x00, 0x00, 0x00, 0x00, 0x00, 0x00, 0x00, 0x00, 0x00, 0x00, 0x00, 0x00,
  0x00, 0x00, 0x00, 0x00, 0x00, 0x00, 0x00, 0x00, 0x00, 0x00, 0x00, 0x00,
  0x00, 0x00, 0x00, 0x00, 0x00, 0x00, 0x00, 0x00, 0x00, 0x00, 0x00, 0x00,
  0x00, 0x00, 0x00, 0x00, 0x00, 0x00, 0x00, 0x00, 0x00, 0x00, 0x00, 0x00,
  0x00, 0x00, 0x00, 0x00, 0x00, 0x00, 0x00, 0x00, 0x00, 0x00, 0x00, 0x00,
  0x00, 0x00, 0x00, 0x00, 0x00, 0x00, 0x00, 0x00, 0x00, 0x00, 0x00, 0x00,
  0x00, 0x00, 0x00, 0x00, 0x00, 0x00, 0x00, 0x00, 0x00, 0x00, 0x00, 0x00,
  0x00, 0x00, 0x00, 0x00, 0x00, 0x00, 0x00, 0x00, 0x00, 0x00, 0x00, 0x00,
  0x00, 0x00, 0x00, 0x00, 0x00, 0x00, 0x00, 0x00, 0x00, 0x00, 0x00, 0x00,
  0x00, 0x00, 0x00, 0x00, 0x00, 0x00, 0x00, 0x00, 0x00, 0x00, 0x00, 0x00,
  0x00, 0x00, 0x00, 0x00, 0x00, 0x00, 0x00, 0x00, 0x00, 0x00, 0x00, 0x00,
  0x00, 0x00, 0x00, 0x00, 0x00, 0x00, 0x00, 0x00, 0x00, 0x00, 0x00, 0x00,
  0x00, 0x00, 0x00, 0x00, 0x00, 0x00, 0x00, 0x00, 0x00, 0x00, 0x00, 0x00,
  0x00, 0x00, 0x00, 0x00, 0x00, 0x00, 0x00, 0x00, 0x00, 0x00, 0x00, 0x00,
  0x00, 0x00, 0x00, 0x00, 0x00, 0x00, 0x00, 0x00, 0x00, 0x00, 0x00, 0x00,
  0x00, 0x00, 0x00, 0x00, 0x00, 0x00, 0x00, 0x00, 0x00, 0x00, 0x00, 0x00,
  0x00, 0x00, 0x00, 0x00, 0x20, 0x00, 0x00, 0x00, 0x00, 0x00, 0x00, 0x00,
  0x02, 0x00, 0x00, 0x00, 0x00, 0x00, 0x00, 0x00, 0x18, 0x3b, 0x00, 0x00,
  0x00, 0x00, 0x00, 0x00, 0x00, 0x00, 0x00, 0x00, 0x00, 0x00, 0x00, 0x00,
  0x50, 0x20, 0x00, 0x00, 0x00, 0x00, 0x00, 0x00, 0x00, 0x00, 0x00, 0x00,
  0x00, 0x00, 0x00, 0x00, 0x00, 0x00, 0x00, 0x00, 0x00, 0x00, 0x00, 0x00,
  0x38, 0x3c, 0x00, 0x00, 0x00, 0x00, 0x00, 0x00, 0x00, 0x00, 0x00, 0x00,
  0x00, 0x00, 0x00, 0x00, 0x08, 0x00, 0x00, 0x00, 0x00, 0x00, 0x00, 0x00,
  0x00, 0x00, 0x00, 0x00, 0x00, 0x00, 0x00, 0x00, 0x00, 0x00, 0x00, 0x00,
  0x00, 0x00, 0x00, 0x00, 0x00, 0x00, 0x00, 0x00, 0x00, 0x00, 0x00, 0x00,
  0x00, 0x00, 0x00, 0x00, 0x00, 0x00, 0x00, 0x00, 0x00, 0x00, 0x00, 0x00,
  0x00, 0x00, 0x00, 0x00, 0x00, 0x00, 0x00, 0x00, 0x00, 0x00, 0x00, 0x00,
  0x00, 0x00, 0x00, 0x00, 0x00, 0x00, 0x00, 0x00, 0x00, 0x00, 0x00, 0x00,
  0x00, 0x00, 0x00, 0x00, 0x00, 0x00, 0x00, 0x00, 0x00, 0x00, 0x00, 0x00,
  0x00, 0x00, 0x00, 0x00, 0x00, 0x00, 0x00, 0x00, 0x00, 0x00, 0x00, 0x00,
  0x00, 0x00, 0x00, 0x00, 0x00, 0x00, 0x00, 0x00, 0x00, 0x00, 0x00, 0x00,
  0x00, 0x00, 0x00, 0x00, 0x00, 0x00, 0x00, 0x00, 0x00, 0x00, 0x00, 0x00,
  0x00, 0x00, 0x00, 0x00, 0x00, 0x00, 0x00, 0x00, 0x00, 0x00, 0x00, 0x00,
  0x00, 0x00, 0x00, 0x00, 0x00, 0x00, 0x00, 0x00, 0x00, 0x00, 0x00, 0x00,
  0x00, 0x00, 0x00, 0x00, 0x00, 0x00, 0x00, 0x00, 0x00, 0x00, 0x00, 0x00,
  0x00, 0x00, 0x00, 0x00, 0x00, 0x00, 0x00, 0x00, 0x00, 0x00, 0x00, 0x00,
  0x00, 0x00, 0x00, 0x00, 0x00, 0x00, 0x00, 0x00, 0x00, 0x00, 0x00, 0x00,
  0x00, 0x00, 0x00, 0x00, 0x00, 0x00, 0x00, 0x00, 0x00, 0x00, 0x00, 0x00,
  0x00, 0x00, 0x00, 0x00, 0x00, 0x00, 0x00, 0x00, 0x00, 0x00, 0x00, 0x00,
  0x00, 0x00, 0x00, 0x00, 0x00, 0x00, 0x00, 0x00, 0x00, 0x00, 0x00, 0x00,
  0x00, 0x00, 0x00, 0x00, 0x20, 0x00, 0x00, 0x00, 0x00, 0x00, 0x00, 0x00,
  0x02, 0x00, 0x00, 0x00, 0x00, 0x00, 0x00, 0x00, 0x38, 0x3c, 0x00, 0x00,
  0x00, 0x00, 0x00, 0x00, 0x00, 0x00, 0x00, 0x00, 0x00, 0x00, 0x00, 0x00,
  0xc0, 0x3c, 0x00, 0x00, 0x00, 0x00, 0x00, 0x00, 0x00, 0x00, 0x00, 0x00,
  0x00, 0x00, 0x00, 0x00, 0x00, 0x00, 0x00, 0x00, 0x00, 0x00, 0x00, 0x00,
  0x00, 0x00, 0x00, 0x00, 0x00, 0x00, 0x00, 0x00, 0x00, 0x00, 0x00, 0x00,
  0x00, 0x00, 0x00, 0x00, 0x00, 0x00, 0x00, 0x00, 0x00, 0x00, 0x00, 0x00,
  0x20, 0x00, 0x00, 0x00, 0x00, 0x00, 0x00, 0x00, 0x02, 0x01, 0x00, 0x00,
  0x00, 0x00, 0x00, 0x00, 0x00, 0x00, 0x00, 0x00, 0x00, 0x00, 0x00, 0x00,
  0x00, 0x00, 0x00, 0x00, 0x00, 0x00, 0x00, 0x00, 0x0f, 0x1f, 0x84, 0x00,
  0x00, 0x00, 0x00, 0x00, 0x00, 0x00, 0x00, 0x00, 0x00, 0x00, 0x00, 0x00,
  0x00, 0x00, 0x00, 0x00, 0x00, 0x00, 0x00, 0x00, 0x00, 0x00, 0x00, 0x00,
  0x00, 0x00, 0x00, 0x00, 0x00, 0x00, 0x00, 0x00, 0x00, 0x00, 0x00, 0x00,
  0x00, 0x00, 0x00, 0x00, 0x00, 0x00, 0x00, 0x00, 0x00, 0x00, 0x00, 0x00,
  0x00, 0x00, 0x00, 0x00, 0x00, 0x00, 0x00, 0x00, 0x00, 0x00, 0x00, 0x00,
  0x00, 0x00, 0x00, 0x00, 0x00, 0x00, 0x00, 0x00, 0x00, 0x00, 0x00, 0x00,
  0x00, 0x00, 0x00, 0x00, 0x00, 0x00, 0x00, 0x00, 0x00, 0x00, 0x00, 0x00,
  0x00, 0x00, 0x00, 0x00, 0x00, 0x00, 0x00, 0x00, 0x00, 0x00, 0x00, 0x00,
  0x00, 0x00, 0x00, 0x00, 0x00, 0x00, 0x00, 0x00, 0x00, 0x00, 0x00, 0x00,
  0x00, 0x00, 0x00, 0x00, 0x00, 0x00, 0x00, 0x00, 0x00, 0x00, 0x00, 0x00,
  0x00, 0x00, 0x00, 0x00, 0x00, 0x00, 0x00, 0x00, 0x00, 0x00, 0x00, 0x00,
  0x00, 0x00, 0x00, 0x00, 0x00, 0x00, 0x00, 0x00, 0x00, 0x00, 0x00, 0x00,
  0x00, 0x00, 0x00, 0x00, 0x00, 0x00, 0x00, 0x00, 0x00, 0x00, 0x00, 0x00,
  0x00, 0x00, 0x00, 0x00, 0x00, 0x00, 0x00, 0x00, 0x00, 0x00, 0x00, 0x00,
  0x00, 0x00, 0x00, 0x00, 0x00, 0x00, 0x00, 0x00, 0x00, 0x00, 0x00, 0x00,
  0x00, 0x00, 0x00, 0x00, 0x00, 0x00, 0x00, 0x00, 0x00, 0x00, 0x00, 0x00,
  0x00, 0x00, 0x00, 0x00, 0x00, 0x00, 0x00, 0x00, 0x00, 0x00, 0x00, 0x00,
  0x00, 0x00, 0x00, 0x00, 0x00, 0x00, 0x00, 0x00, 0x00, 0x00, 0x00, 0x00,
  0x00, 0x00, 0x00, 0x00, 0x00, 0x00, 0x00, 0x00, 0x00, 0x00, 0x00, 0x00,
  0x00, 0x00, 0x00, 0x00, 0x00, 0x00, 0x00, 0x00, 0x00, 0x00, 0x00, 0x00,
  0x00, 0x00, 0x00, 0x00, 0x00, 0x00, 0x00, 0x00, 0x00, 0x00, 0x00, 0x00,
  0x20, 0x00, 0x00, 0x00, 0x00, 0x00, 0x00, 0x00, 0x02, 0x00, 0x00, 0x00,
  0x00, 0x00, 0x00, 0x00, 0xa8, 0x3d, 0x00, 0x00, 0x00, 0x00, 0x00, 0x00,
  0x00, 0x00, 0x00, 0x00, 0x00, 0x00, 0x00, 0x00, 0x00, 0x00, 0x00, 0x00,
  0x00, 0x00, 0x00, 0x00, 0x00, 0x00, 0x00, 0x00, 0x00, 0x00, 0x00, 0x00,
  0xc0, 0x3e, 0x00, 0x00, 0x00, 0x00, 0x00, 0x00, 0x00, 0x00, 0x00, 0x00,
  0x00, 0x00, 0x00, 0x00, 0x08, 0x00, 0x00, 0x00, 0x00, 0x00, 0x00, 0x00,
  0x00, 0x00, 0x00, 0x00, 0x00, 0x00, 0x00, 0x00, 0x00, 0x00, 0x00, 0x00,
  0x00, 0x00, 0x00, 0x00, 0x00, 0x00, 0x00, 0x00, 0x00, 0x00, 0x00, 0x00,
  0x00, 0x00, 0x00, 0x00, 0x00, 0x00, 0x00, 0x00, 0x00, 0x00, 0x00, 0x00,
  0x00, 0x00, 0x00, 0x00, 0x00, 0x00, 0x00, 0x00, 0x00, 0x00, 0x00, 0x00,
  0x00, 0x00, 0x00, 0x00, 0x00, 0x00, 0x00, 0x00, 0x00, 0x00, 0x00, 0x00,
  0x00, 0x00, 0x00, 0x00, 0x00, 0x00, 0x00, 0x00, 0x00, 0x00, 0x00, 0x00,
  0x00, 0x00, 0x00, 0x00, 0x00, 0x00, 0x00, 0x00, 0x00, 0x00, 0x00, 0x00,
  0x00, 0x00, 0x00, 0x00, 0x00, 0x00, 0x00, 0x00, 0x00, 0x00, 0x00, 0x00,
  0x00, 0x00, 0x00, 0x00, 0x00, 0x00, 0x00, 0x00, 0x00, 0x00, 0x00, 0x00,
  0x00, 0x00, 0x00, 0x00, 0x00, 0x00, 0x00, 0x00, 0x00, 0x00, 0x00, 0x00,
  0x00, 0x00, 0x00, 0x00, 0x00, 0x00, 0x00, 0x00, 0x00, 0x00, 0x00, 0x00,
  0x00, 0x00, 0x00, 0x00, 0x00, 0x00, 0x00, 0x00, 0x00, 0x00, 0x00, 0x00,
  0x00, 0x00, 0x00, 0x00, 0x00, 0x00, 0x00, 0x00, 0x00, 0x00, 0x00, 0x00,
  0x00, 0x00, 0x00, 0x00, 0x00, 0x00, 0x00, 0x00, 0x00, 0x00, 0x00, 0x00,
  0x00, 0x00, 0x00, 0x00, 0x00, 0x00, 0x00, 0x00, 0x00, 0x00, 0x00, 0x00,
  0x00, 0x00, 0x00, 0x00, 0x00, 0x00, 0x00, 0x00, 0x00, 0x00, 0x00, 0x00,
  0x00, 0x00, 0x00, 0x00, 0x00, 0x00, 0x00, 0x00, 0x00, 0x00, 0x00, 0x00,
  0x00, 0x00, 0x00, 0x00, 0x20, 0x00, 0x00, 0x00, 0x00, 0x00, 0x00, 0x00,
  0x02, 0x00, 0x00, 0x00, 0x00, 0x00, 0x00, 0x00, 0xc0, 0x3e, 0x00, 0x00,
  0x00, 0x00, 0x00, 0x00, 0x00, 0x00, 0x00, 0x00, 0x00, 0x00, 0x00, 0x00,
  0x30, 0x27, 0x00, 0x00, 0x00, 0x00, 0x00, 0x00, 0x00, 0x00, 0x00, 0x00,
  0x00, 0x00, 0x00, 0x00, 0x00, 0x00, 0x00, 0x00, 0x00, 0x00, 0x00, 0x00,
  0x20, 0x00, 0x00, 0x00, 0x00, 0x00, 0x00, 0x00, 0x02, 0x00, 0x00, 0x00,
  0x00, 0x00, 0x00, 0x00, 0x00, 0x3f, 0x00, 0x00, 0x00, 0x00, 0x00, 0x00,
  0x00, 0x00, 0x00, 0x00, 0x00, 0x00, 0x00, 0x00, 0x00, 0x00, 0x00, 0x00,
  0x00, 0x00, 0x00, 0x00, 0x00, 0x00, 0x00, 0x00, 0x00, 0x00, 0x00, 0x00,
  0x01, 0x01, 0x00, 0xc0, 0x00, 0x00, 0x00, 0x00, 0x00, 0x00, 0x00, 0x00,
  0x00, 0x00, 0x00, 0x00, 0x00, 0x00, 0x00, 0x00, 0x00, 0x00, 0x00, 0x00,
  0x20, 0x00, 0x00, 0x00, 0x00, 0x00, 0x00, 0x00, 0x02, 0x00, 0x00, 0x00,
  0x00, 0x00, 0x00, 0x00, 0x40, 0x3f, 0x00, 0x00, 0x00, 0x00, 0x00, 0x00,
  0x00, 0x00, 0x00, 0x00, 0x00, 0x00, 0x00, 0x00, 0x00, 0x00, 0x00, 0x00,
  0x00, 0x00, 0x00, 0x00, 0x00, 0x3f, 0x00, 0x00, 0x00, 0x00, 0x00, 0x00,
  0x68, 0x28, 0x00, 0x00, 0x00, 0x00, 0x00, 0x00, 0x00, 0x00, 0x00, 0x00,
  0x00, 0x00, 0x00, 0x00, 0x18, 0x00, 0x00, 0x00, 0x00, 0x00, 0x00, 0x00,
  0x00, 0x00, 0x00, 0x00, 0x00, 0x00, 0x00, 0x00, 0x00, 0x00, 0x00, 0x00,
  0x00, 0x00, 0x00, 0x00, 0x00, 0x00, 0x00, 0x00, 0x00, 0x00, 0x00, 0x00,
  0x00, 0x00, 0x00, 0x00, 0x00, 0x00, 0x00, 0x00, 0x00, 0x00, 0x00, 0x00,
  0x00, 0x00, 0x00, 0x00, 0x00, 0x00, 0x00, 0x00, 0x00, 0x00, 0x00, 0x00,
  0x00, 0x00, 0x00, 0x00, 0x00, 0x00, 0x00, 0x00, 0x00, 0x00, 0x00, 0x00,
  0x00, 0x00, 0x00, 0x00, 0x00, 0x00, 0x00, 0x00, 0x00, 0x00, 0x00, 0x00,
  0x00, 0x00, 0x00, 0x00, 0x00, 0x00, 0x00, 0x00, 0x00, 0x00, 0x00, 0x00,
  0x00, 0x00, 0x00, 0x00, 0x00, 0x00, 0x00, 0x00, 0x00, 0x00, 0x00, 0x00,
  0x00, 0x00, 0x00, 0x00, 0x00, 0x00, 0x00, 0x00, 0x00, 0x00, 0x00, 0x00,
  0x00, 0x00, 0x00, 0x00, 0x00, 0x00, 0x00, 0x00, 0x00, 0x00, 0x00, 0x00,
  0x00, 0x00, 0x00, 0x00, 0x00, 0x00, 0x00, 0x00, 0x00, 0x00, 0x00, 0x00,
  0x00, 0x00, 0x00, 0x00, 0x00, 0x00, 0x00, 0x00, 0x00, 0x00, 0x00, 0x00,
  0x00, 0x00, 0x00, 0x00, 0x00, 0x00, 0x00, 0x00, 0x00, 0x00, 0x00, 0x00,
  0x00, 0x00, 0x00, 0x00, 0x00, 0x00, 0x00, 0x00, 0x00, 0x00, 0x00, 0x00,
  0x00, 0x00, 0x00, 0x00, 0x00, 0x00, 0x00, 0x00, 0x00, 0x00, 0x00, 0x00,
  0x00, 0x00, 0x00, 0x00, 0x00, 0x00, 0x00, 0x00, 0x00, 0x00, 0x00, 0x00,
  0x00, 0x00, 0x00, 0x00, 0x00, 0x00, 0x00, 0x00, 0x00, 0x00, 0x00, 0x00,
  0x00, 0x00, 0x00, 0x00, 0x20, 0x00, 0x00, 0x00, 0x00, 0x00, 0x00, 0x00,
  0x02, 0x00, 0x00, 0x00, 0x00, 0x00, 0x00, 0x00, 0x50, 0x40, 0x00, 0x00,
  0x00, 0x00, 0x00, 0x00, 0x00, 0x00, 0x00, 0x00, 0x00, 0x00, 0x00, 0x00,
  0x00, 0x00, 0x00, 0x00, 0x00, 0x00, 0x00, 0x00, 0x00, 0x00, 0x00, 0x00,
  0x00, 0x00, 0x00, 0x00, 0x00, 0x00, 0x00, 0x00, 0x00, 0x00, 0x00, 0x00,
  0x00, 0x00, 0x00, 0x00, 0x00, 0x00, 0x00, 0x00, 0x00, 0x00, 0x00, 0x00,
  0x00, 0x00, 0x00, 0x00, 0x00, 0x00, 0x00, 0x00, 0x00, 0x00, 0x00, 0x00,
  0x00, 0x00, 0x00, 0x00, 0x00, 0x00, 0x00, 0x00, 0x00, 0x00, 0x00, 0x00,
  0x00, 0x00, 0x00, 0x00, 0x00, 0x00, 0x00, 0x00, 0x00, 0x00, 0x00, 0x00,
  0x00, 0x00, 0x00, 0x00, 0x00, 0x00, 0x00, 0x00, 0x00, 0x00, 0x00, 0x00,
  0x00, 0x00, 0x00, 0x00, 0x00, 0x00, 0x00, 0x00, 0x00, 0x00, 0x00, 0x00,
  0x00, 0x00, 0x00, 0x00, 0x00, 0x00, 0x00, 0x00, 0x00, 0x00, 0x00, 0x00,
  0x00, 0x00, 0x00, 0x00, 0x00, 0x00, 0x00, 0x00, 0x00, 0x00, 0x00, 0x00,
  0x00, 0x00, 0x00, 0x00, 0x00, 0x00, 0x00, 0x00, 0x00, 0x00, 0x00, 0x00,
  0x00, 0x00, 0x00, 0x00, 0x00, 0x00, 0x00, 0x00, 0x00, 0x00, 0x00, 0x00,
  0x00, 0x00, 0x00, 0x00, 0x00, 0x00, 0x00, 0x00, 0x00, 0x00, 0x00, 0x00,
  0x00, 0x00, 0x00, 0x00, 0x00, 0x00, 0x00, 0x00, 0x00, 0x00, 0x00, 0x00,
  0x00, 0x00, 0x00, 0x00, 0x00, 0x00, 0x00, 0x00, 0x00, 0x00, 0x00, 0x00,
  0x00, 0x00, 0x00, 0x00, 0x00, 0x00, 0x00, 0x00, 0x00, 0x00, 0x00, 0x00,
  0x00, 0x00, 0x00, 0x00, 0x00, 0x00, 0x00, 0x00, 0x00, 0x00, 0x00, 0x00,
  0x00, 0x00, 0x00, 0x00, 0x00, 0x00, 0x00, 0x00, 0x00, 0x00, 0x00, 0x00,
  0x00, 0x00, 0x00, 0x00, 0x00, 0x00, 0x00, 0x00, 0x00, 0x00, 0x00, 0x00,
  0x00, 0x00, 0x00, 0x00, 0x00, 0x00, 0x00, 0x00, 0x00, 0x00, 0x00, 0x00,
  0x00, 0x00, 0x00, 0x00, 0x00, 0x00, 0x00, 0x00, 0x00, 0x00, 0x00, 0x00,
  0x00, 0x00, 0x00, 0x00, 0x00, 0x00, 0x00, 0x00, 0x00, 0x00, 0x00, 0x00,
  0x00, 0x00, 0x00, 0x00, 0x00, 0x00, 0x00, 0x00, 0x00, 0x00, 0x00, 0x00,
  0x00, 0x00, 0x00, 0x00, 0x00, 0x00, 0x00, 0x00, 0x00, 0x00, 0x00, 0x00,
  0x00, 0x00, 0x00, 0x00, 0x00, 0x00, 0x00, 0x00, 0x00, 0x00, 0x00, 0x00,
  0x00, 0x00, 0x00, 0x00, 0x00, 0x00, 0x00, 0x00, 0x00, 0x00, 0x00, 0x00,
  0x00, 0x00, 0x00, 0x00, 0x00, 0x00, 0x00, 0x00, 0x00, 0x00, 0x00, 0x00,
  0x00, 0x00, 0x00, 0x00, 0x00, 0x00, 0x00, 0x00, 0x00, 0x00, 0x00, 0x00,
  0x00, 0x00, 0x00, 0x00, 0x00, 0x00, 0x00, 0x00, 0x00, 0x00, 0x00, 0x00,
  0x00, 0x00, 0x00, 0x00, 0x00, 0x00, 0x00, 0x00, 0x00, 0x00, 0x00, 0x00,
  0x00, 0x00, 0x00, 0x00, 0x00, 0x00, 0x00, 0x00, 0x00, 0x00, 0x00, 0x00,
  0x00, 0x00, 0x00, 0x00, 0x00, 0x00, 0x00, 0x00, 0x00, 0x00, 0x00, 0x00,
  0x00, 0x00, 0x00, 0x00, 0x00, 0x00, 0x00, 0x00, 0x00, 0x00, 0x00, 0x00,
  0x00, 0x00, 0x00, 0x00, 0x00, 0x00, 0x00, 0x00, 0x00, 0x00, 0x00, 0x00,
  0x00, 0x00, 0x00, 0x00, 0x00, 0x00, 0x00, 0x00, 0x00, 0x00, 0x00, 0x00,
  0x00, 0x00, 0x00, 0x00, 0x00, 0x00, 0x00, 0x00, 0x00, 0x00, 0x00, 0x00,
  0x00, 0x00, 0x00, 0x00, 0x00, 0x00, 0x00, 0x00, 0x00, 0x00, 0x00, 0x00,
  0x00, 0x00, 0x00, 0x00, 0x00, 0x00, 0x00, 0x00, 0x00, 0x00, 0x00, 0x00,
  0x00, 0x00, 0x00, 0x00, 0x00, 0x00, 0x00, 0x00, 0x00, 0x00, 0x00, 0x00,
  0x00, 0x00, 0x00, 0x00, 0x00, 0x00, 0x00, 0x00, 0x00, 0x00, 0x00, 0x00,
  0x00, 0x00, 0x00, 0x00, 0x00, 0x00, 0x00, 0x00, 0x00, 0x00, 0x00, 0x00,
  0x00, 0x00, 0x00, 0x00, 0x00, 0x00, 0x00, 0x00, 0x00, 0x00, 0x00, 0x00,
  0x00, 0x00, 0x00, 0x00, 0x00, 0x00, 0x00, 0x00, 0x00, 0x00, 0x00, 0x00,
  0x00, 0x00, 0x00, 0x00, 0x00, 0x00, 0x00, 0x00, 0x00, 0x00, 0x00, 0x00,
  0x00, 0x00, 0x00, 0x00, 0x00, 0x00, 0x00, 0x00, 0x00, 0x00, 0x00, 0x00,
  0x00, 0x00, 0x00, 0x00, 0x00, 0x00, 0x00, 0x00, 0x00, 0x00, 0x00, 0x00,
  0x00, 0x00, 0x00, 0x00, 0x00, 0x00, 0x00, 0x00, 0x00, 0x00, 0x00, 0x00,
  0x00, 0x00, 0x00, 0x00, 0x00, 0x00, 0x00, 0x00, 0x00, 0x00, 0x00, 0x00,
  0x00, 0x00, 0x00, 0x00, 0x00, 0x00, 0x00, 0x00, 0x00, 0x00, 0x00, 0x00,
  0x00, 0x00, 0x00, 0x00, 0x00, 0x00, 0x00, 0x00, 0x00, 0x00, 0x00, 0x00,
  0x00, 0x00, 0x00, 0x00, 0x00, 0x00, 0x00, 0x00, 0x00, 0x00, 0x00, 0x00,
  0x00, 0x00, 0x00, 0x00, 0x00, 0x00, 0x00, 0x00, 0x00, 0x00, 0x00, 0x00,
  0x00, 0x00, 0x00, 0x00, 0x00, 0x00, 0x00, 0x00, 0x00, 0x00, 0x00, 0x00,
  0x00, 0x00, 0x00, 0x00, 0x00, 0x00, 0x00, 0x00, 0x00, 0x00, 0x00, 0x00,
  0x00, 0x00, 0x00, 0x00, 0x00, 0x00, 0x00, 0x00, 0x00, 0x00, 0x00, 0x00,
  0x00, 0x00, 0x00, 0x00, 0x00, 0x00, 0x00, 0x00, 0x00, 0x00, 0x00, 0x00,
  0x00, 0x00, 0x00, 0x00, 0x00, 0x00, 0x00, 0x00, 0x00, 0x00, 0x00, 0x00,
  0x00, 0x00, 0x00, 0x00, 0x00, 0x00, 0x00, 0x00, 0x00, 0x00, 0x00, 0x00,
  0x00, 0x00, 0x00, 0x00, 0x00, 0x00, 0x00, 0x00, 0x00, 0x00, 0x00, 0x00,
  0x00, 0x00, 0x00, 0x00, 0x00, 0x00, 0x00, 0x00, 0x00, 0x00, 0x00, 0x00,
  0x00, 0x00, 0x00, 0x00, 0x00, 0x00, 0x00, 0x00, 0x00, 0x00, 0x00, 0x00,
  0x00, 0x00, 0x00, 0x00, 0x00, 0x00, 0x00, 0x00, 0x00, 0x00, 0x00, 0x00,
  0x00, 0x00, 0x00, 0x00, 0x00, 0x00, 0x00, 0x00, 0x00, 0x00, 0x00, 0x00,
  0x00, 0x00, 0x00, 0x00, 0x00, 0x00, 0x00, 0x00, 0x00, 0x00, 0x00, 0x00,
  0x00, 0x00, 0x00, 0x00, 0x00, 0x00, 0x00, 0x00, 0x00, 0x00, 0x00, 0x00,
  0x00, 0x00, 0x00, 0x00, 0x00, 0x00, 0x00, 0x00, 0x00, 0x00, 0x00, 0x00,
  0x00, 0x00, 0x00, 0x00, 0x00, 0x00, 0x00, 0x00, 0x00, 0x00, 0x00, 0x00,
  0x00, 0x00, 0x00, 0x00, 0x00, 0x00, 0x00, 0x00, 0x00, 0x00, 0x00, 0x00,
  0x00, 0x00, 0x00, 0x00, 0x00, 0x00, 0x00, 0x00, 0x00, 0x00, 0x00, 0x00,
  0x00, 0x00, 0x00, 0x00, 0x00, 0x00, 0x00, 0x00, 0x00, 0x00, 0x00, 0x00,
  0x00, 0x00, 0x00, 0x00, 0x00, 0x00, 0x00, 0x00, 0x00, 0x00, 0x00, 0x00,
  0x00, 0x00, 0x00, 0x00, 0x00, 0x00, 0x00, 0x00, 0x00, 0x00, 0x00, 0x00,
  0x00, 0x00, 0x00, 0x00, 0x00, 0x00, 0x00, 0x00, 0x00, 0x00, 0x00, 0x00,
  0x00, 0x00, 0x00, 0x00, 0x00, 0x00, 0x00, 0x00, 0x00, 0x00, 0x00, 0x00,
  0x00, 0x00, 0x00, 0x00, 0x00, 0x00, 0x00, 0x00, 0x00, 0x00, 0x00, 0x00,
  0x00, 0x00, 0x00, 0x00, 0x00, 0x00, 0x00, 0x00, 0x00, 0x00, 0x00, 0x00,
  0x00, 0x00, 0x00, 0x00, 0x00, 0x00, 0x00, 0x00, 0x00, 0x00, 0x00, 0x00,
  0x00, 0x00, 0x00, 0x00, 0x00, 0x00, 0x00, 0x00, 0x00, 0x00, 0x00, 0x00,
  0x00, 0x00, 0x00, 0x00, 0x00, 0x00, 0x00, 0x00, 0x00, 0x00, 0x00, 0x00,
  0x00, 0x00, 0x00, 0x00, 0x00, 0x00, 0x00, 0x00, 0x00, 0x00, 0x00, 0x00,
  0x00, 0x00, 0x00, 0x00, 0x00, 0x00, 0x00, 0x00, 0x00, 0x00, 0x00, 0x00,
  0x00, 0x00, 0x00, 0x00, 0x00, 0x00, 0x00, 0x00, 0x00, 0x00, 0x00, 0x00,
  0x00, 0x00, 0x00, 0x00, 0x00, 0x00, 0x00, 0x00, 0x00, 0x00, 0x00, 0x00,
  0x00, 0x00, 0x00, 0x00, 0x00, 0x00, 0x00, 0x00, 0x00, 0x00, 0x00, 0x00,
  0x00, 0x00, 0x00, 0x00, 0x00, 0x00, 0x00, 0x00, 0x00, 0x00, 0x00, 0x00,
  0x00, 0x00, 0x00, 0x00, 0x00, 0x00, 0x00, 0x00, 0x00, 0x00, 0x00, 0x00,
  0x00, 0x00, 0x00, 0x00, 0x00, 0x00, 0x00, 0x00, 0x00, 0x00, 0x00, 0x00,
  0x00, 0x00, 0x00, 0x00, 0x00, 0x00, 0x00, 0x00, 0x00, 0x00, 0x00, 0x00,
  0x00, 0x00, 0x00, 0x00, 0x00, 0x00, 0x00, 0x00, 0x00, 0x00, 0x00, 0x00,
  0x00, 0x00, 0x00, 0x00, 0x00, 0x00, 0x00, 0x00, 0x00, 0x00, 0x00, 0x00,
  0x00, 0x00, 0x00, 0x00, 0x00, 0x00, 0x00, 0x00, 0x00, 0x00, 0x00, 0x00,
  0x00, 0x00, 0x00, 0x00, 0x00, 0x00, 0x00, 0x00, 0x00, 0x00, 0x00, 0x00,
  0x00, 0x00, 0x00, 0x00, 0x00, 0x00, 0x00, 0x00, 0x00, 0x00, 0x00, 0x00,
  0x00, 0x00, 0x00, 0x00, 0x00, 0x00, 0x00, 0x00, 0x00, 0x00, 0x00, 0x00,
  0x00, 0x00, 0x00, 0x00, 0x00, 0x00, 0x00, 0x00, 0x00, 0x00, 0x00, 0x00,
  0x00, 0x00, 0x00, 0x00, 0x00, 0x00, 0x00, 0x00, 0x00, 0x00, 0x00, 0x00,
  0x00, 0x00, 0x00, 0x00, 0x00, 0x00, 0x00, 0x00, 0x00, 0x00, 0x00, 0x00,
  0x00, 0x00, 0x00, 0x00, 0x00, 0x00, 0x00, 0x00, 0x00, 0x00, 0x00, 0x00,
  0x00, 0x00, 0x00, 0x00, 0x00, 0x00, 0x00, 0x00, 0x00, 0x00, 0x00, 0x00,
  0x00, 0x00, 0x00, 0x00, 0x00, 0x00, 0x00, 0x00, 0x00, 0x00, 0x00, 0x00,
  0x00, 0x00, 0x00, 0x00, 0x00, 0x00, 0x00, 0x00, 0x00, 0x00, 0x00, 0x00,
  0x00, 0x00, 0x00, 0x00, 0x00, 0x00, 0x00, 0x00, 0x00, 0x00, 0x00, 0x00,
  0x00, 0x00, 0x00, 0x00, 0x00, 0x00, 0x00, 0x00, 0x00, 0x00, 0x00, 0x00,
  0x00, 0x00, 0x00, 0x00, 0x00, 0x00, 0x00, 0x00, 0x00, 0x00, 0x00, 0x00,
  0x00, 0x00, 0x00, 0x00, 0x00, 0x00, 0x00, 0x00, 0x00, 0x00, 0x00, 0x00,
  0x00, 0x00, 0x00, 0x00, 0x00, 0x00, 0x00, 0x00, 0x00, 0x00, 0x00, 0x00,
  0x00, 0x00, 0x00, 0x00, 0x00, 0x00, 0x00, 0x00, 0x00, 0x00, 0x00, 0x00,
  0x00, 0x00, 0x00, 0x00, 0x00, 0x00, 0x00, 0x00, 0x00, 0x00, 0x00, 0x00,
  0x00, 0x00, 0x00, 0x00, 0x00, 0x00, 0x00, 0x00, 0x00, 0x00, 0x00, 0x00,
  0x00, 0x00, 0x00, 0x00, 0x00, 0x00, 0x00, 0x00, 0x00, 0x00, 0x00, 0x00,
  0x00, 0x00, 0x00, 0x00, 0x00, 0x00, 0x00, 0x00, 0x00, 0x00, 0x00, 0x00,
  0x00, 0x00, 0x00, 0x00, 0x00, 0x00, 0x00, 0x00, 0x00, 0x00, 0x00, 0x00,
  0x00, 0x00, 0x00, 0x00, 0x00, 0x00, 0x00, 0x00, 0x00, 0x00, 0x00, 0x00,
  0x00, 0x00, 0x00, 0x00, 0x00, 0x00, 0x00, 0x00, 0x00, 0x00, 0x00, 0x00,
  0x00, 0x00, 0x00, 0x00, 0x00, 0x00, 0x00, 0x00, 0x00, 0x00, 0x00, 0x00,
  0x00, 0x00, 0x00, 0x00, 0x00, 0x00, 0x00, 0x00, 0x00, 0x00, 0x00, 0x00,
  0x00, 0x00, 0x00, 0x00, 0x00, 0x00, 0x00, 0x00, 0x00, 0x00, 0x00, 0x00,
  0x00, 0x00, 0x00, 0x00, 0x00, 0x00, 0x00, 0x00, 0x00, 0x00, 0x00, 0x00,
  0x00, 0x00, 0x00, 0x00, 0x00, 0x00, 0x00, 0x00, 0x00, 0x00, 0x00, 0x00,
  0x00, 0x00, 0x00, 0x00, 0x00, 0x00, 0x00, 0x00, 0x00, 0x00, 0x00, 0x00,
  0x00, 0x00, 0x00, 0x00, 0x00, 0x00, 0x00, 0x00, 0x00, 0x00, 0x00, 0x00,
  0x00, 0x00, 0x00, 0x00, 0x00, 0x00, 0x00, 0x00, 0x00, 0x00, 0x00, 0x00,
  0x00, 0x00, 0x00, 0x00, 0x00, 0x00, 0x00, 0x00, 0x00, 0x00, 0x00, 0x00,
  0x00, 0x00, 0x00, 0x00, 0x00, 0x00, 0x00, 0x00, 0x00, 0x00, 0x00, 0x00,
  0x00, 0x00, 0x00, 0x00, 0x00, 0x00, 0x00, 0x00, 0x00, 0x00, 0x00, 0x00,
  0x00, 0x00, 0x00, 0x00, 0x00, 0x00, 0x00, 0x00, 0x00, 0x00, 0x00, 0x00,
  0x00, 0x00, 0x00, 0x00, 0x00, 0x00, 0x00, 0x00, 0x00, 0x00, 0x00, 0x00,
  0x00, 0x00, 0x00, 0x00, 0x00, 0x00, 0x00, 0x00, 0x00, 0x00, 0x00, 0x00,
  0x00, 0x00, 0x00, 0x00, 0x00, 0x00, 0x00, 0x00, 0x00, 0x00, 0x00, 0x00,
  0x00, 0x00, 0x00, 0x00, 0x00, 0x00, 0x00, 0x00, 0x00, 0x00, 0x00, 0x00,
  0x00, 0x00, 0x00, 0x00, 0x00, 0x00, 0x00, 0x00, 0x00, 0x00, 0x00, 0x00,
  0x00, 0x00, 0x00, 0x00, 0x00, 0x00, 0x00, 0x00, 0x00, 0x00, 0x00, 0x00,
  0x00, 0x00, 0x00, 0x00, 0x00, 0x00, 0x00, 0x00, 0x00, 0x00, 0x00, 0x00,
  0x00, 0x00, 0x00, 0x00, 0x00, 0x00, 0x00, 0x00, 0x00, 0x00, 0x00, 0x00,
  0x00, 0x00, 0x00, 0x00, 0x00, 0x00, 0x00, 0x00, 0x00, 0x00, 0x00, 0x00,
  0x00, 0x00, 0x00, 0x00, 0x00, 0x00, 0x00, 0x00, 0x00, 0x00, 0x00, 0x00,
  0x00, 0x00, 0x00, 0x00, 0x00, 0x00, 0x00, 0x00, 0x00, 0x00, 0x00, 0x00,
  0x00, 0x00, 0x00, 0x00, 0x00, 0x00, 0x00, 0x00, 0x00, 0x00, 0x00, 0x00,
  0x00, 0x00, 0x00, 0x00, 0x00, 0x00, 0x00, 0x00, 0x00, 0x00, 0x00, 0x00,
  0x00, 0x00, 0x00, 0x00, 0x00, 0x00, 0x00, 0x00, 0x00, 0x00, 0x00, 0x00,
  0x00, 0x00, 0x00, 0x00, 0x00, 0x00, 0x00, 0x00, 0x00, 0x00, 0x00, 0x00,
  0x00, 0x00, 0x00, 0x00, 0x00, 0x00, 0x00, 0x00, 0x00, 0x00, 0x00, 0x00,
  0x00, 0x00, 0x00, 0x00, 0x00, 0x00, 0x00, 0x00, 0x00, 0x00, 0x00, 0x00,
  0x00, 0x00, 0x00, 0x00, 0x00, 0x00, 0x00, 0x00, 0x00, 0x00, 0x00, 0x00,
  0x00, 0x00, 0x00, 0x00, 0x00, 0x00, 0x00, 0x00, 0x00, 0x00, 0x00, 0x00,
  0x00, 0x00, 0x00, 0x00, 0x00, 0x00, 0x00, 0x00, 0x00, 0x00, 0x00, 0x00,
  0x00, 0x00, 0x00, 0x00, 0x00, 0x00, 0x00, 0x00, 0x00, 0x00, 0x00, 0x00,
  0x00, 0x00, 0x00, 0x00, 0x00, 0x00, 0x00, 0x00, 0x00, 0x00, 0x00, 0x00,
  0x00, 0x00, 0x00, 0x00, 0x00, 0x00, 0x00, 0x00, 0x00, 0x00, 0x00, 0x00,
  0x00, 0x00, 0x00, 0x00, 0x00, 0x00, 0x00, 0x00, 0x00, 0x00, 0x00, 0x00,
  0x00, 0x00, 0x00, 0x00, 0x00, 0x00, 0x00, 0x00, 0x00, 0x00, 0x00, 0x00,
  0x00, 0x00, 0x00, 0x00, 0x00, 0x00, 0x00, 0x00, 0x00, 0x00, 0x00, 0x00,
  0x00, 0x00, 0x00, 0x00, 0x00, 0x00, 0x00, 0x00, 0x00, 0x00, 0x00, 0x00,
  0x00, 0x00, 0x00, 0x00, 0x00, 0x00, 0x00, 0x00, 0x00, 0x00, 0x00, 0x00,
  0x00, 0x00, 0x00, 0x00, 0x00, 0x00, 0x00, 0x00, 0x00, 0x00, 0x00, 0x00,
  0x00, 0x00, 0x00, 0x00, 0x00, 0x00, 0x00, 0x00, 0x00, 0x00, 0x00, 0x00,
  0x00, 0x00, 0x00, 0x00, 0x00, 0x00, 0x00, 0x00, 0x00, 0x00, 0x00, 0x00,
  0x00, 0x00, 0x00, 0x00, 0x00, 0x00, 0x00, 0x00, 0x00, 0x00, 0x00, 0x00,
  0x00, 0x00, 0x00, 0x00, 0x00, 0x00, 0x00, 0x00, 0x00, 0x00, 0x00, 0x00,
  0x00, 0x00, 0x00, 0x00, 0x00, 0x00, 0x00, 0x00, 0x00, 0x00, 0x00, 0x00,
  0x00, 0x00, 0x00, 0x00, 0x00, 0x00, 0x00, 0x00, 0x00, 0x00, 0x00, 0x00,
  0x00, 0x00, 0x00, 0x00, 0x00, 0x00, 0x00, 0x00, 0x00, 0x00, 0x00, 0x00,
  0x00, 0x00, 0x00, 0x00, 0x00, 0x00, 0x00, 0x00, 0x00, 0x00, 0x00, 0x00,
  0x00, 0x00, 0x00, 0x00, 0x00, 0x00, 0x00, 0x00, 0x00, 0x00, 0x00, 0x00,
  0x00, 0x00, 0x00, 0x00, 0x00, 0x00, 0x00, 0x00, 0x00, 0x00, 0x00, 0x00,
  0x00, 0x00, 0x00, 0x00, 0x00, 0x00, 0x00, 0x00, 0x00, 0x00, 0x00, 0x00,
  0x00, 0x00, 0x00, 0x00, 0x00, 0x00, 0x00, 0x00, 0x00, 0x00, 0x00, 0x00,
  0x00, 0x00, 0x00, 0x00, 0x00, 0x00, 0x00, 0x00, 0x00, 0x00, 0x00, 0x00,
  0x00, 0x00, 0x00, 0x00, 0x00, 0x00, 0x00, 0x00, 0x00, 0x00, 0x00, 0x00,
  0x00, 0x00, 0x00, 0x00, 0x00, 0x00, 0x00, 0x00, 0x00, 0x00, 0x00, 0x00,
  0x00, 0x00, 0x00, 0x00, 0x00, 0x00, 0x00, 0x00, 0x00, 0x00, 0x00, 0x00,
  0x00, 0x00, 0x00, 0x00, 0x00, 0x00, 0x00, 0x00, 0x00, 0x00, 0x00, 0x00,
  0x00, 0x00, 0x00, 0x00, 0x00, 0x00, 0x00, 0x00, 0x00, 0x00, 0x00, 0x00,
  0x00, 0x00, 0x00, 0x00, 0x00, 0x00, 0x00, 0x00, 0x00, 0x00, 0x00, 0x00,
  0x00, 0x00, 0x00, 0x00, 0x00, 0x00, 0x00, 0x00, 0x00, 0x00, 0x00, 0x00,
  0x00, 0x00, 0x00, 0x00, 0x00, 0x00, 0x00, 0x00, 0x00, 0x00, 0x00, 0x00,
  0x00, 0x00, 0x00, 0x00, 0x00, 0x00, 0x00, 0x00, 0x00, 0x00, 0x00, 0x00,
  0x00, 0x00, 0x00, 0x00, 0x00, 0x00, 0x00, 0x00, 0x00, 0x00, 0x00, 0x00,
  0x00, 0x00, 0x00, 0x00, 0x00, 0x00, 0x00, 0x00, 0x00, 0x00, 0x00, 0x00,
  0x00, 0x00, 0x00, 0x00, 0x00, 0x00, 0x00, 0x00, 0x00, 0x00, 0x00, 0x00,
  0x00, 0x00, 0x00, 0x00, 0x00, 0x00, 0x00, 0x00, 0x00, 0x00, 0x00, 0x00,
  0x00, 0x00, 0x00, 0x00, 0x00, 0x00, 0x00, 0x00, 0x00, 0x00, 0x00, 0x00,
  0x00, 0x00, 0x00, 0x00, 0x00, 0x00, 0x00, 0x00, 0x00, 0x00, 0x00, 0x00,
  0x00, 0x00, 0x00, 0x00, 0x00, 0x00, 0x00, 0x00, 0x00, 0x00, 0x00, 0x00,
  0x00, 0x00, 0x00, 0x00, 0x00, 0x00, 0x00, 0x00, 0x00, 0x00, 0x00, 0x00,
  0x00, 0x00, 0x00, 0x00, 0x00, 0x00, 0x00, 0x00, 0x00, 0x00, 0x00, 0x00,
  0x00, 0x00, 0x00, 0x00, 0x00, 0x00, 0x00, 0x00, 0x00, 0x00, 0x00, 0x00,
  0x00, 0x00, 0x00, 0x00, 0x00, 0x00, 0x00, 0x00, 0x00, 0x00, 0x00, 0x00,
  0x00, 0x00, 0x00, 0x00, 0x00, 0x00, 0x00, 0x00, 0x00, 0x00, 0x00, 0x00,
  0x00, 0x00, 0x00, 0x00, 0x00, 0x00, 0x00, 0x00, 0x00, 0x00, 0x00, 0x00,
  0x00, 0x00, 0x00, 0x00, 0x00, 0x00, 0x00, 0x00, 0x00, 0x00, 0x00, 0x00,
  0x00, 0x00, 0x00, 0x00, 0x00, 0x00, 0x00, 0x00, 0x00, 0x00, 0x00, 0x00,
  0x00, 0x00, 0x00, 0x00, 0x00, 0x00, 0x00, 0x00, 0x00, 0x00, 0x00, 0x00,
  0x00, 0x00, 0x00, 0x00, 0x00, 0x00, 0x00, 0x00, 0x00, 0x00, 0x00, 0x00,
  0x00, 0x00, 0x00, 0x00, 0x00, 0x00, 0x00, 0x00, 0x00, 0x00, 0x00, 0x00,
  0x00, 0x00, 0x00, 0x00, 0x00, 0x00, 0x00, 0x00, 0x00, 0x00, 0x00, 0x00,
  0x00, 0x00, 0x00, 0x00, 0x00, 0x00, 0x00, 0x00, 0x00, 0x00, 0x00, 0x00,
  0x00, 0x00, 0x00, 0x00, 0x00, 0x00, 0x00, 0x00, 0x00, 0x00, 0x00, 0x00,
  0x00, 0x00, 0x00, 0x00, 0x00, 0x00, 0x00, 0x00, 0x00, 0x00, 0x00, 0x00,
  0x00, 0x00, 0x00, 0x00, 0x00, 0x00, 0x00, 0x00, 0x00, 0x00, 0x00, 0x00,
  0x00, 0x00, 0x00, 0x00, 0x00, 0x00, 0x00, 0x00, 0x00, 0x00, 0x00, 0x00,
  0x00, 0x00, 0x00, 0x00, 0x00, 0x00, 0x00, 0x00, 0x00, 0x00, 0x00, 0x00,
  0x00, 0x00, 0x00, 0x00, 0x00, 0x00, 0x00, 0x00, 0x00, 0x00, 0x00, 0x00,
  0x00, 0x00, 0x00, 0x00, 0x00, 0x00, 0x00, 0x00, 0x00, 0x00, 0x00, 0x00,
  0x00, 0x00, 0x00, 0x00, 0x00, 0x00, 0x00, 0x00, 0x00, 0x00, 0x00, 0x00,
  0x00, 0x00, 0x00, 0x00, 0x00, 0x00, 0x00, 0x00, 0x00, 0x00, 0x00, 0x00,
  0x00, 0x00, 0x00, 0x00, 0x00, 0x00, 0x00, 0x00, 0x00, 0x00, 0x00, 0x00,
  0x00, 0x00, 0x00, 0x00, 0x00, 0x00, 0x00, 0x00, 0x00, 0x00, 0x00, 0x00,
  0x00, 0x00, 0x00, 0x00, 0x00, 0x00, 0x00, 0x00, 0x00, 0x00, 0x00, 0x00,
  0x00, 0x00, 0x00, 0x00, 0x00, 0x00, 0x00, 0x00, 0x00, 0x00, 0x00, 0x00,
  0x00, 0x00, 0x00, 0x00, 0x00, 0x00, 0x00, 0x00, 0x00, 0x00, 0x00, 0x00,
  0x00, 0x00, 0x00, 0x00, 0x00, 0x00, 0x00, 0x00, 0x00, 0x00, 0x00, 0x00,
  0x00, 0x00, 0x00, 0x00, 0x00, 0x00, 0x00, 0x00, 0x00, 0x00, 0x00, 0x00,
  0x00, 0x00, 0x00, 0x00, 0x00, 0x00, 0x00, 0x00, 0x00, 0x00, 0x00, 0x00,
  0x00, 0x00, 0x00, 0x00, 0x00, 0x00, 0x00, 0x00, 0x00, 0x00, 0x00, 0x00,
  0x00, 0x00, 0x00, 0x00, 0x00, 0x00, 0x00, 0x00, 0x00, 0x00, 0x00, 0x00,
  0x00, 0x00, 0x00, 0x00, 0x00, 0x00, 0x00, 0x00, 0x00, 0x00, 0x00, 0x00,
  0x00, 0x00, 0x00, 0x00, 0x00, 0x00, 0x00, 0x00, 0x00, 0x00, 0x00, 0x00,
  0x00, 0x00, 0x00, 0x00, 0x00, 0x00, 0x00, 0x00, 0x00, 0x00, 0x00, 0x00,
  0x00, 0x00, 0x00, 0x00, 0x00, 0x00, 0x00, 0x00, 0x00, 0x00, 0x00, 0x00,
  0x00, 0x00, 0x00, 0x00, 0x00, 0x00, 0x00, 0x00, 0x00, 0x00, 0x00, 0x00,
  0x00, 0x00, 0x00, 0x00, 0x00, 0x00, 0x00, 0x00, 0x00, 0x00, 0x00, 0x00,
  0x00, 0x00, 0x00, 0x00, 0x00, 0x00, 0x00, 0x00, 0x00, 0x00, 0x00, 0x00,
  0x00, 0x00, 0x00, 0x00, 0x00, 0x00, 0x00, 0x00, 0x00, 0x00, 0x00, 0x00,
  0x00, 0x00, 0x00, 0x00, 0x00, 0x00, 0x00, 0x00, 0x00, 0x00, 0x00, 0x00,
  0x00, 0x00, 0x00, 0x00, 0x00, 0x00, 0x00, 0x00, 0x00, 0x00, 0x00, 0x00,
  0x00, 0x00, 0x00, 0x00, 0x00, 0x00, 0x00, 0x00, 0x00, 0x00, 0x00, 0x00,
  0x00, 0x00, 0x00, 0x00, 0x00, 0x00, 0x00, 0x00, 0x00, 0x00, 0x00, 0x00,
  0x00, 0x00, 0x00, 0x00, 0x00, 0x00, 0x00, 0x00, 0x00, 0x00, 0x00, 0x00,
  0x00, 0x00, 0x00, 0x00, 0x00, 0x00, 0x00, 0x00, 0x00, 0x00, 0x00, 0x00,
  0x00, 0x00, 0x00, 0x00, 0x00, 0x00, 0x00, 0x00, 0x00, 0x00, 0x00, 0x00,
  0x00, 0x00, 0x00, 0x00, 0x00, 0x00, 0x00, 0x00, 0x00, 0x00, 0x00, 0x00,
  0x00, 0x00, 0x00, 0x00, 0x00, 0x00, 0x00, 0x00, 0x00, 0x00, 0x00, 0x00,
  0x00, 0x00, 0x00, 0x00, 0x00, 0x00, 0x00, 0x00, 0x00, 0x00, 0x00, 0x00,
  0x00, 0x00, 0x00, 0x00, 0x00, 0x00, 0x00, 0x00, 0x00, 0x00, 0x00, 0x00,
  0x00, 0x00, 0x00, 0x00, 0x00, 0x00, 0x00, 0x00, 0x00, 0x00, 0x00, 0x00,
  0x00, 0x00, 0x00, 0x00, 0x00, 0x00, 0x00, 0x00, 0x00, 0x00, 0x00, 0x00,
  0x00, 0x00, 0x00, 0x00, 0x00, 0x00, 0x00, 0x00, 0x00, 0x00, 0x00, 0x00,
  0x00, 0x00, 0x00, 0x00, 0x00, 0x00, 0x00, 0x00, 0x00, 0x00, 0x00, 0x00,
  0x00, 0x00, 0x00, 0x00, 0x00, 0x00, 0x00, 0x00, 0x00, 0x00, 0x00, 0x00,
  0x00, 0x00, 0x00, 0x00, 0x00, 0x00, 0x00, 0x00, 0x00, 0x00, 0x00, 0x00,
  0x00, 0x00, 0x00, 0x00, 0x00, 0x00, 0x00, 0x00, 0x00, 0x00, 0x00, 0x00,
  0x00, 0x00, 0x00, 0x00, 0x00, 0x00, 0x00, 0x00, 0x00, 0x00, 0x00, 0x00,
  0x00, 0x00, 0x00, 0x00, 0x00, 0x00, 0x00, 0x00, 0x00, 0x00, 0x00, 0x00,
  0x00, 0x00, 0x00, 0x00, 0x00, 0x00, 0x00, 0x00, 0x00, 0x00, 0x00, 0x00,
  0x00, 0x00, 0x00, 0x00, 0x00, 0x00, 0x00, 0x00, 0x00, 0x00, 0x00, 0x00,
  0x00, 0x00, 0x00, 0x00, 0x00, 0x00, 0x00, 0x00, 0x00, 0x00, 0x00, 0x00,
  0x00, 0x00, 0x00, 0x00, 0x00, 0x00, 0x00, 0x00, 0x00, 0x00, 0x00, 0x00,
  0x00, 0x00, 0x00, 0x00, 0x00, 0x00, 0x00, 0x00, 0x00, 0x00, 0x00, 0x00,
  0x00, 0x00, 0x00, 0x00, 0x00, 0x00, 0x00, 0x00, 0x00, 0x00, 0x00, 0x00,
  0x00, 0x00, 0x00, 0x00, 0x00, 0x00, 0x00, 0x00, 0x00, 0x00, 0x00, 0x00,
  0x00, 0x00, 0x00, 0x00, 0x00, 0x00, 0x00, 0x00, 0x00, 0x00, 0x00, 0x00,
  0x00, 0x00, 0x00, 0x00, 0x00, 0x00, 0x00, 0x00, 0x00, 0x00, 0x00, 0x00,
  0x00, 0x00, 0x00, 0x00, 0x00, 0x00, 0x00, 0x00, 0x00, 0x00, 0x00, 0x00,
  0x00, 0x00, 0x00, 0x00, 0x00, 0x00, 0x00, 0x00, 0x00, 0x00, 0x00, 0x00,
  0x00, 0x00, 0x00, 0x00, 0x00, 0x00, 0x00, 0x00, 0x00, 0x00, 0x00, 0x00,
  0x00, 0x00, 0x00, 0x00, 0x00, 0x00, 0x00, 0x00, 0x00, 0x00, 0x00, 0x00,
  0x00, 0x00, 0x00, 0x00, 0x00, 0x00, 0x00, 0x00, 0x00, 0x00, 0x00, 0x00,
  0x00, 0x00, 0x00, 0x00, 0x00, 0x00, 0x00, 0x00, 0x00, 0x00, 0x00, 0x00,
  0x00, 0x00, 0x00, 0x00, 0x00, 0x00, 0x00, 0x00, 0x00, 0x00, 0x00, 0x00,
  0x00, 0x00, 0x00, 0x00, 0x00, 0x00, 0x00, 0x00, 0x00, 0x00, 0x00, 0x00,
  0x00, 0x00, 0x00, 0x00, 0x00, 0x00, 0x00, 0x00, 0x00, 0x00, 0x00, 0x00,
  0x00, 0x00, 0x00, 0x00, 0x00, 0x00, 0x00, 0x00, 0x00, 0x00, 0x00, 0x00,
  0x00, 0x00, 0x00, 0x00, 0x00, 0x00, 0x00, 0x00, 0x00, 0x00, 0x00, 0x00,
  0x00, 0x00, 0x00, 0x00, 0x00, 0x00, 0x00, 0x00, 0x00, 0x00, 0x00, 0x00,
  0x00, 0x00, 0x00, 0x00, 0x00, 0x00, 0x00, 0x00, 0x00, 0x00, 0x00, 0x00,
  0x00, 0x00, 0x00, 0x00, 0x00, 0x00, 0x00, 0x00, 0x00, 0x00, 0x00, 0x00,
  0x00, 0x00, 0x00, 0x00, 0x00, 0x00, 0x00, 0x00, 0x00, 0x00, 0x00, 0x00,
  0x00, 0x00, 0x00, 0x00, 0x00, 0x00, 0x00, 0x00, 0x00, 0x00, 0x00, 0x00,
  0x00, 0x00, 0x00, 0x00, 0x00, 0x00, 0x00, 0x00, 0x00, 0x00, 0x00, 0x00,
  0x00, 0x00, 0x00, 0x00, 0x00, 0x00, 0x00, 0x00, 0x00, 0x00, 0x00, 0x00,
  0x00, 0x00, 0x00, 0x00, 0x00, 0x00, 0x00, 0x00, 0x00, 0x00, 0x00, 0x00,
  0x00, 0x00, 0x00, 0x00, 0x00, 0x00, 0x00, 0x00, 0x00, 0x00, 0x00, 0x00,
  0x00, 0x00, 0x00, 0x00, 0x00, 0x00, 0x00, 0x00, 0x00, 0x00, 0x00, 0x00,
  0x00, 0x00, 0x00, 0x00, 0x00, 0x00, 0x00, 0x00, 0x00, 0x00, 0x00, 0x00,
  0x00, 0x00, 0x00, 0x00, 0x00, 0x00, 0x00, 0x00, 0x00, 0x00, 0x00, 0x00,
  0x00, 0x00, 0x00, 0x00, 0x00, 0x00, 0x00, 0x00, 0x00, 0x00, 0x00, 0x00,
  0x00, 0x00, 0x00, 0x00, 0x00, 0x00, 0x00, 0x00, 0x00, 0x00, 0x00, 0x00,
  0x00, 0x00, 0x00, 0x00, 0x00, 0x00, 0x00, 0x00, 0x00, 0x00, 0x00, 0x00,
  0x00, 0x00, 0x00, 0x00, 0x00, 0x00, 0x00, 0x00, 0x00, 0x00, 0x00, 0x00,
  0x00, 0x00, 0x00, 0x00, 0x00, 0x00, 0x00, 0x00, 0x00, 0x00, 0x00, 0x00,
  0x00, 0x00, 0x00, 0x00, 0x00, 0x00, 0x00, 0x00, 0x00, 0x00, 0x00, 0x00,
  0x00, 0x00, 0x00, 0x00, 0x00, 0x00, 0x00, 0x00, 0x00, 0x00, 0x00, 0x00,
  0x00, 0x00, 0x00, 0x00, 0x00, 0x00, 0x00, 0x00, 0x00, 0x00, 0x00, 0x00,
  0x00, 0x00, 0x00, 0x00, 0x00, 0x00, 0x00, 0x00, 0x00, 0x00, 0x00, 0x00,
  0x00, 0x00, 0x00, 0x00, 0x00, 0x00, 0x00, 0x00, 0x00, 0x00, 0x00, 0x00,
  0x00, 0x00, 0x00, 0x00, 0x00, 0x00, 0x00, 0x00, 0x00, 0x00, 0x00, 0x00,
  0x00, 0x00, 0x00, 0x00, 0x00, 0x00, 0x00, 0x00, 0x00, 0x00, 0x00, 0x00,
  0x00, 0x00, 0x00, 0x00, 0x00, 0x00, 0x00, 0x00, 0x00, 0x00, 0x00, 0x00,
  0x00, 0x00, 0x00, 0x00, 0x00, 0x00, 0x00, 0x00, 0x00, 0x00, 0x00, 0x00,
  0x00, 0x00, 0x00, 0x00, 0x00, 0x00, 0x00, 0x00, 0x00, 0x00, 0x00, 0x00,
  0x00, 0x00, 0x00, 0x00, 0x00, 0x00, 0x00, 0x00, 0x00, 0x00, 0x00, 0x00,
  0x00, 0x00, 0x00, 0x00, 0x00, 0x00, 0x00, 0x00, 0x00, 0x00, 0x00, 0x00,
  0x00, 0x00, 0x00, 0x00, 0x00, 0x00, 0x00, 0x00, 0x00, 0x00, 0x00, 0x00,
  0x00, 0x00, 0x00, 0x00, 0x00, 0x00, 0x00, 0x00, 0x00, 0x00, 0x00, 0x00,
  0x00, 0x00, 0x00, 0x00, 0x00, 0x00, 0x00, 0x00, 0x00, 0x00, 0x00, 0x00,
  0x00, 0x00, 0x00, 0x00, 0x00, 0x00, 0x00, 0x00, 0x00, 0x00, 0x00, 0x00,
  0x00, 0x00, 0x00, 0x00, 0x00, 0x00, 0x00, 0x00, 0x00, 0x00, 0x00, 0x00,
  0x00, 0x00, 0x00, 0x00, 0x00, 0x00, 0x00, 0x00, 0x00, 0x00, 0x00, 0x00,
  0x00, 0x00, 0x00, 0x00, 0x00, 0x00, 0x00, 0x00, 0x00, 0x00, 0x00, 0x00,
  0x00, 0x00, 0x00, 0x00, 0x00, 0x00, 0x00, 0x00, 0x00, 0x00, 0x00, 0x00,
  0x00, 0x00, 0x00, 0x00, 0x00, 0x00, 0x00, 0x00, 0x00, 0x00, 0x00, 0x00,
  0x00, 0x00, 0x00, 0x00, 0x00, 0x00, 0x00, 0x00, 0x00, 0x00, 0x00, 0x00,
  0x00, 0x00, 0x00, 0x00, 0x00, 0x00, 0x00, 0x00, 0x00, 0x00, 0x00, 0x00,
  0x00, 0x00, 0x00, 0x00, 0x00, 0x00, 0x00, 0x00, 0x00, 0x00, 0x00, 0x00,
  0x00, 0x00, 0x00, 0x00, 0x00, 0x00, 0x00, 0x00, 0x00, 0x00, 0x00, 0x00,
  0x00, 0x00, 0x00, 0x00, 0x00, 0x00, 0x00, 0x00, 0x00, 0x00, 0x00, 0x00,
  0x00, 0x00, 0x00, 0x00, 0x00, 0x00, 0x00, 0x00, 0x00, 0x00, 0x00, 0x00,
  0x00, 0x00, 0x00, 0x00, 0x00, 0x00, 0x00, 0x00, 0x00, 0x00, 0x00, 0x00,
  0x00, 0x00, 0x00, 0x00, 0x00, 0x00, 0x00, 0x00, 0x00, 0x00, 0x00, 0x00,
  0x00, 0x00, 0x00, 0x00, 0x00, 0x00, 0x00, 0x00, 0x00, 0x00, 0x00, 0x00,
  0x00, 0x00, 0x00, 0x00, 0x00, 0x00, 0x00, 0x00, 0x00, 0x00, 0x00, 0x00,
  0x00, 0x00, 0x00, 0x00, 0x00, 0x00, 0x00, 0x00, 0x00, 0x00, 0x00, 0x00,
  0x00, 0x00, 0x00, 0x00, 0x00, 0x00, 0x00, 0x00, 0x00, 0x00, 0x00, 0x00,
  0x00, 0x00, 0x00, 0x00, 0x00, 0x00, 0x00, 0x00, 0x00, 0x00, 0x00, 0x00,
  0x00, 0x00, 0x00, 0x00, 0x00, 0x00, 0x00, 0x00, 0x00, 0x00, 0x00, 0x00,
  0x00, 0x00, 0x00, 0x00, 0x00, 0x00, 0x00, 0x00, 0x00, 0x00, 0x00, 0x00,
  0x00, 0x00, 0x00, 0x00, 0x00, 0x00, 0x00, 0x00, 0x00, 0x00, 0x00, 0x00,
  0x00, 0x00, 0x00, 0x00, 0x00, 0x00, 0x00, 0x00, 0x00, 0x00, 0x00, 0x00,
  0x00, 0x00, 0x00, 0x00, 0x00, 0x00, 0x00, 0x00, 0x00, 0x00, 0x00, 0x00,
  0x00, 0x00, 0x00, 0x00, 0x00, 0x00, 0x00, 0x00, 0x00, 0x00, 0x00, 0x00,
  0x00, 0x00, 0x00, 0x00, 0x00, 0x00, 0x00, 0x00, 0x00, 0x00, 0x00, 0x00,
  0x00, 0x00, 0x00, 0x00, 0x00, 0x00, 0x00, 0x00, 0x00, 0x00, 0x00, 0x00,
  0x00, 0x00, 0x00, 0x00, 0x00, 0x00, 0x00, 0x00, 0x00, 0x00, 0x00, 0x00,
  0x00, 0x00, 0x00, 0x00, 0x00, 0x00, 0x00, 0x00, 0x00, 0x00, 0x00, 0x00,
  0x00, 0x00, 0x00, 0x00, 0x00, 0x00, 0x00, 0x00, 0x00, 0x00, 0x00, 0x00,
  0x00, 0x00, 0x00, 0x00, 0x00, 0x00, 0x00, 0x00, 0x00, 0x00, 0x00, 0x00,
  0x00, 0x00, 0x00, 0x00, 0x00, 0x00, 0x00, 0x00, 0x00, 0x00, 0x00, 0x00,
  0x00, 0x00, 0x00, 0x00, 0x00, 0x00, 0x00, 0x00, 0x00, 0x00, 0x00, 0x00,
  0x00, 0x00, 0x00, 0x00, 0x00, 0x00, 0x00, 0x00, 0x00, 0x00, 0x00, 0x00,
  0x00, 0x00, 0x00, 0x00, 0x00, 0x00, 0x00, 0x00, 0x00, 0x00, 0x00, 0x00,
  0x00, 0x00, 0x00, 0x00, 0x00, 0x00, 0x00, 0x00, 0x00, 0x00, 0x00, 0x00,
  0x00, 0x00, 0x00, 0x00, 0x00, 0x00, 0x00, 0x00, 0x00, 0x00, 0x00, 0x00,
  0x00, 0x00, 0x00, 0x00, 0x00, 0x00, 0x00, 0x00, 0x00, 0x00, 0x00, 0x00,
  0x00, 0x00, 0x00, 0x00, 0x00, 0x00, 0x00, 0x00, 0x00, 0x00, 0x00, 0x00,
  0x00, 0x00, 0x00, 0x00, 0x00, 0x00, 0x00, 0x00, 0x00, 0x00, 0x00, 0x00,
  0x00, 0x00, 0x00, 0x00, 0x00, 0x00, 0x00, 0x00, 0x00, 0x00, 0x00, 0x00,
  0x00, 0x00, 0x00, 0x00, 0x00, 0x00, 0x00, 0x00, 0x00, 0x00, 0x00, 0x00,
  0x00, 0x00, 0x00, 0x00, 0x00, 0x00, 0x00, 0x00, 0x00, 0x00, 0x00, 0x00,
  0x00, 0x00, 0x00, 0x00, 0x00, 0x00, 0x00, 0x00, 0x00, 0x00, 0x00, 0x00,
  0x00, 0x00, 0x00, 0x00, 0x00, 0x00, 0x00, 0x00, 0x00, 0x00, 0x00, 0x00,
  0x00, 0x00, 0x00, 0x00, 0x00, 0x00, 0x00, 0x00, 0x00, 0x00, 0x00, 0x00,
  0x00, 0x00, 0x00, 0x00, 0x00, 0x00, 0x00, 0x00, 0x00, 0x00, 0x00, 0x00,
  0x00, 0x00, 0x00, 0x00, 0x00, 0x00, 0x00, 0x00, 0x00, 0x00, 0x00, 0x00,
  0x00, 0x00, 0x00, 0x00, 0x00, 0x00, 0x00, 0x00, 0x00, 0x00, 0x00, 0x00,
  0x00, 0x00, 0x00, 0x00, 0x00, 0x00, 0x00, 0x00, 0x00, 0x00, 0x00, 0x00,
  0x00, 0x00, 0x00, 0x00, 0x00, 0x00, 0x00, 0x00, 0x00, 0x00, 0x00, 0x00,
  0x00, 0x00, 0x00, 0x00, 0x00, 0x00, 0x00, 0x00, 0x00, 0x00, 0x00, 0x00,
  0x00, 0x00, 0x00, 0x00, 0x00, 0x00, 0x00, 0x00, 0x00, 0x00, 0x00, 0x00,
  0x00, 0x00, 0x00, 0x00, 0x00, 0x00, 0x00, 0x00, 0x00, 0x00, 0x00, 0x00,
  0x00, 0x00, 0x00, 0x00, 0x00, 0x00, 0x00, 0x00, 0x00, 0x00, 0x00, 0x00,
  0x00, 0x00, 0x00, 0x00, 0x00, 0x00, 0x00, 0x00, 0x00, 0x00, 0x00, 0x00,
  0x00, 0x00, 0x00, 0x00, 0x00, 0x00, 0x00, 0x00, 0x00, 0x00, 0x00, 0x00,
  0x00, 0x00, 0x00, 0x00, 0x00, 0x00, 0x00, 0x00, 0x00, 0x00, 0x00, 0x00,
  0x00, 0x00, 0x00, 0x00, 0x00, 0x00, 0x00, 0x00, 0x00, 0x00, 0x00, 0x00,
  0x00, 0x00, 0x00, 0x00, 0x00, 0x00, 0x00, 0x00, 0x00, 0x00, 0x00, 0x00,
  0x00, 0x00, 0x00, 0x00, 0x00, 0x00, 0x00, 0x00, 0x00, 0x00, 0x00, 0x00,
  0x00, 0x00, 0x00, 0x00, 0x00, 0x00, 0x00, 0x00, 0x00, 0x00, 0x00, 0x00,
  0x00, 0x00, 0x00, 0x00, 0x00, 0x00, 0x00, 0x00, 0x00, 0x00, 0x00, 0x00,
  0x00, 0x00, 0x00, 0x00, 0x00, 0x00, 0x00, 0x00, 0x00, 0x00, 0x00, 0x00,
  0x00, 0x00, 0x00, 0x00, 0x00, 0x00, 0x00, 0x00, 0x00, 0x00, 0x00, 0x00,
  0x00, 0x00, 0x00, 0x00, 0x00, 0x00, 0x00, 0x00, 0x00, 0x00, 0x00, 0x00,
  0x00, 0x00, 0x00, 0x00, 0x00, 0x00, 0x00, 0x00, 0x00, 0x00, 0x00, 0x00,
  0x00, 0x00, 0x00, 0x00, 0x00, 0x00, 0x00, 0x00, 0x00, 0x00, 0x00, 0x00,
  0x00, 0x00, 0x00, 0x00, 0x00, 0x00, 0x00, 0x00, 0x00, 0x00, 0x00, 0x00,
  0x00, 0x00, 0x00, 0x00, 0x00, 0x00, 0x00, 0x00, 0x00, 0x00, 0x00, 0x00,
  0x00, 0x00, 0x00, 0x00, 0x00, 0x00, 0x00, 0x00, 0x00, 0x00, 0x00, 0x00,
  0x00, 0x00, 0x00, 0x00, 0x00, 0x00, 0x00, 0x00, 0x00, 0x00, 0x00, 0x00,
  0x00, 0x00, 0x00, 0x00, 0x00, 0x00, 0x00, 0x00, 0x00, 0x00, 0x00, 0x00,
  0x00, 0x00, 0x00, 0x00, 0x00, 0x00, 0x00, 0x00, 0x00, 0x00, 0x00, 0x00,
  0x00, 0x00, 0x00, 0x00, 0x00, 0x00, 0x00, 0x00, 0x00, 0x00, 0x00, 0x00,
  0x00, 0x00, 0x00, 0x00, 0x00, 0x00, 0x00, 0x00, 0x00, 0x00, 0x00, 0x00,
  0x00, 0x00, 0x00, 0x00, 0x00, 0x00, 0x00, 0x00, 0x00, 0x00, 0x00, 0x00,
  0x00, 0x00, 0x00, 0x00, 0x00, 0x00, 0x00, 0x00, 0x00, 0x00, 0x00, 0x00,
  0x00, 0x00, 0x00, 0x00, 0x00, 0x00, 0x00, 0x00, 0x00, 0x00, 0x00, 0x00,
  0x00, 0x00, 0x00, 0x00, 0x00, 0x00, 0x00, 0x00, 0x00, 0x00, 0x00, 0x00,
  0x00, 0x00, 0x00, 0x00, 0x00, 0x00, 0x00, 0x00, 0x00, 0x00, 0x00, 0x00,
  0x00, 0x00, 0x00, 0x00, 0x00, 0x00, 0x00, 0x00, 0x00, 0x00, 0x00, 0x00,
  0x00, 0x00, 0x00, 0x00, 0x00, 0x00, 0x00, 0x00, 0x00, 0x00, 0x00, 0x00,
  0x00, 0x00, 0x00, 0x00, 0x00, 0x00, 0x00, 0x00, 0x00, 0x00, 0x00, 0x00,
  0x00, 0x00, 0x00, 0x00, 0x00, 0x00, 0x00, 0x00, 0x00, 0x00, 0x00, 0x00,
  0x00, 0x00, 0x00, 0x00, 0x00, 0x00, 0x00, 0x00, 0x00, 0x00, 0x00, 0x00,
  0x00, 0x00, 0x00, 0x00, 0x00, 0x00, 0x00, 0x00, 0x00, 0x00, 0x00, 0x00,
  0x00, 0x00, 0x00, 0x00, 0x00, 0x00, 0x00, 0x00, 0x00, 0x00, 0x00, 0x00,
  0x00, 0x00, 0x00, 0x00, 0x00, 0x00, 0x00, 0x00, 0x00, 0x00, 0x00, 0x00,
  0x00, 0x00, 0x00, 0x00, 0x00, 0x00, 0x00, 0x00, 0x00, 0x00, 0x00, 0x00,
  0x00, 0x00, 0x00, 0x00, 0x00, 0x00, 0x00, 0x00, 0x00, 0x00, 0x00, 0x00,
  0x00, 0x00, 0x00, 0x00, 0x00, 0x00, 0x00, 0x00, 0x00, 0x00, 0x00, 0x00,
  0x00, 0x00, 0x00, 0x00, 0x00, 0x00, 0x00, 0x00, 0x00, 0x00, 0x00, 0x00,
  0x00, 0x00, 0x00, 0x00, 0x00, 0x00, 0x00, 0x00, 0x00, 0x00, 0x00, 0x00,
  0x00, 0x00, 0x00, 0x00, 0x00, 0x00, 0x00, 0x00, 0x00, 0x00, 0x00, 0x00,
  0x00, 0x00, 0x00, 0x00, 0x00, 0x00, 0x00, 0x00, 0x00, 0x00, 0x00, 0x00,
  0x00, 0x00, 0x00, 0x00, 0x00, 0x00, 0x00, 0x00, 0x00, 0x00, 0x00, 0x00,
  0x00, 0x00, 0x00, 0x00, 0x00, 0x00, 0x00, 0x00, 0x00, 0x00, 0x00, 0x00,
  0x00, 0x00, 0x00, 0x00, 0x00, 0x00, 0x00, 0x00, 0x00, 0x00, 0x00, 0x00,
  0x00, 0x00, 0x00, 0x00, 0x00, 0x00, 0x00, 0x00, 0x00, 0x00, 0x00, 0x00,
  0x00, 0x00, 0x00, 0x00, 0x00, 0x00, 0x00, 0x00, 0x00, 0x00, 0x00, 0x00,
  0x00, 0x00, 0x00, 0x00, 0x00, 0x00, 0x00, 0x00, 0x00, 0x00, 0x00, 0x00,
  0x00, 0x00, 0x00, 0x00, 0x00, 0x00, 0x00, 0x00, 0x00, 0x00, 0x00, 0x00,
  0x00, 0x00, 0x00, 0x00, 0x00, 0x00, 0x00, 0x00, 0x00, 0x00, 0x00, 0x00,
  0x00, 0x00, 0x00, 0x00, 0x00, 0x00, 0x00, 0x00, 0x00, 0x00, 0x00, 0x00,
  0x00, 0x00, 0x00, 0x00, 0x00, 0x00, 0x00, 0x00, 0x00, 0x00, 0x00, 0x00,
  0x00, 0x00, 0x00, 0x00, 0x00, 0x00, 0x00, 0x00, 0x00, 0x00, 0x00, 0x00,
  0x00, 0x00, 0x00, 0x00, 0x00, 0x00, 0x00, 0x00, 0x00, 0x00, 0x00, 0x00,
  0x00, 0x00, 0x00, 0x00, 0x00, 0x00, 0x00, 0x00, 0x00, 0x00, 0x00, 0x00,
  0x00, 0x00, 0x00, 0x00, 0x00, 0x00, 0x00, 0x00, 0x00, 0x00, 0x00, 0x00,
  0x00, 0x00, 0x00, 0x00, 0x00, 0x00, 0x00, 0x00, 0x00, 0x00, 0x00, 0x00,
  0x00, 0x00, 0x00, 0x00, 0x00, 0x00, 0x00, 0x00, 0x00, 0x00, 0x00, 0x00,
  0x00, 0x00, 0x00, 0x00, 0x00, 0x00, 0x00, 0x00, 0x00, 0x00, 0x00, 0x00,
  0x00, 0x00, 0x00, 0x00, 0x00, 0x00, 0x00, 0x00, 0x00, 0x00, 0x00, 0x00,
  0x00, 0x00, 0x00, 0x00, 0x00, 0x00, 0x00, 0x00, 0x00, 0x00, 0x00, 0x00,
  0x00, 0x00, 0x00, 0x00, 0x00, 0x00, 0x00, 0x00, 0x00, 0x00, 0x00, 0x00,
  0x00, 0x00, 0x00, 0x00, 0x00, 0x00, 0x00, 0x00, 0x00, 0x00, 0x00, 0x00,
  0x00, 0x00, 0x00, 0x00, 0x00, 0x00, 0x00, 0x00, 0x00, 0x00, 0x00, 0x00,
  0x00, 0x00, 0x00, 0x00, 0x00, 0x00, 0x00, 0x00, 0x00, 0x00, 0x00, 0x00,
  0x00, 0x00, 0x00, 0x00, 0x00, 0x00, 0x00, 0x00, 0x00, 0x00, 0x00, 0x00,
  0x00, 0x00, 0x00, 0x00, 0x00, 0x00, 0x00, 0x00, 0x00, 0x00, 0x00, 0x00,
  0x00, 0x00, 0x00, 0x00, 0x00, 0x00, 0x00, 0x00, 0x00, 0x00, 0x00, 0x00,
  0x00, 0x00, 0x00, 0x00, 0x00, 0x00, 0x00, 0x00, 0x00, 0x00, 0x00, 0x00,
  0x00, 0x00, 0x00, 0x00, 0x00, 0x00, 0x00, 0x00, 0x00, 0x00, 0x00, 0x00,
  0x00, 0x00, 0x00, 0x00, 0x00, 0x00, 0x00, 0x00, 0x00, 0x00, 0x00, 0x00,
  0x00, 0x00, 0x00, 0x00, 0x00, 0x00, 0x00, 0x00, 0x00, 0x00, 0x00, 0x00,
  0x00, 0x00, 0x00, 0x00, 0x00, 0x00, 0x00, 0x00, 0x00, 0x00, 0x00, 0x00,
  0x00, 0x00, 0x00, 0x00, 0x00, 0x00, 0x00, 0x00, 0x00, 0x00, 0x00, 0x00,
  0x00, 0x00, 0x00, 0x00, 0x00, 0x00, 0x00, 0x00, 0x00, 0x00, 0x00, 0x00,
  0x00, 0x00, 0x00, 0x00, 0x00, 0x00, 0x00, 0x00, 0x00, 0x00, 0x00, 0x00,
  0x00, 0x00, 0x00, 0x00, 0x00, 0x00, 0x00, 0x00, 0x00, 0x00, 0x00, 0x00,
  0x00, 0x00, 0x00, 0x00, 0x00, 0x00, 0x00, 0x00, 0x00, 0x00, 0x00, 0x00,
  0x00, 0x00, 0x00, 0x00, 0x00, 0x00, 0x00, 0x00, 0x00, 0x00, 0x00, 0x00,
  0x00, 0x00, 0x00, 0x00, 0x00, 0x00, 0x00, 0x00, 0x00, 0x00, 0x00, 0x00,
  0x00, 0x00, 0x00, 0x00, 0x00, 0x00, 0x00, 0x00, 0x00, 0x00, 0x00, 0x00,
  0x00, 0x00, 0x00, 0x00, 0x00, 0x00, 0x00, 0x00, 0x00, 0x00, 0x00, 0x00,
  0x00, 0x00, 0x00, 0x00, 0x00, 0x00, 0x00, 0x00, 0x00, 0x00, 0x00, 0x00,
  0x00, 0x00, 0x00, 0x00, 0x00, 0x00, 0x00, 0x00, 0x00, 0x00, 0x00, 0x00,
  0x00, 0x00, 0x00, 0x00, 0x00, 0x00, 0x00, 0x00, 0x00, 0x00, 0x00, 0x00,
  0x00, 0x00, 0x00, 0x00, 0x00, 0x00, 0x00, 0x00, 0x00, 0x00, 0x00, 0x00,
  0x00, 0x00, 0x00, 0x00, 0x00, 0x00, 0x00, 0x00, 0x00, 0x00, 0x00, 0x00,
  0x00, 0x00, 0x00, 0x00, 0x00, 0x00, 0x00, 0x00, 0x00, 0x00, 0x00, 0x00,
  0x00, 0x00, 0x00, 0x00, 0x00, 0x00, 0x00, 0x00, 0x00, 0x00, 0x00, 0x00,
  0x00, 0x00, 0x00, 0x00, 0x00, 0x00, 0x00, 0x00, 0x00, 0x00, 0x00, 0x00,
  0x00, 0x00, 0x00, 0x00, 0x00, 0x00, 0x00, 0x00, 0x00, 0x00, 0x00, 0x00,
  0x00, 0x00, 0x00, 0x00, 0x00, 0x00, 0x00, 0x00, 0x00, 0x00, 0x00, 0x00,
  0x00, 0x00, 0x00, 0x00, 0x00, 0x00, 0x00, 0x00, 0x00, 0x00, 0x00, 0x00,
  0x00, 0x00, 0x00, 0x00, 0x00, 0x00, 0x00, 0x00, 0x00, 0x00, 0x00, 0x00,
  0x00, 0x00, 0x00, 0x00, 0x00, 0x00, 0x00, 0x00, 0x00, 0x00, 0x00, 0x00,
  0x00, 0x00, 0x00, 0x00, 0x00, 0x00, 0x00, 0x00, 0x00, 0x00, 0x00, 0x00,
  0x00, 0x00, 0x00, 0x00, 0x00, 0x00, 0x00, 0x00, 0x00, 0x00, 0x00, 0x00,
  0x00, 0x00, 0x00, 0x00, 0x00, 0x00, 0x00, 0x00, 0x00, 0x00, 0x00, 0x00,
  0x00, 0x00, 0x00, 0x00, 0x00, 0x00, 0x00, 0x00, 0x00, 0x00, 0x00, 0x00,
  0x00, 0x00, 0x00, 0x00, 0x00, 0x00, 0x00, 0x00, 0x00, 0x00, 0x00, 0x00,
  0x00, 0x00, 0x00, 0x00, 0x00, 0x00, 0x00, 0x00, 0x00, 0x00, 0x00, 0x00,
  0x00, 0x00, 0x00, 0x00, 0x00, 0x00, 0x00, 0x00, 0x00, 0x00, 0x00, 0x00,
  0x00, 0x00, 0x00, 0x00, 0x00, 0x00, 0x00, 0x00, 0x00, 0x00, 0x00, 0x00,
  0x00, 0x00, 0x00, 0x00, 0x00, 0x00, 0x00, 0x00, 0x00, 0x00, 0x00, 0x00,
  0x00, 0x00, 0x00, 0x00, 0x00, 0x00, 0x00, 0x00, 0x00, 0x00, 0x00, 0x00,
  0x00, 0x00, 0x00, 0x00, 0x00, 0x00, 0x00, 0x00, 0x00, 0x00, 0x00, 0x00,
  0x00, 0x00, 0x00, 0x00, 0x00, 0x00, 0x00, 0x00, 0x00, 0x00, 0x00, 0x00,
  0x00, 0x00, 0x00, 0x00, 0x00, 0x00, 0x00, 0x00, 0x00, 0x00, 0x00, 0x00,
  0x00, 0x00, 0x00, 0x00, 0x00, 0x00, 0x00, 0x00, 0x00, 0x00, 0x00, 0x00,
  0x00, 0x00, 0x00, 0x00, 0x00, 0x00, 0x00, 0x00, 0x00, 0x00, 0x00, 0x00,
  0x00, 0x00, 0x00, 0x00, 0x00, 0x00, 0x00, 0x00, 0x00, 0x00, 0x00, 0x00,
  0x00, 0x00, 0x00, 0x00, 0x00, 0x00, 0x00, 0x00, 0x00, 0x00, 0x00, 0x00,
  0x00, 0x00, 0x00, 0x00, 0x00, 0x00, 0x00, 0x00, 0x00, 0x00, 0x00, 0x00,
  0x00, 0x00, 0x00, 0x00, 0x00, 0x00, 0x00, 0x00, 0x00, 0x00, 0x00, 0x00,
  0x00, 0x00, 0x00, 0x00, 0x00, 0x00, 0x00, 0x00, 0x00, 0x00, 0x00, 0x00,
  0x00, 0x00, 0x00, 0x00, 0x00, 0x00, 0x00, 0x00, 0x00, 0x00, 0x00, 0x00,
  0x00, 0x00, 0x00, 0x00, 0x00, 0x00, 0x00, 0x00, 0x00, 0x00, 0x00, 0x00,
  0x00, 0x00, 0x00, 0x00, 0x00, 0x00, 0x00, 0x00, 0x00, 0x00, 0x00, 0x00,
  0x00, 0x00, 0x00, 0x00, 0x00, 0x00, 0x00, 0x00, 0x00, 0x00, 0x00, 0x00,
  0x00, 0x00, 0x00, 0x00, 0x00, 0x00, 0x00, 0x00, 0x00, 0x00, 0x00, 0x00,
  0x00, 0x00, 0x00, 0x00, 0x00, 0x00, 0x00, 0x00, 0x00, 0x00, 0x00, 0x00,
  0x00, 0x00, 0x00, 0x00, 0x00, 0x00, 0x00, 0x00, 0x00, 0x00, 0x00, 0x00,
  0x00, 0x00, 0x00, 0x00, 0x00, 0x00, 0x00, 0x00, 0x00, 0x00, 0x00, 0x00,
  0x00, 0x00, 0x00, 0x00, 0x00, 0x00, 0x00, 0x00, 0x00, 0x00, 0x00, 0x00,
  0x00, 0x00, 0x00, 0x00, 0x00, 0x00, 0x00, 0x00, 0x00, 0x00, 0x00, 0x00,
  0x00, 0x00, 0x00, 0x00, 0x00, 0x00, 0x00, 0x00, 0x00, 0x00, 0x00, 0x00,
  0x00, 0x00, 0x00, 0x00, 0x00, 0x00, 0x00, 0x00, 0x00, 0x00, 0x00, 0x00,
  0x00, 0x00, 0x00, 0x00, 0x00, 0x00, 0x00, 0x00, 0x00, 0x00, 0x00, 0x00,
  0x00, 0x00, 0x00, 0x00, 0x00, 0x00, 0x00, 0x00, 0x00, 0x00, 0x00, 0x00,
  0x00, 0x00, 0x00, 0x00, 0x00, 0x00, 0x00, 0x00, 0x00, 0x00, 0x00, 0x00,
  0x00, 0x00, 0x00, 0x00, 0x00, 0x00, 0x00, 0x00, 0x00, 0x00, 0x00, 0x00,
  0x00, 0x00, 0x00, 0x00, 0x00, 0x00, 0x00, 0x00, 0x00, 0x00, 0x00, 0x00,
  0x00, 0x00, 0x00, 0x00, 0x00, 0x00, 0x00, 0x00, 0x00, 0x00, 0x00, 0x00,
  0x00, 0x00, 0x00, 0x00, 0x00, 0x00, 0x00, 0x00, 0x00, 0x00, 0x00, 0x00,
  0x00, 0x00, 0x00, 0x00, 0x00, 0x00, 0x00, 0x00, 0x00, 0x00, 0x00, 0x00,
  0x00, 0x00, 0x00, 0x00, 0x00, 0x00, 0x00, 0x00, 0x00, 0x00, 0x00, 0x00,
  0x00, 0x00, 0x00, 0x00, 0x00, 0x00, 0x00, 0x00, 0x00, 0x00, 0x00, 0x00,
  0x00, 0x00, 0x00, 0x00, 0x00, 0x00, 0x00, 0x00, 0x00, 0x00, 0x00, 0x00,
  0x00, 0x00, 0x00, 0x00, 0x00, 0x00, 0x00, 0x00, 0x00, 0x00, 0x00, 0x00,
  0x00, 0x00, 0x00, 0x00, 0x00, 0x00, 0x00, 0x00, 0x00, 0x00, 0x00, 0x00,
  0x00, 0x00, 0x00, 0x00, 0x00, 0x00, 0x00, 0x00, 0x00, 0x00, 0x00, 0x00,
  0x00, 0x00, 0x00, 0x00, 0x00, 0x00, 0x00, 0x00, 0x00, 0x00, 0x00, 0x00,
  0x00, 0x00, 0x00, 0x00, 0x00, 0x00, 0x00, 0x00, 0x00, 0x00, 0x00, 0x00,
  0x00, 0x00, 0x00, 0x00, 0x00, 0x00, 0x00, 0x00, 0x00, 0x00, 0x00, 0x00,
  0x00, 0x00, 0x00, 0x00, 0x00, 0x00, 0x00, 0x00, 0x00, 0x00, 0x00, 0x00,
  0x00, 0x00, 0x00, 0x00, 0x00, 0x00, 0x00, 0x00, 0x00, 0x00, 0x00, 0x00,
  0x00, 0x00, 0x00, 0x00, 0x00, 0x00, 0x00, 0x00, 0x00, 0x00, 0x00, 0x00,
  0x00, 0x00, 0x00, 0x00, 0x00, 0x00, 0x00, 0x00, 0x00, 0x00, 0x00, 0x00,
  0x00, 0x00, 0x00, 0x00, 0x00, 0x00, 0x00, 0x00, 0x00, 0x00, 0x00, 0x00,
  0x00, 0x00, 0x00, 0x00, 0x00, 0x00, 0x00, 0x00, 0x00, 0x00, 0x00, 0x00,
  0x00, 0x00, 0x00, 0x00, 0x00, 0x00, 0x00, 0x00, 0x00, 0x00, 0x00, 0x00,
  0x00, 0x00, 0x00, 0x00, 0x00, 0x00, 0x00, 0x00, 0x00, 0x00, 0x00, 0x00,
  0x00, 0x00, 0x00, 0x00, 0x00, 0x00, 0x00, 0x00, 0x00, 0x00, 0x00, 0x00,
  0x00, 0x00, 0x00, 0x00, 0x00, 0x00, 0x00, 0x00, 0x00, 0x00, 0x00, 0x00,
  0x00, 0x00, 0x00, 0x00, 0x00, 0x00, 0x00, 0x00, 0x00, 0x00, 0x00, 0x00,
  0x00, 0x00, 0x00, 0x00, 0x00, 0x00, 0x00, 0x00, 0x00, 0x00, 0x00, 0x00,
  0x00, 0x00, 0x00, 0x00, 0x00, 0x00, 0x00, 0x00, 0x00, 0x00, 0x00, 0x00,
  0x00, 0x00, 0x00, 0x00, 0x00, 0x00, 0x00, 0x00, 0x00, 0x00, 0x00, 0x00,
  0x00, 0x00, 0x00, 0x00, 0x00, 0x00, 0x00, 0x00, 0x00, 0x00, 0x00, 0x00,
  0x00, 0x00, 0x00, 0x00, 0x00, 0x00, 0x00, 0x00, 0x00, 0x00, 0x00, 0x00,
  0x00, 0x00, 0x00, 0x00, 0x00, 0x00, 0x00, 0x00, 0x00, 0x00, 0x00, 0x00,
  0x00, 0x00, 0x00, 0x00, 0x00, 0x00, 0x00, 0x00, 0x00, 0x00, 0x00, 0x00,
  0x00, 0x00, 0x00, 0x00, 0x00, 0x00, 0x00, 0x00, 0x00, 0x00, 0x00, 0x00,
  0x00, 0x00, 0x00, 0x00, 0x00, 0x00, 0x00, 0x00, 0x00, 0x00, 0x00, 0x00,
  0x00, 0x00, 0x00, 0x00, 0x00, 0x00, 0x00, 0x00, 0x00, 0x00, 0x00, 0x00,
  0x00, 0x00, 0x00, 0x00, 0x00, 0x00, 0x00, 0x00, 0x00, 0x00, 0x00, 0x00,
  0x00, 0x00, 0x00, 0x00, 0x00, 0x00, 0x00, 0x00, 0x00, 0x00, 0x00, 0x00,
  0x00, 0x00, 0x00, 0x00, 0x00, 0x00, 0x00, 0x00, 0x00, 0x00, 0x00, 0x00,
  0x00, 0x00, 0x00, 0x00, 0x00, 0x00, 0x00, 0x00, 0x00, 0x00, 0x00, 0x00,
  0x00, 0x00, 0x00, 0x00, 0x00, 0x00, 0x00, 0x00, 0x00, 0x00, 0x00, 0x00,
  0x00, 0x00, 0x00, 0x00, 0x00, 0x00, 0x00, 0x00, 0x00, 0x00, 0x00, 0x00,
  0x00, 0x00, 0x00, 0x00, 0x00, 0x00, 0x00, 0x00, 0x00, 0x00, 0x00, 0x00,
  0x00, 0x00, 0x00, 0x00, 0x00, 0x00, 0x00, 0x00, 0x00, 0x00, 0x00, 0x00,
  0x00, 0x00, 0x00, 0x00, 0x00, 0x00, 0x00, 0x00, 0x00, 0x00, 0x00, 0x00,
  0x00, 0x00, 0x00, 0x00, 0x00, 0x00, 0x00, 0x00, 0x00, 0x00, 0x00, 0x00,
  0x00, 0x00, 0x00, 0x00, 0x00, 0x00, 0x00, 0x00, 0x00, 0x00, 0x00, 0x00,
  0x00, 0x00, 0x00, 0x00, 0x00, 0x00, 0x00, 0x00, 0x00, 0x00, 0x00, 0x00,
  0x00, 0x00, 0x00, 0x00, 0x00, 0x00, 0x00, 0x00, 0x00, 0x00, 0x00, 0x00,
  0x00, 0x00, 0x00, 0x00, 0x00, 0x00, 0x00, 0x00, 0x00, 0x00, 0x00, 0x00,
  0x00, 0x00, 0x00, 0x00, 0x00, 0x00, 0x00, 0x00, 0x00, 0x00, 0x00, 0x00,
  0x00, 0x00, 0x00, 0x00, 0x00, 0x00, 0x00, 0x00, 0x00, 0x00, 0x00, 0x00,
  0x00, 0x00, 0x00, 0x00, 0x00, 0x00, 0x00, 0x00, 0x00, 0x00, 0x00, 0x00,
  0x00, 0x00, 0x00, 0x00, 0x00, 0x00, 0x00, 0x00, 0x00, 0x00, 0x00, 0x00,
  0x00, 0x00, 0x00, 0x00, 0x00, 0x00, 0x00, 0x00, 0x00, 0x00, 0x00, 0x00,
  0x00, 0x00, 0x00, 0x00, 0x00, 0x00, 0x00, 0x00, 0x00, 0x00, 0x00, 0x00,
  0x00, 0x00, 0x00, 0x00, 0x00, 0x00, 0x00, 0x00, 0x00, 0x00, 0x00, 0x00,
  0x00, 0x00, 0x00, 0x00, 0x00, 0x00, 0x00, 0x00, 0x00, 0x00, 0x00, 0x00,
  0x00, 0x00, 0x00, 0x00, 0x00, 0x00, 0x00, 0x00, 0x00, 0x00, 0x00, 0x00,
  0x00, 0x00, 0x00, 0x00, 0x00, 0x00, 0x00, 0x00, 0x00, 0x00, 0x00, 0x00,
  0x00, 0x00, 0x00, 0x00, 0x00, 0x00, 0x00, 0x00, 0x00, 0x00, 0x00, 0x00,
  0x00, 0x00, 0x00, 0x00, 0x00, 0x00, 0x00, 0x00, 0x00, 0x00, 0x00, 0x00,
  0x00, 0x00, 0x00, 0x00, 0x00, 0x00, 0x00, 0x00, 0x00, 0x00, 0x00, 0x00,
  0x00, 0x00, 0x00, 0x00, 0x00, 0x00, 0x00, 0x00, 0x00, 0x00, 0x00, 0x00,
  0x00, 0x00, 0x00, 0x00, 0x00, 0x00, 0x00, 0x00, 0x00, 0x00, 0x00, 0x00,
  0x00, 0x00, 0x00, 0x00, 0x00, 0x00, 0x00, 0x00, 0x00, 0x00, 0x00, 0x00,
  0x00, 0x00, 0x00, 0x00, 0x00, 0x00, 0x00, 0x00, 0x00, 0x00, 0x00, 0x00,
  0x00, 0x00, 0x00, 0x00, 0x00, 0x00, 0x00, 0x00, 0x00, 0x00, 0x00, 0x00,
  0x00, 0x00, 0x00, 0x00, 0x00, 0x00, 0x00, 0x00, 0x00, 0x00, 0x00, 0x00,
  0x00, 0x00, 0x00, 0x00, 0x00, 0x00, 0x00, 0x00, 0x00, 0x00, 0x00, 0x00,
  0x00, 0x00, 0x00, 0x00, 0x00, 0x00, 0x00, 0x00, 0x00, 0x00, 0x00, 0x00,
  0x00, 0x00, 0x00, 0x00, 0x00, 0x00, 0x00, 0x00, 0x00, 0x00, 0x00, 0x00,
  0x00, 0x00, 0x00, 0x00, 0x00, 0x00, 0x00, 0x00, 0x00, 0x00, 0x00, 0x00,
  0x00, 0x00, 0x00, 0x00, 0x00, 0x00, 0x00, 0x00, 0x00, 0x00, 0x00, 0x00,
  0x00, 0x00, 0x00, 0x00, 0x00, 0x00, 0x00, 0x00, 0x00, 0x00, 0x00, 0x00,
  0x00, 0x00, 0x00, 0x00, 0x00, 0x00, 0x00, 0x00, 0x00, 0x00, 0x00, 0x00,
  0x00, 0x00, 0x00, 0x00, 0x00, 0x00, 0x00, 0x00, 0x00, 0x00, 0x00, 0x00,
  0x00, 0x00, 0x00, 0x00, 0x00, 0x00, 0x00, 0x00, 0x00, 0x00, 0x00, 0x00,
  0x00, 0x00, 0x00, 0x00, 0x00, 0x00, 0x00, 0x00, 0x00, 0x00, 0x00, 0x00,
  0x00, 0x00, 0x00, 0x00, 0x00, 0x00, 0x00, 0x00, 0x00, 0x00, 0x00, 0x00,
  0x00, 0x00, 0x00, 0x00, 0x00, 0x00, 0x00, 0x00, 0x00, 0x00, 0x00, 0x00,
  0x00, 0x00, 0x00, 0x00, 0x00, 0x00, 0x00, 0x00, 0x00, 0x00, 0x00, 0x00,
  0x00, 0x00, 0x00, 0x00, 0x00, 0x00, 0x00, 0x00, 0x00, 0x00, 0x00, 0x00,
  0x00, 0x00, 0x00, 0x00, 0x00, 0x00, 0x00, 0x00, 0x00, 0x00, 0x00, 0x00,
  0x00, 0x00, 0x00, 0x00, 0x00, 0x00, 0x00, 0x00, 0x00, 0x00, 0x00, 0x00,
  0x00, 0x00, 0x00, 0x00, 0x00, 0x00, 0x00, 0x00, 0x00, 0x00, 0x00, 0x00,
  0x00, 0x00, 0x00, 0x00, 0x00, 0x00, 0x00, 0x00, 0x00, 0x00, 0x00, 0x00,
  0x00, 0x00, 0x00, 0x00, 0x00, 0x00, 0x00, 0x00, 0x00, 0x00, 0x00, 0x00,
  0x00, 0x00, 0x00, 0x00, 0x00, 0x00, 0x00, 0x00, 0x00, 0x00, 0x00, 0x00,
  0x00, 0x00, 0x00, 0x00, 0x00, 0x00, 0x00, 0x00, 0x00, 0x00, 0x00, 0x00,
  0x00, 0x00, 0x00, 0x00, 0x00, 0x00, 0x00, 0x00, 0x00, 0x00, 0x00, 0x00,
  0x00, 0x00, 0x00, 0x00, 0x00, 0x00, 0x00, 0x00, 0x00, 0x00, 0x00, 0x00,
  0x00, 0x00, 0x00, 0x00, 0x00, 0x00, 0x00, 0x00, 0x00, 0x00, 0x00, 0x00,
  0x00, 0x00, 0x00, 0x00, 0x00, 0x00, 0x00, 0x00, 0x00, 0x00, 0x00, 0x00,
  0x00, 0x00, 0x00, 0x00, 0x00, 0x00, 0x00, 0x00, 0x00, 0x00, 0x00, 0x00,
  0x00, 0x00, 0x00, 0x00, 0x00, 0x00, 0x00, 0x00, 0x00, 0x00, 0x00, 0x00,
  0x00, 0x00, 0x00, 0x00, 0x00, 0x00, 0x00, 0x00, 0x00, 0x00, 0x00, 0x00,
  0x00, 0x00, 0x00, 0x00, 0x00, 0x00, 0x00, 0x00, 0x00, 0x00, 0x00, 0x00,
  0x00, 0x00, 0x00, 0x00, 0x00, 0x00, 0x00, 0x00, 0x00, 0x00, 0x00, 0x00,
  0x00, 0x00, 0x00, 0x00, 0x00, 0x00, 0x00, 0x00, 0x00, 0x00, 0x00, 0x00,
  0x00, 0x00, 0x00, 0x00, 0x00, 0x00, 0x00, 0x00, 0x00, 0x00, 0x00, 0x00,
  0x00, 0x00, 0x00, 0x00, 0x00, 0x00, 0x00, 0x00, 0x00, 0x00, 0x00, 0x00,
  0x00, 0x00, 0x00, 0x00, 0x00, 0x00, 0x00, 0x00, 0x00, 0x00, 0x00, 0x00,
  0x00, 0x00, 0x00, 0x00, 0x00, 0x00, 0x00, 0x00, 0x00, 0x00, 0x00, 0x00,
  0x00, 0x00, 0x00, 0x00, 0x00, 0x00, 0x00, 0x00, 0x00, 0x00, 0x00, 0x00,
  0x00, 0x00, 0x00, 0x00, 0x00, 0x00, 0x00, 0x00, 0x00, 0x00, 0x00, 0x00,
  0x00, 0x00, 0x00, 0x00, 0x00, 0x00, 0x00, 0x00, 0x00, 0x00, 0x00, 0x00,
  0x00, 0x00, 0x00, 0x00, 0x00, 0x00, 0x00, 0x00, 0x00, 0x00, 0x00, 0x00,
  0x00, 0x00, 0x00, 0x00, 0x00, 0x00, 0x00, 0x00, 0x00, 0x00, 0x00, 0x00,
  0x00, 0x00, 0x00, 0x00, 0x00, 0x00, 0x00, 0x00, 0x00, 0x00, 0x00, 0x00,
  0x00, 0x00, 0x00, 0x00, 0x00, 0x00, 0x00, 0x00, 0x00, 0x00, 0x00, 0x00,
  0x00, 0x00, 0x00, 0x00, 0x00, 0x00, 0x00, 0x00, 0x00, 0x00, 0x00, 0x00,
  0x00, 0x00, 0x00, 0x00, 0x00, 0x00, 0x00, 0x00, 0x00, 0x00, 0x00, 0x00,
  0x00, 0x00, 0x00, 0x00, 0x00, 0x00, 0x00, 0x00, 0x00, 0x00, 0x00, 0x00,
  0x00, 0x00, 0x00, 0x00, 0x00, 0x00, 0x00, 0x00, 0x00, 0x00, 0x00, 0x00,
  0x00, 0x00, 0x00, 0x00, 0x00, 0x00, 0x00, 0x00, 0x00, 0x00, 0x00, 0x00,
  0x00, 0x00, 0x00, 0x00, 0x00, 0x00, 0x00, 0x00, 0x00, 0x00, 0x00, 0x00,
  0x00, 0x00, 0x00, 0x00, 0x00, 0x00, 0x00, 0x00, 0x00, 0x00, 0x00, 0x00,
  0x00, 0x00, 0x00, 0x00, 0x00, 0x00, 0x00, 0x00, 0x00, 0x00, 0x00, 0x00,
  0x00, 0x00, 0x00, 0x00, 0x00, 0x00, 0x00, 0x00, 0x00, 0x00, 0x00, 0x00,
  0x00, 0x00, 0x00, 0x00, 0x00, 0x00, 0x00, 0x00, 0x00, 0x00, 0x00, 0x00,
  0x00, 0x00, 0x00, 0x00, 0x00, 0x00, 0x00, 0x00, 0x00, 0x00, 0x00, 0x00,
  0x00, 0x00, 0x00, 0x00, 0x00, 0x00, 0x00, 0x00, 0x00, 0x00, 0x00, 0x00,
  0x00, 0x00, 0x00, 0x00, 0x00, 0x00, 0x00, 0x00, 0x00, 0x00, 0x00, 0x00,
  0x00, 0x00, 0x00, 0x00, 0x00, 0x00, 0x00, 0x00, 0x00, 0x00, 0x00, 0x00,
  0x00, 0x00, 0x00, 0x00, 0x00, 0x00, 0x00, 0x00, 0x00, 0x00, 0x00, 0x00,
  0x00, 0x00, 0x00, 0x00, 0x00, 0x00, 0x00, 0x00, 0x00, 0x00, 0x00, 0x00,
  0x00, 0x00, 0x00, 0x00, 0x00, 0x00, 0x00, 0x00, 0x00, 0x00, 0x00, 0x00,
  0x00, 0x00, 0x00, 0x00, 0x00, 0x00, 0x00, 0x00, 0x00, 0x00, 0x00, 0x00,
  0x00, 0x00, 0x00, 0x00, 0x00, 0x00, 0x00, 0x00, 0x00, 0x00, 0x00, 0x00,
  0x00, 0x00, 0x00, 0x00, 0x00, 0x00, 0x00, 0x00, 0x00, 0x00, 0x00, 0x00,
  0x00, 0x00, 0x00, 0x00, 0x00, 0x00, 0x00, 0x00, 0x00, 0x00, 0x00, 0x00,
  0x00, 0x00, 0x00, 0x00, 0x00, 0x00, 0x00, 0x00, 0x00, 0x00, 0x00, 0x00,
  0x00, 0x00, 0x00, 0x00, 0x00, 0x00, 0x00, 0x00, 0x00, 0x00, 0x00, 0x00,
  0x00, 0x00, 0x00, 0x00, 0x00, 0x00, 0x00, 0x00, 0x00, 0x00, 0x00, 0x00,
  0x00, 0x00, 0x00, 0x00, 0x00, 0x00, 0x00, 0x00, 0x00, 0x00, 0x00, 0x00,
  0x00, 0x00, 0x00, 0x00, 0x00, 0x00, 0x00, 0x00, 0x00, 0x00, 0x00, 0x00,
  0x00, 0x00, 0x00, 0x00, 0x00, 0x00, 0x00, 0x00, 0x00, 0x00, 0x00, 0x00,
  0x00, 0x00, 0x00, 0x00, 0x00, 0x00, 0x00, 0x00, 0x00, 0x00, 0x00, 0x00,
  0x00, 0x00, 0x00, 0x00, 0x00, 0x00, 0x00, 0x00, 0x00, 0x00, 0x00, 0x00,
  0x00, 0x00, 0x00, 0x00, 0x00, 0x00, 0x00, 0x00, 0x00, 0x00, 0x00, 0x00,
  0x00, 0x00, 0x00, 0x00, 0x00, 0x00, 0x00, 0x00, 0x00, 0x00, 0x00, 0x00,
  0x00, 0x00, 0x00, 0x00, 0x00, 0x00, 0x00, 0x00, 0x00, 0x00, 0x00, 0x00,
  0x00, 0x00, 0x00, 0x00, 0x00, 0x00, 0x00, 0x00, 0x00, 0x00, 0x00, 0x00,
  0x00, 0x00, 0x00, 0x00, 0x00, 0x00, 0x00, 0x00, 0x00, 0x00, 0x00, 0x00,
  0x00, 0x00, 0x00, 0x00, 0x00, 0x00, 0x00, 0x00, 0x00, 0x00, 0x00, 0x00,
  0x00, 0x00, 0x00, 0x00, 0x00, 0x00, 0x00, 0x00, 0x00, 0x00, 0x00, 0x00,
  0x00, 0x00, 0x00, 0x00, 0x00, 0x00, 0x00, 0x00, 0x00, 0x00, 0x00, 0x00,
  0x00, 0x00, 0x00, 0x00, 0x00, 0x00, 0x00, 0x00, 0x00, 0x00, 0x00, 0x00,
  0x00, 0x00, 0x00, 0x00, 0x00, 0x00, 0x00, 0x00, 0x00, 0x00, 0x00, 0x00,
  0x00, 0x00, 0x00, 0x00, 0x00, 0x00, 0x00, 0x00, 0x00, 0x00, 0x00, 0x00,
  0x00, 0x00, 0x00, 0x00, 0x00, 0x00, 0x00, 0x00, 0x00, 0x00, 0x00, 0x00,
  0x00, 0x00, 0x00, 0x00, 0x00, 0x00, 0x00, 0x00, 0x00, 0x00, 0x00, 0x00,
  0x00, 0x00, 0x00, 0x00, 0x00, 0x00, 0x00, 0x00, 0x00, 0x00, 0x00, 0x00,
  0x00, 0x00, 0x00, 0x00, 0x00, 0x00, 0x00, 0x00, 0x00, 0x00, 0x00, 0x00,
  0x00, 0x00, 0x00, 0x00, 0x00, 0x00, 0x00, 0x00, 0x00, 0x00, 0x00, 0x00,
  0x00, 0x00, 0x00, 0x00, 0x00, 0x00, 0x00, 0x00, 0x00, 0x00, 0x00, 0x00,
  0x00, 0x00, 0x00, 0x00, 0x00, 0x00, 0x00, 0x00, 0x00, 0x00, 0x00, 0x00,
  0x00, 0x00, 0x00, 0x00, 0x00, 0x00, 0x00, 0x00, 0x00, 0x00, 0x00, 0x00,
  0x00, 0x00, 0x00, 0x00, 0x00, 0x00, 0x00, 0x00, 0x00, 0x00, 0x00, 0x00,
  0x00, 0x00, 0x00, 0x00, 0x00, 0x00, 0x00, 0x00, 0x00, 0x00, 0x00, 0x00,
  0x00, 0x00, 0x00, 0x00, 0x00, 0x00, 0x00, 0x00, 0x00, 0x00, 0x00, 0x00,
  0x00, 0x00, 0x00, 0x00, 0x00, 0x00, 0x00, 0x00, 0x00, 0x00, 0x00, 0x00,
  0x00, 0x00, 0x00, 0x00, 0x00, 0x00, 0x00, 0x00, 0x00, 0x00, 0x00, 0x00,
  0x00, 0x00, 0x00, 0x00, 0x00, 0x00, 0x00, 0x00, 0x00, 0x00, 0x00, 0x00,
  0x00, 0x00, 0x00, 0x00, 0x00, 0x00, 0x00, 0x00, 0x00, 0x00, 0x00, 0x00,
  0x00, 0x00, 0x00, 0x00, 0x00, 0x00, 0x00, 0x00, 0x00, 0x00, 0x00, 0x00,
  0x00, 0x00, 0x00, 0x00, 0x00, 0x00, 0x00, 0x00, 0x00, 0x00, 0x00, 0x00,
  0x00, 0x00, 0x00, 0x00, 0x00, 0x00, 0x00, 0x00, 0x00, 0x00, 0x00, 0x00,
  0x00, 0x00, 0x00, 0x00, 0x00, 0x00, 0x00, 0x00, 0x00, 0x00, 0x00, 0x00,
  0x00, 0x00, 0x00, 0x00, 0x00, 0x00, 0x00, 0x00, 0x00, 0x00, 0x00, 0x00,
  0x00, 0x00, 0x00, 0x00, 0x00, 0x00, 0x00, 0x00, 0x00, 0x00, 0x00, 0x00,
  0x00, 0x00, 0x00, 0x00, 0x00, 0x00, 0x00, 0x00, 0x00, 0x00, 0x00, 0x00,
  0x00, 0x00, 0x00, 0x00, 0x00, 0x00, 0x00, 0x00, 0x00, 0x00, 0x00, 0x00,
  0x00, 0x00, 0x00, 0x00, 0x00, 0x00, 0x00, 0x00, 0x00, 0x00, 0x00, 0x00,
  0xf5, 0xfe, 0xff, 0x6f, 0x00, 0x00, 0x00, 0x00, 0xf0, 0x01, 0x00, 0x00,
  0x00, 0x00, 0x00, 0x00, 0x05, 0x00, 0x00, 0x00, 0x00, 0x00, 0x00, 0x00,
  0xf8, 0x03, 0x00, 0x00, 0x00, 0x00, 0x00, 0x00, 0x06, 0x00, 0x00, 0x00,
  0x00, 0x00, 0x00, 0x00, 0x18, 0x02, 0x00, 0x00, 0x00, 0x00, 0x00, 0x00,
  0x0a, 0x00, 0x00, 0x00, 0x00, 0x00, 0x00, 0x00, 0xda, 0x00, 0x00, 0x00,
  0x00, 0x00, 0x00, 0x00, 0x0b, 0x00, 0x00, 0x00, 0x00, 0x00, 0x00, 0x00,
  0x18, 0x00, 0x00, 0x00, 0x00, 0x00, 0x00, 0x00, 0x07, 0x00, 0x00, 0x00,
  0x00, 0x00, 0x00, 0x00, 0xd8, 0x04, 0x00, 0x00, 0x00, 0x00, 0x00, 0x00,
  0x08, 0x00, 0x00, 0x00, 0x00, 0x00, 0x00, 0x00, 0x10, 0x0e, 0x00, 0x00,
  0x00, 0x00, 0x00, 0x00, 0x09, 0x00, 0x00, 0x00, 0x00, 0x00, 0x00, 0x00,
  0x18, 0x00, 0x00, 0x00, 0x00, 0x00, 0x00, 0x00, 0x16, 0x00, 0x00, 0x00,
  0x00, 0x00, 0x00, 0x00, 0x00, 0x00, 0x00, 0x00, 0x00, 0x00, 0x00, 0x00,
  0x1e, 0x00, 0x00, 0x00, 0x00, 0x00, 0x00, 0x00, 0x04, 0x00, 0x00, 0x00,
  0x00, 0x00, 0x00, 0x00, 0xf9, 0xff, 0xff, 0x6f, 0x00, 0x00, 0x00, 0x00,
  0x46, 0x00, 0x00, 0x00, 0x00, 0x00, 0x00, 0x00, 0x00, 0x00, 0x00, 0x00,
  0x00, 0x00, 0x00, 0x00, 0x00, 0x00, 0x00, 0x00, 0x00, 0x00, 0x00, 0x00,
  0x00, 0x00, 0x00, 0x00, 0x00, 0x00, 0x00, 0x00, 0x00, 0x00, 0x00, 0x00,
  0x00, 0x00, 0x00, 0x00, 0x00, 0x00, 0x00, 0x00, 0x00, 0x00, 0x00, 0x00,
  0x00, 0x00, 0x00, 0x00, 0x00, 0x00, 0x00, 0x00, 0x00, 0x00, 0x00, 0x00,
  0x00, 0x00, 0x00, 0x00, 0x00, 0x00, 0x00, 0x00, 0x00, 0x00, 0x00, 0x00,
  0x00, 0x00, 0x00, 0x00, 0x00, 0x00, 0x00, 0x00, 0x00, 0x00, 0x00, 0x00,
  0x00, 0x00, 0x00, 0x00, 0x2c, 0x00, 0x00, 0x00, 0x02, 0x00, 0x00, 0x00,
  0x00, 0x00, 0x08, 0x00, 0x00, 0x00, 0x00, 0x00, 0x00, 0x20, 0x00, 0x00,
  0x00, 0x00, 0x00, 0x00, 0x98, 0x21, 0x00, 0x00, 0x00, 0x00, 0x00, 0x00,
  0x00, 0x00, 0x00, 0x00, 0x00, 0x00, 0x00, 0x00, 0x00, 0x00, 0x00, 0x00,
  0x00, 0x00, 0x00, 0x00, 0x87, 0x00, 0x00, 0x00, 0x02, 0x00, 0x00, 0x00,
  0x00, 0x00, 0x08, 0x01, 0x00, 0x00, 0x00, 0x00, 0x00, 0x20, 0x00, 0x00,
  0x00, 0x00, 0x00, 0x00, 0x98, 0x41, 0x00, 0x00, 0x00, 0x00, 0x00, 0x00,
  0x6b, 0x65, 0x6c, 0x66, 0x2e, 0x61, 0x73, 0x6d, 0x00, 0x2f, 0x68, 0x6f,
  0x6d, 0x65, 0x2f, 0x75, 0x73, 0x65, 0x72, 0x2f, 0x70, 0x6c, 0x61, 0x79,
  0x73, 0x74, 0x61, 0x74, 0x69, 0x6f, 0x6e, 0x5f, 0x72, 0x65, 0x73, 0x65,
  0x61, 0x72, 0x63, 0x68, 0x5f, 0x75, 0x74, 0x69, 0x6c, 0x73, 0x2f, 0x70,
  0x73, 0x35, 0x5f, 0x6b, 0x65, 0x72, 0x6e, 0x65, 0x6c, 0x5f, 0x72, 0x65,
  0x73, 0x65, 0x61, 0x72, 0x63, 0x68, 0x2f, 0x6b, 0x73, 0x74, 0x75, 0x66,
  0x66, 0x2d, 0x6e, 0x6f, 0x2d, 0x66, 0x70, 0x6b, 0x67, 0x2f, 0x70, 0x73,
  0x35, 0x2d, 0x6b, 0x73, 0x74, 0x75, 0x66, 0x66, 0x2f, 0x00, 0x79, 0x61,
  0x73, 0x6d, 0x20, 0x31, 0x2e, 0x33, 0x2e, 0x30, 0x00, 0x01, 0x80, 0x01,
  0x11, 0x00, 0x10, 0x06, 0x11, 0x01, 0x12, 0x01, 0x03, 0x08, 0x1b, 0x08,
  0x25, 0x08, 0x13, 0x05, 0x00, 0x00, 0x00, 0x12, 0x02, 0x00, 0x00, 0x02,
  0x00, 0x2e, 0x00, 0x00, 0x00, 0x01, 0x01, 0xfb, 0x0e, 0x0d, 0x00, 0x01,
  0x01, 0x01, 0x01, 0x00, 0x00, 0x00, 0x01, 0x00, 0x00, 0x01, 0x00, 0x6b,
  0x65, 0x6c, 0x66, 0x2e, 0x61, 0x73, 0x6d, 0x00, 0x00, 0x00, 0x00, 0x73,
  0x74, 0x72, 0x75, 0x63, 0x74, 0x73, 0x2e, 0x69, 0x6e, 0x63, 0x00, 0x00,
  0x00, 0x00, 0x00, 0x00, 0x09, 0x02, 0x00, 0x20, 0x00, 0x00, 0x00, 0x00,
  0x00, 0x00, 0x03, 0x8b, 0x01, 0x01, 0x83, 0x83, 0x83, 0x86, 0x84, 0x02,
  0xe0, 0x01, 0x13, 0x83, 0x83, 0x83, 0x83, 0x84, 0x84, 0x08, 0xe5, 0x83,
  0x83, 0x83, 0x83, 0x83, 0x4c, 0x83, 0x4b, 0x83, 0x83, 0x83, 0x83, 0x83,
  0x83, 0x84, 0x83, 0x83, 0x83, 0x83, 0x83, 0x84, 0x02, 0x80, 0x01, 0x14,
  0x02, 0xe8, 0x01, 0x13, 0x83, 0x83, 0x83, 0x83, 0x85, 0x82, 0x82, 0x82,
  0x82, 0x82, 0x02, 0xc8, 0x01, 0x01, 0x82, 0x82, 0x82, 0x82, 0x83, 0x82,
  0x82, 0x82, 0x82, 0x82, 0x02, 0xc8, 0x01, 0x01, 0x82, 0x82, 0x82, 0x82,
  0x8a, 0x82, 0x82, 0x82, 0x82, 0x82, 0x02, 0xc8, 0x01, 0x01, 0x82, 0x82,
  0x82, 0x82, 0x83, 0x83, 0x83, 0x83, 0x83, 0x83, 0x03, 0x17, 0x82, 0x84,
  0x02, 0xe8, 0x01, 0x13, 0x83, 0x83, 0x83, 0x83, 0x84, 0x08, 0xe5, 0x83,
  0x83, 0x83, 0x83, 0x83, 0x4c, 0x83, 0x4b, 0x83, 0x83, 0x83, 0x83, 0x83,
  0x83, 0x84, 0x83, 0x83, 0x83, 0x83, 0x83, 0x84, 0x02, 0x80, 0x01, 0x14,
  0x02, 0xe8, 0x01, 0x13, 0x83, 0x83, 0x83, 0x83, 0x85, 0x82, 0x82, 0x82,
  0x82, 0x82, 0x02, 0xc8, 0x01, 0x01, 0x82, 0x82, 0x82, 0x82, 0x83, 0x82,
  0x82, 0x82, 0x82, 0x82, 0x02, 0xc8, 0x01, 0x01, 0x82, 0x82, 0x82, 0x82,
  0x83, 0x82, 0x82, 0x82, 0x82, 0x82, 0x02, 0xc8, 0x01, 0x01, 0x82, 0x82,
  0x82, 0x82, 0x83, 0x83, 0x83, 0x83, 0x83, 0x83, 0x85, 0x82, 0x82, 0x82,
  0x82, 0x82, 0x02, 0xc8, 0x01, 0x01, 0x82, 0x82, 0x82, 0x82, 0x82, 0x83,
  0x83, 0x83, 0x83, 0x83, 0x83, 0x85, 0x84, 0x02, 0x28, 0x14, 0x02, 0xc0,
  0x01, 0x13, 0x83, 0x83, 0x83, 0x83, 0x84, 0x02, 0x80, 0x01, 0x14, 0x02,
  0xe8, 0x01, 0x13, 0x83, 0x83, 0x83, 0x83, 0x85, 0x82, 0x82, 0x82, 0x82,
  0x82, 0x02, 0xc8, 0x01, 0x01, 0x82, 0x82, 0x82, 0x82, 0x83, 0x82, 0x82,
  0x82, 0x82, 0x82, 0x02, 0xc8, 0x01, 0x01, 0x82, 0x82, 0x82, 0x82, 0x83,
  0x82, 0x82, 0x82, 0x82, 0x82, 0x02, 0xc8, 0x01, 0x01, 0x82, 0x82, 0x82,
  0x82, 0x82, 0x83, 0x83, 0x83, 0x83, 0x83, 0x83, 0x83, 0x83, 0x83, 0x85,
  0x84, 0x02, 0x28, 0x14, 0x02, 0xc0, 0x01, 0x13, 0x83, 0x83, 0x83, 0x83,
  0x85, 0x82, 0x82, 0x82, 0x82, 0x82, 0x02, 0xc8, 0x01, 0x01, 0x82, 0x82,
  0x82, 0x82, 0x82, 0x83, 0x84, 0x85, 0x84, 0x84, 0x84, 0x83, 0x02, 0xc0,
  0x01, 0x13, 0x83, 0x83, 0x83, 0x83, 0x84, 0x83, 0x83, 0x83, 0x83, 0x84,
  0x84, 0x02, 0x30, 0x14, 0x02, 0xb8, 0x01, 0x13, 0x83, 0x83, 0x83, 0x83,
  0x84, 0x82, 0x82, 0x82, 0x82, 0x82, 0x02, 0xc8, 0x01, 0x01, 0x82, 0x82,
  0x82, 0x82, 0x82, 0x83, 0x82, 0x82, 0x82, 0x82, 0x82, 0x02, 0xc8, 0x01,
  0x01, 0x82, 0x82, 0x82, 0x82, 0x82, 0x83, 0x83, 0x83, 0x84, 0x83, 0x83,
  0x83, 0x83, 0x83, 0x84, 0x83, 0x84, 0x02, 0x28, 0x14, 0x02, 0xc0, 0x01,
  0x13, 0x83, 0x83, 0x83, 0x83, 0x85, 0x82, 0x82, 0x82, 0x82, 0x82, 0x02,
  0xc8, 0x01, 0x01, 0x82, 0x82, 0x82, 0x82, 0x82, 0x83, 0x83, 0x83, 0x83,
  0x83, 0x83, 0x83, 0x4c, 0x83, 0x4b, 0x83, 0x83, 0x83, 0x83, 0x83, 0x83,
  0x84, 0x82, 0x82, 0x82, 0x82, 0x82, 0x02, 0xc8, 0x01, 0x01, 0x82, 0x82,
  0x82, 0x82, 0x83, 0x84, 0x02, 0x90, 0x02, 0x15, 0x02, 0x28, 0x00, 0x01,
  0x01, 0x00, 0x00, 0x00, 0x00, 0x00, 0x00, 0x00, 0x00, 0x00, 0x00, 0x00,
  0x00, 0x00, 0x00, 0x00, 0x00, 0x00, 0x00, 0x00, 0x00, 0x00, 0x00, 0x00,
  0x00, 0x00, 0x00, 0x00, 0x01, 0x00, 0x00, 0x00, 0x04, 0x00, 0xf1, 0xff,
  0x00, 0x00, 0x00, 0x00, 0x00, 0x00, 0x00, 0x00, 0x00, 0x00, 0x00, 0x00,
  0x00, 0x00, 0x00, 0x00, 0x0a, 0x00, 0x00, 0x00, 0x00, 0x00, 0x06, 0x00,
  0x50, 0x40, 0x00, 0x00, 0x00, 0x00, 0x00, 0x00, 0x00, 0x00, 0x00, 0x00,
  0x00, 0x00, 0x00, 0x00, 0x1c, 0x00, 0x00, 0x00, 0x00, 0x00, 0x06, 0x00,
  0x40, 0x3f, 0x00, 0x00, 0x00, 0x00, 0x00, 0x00, 0x00, 0x00, 0x00, 0x00,
  0x00, 0x00, 0x00, 0x00, 0x3c, 0x00, 0x00, 0x00, 0x00, 0x00, 0x06, 0x00,
  0xc0, 0x3e, 0x00, 0x00, 0x00, 0x00, 0x00, 0x00, 0x00, 0x00, 0x00, 0x00,
  0x00, 0x00, 0x00, 0x00, 0x4e, 0x00, 0x00, 0x00, 0x00, 0x00, 0x06, 0x00,
  0xa8, 0x3d, 0x00, 0x00, 0x00, 0x00, 0x00, 0x00, 0x00, 0x00, 0x00, 0x00,
  0x00, 0x00, 0x00, 0x00, 0x5f, 0x00, 0x00, 0x00, 0x00, 0x00, 0x06, 0x00,
  0x98, 0x3c, 0x00, 0x00, 0x00, 0x00, 0x00, 0x00, 0x00, 0x00, 0x00, 0x00,
  0x00, 0x00, 0x00, 0x00, 0x7c, 0x00, 0x00, 0x00, 0x00, 0x00, 0x06, 0x00,
  0xc0, 0x3c, 0x00, 0x00, 0x00, 0x00, 0x00, 0x00, 0x00, 0x00, 0x00, 0x00,
  0x00, 0x00, 0x00, 0x00, 0x92, 0x00, 0x00, 0x00, 0x00, 0x00, 0x06, 0x00,
  0x38, 0x3c, 0x00, 0x00, 0x00, 0x00, 0x00, 0x00, 0x00, 0x00, 0x00, 0x00,
  0x00, 0x00, 0x00, 0x00, 0xa4, 0x00, 0x00, 0x00, 0x00, 0x00, 0x06, 0x00,
  0x18, 0x3b, 0x00, 0x00, 0x00, 0x00, 0x00, 0x00, 0x00, 0x00, 0x00, 0x00,
  0x00, 0x00, 0x00, 0x00, 0xbb, 0x00, 0x00, 0x00, 0x00, 0x00, 0x06, 0x00,
  0x00, 0x3a, 0x00, 0x00, 0x00, 0x00, 0x00, 0x00, 0x00, 0x00, 0x00, 0x00,
  0x00, 0x00, 0x00, 0x00, 0xb6, 0x00, 0x00, 0x00, 0x00, 0x00, 0x06, 0x00,
  0xf0, 0x38, 0x00, 0x00, 0x00, 0x00, 0x00, 0x00, 0x00, 0x00, 0x00, 0x00,
  0x00, 0x00, 0x00, 0x00, 0xcb, 0x00, 0x00, 0x00, 0x00, 0x00, 0x06, 0x00,
  0xc0, 0x38, 0x00, 0x00, 0x00, 0x00, 0x00, 0x00, 0x00, 0x00, 0x00, 0x00,
  0x00, 0x00, 0x00, 0x00, 0xe8, 0x00, 0x00, 0x00, 0x00, 0x00, 0x06, 0x00,
  0xfc, 0x3e, 0x00, 0x00, 0x00, 0x00, 0x00, 0x00, 0x00, 0x00, 0x00, 0x00,
  0x00, 0x00, 0x00, 0x00, 0xfc, 0x00, 0x00, 0x00, 0x00, 0x00, 0x06, 0x00,
  0x20, 0x39, 0x00, 0x00, 0x00, 0x00, 0x00, 0x00, 0x00, 0x00, 0x00, 0x00,
  0x00, 0x00, 0x00, 0x00, 0x10, 0x01, 0x00, 0x00, 0x00, 0x00, 0x06, 0x00,
  0xa0, 0x37, 0x00, 0x00, 0x00, 0x00, 0x00, 0x00, 0x00, 0x00, 0x00, 0x00,
  0x00, 0x00, 0x00, 0x00, 0x22, 0x01, 0x00, 0x00, 0x00, 0x00, 0x06, 0x00,
  0x88, 0x36, 0x00, 0x00, 0x00, 0x00, 0x00, 0x00, 0x00, 0x00, 0x00, 0x00,
  0x00, 0x00, 0x00, 0x00, 0x38, 0x01, 0x00, 0x00, 0x00, 0x00, 0x06, 0x00,
  0x78, 0x35, 0x00, 0x00, 0x00, 0x00, 0x00, 0x00, 0x00, 0x00, 0x00, 0x00,
  0x00, 0x00, 0x00, 0x00, 0x53, 0x01, 0x00, 0x00, 0x00, 0x00, 0x06, 0x00,
  0xa0, 0x35, 0x00, 0x00, 0x00, 0x00, 0x00, 0x00, 0x00, 0x00, 0x00, 0x00,
  0x00, 0x00, 0x00, 0x00, 0x67, 0x01, 0x00, 0x00, 0x00, 0x00, 0x06, 0x00,
  0x20, 0x35, 0x00, 0x00, 0x00, 0x00, 0x00, 0x00, 0x00, 0x00, 0x00, 0x00,
  0x00, 0x00, 0x00, 0x00, 0x79, 0x01, 0x00, 0x00, 0x00, 0x00, 0x06, 0x00,
  0x00, 0x34, 0x00, 0x00, 0x00, 0x00, 0x00, 0x00, 0x00, 0x00, 0x00, 0x00,
  0x00, 0x00, 0x00, 0x00, 0x8b, 0x01, 0x00, 0x00, 0x00, 0x00, 0x06, 0x00,
  0xb8, 0x37, 0x00, 0x00, 0x00, 0x00, 0x00, 0x00, 0x00, 0x00, 0x00, 0x00,
  0x00, 0x00, 0x00, 0x00, 0x9d, 0x01, 0x00, 0x00, 0x00, 0x00, 0x06, 0x00,
  0xe8, 0x32, 0x00, 0x00, 0x00, 0x00, 0x00, 0x00, 0x00, 0x00, 0x00, 0x00,
  0x00, 0x00, 0x00, 0x00, 0x70, 0x00, 0x00, 0x00, 0x00, 0x00, 0x06, 0x00,
  0x58, 0x3c, 0x00, 0x00, 0x00, 0x00, 0x00, 0x00, 0x00, 0x00, 0x00, 0x00,
  0x00, 0x00, 0x00, 0x00, 0xd2, 0x01, 0x00, 0x00, 0x00, 0x00, 0x06, 0x00,
  0xd8, 0x31, 0x00, 0x00, 0x00, 0x00, 0x00, 0x00, 0x00, 0x00, 0x00, 0x00,
  0x00, 0x00, 0x00, 0x00, 0xaf, 0x01, 0x00, 0x00, 0x00, 0x00, 0x06, 0x00,
  0xc8, 0x30, 0x00, 0x00, 0x00, 0x00, 0x00, 0x00, 0x00, 0x00, 0x00, 0x00,
  0x00, 0x00, 0x00, 0x00, 0xc7, 0x01, 0x00, 0x00, 0x00, 0x00, 0x06, 0x00,
  0x38, 0x2f, 0x00, 0x00, 0x00, 0x00, 0x00, 0x00, 0x00, 0x00, 0x00, 0x00,
  0x00, 0x00, 0x00, 0x00, 0xe1, 0x01, 0x00, 0x00, 0x00, 0x00, 0x06, 0x00,
  0x60, 0x2f, 0x00, 0x00, 0x00, 0x00, 0x00, 0x00, 0x00, 0x00, 0x00, 0x00,
  0x00, 0x00, 0x00, 0x00, 0xf4, 0x01, 0x00, 0x00, 0x00, 0x00, 0x06, 0x00,
  0xf8, 0x2e, 0x00, 0x00, 0x00, 0x00, 0x00, 0x00, 0x00, 0x00, 0x00, 0x00,
  0x00, 0x00, 0x00, 0x00, 0x06, 0x02, 0x00, 0x00, 0x00, 0x00, 0x06, 0x00,
  0xa8, 0x2d, 0x00, 0x00, 0x00, 0x00, 0x00, 0x00, 0x00, 0x00, 0x00, 0x00,
  0x00, 0x00, 0x00, 0x00, 0x18, 0x02, 0x00, 0x00, 0x00, 0x00, 0x06, 0x00,
  0x90, 0x2c, 0x00, 0x00, 0x00, 0x00, 0x00, 0x00, 0x00, 0x00, 0x00, 0x00,
  0x00, 0x00, 0x00, 0x00, 0x2a, 0x02, 0x00, 0x00, 0x00, 0x00, 0x06, 0x00,
  0x78, 0x2b, 0x00, 0x00, 0x00, 0x00, 0x00, 0x00, 0x00, 0x00, 0x00, 0x00,
  0x00, 0x00, 0x00, 0x00, 0x3c, 0x02, 0x00, 0x00, 0x00, 0x00, 0x06, 0x00,
  0x68, 0x2a, 0x00, 0x00, 0x00, 0x00, 0x00, 0x00, 0x00, 0x00, 0x00, 0x00,
  0x00, 0x00, 0x00, 0x00, 0x49, 0x02, 0x00, 0x00, 0x00, 0x00, 0x06, 0x00,
  0x58, 0x29, 0x00, 0x00, 0x00, 0x00, 0x00, 0x00, 0x00, 0x00, 0x00, 0x00,
  0x00, 0x00, 0x00, 0x00, 0x5b, 0x02, 0x00, 0x00, 0x00, 0x00, 0x06, 0x00,
  0xa8, 0x28, 0x00, 0x00, 0x00, 0x00, 0x00, 0x00, 0x00, 0x00, 0x00, 0x00,
  0x00, 0x00, 0x00, 0x00, 0x6f, 0x02, 0x00, 0x00, 0x00, 0x00, 0x06, 0x00,
  0x64, 0x28, 0x00, 0x00, 0x00, 0x00, 0x00, 0x00, 0x00, 0x00, 0x00, 0x00,
  0x00, 0x00, 0x00, 0x00, 0x83, 0x02, 0x00, 0x00, 0x00, 0x00, 0x06, 0x00,
  0x18, 0x28, 0x00, 0x00, 0x00, 0x00, 0x00, 0x00, 0x00, 0x00, 0x00, 0x00,
  0x00, 0x00, 0x00, 0x00, 0x95, 0x02, 0x00, 0x00, 0x00, 0x00, 0x06, 0x00,
  0xe0, 0x2d, 0x00, 0x00, 0x00, 0x00, 0x00, 0x00, 0x00, 0x00, 0x00, 0x00,
  0x00, 0x00, 0x00, 0x00, 0x9a, 0x02, 0x00, 0x00, 0x00, 0x00, 0x06, 0x00,
  0xc8, 0x26, 0x00, 0x00, 0x00, 0x00, 0x00, 0x00, 0x00, 0x00, 0x00, 0x00,
  0x00, 0x00, 0x00, 0x00, 0xac, 0x02, 0x00, 0x00, 0x00, 0x00, 0x06, 0x00,
  0x70, 0x41, 0x00, 0x00, 0x00, 0x00, 0x00, 0x00, 0x00, 0x00, 0x00, 0x00,
  0x00, 0x00, 0x00, 0x00, 0xbb, 0x02, 0x00, 0x00, 0x00, 0x00, 0x06, 0x00,
  0xb0, 0x25, 0x00, 0x00, 0x00, 0x00, 0x00, 0x00, 0x00, 0x00, 0x00, 0x00,
  0x00, 0x00, 0x00, 0x00, 0xcd, 0x02, 0x00, 0x00, 0x00, 0x00, 0x06, 0x00,
  0x98, 0x24, 0x00, 0x00, 0x00, 0x00, 0x00, 0x00, 0x00, 0x00, 0x00, 0x00,
  0x00, 0x00, 0x00, 0x00, 0xdf, 0x02, 0x00, 0x00, 0x00, 0x00, 0x06, 0x00,
  0x60, 0x40, 0x00, 0x00, 0x00, 0x00, 0x00, 0x00, 0x00, 0x00, 0x00, 0x00,
  0x00, 0x00, 0x00, 0x00, 0x3e, 0x02, 0x00, 0x00, 0x00, 0x00, 0x06, 0x00,
  0x88, 0x23, 0x00, 0x00, 0x00, 0x00, 0x00, 0x00, 0x00, 0x00, 0x00, 0x00,
  0x00, 0x00, 0x00, 0x00, 0x4b, 0x02, 0x00, 0x00, 0x00, 0x00, 0x06, 0x00,
  0x78, 0x22, 0x00, 0x00, 0x00, 0x00, 0x00, 0x00, 0x00, 0x00, 0x00, 0x00,
  0x00, 0x00, 0x00, 0x00, 0x5d, 0x02, 0x00, 0x00, 0x00, 0x00, 0x06, 0x00,
  0xc8, 0x21, 0x00, 0x00, 0x00, 0x00, 0x00, 0x00, 0x00, 0x00, 0x00, 0x00,
  0x00, 0x00, 0x00, 0x00, 0x71, 0x02, 0x00, 0x00, 0x00, 0x00, 0x06, 0x00,
  0x84, 0x21, 0x00, 0x00, 0x00, 0x00, 0x00, 0x00, 0x00, 0x00, 0x00, 0x00,
  0x00, 0x00, 0x00, 0x00, 0x85, 0x02, 0x00, 0x00, 0x00, 0x00, 0x06, 0x00,
  0x38, 0x21, 0x00, 0x00, 0x00, 0x00, 0x00, 0x00, 0x00, 0x00, 0x00, 0x00,
  0x00, 0x00, 0x00, 0x00, 0xed, 0x02, 0x00, 0x00, 0x00, 0x00, 0x06, 0x00,
  0x20, 0x20, 0x00, 0x00, 0x00, 0x00, 0x00, 0x00, 0x00, 0x00, 0x00, 0x00,
  0x00, 0x00, 0x00, 0x00, 0xfc, 0x02, 0x00, 0x00, 0x00, 0x00, 0x06, 0x00,
  0x08, 0x27, 0x00, 0x00, 0x00, 0x00, 0x00, 0x00, 0x00, 0x00, 0x00, 0x00,
  0x00, 0x00, 0x00, 0x00, 0xfe, 0x02, 0x00, 0x00, 0x00, 0x00, 0x06, 0x00,
  0x28, 0x20, 0x00, 0x00, 0x00, 0x00, 0x00, 0x00, 0x00, 0x00, 0x00, 0x00,
  0x00, 0x00, 0x00, 0x00, 0x00, 0x00, 0x00, 0x00, 0x04, 0x00, 0xf1, 0xff,
  0x00, 0x00, 0x00, 0x00, 0x00, 0x00, 0x00, 0x00, 0x00, 0x00, 0x00, 0x00,
  0x00, 0x00, 0x00, 0x00, 0x0e, 0x03, 0x00, 0x00, 0x01, 0x00, 0x08, 0x00,
  0x00, 0x5f, 0x00, 0x00, 0x00, 0x00, 0x00, 0x00, 0x00, 0x00, 0x00, 0x00,
  0x00, 0x00, 0x00, 0x00, 0x17, 0x03, 0x00, 0x00, 0x10, 0x00, 0x00, 0x00,
  0x00, 0x00, 0x00, 0x00, 0x00, 0x00, 0x00, 0x00, 0x00, 0x00, 0x00, 0x00,
  0x00, 0x00, 0x00, 0x00, 0x26, 0x03, 0x00, 0x00, 0x10, 0x00, 0x00, 0x00,
  0x00, 0x00, 0x00, 0x00, 0x00, 0x00, 0x00, 0x00, 0x00, 0x00, 0x00, 0x00,
  0x00, 0x00, 0x00, 0x00, 0x8a, 0x02, 0x00, 0x00, 0x10, 0x00, 0x00, 0x00,
  0x00, 0x00, 0x00, 0x00, 0x00, 0x00, 0x00, 0x00, 0x00, 0x00, 0x00, 0x00,
  0x00, 0x00, 0x00, 0x00, 0x32, 0x03, 0x00, 0x00, 0x10, 0x00, 0x00, 0x00,
  0x00, 0x00, 0x00, 0x00, 0x00, 0x00, 0x00, 0x00, 0x00, 0x00, 0x00, 0x00,
  0x00, 0x00, 0x00, 0x00, 0x3d, 0x03, 0x00, 0x00, 0x10, 0x00, 0x00, 0x00,
  0x00, 0x00, 0x00, 0x00, 0x00, 0x00, 0x00, 0x00, 0x00, 0x00, 0x00, 0x00,
  0x00, 0x00, 0x00, 0x00, 0x47, 0x03, 0x00, 0x00, 0x10, 0x00, 0x00, 0x00,
  0x00, 0x00, 0x00, 0x00, 0x00, 0x00, 0x00, 0x00, 0x00, 0x00, 0x00, 0x00,
  0x00, 0x00, 0x00, 0x00, 0x56, 0x03, 0x00, 0x00, 0x10, 0x00, 0x00, 0x00,
  0x00, 0x00, 0x00, 0x00, 0x00, 0x00, 0x00, 0x00, 0x00, 0x00, 0x00, 0x00,
  0x00, 0x00, 0x00, 0x00, 0x68, 0x03, 0x00, 0x00, 0x10, 0x00, 0x00, 0x00,
  0x00, 0x00, 0x00, 0x00, 0x00, 0x00, 0x00, 0x00, 0x00, 0x00, 0x00, 0x00,
  0x00, 0x00, 0x00, 0x00, 0x75, 0x03, 0x00, 0x00, 0x10, 0x00, 0x00, 0x00,
  0x00, 0x00, 0x00, 0x00, 0x00, 0x00, 0x00, 0x00, 0x00, 0x00, 0x00, 0x00,
  0x00, 0x00, 0x00, 0x00, 0x80, 0x03, 0x00, 0x00, 0x10, 0x00, 0x00, 0x00,
  0x00, 0x00, 0x00, 0x00, 0x00, 0x00, 0x00, 0x00, 0x00, 0x00, 0x00, 0x00,
  0x00, 0x00, 0x00, 0x00, 0x89, 0x03, 0x00, 0x00, 0x10, 0x00, 0x06, 0x00,
  0x00, 0x20, 0x00, 0x00, 0x00, 0x00, 0x00, 0x00, 0x00, 0x00, 0x00, 0x00,
  0x00, 0x00, 0x00, 0x00, 0x90, 0x03, 0x00, 0x00, 0x10, 0x00, 0x00, 0x00,
  0x00, 0x00, 0x00, 0x00, 0x00, 0x00, 0x00, 0x00, 0x00, 0x00, 0x00, 0x00,
  0x00, 0x00, 0x00, 0x00, 0x5b, 0x03, 0x00, 0x00, 0x10, 0x00, 0x00, 0x00,
  0x00, 0x00, 0x00, 0x00, 0x00, 0x00, 0x00, 0x00, 0x00, 0x00, 0x00, 0x00,
  0x00, 0x00, 0x00, 0x00, 0x9c, 0x03, 0x00, 0x00, 0x10, 0x00, 0x00, 0x00,
  0x00, 0x00, 0x00, 0x00, 0x00, 0x00, 0x00, 0x00, 0x00, 0x00, 0x00, 0x00,
  0x00, 0x00, 0x00, 0x00, 0xa5, 0x03, 0x00, 0x00, 0x10, 0x00, 0x00, 0x00,
  0x00, 0x00, 0x00, 0x00, 0x00, 0x00, 0x00, 0x00, 0x00, 0x00, 0x00, 0x00,
  0x00, 0x00, 0x00, 0x00, 0xb6, 0x03, 0x00, 0x00, 0x10, 0x00, 0x00, 0x00,
  0x00, 0x00, 0x00, 0x00, 0x00, 0x00, 0x00, 0x00, 0x00, 0x00, 0x00, 0x00,
  0x00, 0x00, 0x00, 0x00, 0xbb, 0x03, 0x00, 0x00, 0x10, 0x00, 0x00, 0x00,
  0x00, 0x00, 0x00, 0x00, 0x00, 0x00, 0x00, 0x00, 0x00, 0x00, 0x00, 0x00,
  0x00, 0x00, 0x00, 0x00, 0xc3, 0x03, 0x00, 0x00, 0x10, 0x00, 0x00, 0x00,
  0x00, 0x00, 0x00, 0x00, 0x00, 0x00, 0x00, 0x00, 0x00, 0x00, 0x00, 0x00,
  0x00, 0x00, 0x00, 0x00, 0xcf, 0x03, 0x00, 0x00, 0x10, 0x00, 0x00, 0x00,
  0x00, 0x00, 0x00, 0x00, 0x00, 0x00, 0x00, 0x00, 0x00, 0x00, 0x00, 0x00,
  0x00, 0x00, 0x00, 0x00, 0x00, 0x6b, 0x65, 0x6c, 0x66, 0x2e, 0x61, 0x73,
  0x6d, 0x00, 0x2e, 0x2e, 0x40, 0x34, 0x30, 0x2e, 0x73, 0x74, 0x61, 0x63,
  0x6b, 0x5f, 0x61, 0x66, 0x74, 0x65, 0x72, 0x00, 0x72, 0x65, 0x74, 0x75,
  0x72, 0x6e, 0x5f, 0x77, 0x72, 0x6d, 0x73, 0x72, 0x5f, 0x67, 0x73, 0x62,
  0x61, 0x73, 0x65, 0x2e, 0x61, 0x66, 0x74, 0x65, 0x72, 0x5f, 0x77, 0x72,
  0x6d, 0x73, 0x72, 0x00, 0x2e, 0x2e, 0x40, 0x33, 0x39, 0x2e, 0x73, 0x74,
  0x61, 0x63, 0x6b, 0x5f, 0x61, 0x66, 0x74, 0x65, 0x72, 0x00, 0x72, 0x65,
  0x74, 0x75, 0x72, 0x6e, 0x5f, 0x74, 0x6f, 0x5f, 0x63, 0x61, 0x6c, 0x6c,
  0x65, 0x72, 0x00, 0x69, 0x72, 0x65, 0x74, 0x5f, 0x66, 0x72, 0x61, 0x6d,
  0x65, 0x5f, 0x61, 0x66, 0x74, 0x65, 0x72, 0x5f, 0x72, 0x65, 0x73, 0x74,
  0x6f, 0x72, 0x65, 0x5f, 0x63, 0x72, 0x33, 0x00, 0x69, 0x73, 0x74, 0x5f,
  0x61, 0x66, 0x74, 0x65, 0x72, 0x5f, 0x72, 0x65, 0x73, 0x74, 0x6f, 0x72,
  0x65, 0x5f, 0x63, 0x72, 0x33, 0x00, 0x2e, 0x2e, 0x40, 0x33, 0x37, 0x2e,
  0x73, 0x74, 0x61, 0x63, 0x6b, 0x5f, 0x61, 0x66, 0x74, 0x65, 0x72, 0x00,
  0x2e, 0x2e, 0x40, 0x33, 0x36, 0x2e, 0x73, 0x74, 0x61, 0x63, 0x6b, 0x5f,
  0x61, 0x66, 0x74, 0x65, 0x72, 0x00, 0x65, 0x72, 0x72, 0x63, 0x5f, 0x61,
  0x66, 0x74, 0x65, 0x72, 0x5f, 0x75, 0x73, 0x65, 0x72, 0x73, 0x70, 0x61,
  0x63, 0x65, 0x00, 0x72, 0x73, 0x69, 0x5f, 0x66, 0x6f, 0x72, 0x5f, 0x75,
  0x73, 0x65, 0x72, 0x73, 0x70, 0x61, 0x63, 0x65, 0x2e, 0x74, 0x72, 0x61,
  0x6d, 0x70, 0x6f, 0x6c, 0x69, 0x6e, 0x65, 0x00, 0x72, 0x65, 0x74, 0x75,
  0x72, 0x6e, 0x5f, 0x77, 0x72, 0x6d, 0x73, 0x72, 0x5f, 0x67, 0x73, 0x62,
  0x61, 0x73, 0x65, 0x00, 0x69, 0x73, 0x74, 0x5f, 0x61, 0x66, 0x74, 0x65,
  0x72, 0x5f, 0x75, 0x73, 0x65, 0x72, 0x73, 0x70, 0x61, 0x63, 0x65, 0x00,
  0x2e, 0x2e, 0x40, 0x33, 0x34, 0x2e, 0x73, 0x74, 0x61, 0x63, 0x6b, 0x5f,
  0x61, 0x66, 0x74, 0x65, 0x72, 0x00, 0x70, 0x72, 0x65, 0x70, 0x61, 0x72,
  0x65, 0x5f, 0x66, 0x6f, 0x72, 0x5f, 0x75, 0x73, 0x65, 0x72, 0x73, 0x70,
  0x61, 0x63, 0x65, 0x00, 0x69, 0x72, 0x65, 0x74, 0x5f, 0x66, 0x72, 0x61,
  0x6d, 0x65, 0x5f, 0x61, 0x66, 0x74, 0x65, 0x72, 0x5f, 0x77, 0x72, 0x69,
  0x74, 0x65, 0x5f, 0x63, 0x72, 0x33, 0x00, 0x69, 0x73, 0x74, 0x5f, 0x61,
  0x66, 0x74, 0x65, 0x72, 0x5f, 0x77, 0x72, 0x69, 0x74, 0x65, 0x5f, 0x63,
  0x72, 0x33, 0x00, 0x2e, 0x2e, 0x40, 0x33, 0x32, 0x2e, 0x73, 0x74, 0x61,
  0x63, 0x6b, 0x5f, 0x61, 0x66, 0x74, 0x65, 0x72, 0x00, 0x2e, 0x2e, 0x40,
  0x33, 0x31, 0x2e, 0x73, 0x74, 0x61, 0x63, 0x6b, 0x5f, 0x61, 0x66, 0x74,
  0x65, 0x72, 0x00, 0x72, 0x73, 0x69, 0x5f, 0x66, 0x6f, 0x72, 0x5f, 0x75,
  0x73, 0x65, 0x72, 0x73, 0x70, 0x61, 0x63, 0x65, 0x00, 0x2e, 0x2e, 0x40,
  0x33, 0x30, 0x2e, 0x73, 0x74, 0x61, 0x63, 0x6b, 0x5f, 0x61, 0x66, 0x74,
  0x65, 0x72, 0x00, 0x72, 0x65, 0x67, 0x73, 0x5f, 0x73, 0x74, 0x61, 0x73,
  0x68, 0x5f, 0x66, 0x6f, 0x72, 0x5f, 0x72, 0x65, 0x61, 0x64, 0x5f, 0x63,
  0x72, 0x33, 0x00, 0x69, 0x72, 0x65, 0x74, 0x5f, 0x66, 0x72, 0x61, 0x6d,
  0x65, 0x5f, 0x61, 0x66, 0x74, 0x65, 0x72, 0x5f, 0x72, 0x65, 0x61, 0x64,
  0x5f, 0x63, 0x72, 0x33, 0x00, 0x69, 0x73, 0x74, 0x5f, 0x61, 0x66, 0x74,
  0x65, 0x72, 0x5f, 0x72, 0x65, 0x61, 0x64, 0x5f, 0x63, 0x72, 0x33, 0x00,
  0x2e, 0x2e, 0x40, 0x32, 0x38, 0x2e, 0x73, 0x74, 0x61, 0x63, 0x6b, 0x5f,
  0x61, 0x66, 0x74, 0x65, 0x72, 0x00, 0x2e, 0x2e, 0x40, 0x32, 0x37, 0x2e,
  0x73, 0x74, 0x61, 0x63, 0x6b, 0x5f, 0x61, 0x66, 0x74, 0x65, 0x72, 0x00,
  0x2e, 0x2e, 0x40, 0x32, 0x36, 0x2e, 0x73, 0x74, 0x61, 0x63, 0x6b, 0x5f,
  0x61, 0x66, 0x74, 0x65, 0x72, 0x00, 0x2e, 0x2e, 0x40, 0x32, 0x35, 0x2e,
  0x73, 0x74, 0x61, 0x63, 0x6b, 0x5f, 0x61, 0x66, 0x74, 0x65, 0x72, 0x00,
  0x6e, 0x6f, 0x65, 0x72, 0x72, 0x63, 0x5f, 0x65, 0x6e, 0x74, 0x72, 0x79,
  0x00, 0x6e, 0x6f, 0x65, 0x72, 0x72, 0x63, 0x5f, 0x72, 0x65, 0x67, 0x73,
  0x5f, 0x73, 0x74, 0x61, 0x73, 0x68, 0x00, 0x6e, 0x6f, 0x65, 0x72, 0x72,
  0x63, 0x5f, 0x77, 0x72, 0x6d, 0x73, 0x72, 0x5f, 0x72, 0x65, 0x74, 0x75,
  0x72, 0x6e, 0x00, 0x6e, 0x6f, 0x65, 0x72, 0x72, 0x63, 0x5f, 0x77, 0x72,
  0x6d, 0x73, 0x72, 0x5f, 0x67, 0x73, 0x62, 0x61, 0x73, 0x65, 0x00, 0x6e,
  0x6f, 0x65, 0x72, 0x72, 0x63, 0x5f, 0x6a, 0x75, 0x73, 0x74, 0x72, 0x65,
  0x74, 0x75, 0x72, 0x6e, 0x00, 0x6d, 0x61, 0x69, 0x6e, 0x00, 0x2e, 0x2e,
  0x40, 0x32, 0x33, 0x2e, 0x73, 0x74, 0x61, 0x63, 0x6b, 0x5f, 0x61, 0x66,
  0x74, 0x65, 0x72, 0x00, 0x6a, 0x75, 0x73, 0x74, 0x72, 0x65, 0x74, 0x75,
  0x72, 0x6e, 0x5f, 0x62, 0x61, 0x6b, 0x00, 0x2e, 0x2e, 0x40, 0x32, 0x32,
  0x2e, 0x73, 0x74, 0x61, 0x63, 0x6b, 0x5f, 0x61, 0x66, 0x74, 0x65, 0x72,
  0x00, 0x2e, 0x2e, 0x40, 0x32, 0x31, 0x2e, 0x73, 0x74, 0x61, 0x63, 0x6b,
  0x5f, 0x61, 0x66, 0x74, 0x65, 0x72, 0x00, 0x72, 0x65, 0x67, 0x73, 0x5f,
  0x66, 0x6f, 0x72, 0x5f, 0x65, 0x78, 0x69, 0x74, 0x00, 0x65, 0x72, 0x72,
  0x63, 0x5f, 0x69, 0x72, 0x65, 0x74, 0x5f, 0x65, 0x72, 0x72, 0x63, 0x00,
  0x6e, 0x6f, 0x65, 0x72, 0x72, 0x63, 0x5f, 0x69, 0x72, 0x65, 0x74, 0x5f,
  0x66, 0x72, 0x61, 0x6d, 0x65, 0x00, 0x5f, 0x44, 0x59, 0x4e, 0x41, 0x4d,
  0x49, 0x43, 0x00, 0x6a, 0x75, 0x73, 0x74, 0x72, 0x65, 0x74, 0x75, 0x72,
  0x6e, 0x5f, 0x70, 0x6f, 0x70, 0x00, 0x6d, 0x6f, 0x76, 0x5f, 0x72, 0x64,
  0x69, 0x5f, 0x63, 0x72, 0x33, 0x00, 0x69, 0x73, 0x74, 0x5f, 0x6e, 0x6f,
  0x65, 0x72, 0x72, 0x63, 0x00, 0x77, 0x72, 0x6d, 0x73, 0x72, 0x5f, 0x72,
  0x65, 0x74, 0x00, 0x70, 0x61, 0x72, 0x61, 0x73, 0x69, 0x74, 0x65, 0x73,
  0x5f, 0x6b, 0x6d, 0x65, 0x6d, 0x00, 0x70, 0x75, 0x73, 0x68, 0x5f, 0x70,
  0x6f, 0x70, 0x5f, 0x61, 0x6c, 0x6c, 0x5f, 0x69, 0x72, 0x65, 0x74, 0x00,
  0x61, 0x64, 0x64, 0x5f, 0x72, 0x73, 0x70, 0x5f, 0x69, 0x72, 0x65, 0x74,
  0x00, 0x75, 0x65, 0x6c, 0x66, 0x5f, 0x65, 0x6e, 0x74, 0x72, 0x79, 0x00,
  0x75, 0x65, 0x6c, 0x66, 0x5f, 0x63, 0x72, 0x33, 0x00, 0x5f, 0x73, 0x74,
  0x61, 0x72, 0x74, 0x00, 0x6d, 0x6f, 0x76, 0x5f, 0x63, 0x72, 0x33, 0x5f,
  0x72, 0x61, 0x78, 0x00, 0x69, 0x73, 0x74, 0x5f, 0x65, 0x72, 0x72, 0x63,
  0x00, 0x63, 0x6f, 0x6d, 0x70, 0x61, 0x72, 0x69, 0x73, 0x6f, 0x6e, 0x5f,
  0x74, 0x61, 0x62, 0x6c, 0x65, 0x00, 0x70, 0x63, 0x70, 0x75, 0x00, 0x6e,
  0x6f, 0x70, 0x5f, 0x72, 0x65, 0x74, 0x00, 0x64, 0x6f, 0x72, 0x65, 0x74,
  0x69, 0x5f, 0x69, 0x72, 0x65, 0x74, 0x00, 0x72, 0x65, 0x70, 0x5f, 0x6d,
  0x6f, 0x76, 0x73, 0x62, 0x5f, 0x70, 0x6f, 0x70, 0x5f, 0x72, 0x62, 0x70,
  0x5f, 0x72, 0x65, 0x74, 0x00, 0x00, 0x2e, 0x73, 0x79, 0x6d, 0x74, 0x61,
  0x62, 0x00, 0x2e, 0x73, 0x74, 0x72, 0x74, 0x61, 0x62, 0x00, 0x2e, 0x73,
  0x68, 0x73, 0x74, 0x72, 0x74, 0x61, 0x62, 0x00, 0x2e, 0x6e, 0x6f, 0x74,
  0x65, 0x2e, 0x67, 0x6e, 0x75, 0x2e, 0x62, 0x75, 0x69, 0x6c, 0x64, 0x2d,
  0x69, 0x64, 0x00, 0x2e, 0x67, 0x6e, 0x75, 0x2e, 0x68, 0x61, 0x73, 0x68,
  0x00, 0x2e, 0x64, 0x79, 0x6e, 0x73, 0x79, 0x6d, 0x00, 0x2e, 0x64, 0x79,
  0x6e, 0x73, 0x74, 0x72, 0x00, 0x2e, 0x72, 0x65, 0x6c, 0x61, 0x2e, 0x64,
  0x79, 0x6e, 0x00, 0x2e, 0x74, 0x65, 0x78, 0x74, 0x00, 0x2e, 0x65, 0x68,
  0x5f, 0x66, 0x72, 0x61, 0x6d, 0x65, 0x00, 0x2e, 0x64, 0x79, 0x6e, 0x61,
  0x6d, 0x69, 0x63, 0x00, 0x2e, 0x64, 0x65, 0x62, 0x75, 0x67, 0x5f, 0x61,
  0x72, 0x61, 0x6e, 0x67, 0x65, 0x73, 0x00, 0x2e, 0x64, 0x65, 0x62, 0x75,
  0x67, 0x5f, 0x69, 0x6e, 0x66, 0x6f, 0x00, 0x2e, 0x64, 0x65, 0x62, 0x75,
  0x67, 0x5f, 0x61, 0x62, 0x62, 0x72, 0x65, 0x76, 0x00, 0x2e, 0x64, 0x65,
  0x62, 0x75, 0x67, 0x5f, 0x6c, 0x69, 0x6e, 0x65, 0x00, 0x00, 0x00, 0x00,
  0x00, 0x00, 0x00, 0x00, 0x00, 0x00, 0x00, 0x00, 0x00, 0x00, 0x00, 0x00,
  0x00, 0x00, 0x00, 0x00, 0x00, 0x00, 0x00, 0x00, 0x00, 0x00, 0x00, 0x00,
  0x00, 0x00, 0x00, 0x00, 0x00, 0x00, 0x00, 0x00, 0x00, 0x00, 0x00, 0x00,
  0x00, 0x00, 0x00, 0x00, 0x00, 0x00, 0x00, 0x00, 0x00, 0x00, 0x00, 0x00,
  0x00, 0x00, 0x00, 0x00, 0x00, 0x00, 0x00, 0x00, 0x00, 0x00, 0x00, 0x00,
  0x00, 0x00, 0x00, 0x00, 0x1b, 0x00, 0x00, 0x00, 0x07, 0x00, 0x00, 0x00,
  0x02, 0x00, 0x00, 0x00, 0x00, 0x00, 0x00, 0x00, 0xc8, 0x01, 0x00, 0x00,
  0x00, 0x00, 0x00, 0x00, 0xc8, 0x01, 0x00, 0x00, 0x00, 0x00, 0x00, 0x00,
  0x24, 0x00, 0x00, 0x00, 0x00, 0x00, 0x00, 0x00, 0x00, 0x00, 0x00, 0x00,
  0x00, 0x00, 0x00, 0x00, 0x04, 0x00, 0x00, 0x00, 0x00, 0x00, 0x00, 0x00,
  0x00, 0x00, 0x00, 0x00, 0x00, 0x00, 0x00, 0x00, 0x2e, 0x00, 0x00, 0x00,
  0xf6, 0xff, 0xff, 0x6f, 0x02, 0x00, 0x00, 0x00, 0x00, 0x00, 0x00, 0x00,
  0xf0, 0x01, 0x00, 0x00, 0x00, 0x00, 0x00, 0x00, 0xf0, 0x01, 0x00, 0x00,
  0x00, 0x00, 0x00, 0x00, 0x24, 0x00, 0x00, 0x00, 0x00, 0x00, 0x00, 0x00,
  0x03, 0x00, 0x00, 0x00, 0x00, 0x00, 0x00, 0x00, 0x08, 0x00, 0x00, 0x00,
  0x00, 0x00, 0x00, 0x00, 0x00, 0x00, 0x00, 0x00, 0x00, 0x00, 0x00, 0x00,
  0x38, 0x00, 0x00, 0x00, 0x0b, 0x00, 0x00, 0x00, 0x02, 0x00, 0x00, 0x00,
  0x00, 0x00, 0x00, 0x00, 0x18, 0x02, 0x00, 0x00, 0x00, 0x00, 0x00, 0x00,
  0x18, 0x02, 0x00, 0x00, 0x00, 0x00, 0x00, 0x00, 0xe0, 0x01, 0x00, 0x00,
  0x00, 0x00, 0x00, 0x00, 0x04, 0x00, 0x00, 0x00, 0x01, 0x00, 0x00, 0x00,
  0x08, 0x00, 0x00, 0x00, 0x00, 0x00, 0x00, 0x00, 0x18, 0x00, 0x00, 0x00,
  0x00, 0x00, 0x00, 0x00, 0x40, 0x00, 0x00, 0x00, 0x03, 0x00, 0x00, 0x00,
  0x02, 0x00, 0x00, 0x00, 0x00, 0x00, 0x00, 0x00, 0xf8, 0x03, 0x00, 0x00,
  0x00, 0x00, 0x00, 0x00, 0xf8, 0x03, 0x00, 0x00, 0x00, 0x00, 0x00, 0x00,
  0xda, 0x00, 0x00, 0x00, 0x00, 0x00, 0x00, 0x00, 0x00, 0x00, 0x00, 0x00,
  0x00, 0x00, 0x00, 0x00, 0x01, 0x00, 0x00, 0x00, 0x00, 0x00, 0x00, 0x00,
  0x00, 0x00, 0x00, 0x00, 0x00, 0x00, 0x00, 0x00, 0x48, 0x00, 0x00, 0x00,
  0x04, 0x00, 0x00, 0x00, 0x02, 0x00, 0x00, 0x00, 0x00, 0x00, 0x00, 0x00,
  0xd8, 0x04, 0x00, 0x00, 0x00, 0x00, 0x00, 0x00, 0xd8, 0x04, 0x00, 0x00,
  0x00, 0x00, 0x00, 0x00, 0x10, 0x0e, 0x00, 0x00, 0x00, 0x00, 0x00, 0x00,
  0x03, 0x00, 0x00, 0x00, 0x00, 0x00, 0x00, 0x00, 0x08, 0x00, 0x00, 0x00,
  0x00, 0x00, 0x00, 0x00, 0x18, 0x00, 0x00, 0x00, 0x00, 0x00, 0x00, 0x00,
  0x52, 0x00, 0x00, 0x00, 0x01, 0x00, 0x00, 0x00, 0x06, 0x00, 0x00, 0x00,
  0x00, 0x00, 0x00, 0x00, 0x00, 0x20, 0x00, 0x00, 0x00, 0x00, 0x00, 0x00,
  0x00, 0x20, 0x00, 0x00, 0x00, 0x00, 0x00, 0x00, 0x98, 0x21, 0x00, 0x00,
  0x00, 0x00, 0x00, 0x00, 0x00, 0x00, 0x00, 0x00, 0x00, 0x00, 0x00, 0x00,
  0x10, 0x00, 0x00, 0x00, 0x00, 0x00, 0x00, 0x00, 0x00, 0x00, 0x00, 0x00,
  0x00, 0x00, 0x00, 0x00, 0x58, 0x00, 0x00, 0x00, 0x01, 0x00, 0x00, 0x00,
  0x02, 0x00, 0x00, 0x00, 0x00, 0x00, 0x00, 0x00, 0x00, 0x50, 0x00, 0x00,
  0x00, 0x00, 0x00, 0x00, 0x00, 0x50, 0x00, 0x00, 0x00, 0x00, 0x00, 0x00,
  0x00, 0x00, 0x00, 0x00, 0x00, 0x00, 0x00, 0x00, 0x00, 0x00, 0x00, 0x00,
  0x00, 0x00, 0x00, 0x00, 0x08, 0x00, 0x00, 0x00, 0x00, 0x00, 0x00, 0x00,
  0x00, 0x00, 0x00, 0x00, 0x00, 0x00, 0x00, 0x00, 0x62, 0x00, 0x00, 0x00,
  0x06, 0x00, 0x00, 0x00, 0x03, 0x00, 0x00, 0x00, 0x00, 0x00, 0x00, 0x00,
  0x00, 0x5f, 0x00, 0x00, 0x00, 0x00, 0x00, 0x00, 0x00, 0x5f, 0x00, 0x00,
  0x00, 0x00, 0x00, 0x00, 0x00, 0x01, 0x00, 0x00, 0x00, 0x00, 0x00, 0x00,
  0x04, 0x00, 0x00, 0x00, 0x00, 0x00, 0x00, 0x00, 0x08, 0x00, 0x00, 0x00,
  0x00, 0x00, 0x00, 0x00, 0x10, 0x00, 0x00, 0x00, 0x00, 0x00, 0x00, 0x00,
  0x6b, 0x00, 0x00, 0x00, 0x01, 0x00, 0x00, 0x00, 0x00, 0x00, 0x00, 0x00,
  0x00, 0x00, 0x00, 0x00, 0x00, 0x00, 0x00, 0x00, 0x00, 0x00, 0x00, 0x00,
  0x00, 0x60, 0x00, 0x00, 0x00, 0x00, 0x00, 0x00, 0x30, 0x00, 0x00, 0x00,
  0x00, 0x00, 0x00, 0x00, 0x00, 0x00, 0x00, 0x00, 0x00, 0x00, 0x00, 0x00,
  0x10, 0x00, 0x00, 0x00, 0x00, 0x00, 0x00, 0x00, 0x00, 0x00, 0x00, 0x00,
  0x00, 0x00, 0x00, 0x00, 0x7a, 0x00, 0x00, 0x00, 0x01, 0x00, 0x00, 0x00,
  0x00, 0x00, 0x00, 0x00, 0x00, 0x00, 0x00, 0x00, 0x00, 0x00, 0x00, 0x00,
  0x00, 0x00, 0x00, 0x00, 0x30, 0x60, 0x00, 0x00, 0x00, 0x00, 0x00, 0x00,
  0x8b, 0x00, 0x00, 0x00, 0x00, 0x00, 0x00, 0x00, 0x00, 0x00, 0x00, 0x00,
  0x00, 0x00, 0x00, 0x00, 0x01, 0x00, 0x00, 0x00, 0x00, 0x00, 0x00, 0x00,
  0x00, 0x00, 0x00, 0x00, 0x00, 0x00, 0x00, 0x00, 0x86, 0x00, 0x00, 0x00,
  0x01, 0x00, 0x00, 0x00, 0x00, 0x00, 0x00, 0x00, 0x00, 0x00, 0x00, 0x00,
  0x00, 0x00, 0x00, 0x00, 0x00, 0x00, 0x00, 0x00, 0xbb, 0x60, 0x00, 0x00,
  0x00, 0x00, 0x00, 0x00, 0x14, 0x00, 0x00, 0x00, 0x00, 0x00, 0x00, 0x00,
  0x00, 0x00, 0x00, 0x00, 0x00, 0x00, 0x00, 0x00, 0x01, 0x00, 0x00, 0x00,
  0x00, 0x00, 0x00, 0x00, 0x00, 0x00, 0x00, 0x00, 0x00, 0x00, 0x00, 0x00,
  0x94, 0x00, 0x00, 0x00, 0x01, 0x00, 0x00, 0x00, 0x00, 0x00, 0x00, 0x00,
  0x00, 0x00, 0x00, 0x00, 0x00, 0x00, 0x00, 0x00, 0x00, 0x00, 0x00, 0x00,
  0xcf, 0x60, 0x00, 0x00, 0x00, 0x00, 0x00, 0x00, 0x16, 0x02, 0x00, 0x00,
  0x00, 0x00, 0x00, 0x00, 0x00, 0x00, 0x00, 0x00, 0x00, 0x00, 0x00, 0x00,
  0x01, 0x00, 0x00, 0x00, 0x00, 0x00, 0x00, 0x00, 0x00, 0x00, 0x00, 0x00,
  0x00, 0x00, 0x00, 0x00, 0x01, 0x00, 0x00, 0x00, 0x02, 0x00, 0x00, 0x00,
  0x00, 0x00, 0x00, 0x00, 0x00, 0x00, 0x00, 0x00, 0x00, 0x00, 0x00, 0x00,
  0x00, 0x00, 0x00, 0x00, 0xe8, 0x62, 0x00, 0x00, 0x00, 0x00, 0x00, 0x00,
  0xc0, 0x06, 0x00, 0x00, 0x00, 0x00, 0x00, 0x00, 0x0e, 0x00, 0x00, 0x00,
  0x35, 0x00, 0x00, 0x00, 0x08, 0x00, 0x00, 0x00, 0x00, 0x00, 0x00, 0x00,
  0x18, 0x00, 0x00, 0x00, 0x00, 0x00, 0x00, 0x00, 0x09, 0x00, 0x00, 0x00,
  0x03, 0x00, 0x00, 0x00, 0x00, 0x00, 0x00, 0x00, 0x00, 0x00, 0x00, 0x00,
  0x00, 0x00, 0x00, 0x00, 0x00, 0x00, 0x00, 0x00, 0xa8, 0x69, 0x00, 0x00,
  0x00, 0x00, 0x00, 0x00, 0xe5, 0x03, 0x00, 0x00, 0x00, 0x00, 0x00, 0x00,
  0x00, 0x00, 0x00, 0x00, 0x00, 0x00, 0x00, 0x00, 0x01, 0x00, 0x00, 0x00,
  0x00, 0x00, 0x00, 0x00, 0x00, 0x00, 0x00, 0x00, 0x00, 0x00, 0x00, 0x00,
  0x11, 0x00, 0x00, 0x00, 0x03, 0x00, 0x00, 0x00, 0x00, 0x00, 0x00, 0x00,
  0x00, 0x00, 0x00, 0x00, 0x00, 0x00, 0x00, 0x00, 0x00, 0x00, 0x00, 0x00,
  0x8d, 0x6d, 0x00, 0x00, 0x00, 0x00, 0x00, 0x00, 0xa0, 0x00, 0x00, 0x00,
  0x00, 0x00, 0x00, 0x00, 0x00, 0x00, 0x00, 0x00, 0x00, 0x00, 0x00, 0x00,
  0x01, 0x00, 0x00, 0x00, 0x00, 0x00, 0x00, 0x00, 0x00, 0x00, 0x00, 0x00,
  0x00, 0x00, 0x00, 0x00, 0x7f, 0x45, 0x4c, 0x46, 0x02, 0x01, 0x01, 0x00,
  0x00, 0x00, 0x00, 0x00, 0x00, 0x00, 0x00, 0x00, 0x03, 0x00, 0x3e, 0x00,
  0x01, 0x00, 0x00, 0x00, 0xe3, 0x10, 0x00, 0x00, 0x00, 0x00, 0x00, 0x00,
  0x40, 0x00, 0x00, 0x00, 0x00, 0x00, 0x00, 0x00, 0x30, 0x51, 0x00, 0x00,
  0x00, 0x00, 0x00, 0x00, 0x00, 0x00, 0x00, 0x00, 0x40, 0x00, 0x38, 0x00,
  0x09, 0x00, 0x40, 0x00, 0x11, 0x00, 0x10, 0x00, 0x01, 0x00, 0x00, 0x00,
  0x04, 0x00, 0x00, 0x00, 0x00, 0x00, 0x00, 0x00, 0x00, 0x00, 0x00, 0x00,
  0x00, 0x00, 0x00, 0x00, 0x00, 0x00, 0x00, 0x00, 0x00, 0x00, 0x00, 0x00,
  0x00, 0x00, 0x00, 0x00, 0x60, 0x0b, 0x00, 0x00, 0x00, 0x00, 0x00, 0x00,
  0x60, 0x0b, 0x00, 0x00, 0x00, 0x00, 0x00, 0x00, 0x00, 0x10, 0x00, 0x00,
  0x00, 0x00, 0x00, 0x00, 0x01, 0x00, 0x00, 0x00, 0x05, 0x00, 0x00, 0x00,
  0x00, 0x10, 0x00, 0x00, 0x00, 0x00, 0x00, 0x00, 0x00, 0x10, 0x00, 0x00,
  0x00, 0x00, 0x00, 0x00, 0x00, 0x10, 0x00, 0x00, 0x00, 0x00, 0x00, 0x00,
  0x10, 0x22, 0x00, 0x00, 0x00, 0x00, 0x00, 0x00, 0x10, 0x22, 0x00, 0x00,
  0x00, 0x00, 0x00, 0x00, 0x00, 0x10, 0x00, 0x00, 0x00, 0x00, 0x00, 0x00,
  0x01, 0x00, 0x00, 0x00, 0x04, 0x00, 0x00, 0x00, 0x00, 0x40, 0x00, 0x00,
  0x00, 0x00, 0x00, 0x00, 0x00, 0x40, 0x00, 0x00, 0x00, 0x00, 0x00, 0x00,
  0x00, 0x40, 0x00, 0x00, 0x00, 0x00, 0x00, 0x00, 0x84, 0x04, 0x00, 0x00,
  0x00, 0x00, 0x00, 0x00, 0x84, 0x04, 0x00, 0x00, 0x00, 0x00, 0x00, 0x00,
  0x00, 0x10, 0x00, 0x00, 0x00, 0x00, 0x00, 0x00, 0x01, 0x00, 0x00, 0x00,
  0x06, 0x00, 0x00, 0x00, 0xf8, 0x4d, 0x00, 0x00, 0x00, 0x00, 0x00, 0x00,
  0xf8, 0x5d, 0x00, 0x00, 0x00, 0x00, 0x00, 0x00, 0xf8, 0x5d, 0x00, 0x00,
  0x00, 0x00, 0x00, 0x00, 0x78, 0x02, 0x00, 0x00, 0x00, 0x00, 0x00, 0x00,
  0xd0, 0x52, 0x00, 0x00, 0x00, 0x00, 0x00, 0x00, 0x00, 0x10, 0x00, 0x00,
  0x00, 0x00, 0x00, 0x00, 0x02, 0x00, 0x00, 0x00, 0x06, 0x00, 0x00, 0x00,
  0xf8, 0x4d, 0x00, 0x00, 0x00, 0x00, 0x00, 0x00, 0xf8, 0x5d, 0x00, 0x00,
  0x00, 0x00, 0x00, 0x00, 0xf8, 0x5d, 0x00, 0x00, 0x00, 0x00, 0x00, 0x00,
  0x00, 0x01, 0x00, 0x00, 0x00, 0x00, 0x00, 0x00, 0x00, 0x01, 0x00, 0x00,
  0x00, 0x00, 0x00, 0x00, 0x08, 0x00, 0x00, 0x00, 0x00, 0x00, 0x00, 0x00,
  0x04, 0x00, 0x00, 0x00, 0x04, 0x00, 0x00, 0x00, 0x38, 0x02, 0x00, 0x00,
  0x00, 0x00, 0x00, 0x00, 0x38, 0x02, 0x00, 0x00, 0x00, 0x00, 0x00, 0x00,
  0x38, 0x02, 0x00, 0x00, 0x00, 0x00, 0x00, 0x00, 0x24, 0x00, 0x00, 0x00,
  0x00, 0x00, 0x00, 0x00, 0x24, 0x00, 0x00, 0x00, 0x00, 0x00, 0x00, 0x00,
  0x04, 0x00, 0x00, 0x00, 0x00, 0x00, 0x00, 0x00, 0x50, 0xe5, 0x74, 0x64,
  0x04, 0x00, 0x00, 0x00, 0x20, 0x40, 0x00, 0x00, 0x00, 0x00, 0x00, 0x00,
  0x20, 0x40, 0x00, 0x00, 0x00, 0x00, 0x00, 0x00, 0x20, 0x40, 0x00, 0x00,
  0x00, 0x00, 0x00, 0x00, 0x94, 0x00, 0x00, 0x00, 0x00, 0x00, 0x00, 0x00,
  0x94, 0x00, 0x00, 0x00, 0x00, 0x00, 0x00, 0x00, 0x04, 0x00, 0x00, 0x00,
  0x00, 0x00, 0x00, 0x00, 0x51, 0xe5, 0x74, 0x64, 0x07, 0x00, 0x00, 0x00,
  0x00, 0x00, 0x00, 0x00, 0x00, 0x00, 0x00, 0x00, 0x00, 0x00, 0x00, 0x00,
  0x00, 0x00, 0x00, 0x00, 0x00, 0x00, 0x00, 0x00, 0x00, 0x00, 0x00, 0x00,
  0x00, 0x00, 0x00, 0x00, 0x00, 0x00, 0x00, 0x00, 0x00, 0x00, 0x00, 0x00,
  0x00, 0x00, 0x00, 0x00, 0x10, 0x00, 0x00, 0x00, 0x00, 0x00, 0x00, 0x00,
  0x52, 0xe5, 0x74, 0x64, 0x04, 0x00, 0x00, 0x00, 0xf8, 0x4d, 0x00, 0x00,
  0x00, 0x00, 0x00, 0x00, 0xf8, 0x5d, 0x00, 0x00, 0x00, 0x00, 0x00, 0x00,
  0xf8, 0x5d, 0x00, 0x00, 0x00, 0x00, 0x00, 0x00, 0x08, 0x02, 0x00, 0x00,
  0x00, 0x00, 0x00, 0x00, 0x08, 0x02, 0x00, 0x00, 0x00, 0x00, 0x00, 0x00,
  0x01, 0x00, 0x00, 0x00, 0x00, 0x00, 0x00, 0x00, 0x04, 0x00, 0x00, 0x00,
  0x14, 0x00, 0x00, 0x00, 0x03, 0x00, 0x00, 0x00, 0x47, 0x4e, 0x55, 0x00,
  0xab, 0x94, 0xe4, 0xb7, 0xef, 0x8f, 0x79, 0x1b, 0x99, 0xf8, 0x41, 0xf2,
  0x60, 0x76, 0x6c, 0xcc, 0xe0, 0x99, 0xed, 0xc2, 0x00, 0x00, 0x00, 0x00,
  0x03, 0x00, 0x00, 0x00, 0x1f, 0x00, 0x00, 0x00, 0x01, 0x00, 0x00, 0x00,
  0x06, 0x00, 0x00, 0x00, 0x40, 0x11, 0x49, 0x98, 0x41, 0x00, 0x05, 0x90,
  0x1f, 0x00, 0x00, 0x00, 0x22, 0x00, 0x00, 0x00, 0x25, 0x00, 0x00, 0x00,
  0xdc, 0xe4, 0xc7, 0x10, 0x30, 0xb8, 0x82, 0x0d, 0xc7, 0x37, 0x5e, 0x01,
  0x1a, 0x9f, 0xd6, 0xbd, 0x32, 0x62, 0xdb, 0xed, 0xd1, 0x0f, 0x85, 0x9e,
  0x90, 0x75, 0x82, 0x0d, 0x8d, 0xe9, 0x4c, 0x33, 0x00, 0x00, 0x00, 0x00,
  0x00, 0x00, 0x00, 0x00, 0x00, 0x00, 0x00, 0x00, 0x00, 0x00, 0x00, 0x00,
  0x00, 0x00, 0x00, 0x00, 0x00, 0x00, 0x00, 0x00, 0x00, 0x00, 0x00, 0x00,
  0x53, 0x00, 0x00, 0x00, 0x10, 0x00, 0x00, 0x00, 0x00, 0x00, 0x00, 0x00,
  0x00, 0x00, 0x00, 0x00, 0x00, 0x00, 0x00, 0x00, 0x00, 0x00, 0x00, 0x00,
  0x14, 0x01, 0x00, 0x00, 0x10, 0x00, 0x00, 0x00, 0x00, 0x00, 0x00, 0x00,
  0x00, 0x00, 0x00, 0x00, 0x00, 0x00, 0x00, 0x00, 0x00, 0x00, 0x00, 0x00,
  0x66, 0x00, 0x00, 0x00, 0x10, 0x00, 0x00, 0x00, 0x00, 0x00, 0x00, 0x00,
  0x00, 0x00, 0x00, 0x00, 0x00, 0x00, 0x00, 0x00, 0x00, 0x00, 0x00, 0x00,
  0x91, 0x01, 0x00, 0x00, 0x10, 0x00, 0x00, 0x00, 0x00, 0x00, 0x00, 0x00,
  0x00, 0x00, 0x00, 0x00, 0x00, 0x00, 0x00, 0x00, 0x00, 0x00, 0x00, 0x00,
  0x35, 0x01, 0x00, 0x00, 0x10, 0x00, 0x00, 0x00, 0x00, 0x00, 0x00, 0x00,
  0x00, 0x00, 0x00, 0x00, 0x00, 0x00, 0x00, 0x00, 0x00, 0x00, 0x00, 0x00,
  0x5f, 0x01, 0x00, 0x00, 0x10, 0x00, 0x00, 0x00, 0x00, 0x00, 0x00, 0x00,
  0x00, 0x00, 0x00, 0x00, 0x00, 0x00, 0x00, 0x00, 0x00, 0x00, 0x00, 0x00,
  0x22, 0x01, 0x00, 0x00, 0x10, 0x00, 0x00, 0x00, 0x00, 0x00, 0x00, 0x00,
  0x00, 0x00, 0x00, 0x00, 0x00, 0x00, 0x00, 0x00, 0x00, 0x00, 0x00, 0x00,
  0x05, 0x01, 0x00, 0x00, 0x10, 0x00, 0x00, 0x00, 0x00, 0x00, 0x00, 0x00,
  0x00, 0x00, 0x00, 0x00, 0x00, 0x00, 0x00, 0x00, 0x00, 0x00, 0x00, 0x00,
  0x3c, 0x00, 0x00, 0x00, 0x10, 0x00, 0x00, 0x00, 0x00, 0x00, 0x00, 0x00,
  0x00, 0x00, 0x00, 0x00, 0x00, 0x00, 0x00, 0x00, 0x00, 0x00, 0x00, 0x00,
  0x70, 0x01, 0x00, 0x00, 0x10, 0x00, 0x00, 0x00, 0x00, 0x00, 0x00, 0x00,
  0x00, 0x00, 0x00, 0x00, 0x00, 0x00, 0x00, 0x00, 0x00, 0x00, 0x00, 0x00,
  0xbc, 0x00, 0x00, 0x00, 0x10, 0x00, 0x00, 0x00, 0x00, 0x00, 0x00, 0x00,
  0x00, 0x00, 0x00, 0x00, 0x00, 0x00, 0x00, 0x00, 0x00, 0x00, 0x00, 0x00,
  0xa1, 0x00, 0x00, 0x00, 0x10, 0x00, 0x00, 0x00, 0x00, 0x00, 0x00, 0x00,
  0x00, 0x00, 0x00, 0x00, 0x00, 0x00, 0x00, 0x00, 0x00, 0x00, 0x00, 0x00,
  0x75, 0x01, 0x00, 0x00, 0x10, 0x00, 0x00, 0x00, 0x00, 0x00, 0x00, 0x00,
  0x00, 0x00, 0x00, 0x00, 0x00, 0x00, 0x00, 0x00, 0x00, 0x00, 0x00, 0x00,
  0xc3, 0x00, 0x00, 0x00, 0x10, 0x00, 0x00, 0x00, 0x00, 0x00, 0x00, 0x00,
  0x00, 0x00, 0x00, 0x00, 0x00, 0x00, 0x00, 0x00, 0x00, 0x00, 0x00, 0x00,
  0xcb, 0x00, 0x00, 0x00, 0x10, 0x00, 0x00, 0x00, 0x00, 0x00, 0x00, 0x00,
  0x00, 0x00, 0x00, 0x00, 0x00, 0x00, 0x00, 0x00, 0x00, 0x00, 0x00, 0x00,
  0xed, 0x00, 0x00, 0x00, 0x10, 0x00, 0x00, 0x00, 0x00, 0x00, 0x00, 0x00,
  0x00, 0x00, 0x00, 0x00, 0x00, 0x00, 0x00, 0x00, 0x00, 0x00, 0x00, 0x00,
  0xe9, 0x00, 0x00, 0x00, 0x10, 0x00, 0x00, 0x00, 0x00, 0x00, 0x00, 0x00,
  0x00, 0x00, 0x00, 0x00, 0x00, 0x00, 0x00, 0x00, 0x00, 0x00, 0x00, 0x00,
  0xa0, 0x01, 0x00, 0x00, 0x10, 0x00, 0x00, 0x00, 0x00, 0x00, 0x00, 0x00,
  0x00, 0x00, 0x00, 0x00, 0x00, 0x00, 0x00, 0x00, 0x00, 0x00, 0x00, 0x00,
  0x7b, 0x00, 0x00, 0x00, 0x10, 0x00, 0x00, 0x00, 0x00, 0x00, 0x00, 0x00,
  0x00, 0x00, 0x00, 0x00, 0x00, 0x00, 0x00, 0x00, 0x00, 0x00, 0x00, 0x00,
  0xa9, 0x00, 0x00, 0x00, 0x10, 0x00, 0x00, 0x00, 0x00, 0x00, 0x00, 0x00,
  0x00, 0x00, 0x00, 0x00, 0x00, 0x00, 0x00, 0x00, 0x00, 0x00, 0x00, 0x00,
  0xdc, 0x00, 0x00, 0x00, 0x10, 0x00, 0x00, 0x00, 0x00, 0x00, 0x00, 0x00,
  0x00, 0x00, 0x00, 0x00, 0x00, 0x00, 0x00, 0x00, 0x00, 0x00, 0x00, 0x00,
  0x82, 0x01, 0x00, 0x00, 0x10, 0x00, 0x00, 0x00, 0x00, 0x00, 0x00, 0x00,
  0x00, 0x00, 0x00, 0x00, 0x00, 0x00, 0x00, 0x00, 0x00, 0x00, 0x00, 0x00,
  0x43, 0x01, 0x00, 0x00, 0x10, 0x00, 0x00, 0x00, 0x00, 0x00, 0x00, 0x00,
  0x00, 0x00, 0x00, 0x00, 0x00, 0x00, 0x00, 0x00, 0x00, 0x00, 0x00, 0x00,
  0xb0, 0x00, 0x00, 0x00, 0x10, 0x00, 0x00, 0x00, 0x00, 0x00, 0x00, 0x00,
  0x00, 0x00, 0x00, 0x00, 0x00, 0x00, 0x00, 0x00, 0x00, 0x00, 0x00, 0x00,
  0x52, 0x01, 0x00, 0x00, 0x10, 0x00, 0x00, 0x00, 0x00, 0x00, 0x00, 0x00,
  0x00, 0x00, 0x00, 0x00, 0x00, 0x00, 0x00, 0x00, 0x00, 0x00, 0x00, 0x00,
  0xfb, 0x00, 0x00, 0x00, 0x10, 0x00, 0x00, 0x00, 0x00, 0x00, 0x00, 0x00,
  0x00, 0x00, 0x00, 0x00, 0x00, 0x00, 0x00, 0x00, 0x00, 0x00, 0x00, 0x00,
  0x9c, 0x00, 0x00, 0x00, 0x10, 0x00, 0x00, 0x00, 0x00, 0x00, 0x00, 0x00,
  0x00, 0x00, 0x00, 0x00, 0x00, 0x00, 0x00, 0x00, 0x00, 0x00, 0x00, 0x00,
  0x94, 0x00, 0x00, 0x00, 0x10, 0x00, 0x00, 0x00, 0x00, 0x00, 0x00, 0x00,
  0x00, 0x00, 0x00, 0x00, 0x00, 0x00, 0x00, 0x00, 0x00, 0x00, 0x00, 0x00,
  0x88, 0x00, 0x00, 0x00, 0x10, 0x00, 0x00, 0x00, 0x00, 0x00, 0x00, 0x00,
  0x00, 0x00, 0x00, 0x00, 0x00, 0x00, 0x00, 0x00, 0x00, 0x00, 0x00, 0x00,
  0xd7, 0x00, 0x00, 0x00, 0x10, 0x00, 0x00, 0x00, 0x00, 0x00, 0x00, 0x00,
  0x00, 0x00, 0x00, 0x00, 0x00, 0x00, 0x00, 0x00, 0x00, 0x00, 0x00, 0x00,
  0x01, 0x00, 0x00, 0x00, 0x10, 0x00, 0x06, 0x00, 0x90, 0x10, 0x00, 0x00,
  0x00, 0x00, 0x00, 0x00, 0x00, 0x00, 0x00, 0x00, 0x00, 0x00, 0x00, 0x00,
  0x0e, 0x00, 0x00, 0x00, 0x10, 0x00, 0x06, 0x00, 0xab, 0x10, 0x00, 0x00,
  0x00, 0x00, 0x00, 0x00, 0x00, 0x00, 0x00, 0x00, 0x00, 0x00, 0x00, 0x00,
  0x26, 0x00, 0x00, 0x00, 0x10, 0x00, 0x0e, 0x00, 0x80, 0x60, 0x00, 0x00,
  0x00, 0x00, 0x00, 0x00, 0x00, 0x00, 0x00, 0x00, 0x00, 0x00, 0x00, 0x00,
  0x15, 0x00, 0x00, 0x00, 0x10, 0x00, 0x06, 0x00, 0xbb, 0x10, 0x00, 0x00,
  0x00, 0x00, 0x00, 0x00, 0x00, 0x00, 0x00, 0x00, 0x00, 0x00, 0x00, 0x00,
  0x8a, 0x01, 0x00, 0x00, 0x10, 0x00, 0x06, 0x00, 0xe3, 0x10, 0x00, 0x00,
  0x00, 0x00, 0x00, 0x00, 0x00, 0x00, 0x00, 0x00, 0x00, 0x00, 0x00, 0x00,
  0x1d, 0x00, 0x00, 0x00, 0x10, 0x00, 0x0e, 0x00, 0x88, 0x60, 0x00, 0x00,
  0x00, 0x00, 0x00, 0x00, 0x00, 0x00, 0x00, 0x00, 0x00, 0x00, 0x00, 0x00,
  0x07, 0x00, 0x00, 0x00, 0x10, 0x00, 0x06, 0x00, 0xa2, 0x10, 0x00, 0x00,
  0x00, 0x00, 0x00, 0x00, 0x00, 0x00, 0x00, 0x00, 0x00, 0x00, 0x00, 0x00,
  0x31, 0x00, 0x00, 0x00, 0x10, 0x00, 0x0e, 0x00, 0x90, 0x60, 0x00, 0x00,
  0x00, 0x00, 0x00, 0x00, 0x00, 0x00, 0x00, 0x00, 0x00, 0x00, 0x00, 0x00,
  0x00, 0x79, 0x69, 0x65, 0x6c, 0x64, 0x00, 0x6d, 0x65, 0x6d, 0x63, 0x70,
  0x79, 0x00, 0x6d, 0x65, 0x6d, 0x73, 0x65, 0x74, 0x00, 0x6d, 0x65, 0x6d,
  0x6d, 0x6f, 0x76, 0x65, 0x00, 0x63, 0x72, 0x33, 0x5f, 0x70, 0x68, 0x79,
  0x73, 0x00, 0x74, 0x72, 0x61, 0x70, 0x5f, 0x66, 0x72, 0x61, 0x6d, 0x65,
  0x00, 0x77, 0x72, 0x6d, 0x73, 0x72, 0x5f, 0x61, 0x72, 0x67, 0x73, 0x00,
  0x6d, 0x61, 0x6c, 0x6c, 0x6f, 0x63, 0x5f, 0x61, 0x72, 0x65, 0x6e, 0x61,
  0x5f, 0x66, 0x69, 0x78, 0x5f, 0x73, 0x74, 0x61, 0x72, 0x74, 0x00, 0x6b,
  0x6d, 0x65, 0x6d, 0x5f, 0x61, 0x6c, 0x6c, 0x6f, 0x63, 0x5f, 0x72, 0x77,
  0x78, 0x5f, 0x66, 0x69, 0x78, 0x00, 0x6d, 0x61, 0x6c, 0x6c, 0x6f, 0x63,
  0x5f, 0x61, 0x72, 0x65, 0x6e, 0x61, 0x5f, 0x66, 0x69, 0x78, 0x5f, 0x65,
  0x6e, 0x64, 0x00, 0x6b, 0x70, 0x72, 0x6f, 0x63, 0x5f, 0x63, 0x72, 0x65,
  0x61, 0x74, 0x65, 0x00, 0x64, 0x6f, 0x72, 0x65, 0x74, 0x69, 0x5f, 0x69,
  0x72, 0x65, 0x74, 0x00, 0x6e, 0x6f, 0x70, 0x5f, 0x72, 0x65, 0x74, 0x00,
  0x70, 0x63, 0x70, 0x75, 0x00, 0x63, 0x6f, 0x70, 0x79, 0x6f, 0x75, 0x74,
  0x00, 0x63, 0x6f, 0x70, 0x79, 0x69, 0x6e, 0x00, 0x4d, 0x5f, 0x73, 0x6f,
  0x6d, 0x65, 0x74, 0x68, 0x69, 0x6e, 0x67, 0x00, 0x6d, 0x61, 0x6c, 0x6c,
  0x6f, 0x63, 0x00, 0x73, 0x79, 0x73, 0x65, 0x6e, 0x74, 0x73, 0x00, 0x73,
  0x79, 0x73, 0x65, 0x6e, 0x74, 0x73, 0x5f, 0x70, 0x73, 0x34, 0x00, 0x69,
  0x73, 0x74, 0x34, 0x00, 0x69, 0x6e, 0x74, 0x31, 0x5f, 0x68, 0x61, 0x6e,
  0x64, 0x6c, 0x65, 0x72, 0x00, 0x74, 0x73, 0x73, 0x00, 0x69, 0x6e, 0x74,
  0x31, 0x33, 0x5f, 0x68, 0x61, 0x6e, 0x64, 0x6c, 0x65, 0x72, 0x00, 0x70,
  0x61, 0x72, 0x61, 0x73, 0x69, 0x74, 0x65, 0x73, 0x00, 0x73, 0x79, 0x73,
  0x63, 0x61, 0x6c, 0x6c, 0x5f, 0x62, 0x65, 0x66, 0x6f, 0x72, 0x65, 0x00,
  0x73, 0x79, 0x73, 0x63, 0x61, 0x6c, 0x6c, 0x5f, 0x61, 0x66, 0x74, 0x65,
  0x72, 0x00, 0x6d, 0x70, 0x72, 0x6f, 0x74, 0x65, 0x63, 0x74, 0x5f, 0x66,
  0x69, 0x78, 0x5f, 0x73, 0x74, 0x61, 0x72, 0x74, 0x00, 0x6d, 0x64, 0x62,
  0x67, 0x5f, 0x63, 0x61, 0x6c, 0x6c, 0x5f, 0x66, 0x69, 0x78, 0x00, 0x61,
  0x73, 0x6c, 0x72, 0x5f, 0x66, 0x69, 0x78, 0x5f, 0x73, 0x74, 0x61, 0x72,
  0x74, 0x00, 0x61, 0x73, 0x6c, 0x72, 0x5f, 0x66, 0x69, 0x78, 0x5f, 0x65,
  0x6e, 0x64, 0x00, 0x6d, 0x70, 0x72, 0x6f, 0x74, 0x65, 0x63, 0x74, 0x5f,
  0x66, 0x69, 0x78, 0x5f, 0x65, 0x6e, 0x64, 0x00, 0x64, 0x6d, 0x65, 0x6d,
  0x00, 0x64, 0x72, 0x32, 0x67, 0x70, 0x72, 0x5f, 0x73, 0x74, 0x61, 0x72,
  0x74, 0x00, 0x67, 0x70, 0x72, 0x32, 0x64, 0x72, 0x5f, 0x31, 0x5f, 0x73,
  0x74, 0x61, 0x72, 0x74, 0x00, 0x67, 0x70, 0x72, 0x32, 0x64, 0x72, 0x5f,
  0x32, 0x5f, 0x73, 0x74, 0x61, 0x72, 0x74, 0x00, 0x72, 0x64, 0x6d, 0x73,
  0x72, 0x5f, 0x73, 0x74, 0x61, 0x72, 0x74, 0x00, 0x00, 0x00, 0x00, 0x00,
  0x30, 0x60, 0x00, 0x00, 0x00, 0x00, 0x00, 0x00, 0x08, 0x00, 0x00, 0x00,
  0x00, 0x00, 0x00, 0x00, 0xc0, 0xa0, 0x00, 0x00, 0x00, 0x00, 0x00, 0x00,
  0xf8, 0x5e, 0x00, 0x00, 0x00, 0x00, 0x00, 0x00, 0x06, 0x00, 0x00, 0x00,
  0x01, 0x00, 0x00, 0x00, 0x00, 0x00, 0x00, 0x00, 0x00, 0x00, 0x00, 0x00,
  0x08, 0x60, 0x00, 0x00, 0x00, 0x00, 0x00, 0x00, 0x01, 0x00, 0x00, 0x00,
  0x01, 0x00, 0x00, 0x00, 0x00, 0x00, 0x00, 0x00, 0x00, 0x00, 0x00, 0x00,
  0x00, 0x5f, 0x00, 0x00, 0x00, 0x00, 0x00, 0x00, 0x06, 0x00, 0x00, 0x00,
  0x02, 0x00, 0x00, 0x00, 0x00, 0x00, 0x00, 0x00, 0x00, 0x00, 0x00, 0x00,
  0x08, 0x5f, 0x00, 0x00, 0x00, 0x00, 0x00, 0x00, 0x06, 0x00, 0x00, 0x00,
  0x03, 0x00, 0x00, 0x00, 0x00, 0x00, 0x00, 0x00, 0x00, 0x00, 0x00, 0x00,
  0x10, 0x5f, 0x00, 0x00, 0x00, 0x00, 0x00, 0x00, 0x06, 0x00, 0x00, 0x00,
  0x04, 0x00, 0x00, 0x00, 0x00, 0x00, 0x00, 0x00, 0x00, 0x00, 0x00, 0x00,
  0x18, 0x5f, 0x00, 0x00, 0x00, 0x00, 0x00, 0x00, 0x06, 0x00, 0x00, 0x00,
  0x05, 0x00, 0x00, 0x00, 0x00, 0x00, 0x00, 0x00, 0x00, 0x00, 0x00, 0x00,
  0x48, 0x60, 0x00, 0x00, 0x00, 0x00, 0x00, 0x00, 0x01, 0x00, 0x00, 0x00,
  0x05, 0x00, 0x00, 0x00, 0x00, 0x00, 0x00, 0x00, 0x00, 0x00, 0x00, 0x00,
  0x20, 0x5f, 0x00, 0x00, 0x00, 0x00, 0x00, 0x00, 0x06, 0x00, 0x00, 0x00,
  0x06, 0x00, 0x00, 0x00, 0x00, 0x00, 0x00, 0x00, 0x00, 0x00, 0x00, 0x00,
  0x28, 0x5f, 0x00, 0x00, 0x00, 0x00, 0x00, 0x00, 0x06, 0x00, 0x00, 0x00,
  0x07, 0x00, 0x00, 0x00, 0x00, 0x00, 0x00, 0x00, 0x00, 0x00, 0x00, 0x00,
  0x40, 0x60, 0x00, 0x00, 0x00, 0x00, 0x00, 0x00, 0x01, 0x00, 0x00, 0x00,
  0x07, 0x00, 0x00, 0x00, 0x00, 0x00, 0x00, 0x00, 0x00, 0x00, 0x00, 0x00,
  0x30, 0x5f, 0x00, 0x00, 0x00, 0x00, 0x00, 0x00, 0x06, 0x00, 0x00, 0x00,
  0x08, 0x00, 0x00, 0x00, 0x00, 0x00, 0x00, 0x00, 0x00, 0x00, 0x00, 0x00,
  0x38, 0x5f, 0x00, 0x00, 0x00, 0x00, 0x00, 0x00, 0x06, 0x00, 0x00, 0x00,
  0x09, 0x00, 0x00, 0x00, 0x00, 0x00, 0x00, 0x00, 0x00, 0x00, 0x00, 0x00,
  0x00, 0x60, 0x00, 0x00, 0x00, 0x00, 0x00, 0x00, 0x01, 0x00, 0x00, 0x00,
  0x09, 0x00, 0x00, 0x00, 0x00, 0x00, 0x00, 0x00, 0x00, 0x00, 0x00, 0x00,
  0x40, 0x5f, 0x00, 0x00, 0x00, 0x00, 0x00, 0x00, 0x06, 0x00, 0x00, 0x00,
  0x0a, 0x00, 0x00, 0x00, 0x00, 0x00, 0x00, 0x00, 0x00, 0x00, 0x00, 0x00,
  0x48, 0x5f, 0x00, 0x00, 0x00, 0x00, 0x00, 0x00, 0x06, 0x00, 0x00, 0x00,
  0x0b, 0x00, 0x00, 0x00, 0x00, 0x00, 0x00, 0x00, 0x00, 0x00, 0x00, 0x00,
  0x50, 0x5f, 0x00, 0x00, 0x00, 0x00, 0x00, 0x00, 0x06, 0x00, 0x00, 0x00,
  0x0c, 0x00, 0x00, 0x00, 0x00, 0x00, 0x00, 0x00, 0x00, 0x00, 0x00, 0x00,
  0x58, 0x5f, 0x00, 0x00, 0x00, 0x00, 0x00, 0x00, 0x06, 0x00, 0x00, 0x00,
  0x0d, 0x00, 0x00, 0x00, 0x00, 0x00, 0x00, 0x00, 0x00, 0x00, 0x00, 0x00,
  0x60, 0x5f, 0x00, 0x00, 0x00, 0x00, 0x00, 0x00, 0x06, 0x00, 0x00, 0x00,
  0x0e, 0x00, 0x00, 0x00, 0x00, 0x00, 0x00, 0x00, 0x00, 0x00, 0x00, 0x00,
  0x68, 0x5f, 0x00, 0x00, 0x00, 0x00, 0x00, 0x00, 0x06, 0x00, 0x00, 0x00,
  0x0f, 0x00, 0x00, 0x00, 0x00, 0x00, 0x00, 0x00, 0x00, 0x00, 0x00, 0x00,
  0x70, 0x5f, 0x00, 0x00, 0x00, 0x00, 0x00, 0x00, 0x06, 0x00, 0x00, 0x00,
  0x10, 0x00, 0x00, 0x00, 0x00, 0x00, 0x00, 0x00, 0x00, 0x00, 0x00, 0x00,
  0x78, 0x5f, 0x00, 0x00, 0x00, 0x00, 0x00, 0x00, 0x06, 0x00, 0x00, 0x00,
  0x11, 0x00, 0x00, 0x00, 0x00, 0x00, 0x00, 0x00, 0x00, 0x00, 0x00, 0x00,
  0x80, 0x5f, 0x00, 0x00, 0x00, 0x00, 0x00, 0x00, 0x06, 0x00, 0x00, 0x00,
  0x12, 0x00, 0x00, 0x00, 0x00, 0x00, 0x00, 0x00, 0x00, 0x00, 0x00, 0x00,
  0x88, 0x5f, 0x00, 0x00, 0x00, 0x00, 0x00, 0x00, 0x06, 0x00, 0x00, 0x00,
  0x13, 0x00, 0x00, 0x00, 0x00, 0x00, 0x00, 0x00, 0x00, 0x00, 0x00, 0x00,
  0x90, 0x5f, 0x00, 0x00, 0x00, 0x00, 0x00, 0x00, 0x06, 0x00, 0x00, 0x00,
  0x14, 0x00, 0x00, 0x00, 0x00, 0x00, 0x00, 0x00, 0x00, 0x00, 0x00, 0x00,
  0x98, 0x5f, 0x00, 0x00, 0x00, 0x00, 0x00, 0x00, 0x06, 0x00, 0x00, 0x00,
  0x15, 0x00, 0x00, 0x00, 0x00, 0x00, 0x00, 0x00, 0x00, 0x00, 0x00, 0x00,
  0xa0, 0x5f, 0x00, 0x00, 0x00, 0x00, 0x00, 0x00, 0x06, 0x00, 0x00, 0x00,
  0x16, 0x00, 0x00, 0x00, 0x00, 0x00, 0x00, 0x00, 0x00, 0x00, 0x00, 0x00,
  0xa8, 0x5f, 0x00, 0x00, 0x00, 0x00, 0x00, 0x00, 0x06, 0x00, 0x00, 0x00,
  0x17, 0x00, 0x00, 0x00, 0x00, 0x00, 0x00, 0x00, 0x00, 0x00, 0x00, 0x00,
  0x50, 0x60, 0x00, 0x00, 0x00, 0x00, 0x00, 0x00, 0x01, 0x00, 0x00, 0x00,
  0x17, 0x00, 0x00, 0x00, 0x00, 0x00, 0x00, 0x00, 0x00, 0x00, 0x00, 0x00,
  0xb0, 0x5f, 0x00, 0x00, 0x00, 0x00, 0x00, 0x00, 0x06, 0x00, 0x00, 0x00,
  0x18, 0x00, 0x00, 0x00, 0x00, 0x00, 0x00, 0x00, 0x00, 0x00, 0x00, 0x00,
  0xb8, 0x5f, 0x00, 0x00, 0x00, 0x00, 0x00, 0x00, 0x06, 0x00, 0x00, 0x00,
  0x19, 0x00, 0x00, 0x00, 0x00, 0x00, 0x00, 0x00, 0x00, 0x00, 0x00, 0x00,
  0xc0, 0x5f, 0x00, 0x00, 0x00, 0x00, 0x00, 0x00, 0x06, 0x00, 0x00, 0x00,
  0x1a, 0x00, 0x00, 0x00, 0x00, 0x00, 0x00, 0x00, 0x00, 0x00, 0x00, 0x00,
  0xc8, 0x5f, 0x00, 0x00, 0x00, 0x00, 0x00, 0x00, 0x06, 0x00, 0x00, 0x00,
  0x1b, 0x00, 0x00, 0x00, 0x00, 0x00, 0x00, 0x00, 0x00, 0x00, 0x00, 0x00,
  0xd0, 0x5f, 0x00, 0x00, 0x00, 0x00, 0x00, 0x00, 0x06, 0x00, 0x00, 0x00,
  0x1c, 0x00, 0x00, 0x00, 0x00, 0x00, 0x00, 0x00, 0x00, 0x00, 0x00, 0x00,
  0xd8, 0x5f, 0x00, 0x00, 0x00, 0x00, 0x00, 0x00, 0x06, 0x00, 0x00, 0x00,
  0x1d, 0x00, 0x00, 0x00, 0x00, 0x00, 0x00, 0x00, 0x00, 0x00, 0x00, 0x00,
  0xe0, 0x5f, 0x00, 0x00, 0x00, 0x00, 0x00, 0x00, 0x06, 0x00, 0x00, 0x00,
  0x1e, 0x00, 0x00, 0x00, 0x00, 0x00, 0x00, 0x00, 0x00, 0x00, 0x00, 0x00,
  0x00, 0x00, 0x00, 0x00, 0x00, 0x00, 0x00, 0x00, 0x00, 0x00, 0x00, 0x00,
  0x00, 0x00, 0x00, 0x00, 0x00, 0x00, 0x00, 0x00, 0x00, 0x00, 0x00, 0x00,
  0x00, 0x00, 0x00, 0x00, 0x00, 0x00, 0x00, 0x00, 0x00, 0x00, 0x00, 0x00,
  0x00, 0x00, 0x00, 0x00, 0x00, 0x00, 0x00, 0x00, 0x00, 0x00, 0x00, 0x00,
  0x00, 0x00, 0x00, 0x00, 0x00, 0x00, 0x00, 0x00, 0x00, 0x00, 0x00, 0x00,
  0x00, 0x00, 0x00, 0x00, 0x00, 0x00, 0x00, 0x00, 0x00, 0x00, 0x00, 0x00,
  0x00, 0x00, 0x00, 0x00, 0x00, 0x00, 0x00, 0x00, 0x00, 0x00, 0x00, 0x00,
  0x00, 0x00, 0x00, 0x00, 0x00, 0x00, 0x00, 0x00, 0x00, 0x00, 0x00, 0x00,
  0x00, 0x00, 0x00, 0x00, 0x00, 0x00, 0x00, 0x00, 0x00, 0x00, 0x00, 0x00,
  0x00, 0x00, 0x00, 0x00, 0x00, 0x00, 0x00, 0x00, 0x00, 0x00, 0x00, 0x00,
  0x00, 0x00, 0x00, 0x00, 0x00, 0x00, 0x00, 0x00, 0x00, 0x00, 0x00, 0x00,
  0x00, 0x00, 0x00, 0x00, 0x00, 0x00, 0x00, 0x00, 0x00, 0x00, 0x00, 0x00,
  0x00, 0x00, 0x00, 0x00, 0x00, 0x00, 0x00, 0x00, 0x00, 0x00, 0x00, 0x00,
  0x00, 0x00, 0x00, 0x00, 0x00, 0x00, 0x00, 0x00, 0x00, 0x00, 0x00, 0x00,
  0x00, 0x00, 0x00, 0x00, 0x00, 0x00, 0x00, 0x00, 0x00, 0x00, 0x00, 0x00,
  0x00, 0x00, 0x00, 0x00, 0x00, 0x00, 0x00, 0x00, 0x00, 0x00, 0x00, 0x00,
  0x00, 0x00, 0x00, 0x00, 0x00, 0x00, 0x00, 0x00, 0x00, 0x00, 0x00, 0x00,
  0x00, 0x00, 0x00, 0x00, 0x00, 0x00, 0x00, 0x00, 0x00, 0x00, 0x00, 0x00,
  0x00, 0x00, 0x00, 0x00, 0x00, 0x00, 0x00, 0x00, 0x00, 0x00, 0x00, 0x00,
  0x00, 0x00, 0x00, 0x00, 0x00, 0x00, 0x00, 0x00, 0x00, 0x00, 0x00, 0x00,
  0x00, 0x00, 0x00, 0x00, 0x00, 0x00, 0x00, 0x00, 0x00, 0x00, 0x00, 0x00,
  0x00, 0x00, 0x00, 0x00, 0x00, 0x00, 0x00, 0x00, 0x00, 0x00, 0x00, 0x00,
  0x00, 0x00, 0x00, 0x00, 0x00, 0x00, 0x00, 0x00, 0x00, 0x00, 0x00, 0x00,
  0x00, 0x00, 0x00, 0x00, 0x00, 0x00, 0x00, 0x00, 0x00, 0x00, 0x00, 0x00,
  0x00, 0x00, 0x00, 0x00, 0x00, 0x00, 0x00, 0x00, 0x00, 0x00, 0x00, 0x00,
  0x00, 0x00, 0x00, 0x00, 0x00, 0x00, 0x00, 0x00, 0x00, 0x00, 0x00, 0x00,
  0x00, 0x00, 0x00, 0x00, 0x00, 0x00, 0x00, 0x00, 0x00, 0x00, 0x00, 0x00,
  0x00, 0x00, 0x00, 0x00, 0x00, 0x00, 0x00, 0x00, 0x00, 0x00, 0x00, 0x00,
  0x00, 0x00, 0x00, 0x00, 0x00, 0x00, 0x00, 0x00, 0x00, 0x00, 0x00, 0x00,
  0x00, 0x00, 0x00, 0x00, 0x00, 0x00, 0x00, 0x00, 0x00, 0x00, 0x00, 0x00,
  0x00, 0x00, 0x00, 0x00, 0x00, 0x00, 0x00, 0x00, 0x00, 0x00, 0x00, 0x00,
  0x00, 0x00, 0x00, 0x00, 0x00, 0x00, 0x00, 0x00, 0x00, 0x00, 0x00, 0x00,
  0x00, 0x00, 0x00, 0x00, 0x00, 0x00, 0x00, 0x00, 0x00, 0x00, 0x00, 0x00,
  0x00, 0x00, 0x00, 0x00, 0x00, 0x00, 0x00, 0x00, 0x00, 0x00, 0x00, 0x00,
  0x00, 0x00, 0x00, 0x00, 0x00, 0x00, 0x00, 0x00, 0x00, 0x00, 0x00, 0x00,
  0x00, 0x00, 0x00, 0x00, 0x00, 0x00, 0x00, 0x00, 0x00, 0x00, 0x00, 0x00,
  0x00, 0x00, 0x00, 0x00, 0x00, 0x00, 0x00, 0x00, 0x00, 0x00, 0x00, 0x00,
  0x00, 0x00, 0x00, 0x00, 0x00, 0x00, 0x00, 0x00, 0x00, 0x00, 0x00, 0x00,
  0x00, 0x00, 0x00, 0x00, 0x00, 0x00, 0x00, 0x00, 0x00, 0x00, 0x00, 0x00,
  0x00, 0x00, 0x00, 0x00, 0x00, 0x00, 0x00, 0x00, 0x00, 0x00, 0x00, 0x00,
  0x00, 0x00, 0x00, 0x00, 0x00, 0x00, 0x00, 0x00, 0x00, 0x00, 0x00, 0x00,
  0x00, 0x00, 0x00, 0x00, 0x00, 0x00, 0x00, 0x00, 0x00, 0x00, 0x00, 0x00,
  0x00, 0x00, 0x00, 0x00, 0x00, 0x00, 0x00, 0x00, 0x00, 0x00, 0x00, 0x00,
  0x00, 0x00, 0x00, 0x00, 0x00, 0x00, 0x00, 0x00, 0x00, 0x00, 0x00, 0x00,
  0x00, 0x00, 0x00, 0x00, 0x00, 0x00, 0x00, 0x00, 0x00, 0x00, 0x00, 0x00,
  0x00, 0x00, 0x00, 0x00, 0x00, 0x00, 0x00, 0x00, 0x00, 0x00, 0x00, 0x00,
  0x00, 0x00, 0x00, 0x00, 0x00, 0x00, 0x00, 0x00, 0x00, 0x00, 0x00, 0x00,
  0x00, 0x00, 0x00, 0x00, 0x00, 0x00, 0x00, 0x00, 0x00, 0x00, 0x00, 0x00,
  0x00, 0x00, 0x00, 0x00, 0x00, 0x00, 0x00, 0x00, 0x00, 0x00, 0x00, 0x00,
  0x00, 0x00, 0x00, 0x00, 0x00, 0x00, 0x00, 0x00, 0x00, 0x00, 0x00, 0x00,
  0x00, 0x00, 0x00, 0x00, 0x00, 0x00, 0x00, 0x00, 0x00, 0x00, 0x00, 0x00,
  0x00, 0x00, 0x00, 0x00, 0x00, 0x00, 0x00, 0x00, 0x00, 0x00, 0x00, 0x00,
  0x00, 0x00, 0x00, 0x00, 0x00, 0x00, 0x00, 0x00, 0x00, 0x00, 0x00, 0x00,
  0x00, 0x00, 0x00, 0x00, 0x00, 0x00, 0x00, 0x00, 0x00, 0x00, 0x00, 0x00,
  0x00, 0x00, 0x00, 0x00, 0x00, 0x00, 0x00, 0x00, 0x00, 0x00, 0x00, 0x00,
  0x00, 0x00, 0x00, 0x00, 0x00, 0x00, 0x00, 0x00, 0x00, 0x00, 0x00, 0x00,
  0x00, 0x00, 0x00, 0x00, 0x00, 0x00, 0x00, 0x00, 0x00, 0x00, 0x00, 0x00,
  0x00, 0x00, 0x00, 0x00, 0x00, 0x00, 0x00, 0x00, 0x00, 0x00, 0x00, 0x00,
  0x00, 0x00, 0x00, 0x00, 0x00, 0x00, 0x00, 0x00, 0x00, 0x00, 0x00, 0x00,
  0x00, 0x00, 0x00, 0x00, 0x00, 0x00, 0x00, 0x00, 0x00, 0x00, 0x00, 0x00,
  0x00, 0x00, 0x00, 0x00, 0x00, 0x00, 0x00, 0x00, 0x00, 0x00, 0x00, 0x00,
  0x00, 0x00, 0x00, 0x00, 0x00, 0x00, 0x00, 0x00, 0x00, 0x00, 0x00, 0x00,
  0x00, 0x00, 0x00, 0x00, 0x00, 0x00, 0x00, 0x00, 0x00, 0x00, 0x00, 0x00,
  0x00, 0x00, 0x00, 0x00, 0x00, 0x00, 0x00, 0x00, 0x00, 0x00, 0x00, 0x00,
  0x00, 0x00, 0x00, 0x00, 0x00, 0x00, 0x00, 0x00, 0x00, 0x00, 0x00, 0x00,
  0x00, 0x00, 0x00, 0x00, 0x00, 0x00, 0x00, 0x00, 0x00, 0x00, 0x00, 0x00,
  0x00, 0x00, 0x00, 0x00, 0x00, 0x00, 0x00, 0x00, 0x00, 0x00, 0x00, 0x00,
  0x00, 0x00, 0x00, 0x00, 0x00, 0x00, 0x00, 0x00, 0x00, 0x00, 0x00, 0x00,
  0x00, 0x00, 0x00, 0x00, 0x00, 0x00, 0x00, 0x00, 0x00, 0x00, 0x00, 0x00,
  0x00, 0x00, 0x00, 0x00, 0x00, 0x00, 0x00, 0x00, 0x00, 0x00, 0x00, 0x00,
  0x00, 0x00, 0x00, 0x00, 0x00, 0x00, 0x00, 0x00, 0x00, 0x00, 0x00, 0x00,
  0x00, 0x00, 0x00, 0x00, 0x00, 0x00, 0x00, 0x00, 0x00, 0x00, 0x00, 0x00,
  0x00, 0x00, 0x00, 0x00, 0x00, 0x00, 0x00, 0x00, 0x00, 0x00, 0x00, 0x00,
  0x00, 0x00, 0x00, 0x00, 0x00, 0x00, 0x00, 0x00, 0x00, 0x00, 0x00, 0x00,
  0x00, 0x00, 0x00, 0x00, 0x00, 0x00, 0x00, 0x00, 0x00, 0x00, 0x00, 0x00,
  0x00, 0x00, 0x00, 0x00, 0x00, 0x00, 0x00, 0x00, 0x00, 0x00, 0x00, 0x00,
  0x00, 0x00, 0x00, 0x00, 0x00, 0x00, 0x00, 0x00, 0x00, 0x00, 0x00, 0x00,
  0x00, 0x00, 0x00, 0x00, 0x00, 0x00, 0x00, 0x00, 0x00, 0x00, 0x00, 0x00,
  0x00, 0x00, 0x00, 0x00, 0x00, 0x00, 0x00, 0x00, 0x00, 0x00, 0x00, 0x00,
  0x00, 0x00, 0x00, 0x00, 0x00, 0x00, 0x00, 0x00, 0x00, 0x00, 0x00, 0x00,
  0x00, 0x00, 0x00, 0x00, 0x00, 0x00, 0x00, 0x00, 0x00, 0x00, 0x00, 0x00,
  0x00, 0x00, 0x00, 0x00, 0x00, 0x00, 0x00, 0x00, 0x00, 0x00, 0x00, 0x00,
  0x00, 0x00, 0x00, 0x00, 0x00, 0x00, 0x00, 0x00, 0x00, 0x00, 0x00, 0x00,
  0x00, 0x00, 0x00, 0x00, 0x00, 0x00, 0x00, 0x00, 0x00, 0x00, 0x00, 0x00,
  0x00, 0x00, 0x00, 0x00, 0x00, 0x00, 0x00, 0x00, 0x00, 0x00, 0x00, 0x00,
  0x00, 0x00, 0x00, 0x00, 0x00, 0x00, 0x00, 0x00, 0x00, 0x00, 0x00, 0x00,
  0x00, 0x00, 0x00, 0x00, 0x00, 0x00, 0x00, 0x00, 0x00, 0x00, 0x00, 0x00,
  0x00, 0x00, 0x00, 0x00, 0x00, 0x00, 0x00, 0x00, 0x00, 0x00, 0x00, 0x00,
  0x00, 0x00, 0x00, 0x00, 0x00, 0x00, 0x00, 0x00, 0x00, 0x00, 0x00, 0x00,
  0x00, 0x00, 0x00, 0x00, 0x00, 0x00, 0x00, 0x00, 0x00, 0x00, 0x00, 0x00,
  0x00, 0x00, 0x00, 0x00, 0x00, 0x00, 0x00, 0x00, 0x00, 0x00, 0x00, 0x00,
  0x00, 0x00, 0x00, 0x00, 0x00, 0x00, 0x00, 0x00, 0x00, 0x00, 0x00, 0x00,
  0x00, 0x00, 0x00, 0x00, 0x00, 0x00, 0x00, 0x00, 0x00, 0x00, 0x00, 0x00,
  0x00, 0x00, 0x00, 0x00, 0x00, 0x00, 0x00, 0x00, 0x00, 0x00, 0x00, 0x00,
  0x00, 0x00, 0x00, 0x00, 0x00, 0x00, 0x00, 0x00, 0x00, 0x00, 0x00, 0x00,
  0x00, 0x00, 0x00, 0x00, 0x00, 0x00, 0x00, 0x00, 0x00, 0x00, 0x00, 0x00,
  0x00, 0x00, 0x00, 0x00, 0x00, 0x00, 0x00, 0x00, 0x00, 0x00, 0x00, 0x00,
  0x00, 0x00, 0x00, 0x00, 0x00, 0x00, 0x00, 0x00, 0x00, 0x00, 0x00, 0x00,
  0x00, 0x00, 0x00, 0x00, 0x00, 0x00, 0x00, 0x00, 0xf3, 0x0f, 0x1e, 0xfa,
  0x41, 0x54, 0xba, 0x10, 0x01, 0x00, 0x00, 0x55, 0x48, 0x89, 0xfd, 0x53,
  0x48, 0x81, 0xec, 0x40, 0x01, 0x00, 0x00, 0x4c, 0x8d, 0x25, 0x62, 0x50,
  0x00, 0x00, 0x48, 0x8d, 0x5c, 0x24, 0x30, 0x49, 0x8b, 0x34, 0x24, 0x48,
  0x89, 0xdf, 0xe8, 0x91, 0x16, 0x00, 0x00, 0x48, 0x89, 0xee, 0x48, 0x8d,
  0x7c, 0x24, 0x08, 0xba, 0x28, 0x00, 0x00, 0x00, 0xe8, 0x7f, 0x16, 0x00,
  0x00, 0x48, 0x8b, 0x44, 0x24, 0x08, 0x48, 0x89, 0xdf, 0x89, 0x05, 0x71,
  0xa0, 0x00, 0x00, 0x48, 0x8b, 0x44, 0x24, 0x18, 0x48, 0x89, 0x44, 0x24,
  0x40, 0x48, 0x8b, 0x44, 0x24, 0x20, 0x48, 0x89, 0x44, 0x24, 0x48, 0x48,
  0x8b, 0x44, 0x24, 0x28, 0x48, 0x89, 0x44, 0x24, 0x60, 0xe8, 0xce, 0x0d,
  0x00, 0x00, 0x49, 0x8b, 0x3c, 0x24, 0x48, 0x89, 0xde, 0xba, 0x10, 0x01,
  0x00, 0x00, 0xe8, 0x2d, 0x18, 0x00, 0x00, 0x48, 0x81, 0xc4, 0x40, 0x01,
  0x00, 0x00, 0x5b, 0x5d, 0x41, 0x5c, 0xc3, 0x90, 0x55, 0x53, 0x41, 0x54,
  0x41, 0x55, 0x41, 0x56, 0x41, 0x57, 0x48, 0x89, 0x25, 0xff, 0x8f, 0x00,
  0x00, 0xf4, 0x48, 0x89, 0xf8, 0x48, 0x89, 0xd1, 0xf3, 0xa4, 0xc3, 0x40,
  0x0f, 0xb6, 0xc6, 0x48, 0x89, 0xfe, 0x48, 0x89, 0xd1, 0xf3, 0xaa, 0x48,
  0x89, 0xf0, 0xc3, 0x48, 0x89, 0xf8, 0x48, 0x29, 0xf0, 0x48, 0x39, 0xd0,
  0x73, 0xdc, 0x48, 0x85, 0xc0, 0x74, 0x14, 0x48, 0x8d, 0x7c, 0x17, 0xff,
  0x48, 0x8d, 0x74, 0x16, 0xff, 0x48, 0x89, 0xd1, 0xfd, 0xf3, 0xa4, 0xfc,
  0x48, 0xff, 0xc7, 0x48, 0x89, 0xf8, 0xc3, 0x48, 0x89, 0x3d, 0x96, 0x4f,
  0x00, 0x00, 0x48, 0x89, 0x35, 0x97, 0x4f, 0x00, 0x00, 0x4c, 0x89, 0x05,
  0x98, 0x4f, 0x00, 0x00, 0x48, 0x31, 0xe4, 0x48, 0x87, 0x25, 0x9e, 0x8f,
  0x00, 0x00, 0x48, 0x85, 0xe4, 0x75, 0x13, 0x48, 0x8d, 0x25, 0x92, 0x8f,
  0x00, 0x00, 0x48, 0x89, 0xcf, 0x4c, 0x89, 0xc6, 0xe8, 0xe7, 0xfe, 0xff,
  0xff, 0xf4, 0x48, 0x89, 0xc8, 0x41, 0x5f, 0x41, 0x5e, 0x41, 0x5d, 0x41,
  0x5c, 0x5b, 0x5d, 0xc3, 0x0f, 0x1f, 0x84, 0x00, 0x00, 0x00, 0x00, 0x00,
  0xf3, 0x0f, 0x1e, 0xfa, 0x48, 0x8b, 0x87, 0xe8, 0x00, 0x00, 0x00, 0x48,
  0x3b, 0x05, 0xf6, 0x4d, 0x00, 0x00, 0x74, 0x14, 0x31, 0xd2, 0x48, 0x3b,
  0x05, 0xab, 0x4d, 0x00, 0x00, 0x74, 0x21, 0x89, 0xd0, 0xc3, 0x66, 0x0f,
  0x1f, 0x44, 0x00, 0x00, 0x48, 0x8b, 0x05, 0xa9, 0x4d, 0x00, 0x00, 0x48,
  0x89, 0x87, 0xe8, 0x00, 0x00, 0x00, 0xba, 0x01, 0x00, 0x00, 0x00, 0x89,
  0xd0, 0xc3, 0x66, 0x90, 0x48, 0x83, 0xc0, 0x05, 0x48, 0xc7, 0x47, 0x18,
  0x07, 0x00, 0x00, 0x00, 0x48, 0x89, 0x87, 0xe8, 0x00, 0x00, 0x00, 0xeb,
  0xe1, 0x66, 0x2e, 0x0f, 0x1f, 0x84, 0x00, 0x00, 0x00, 0x00, 0x00, 0x90,
  0xf3, 0x0f, 0x1e, 0xfa, 0x41, 0x54, 0x55, 0x48, 0x89, 0xf5, 0x53, 0x48,
  0x81, 0xec, 0x90, 0x00, 0x00, 0x00, 0x83, 0xfa, 0x07, 0x0f, 0x87, 0x05,
  0x04, 0x00, 0x00, 0x85, 0xd2, 0x0f, 0x84, 0xad, 0x00, 0x00, 0x00, 0x83,
  0xfa, 0x07, 0x0f, 0x87, 0xa4, 0x00, 0x00, 0x00, 0x48, 0x8d, 0x0d, 0x3d,
  0x2e, 0x00, 0x00, 0x89, 0xd2, 0x48, 0x89, 0xfb, 0x48, 0x63, 0x04, 0x91,
  0x48, 0x01, 0xc8, 0x3e, 0xff, 0xe0, 0x66, 0x0f, 0x1f, 0x44, 0x00, 0x00,
  0x48, 0x8b, 0x07, 0x4c, 0x8d, 0x64, 0x24, 0x10, 0xba, 0x08, 0x00, 0x00,
  0x00, 0x48, 0xc7, 0x44, 0x24, 0x10, 0x00, 0x00, 0x00, 0x00, 0x4c, 0x89,
  0xe6, 0x48, 0x8d, 0xb8, 0x08, 0x04, 0x00, 0x00, 0xe8, 0xb3, 0x16, 0x00,
  0x00, 0x48, 0x8b, 0x45, 0x00, 0xba, 0x08, 0x00, 0x00, 0x00, 0x4c, 0x89,
  0xe6, 0x48, 0x89, 0x03, 0x48, 0x8b, 0x45, 0x08, 0x48, 0xc7, 0x43, 0x10,
  0x00, 0x00, 0x00, 0x00, 0x48, 0x89, 0x43, 0x08, 0x48, 0x8b, 0x83, 0x00,
  0x01, 0x00, 0x00, 0x48, 0xc7, 0x43, 0x18, 0x00, 0x00, 0x00, 0x00, 0x48,
  0xc7, 0x43, 0x20, 0x00, 0x00, 0x00, 0x00, 0x48, 0x8d, 0x78, 0x10, 0x48,
  0xc7, 0x43, 0x28, 0x00, 0x00, 0x00, 0x00, 0x48, 0x8b, 0x45, 0x10, 0x48,
  0x89, 0x44, 0x24, 0x10, 0xe8, 0x63, 0x16, 0x00, 0x00, 0x48, 0x8b, 0x05,
  0x34, 0x4d, 0x00, 0x00, 0x48, 0x89, 0x83, 0xe8, 0x00, 0x00, 0x00, 0x0f,
  0x1f, 0x44, 0x00, 0x00, 0xb8, 0x4e, 0x00, 0x00, 0x00, 0x48, 0x81, 0xc4,
  0x90, 0x00, 0x00, 0x00, 0x5b, 0x5d, 0x41, 0x5c, 0xc3, 0x0f, 0x1f, 0x80,
  0x00, 0x00, 0x00, 0x00, 0x31, 0xc0, 0x48, 0x8d, 0x7c, 0x24, 0x40, 0xb9,
  0x06, 0x00, 0x00, 0x00, 0x48, 0x8b, 0x93, 0x00, 0x01, 0x00, 0x00, 0xf3,
  0x48, 0xab, 0x48, 0x8b, 0x05, 0x43, 0x4d, 0x00, 0x00, 0x48, 0x8b, 0xb3,
  0xf0, 0x00, 0x00, 0x00, 0x48, 0x8d, 0x7c, 0x24, 0x40, 0x48, 0x8b, 0x8b,
  0xf8, 0x00, 0x00, 0x00, 0x48, 0x89, 0x54, 0x24, 0x30, 0x4c, 0x8d, 0x64,
  0x24, 0x08, 0x48, 0x89, 0x44, 0x24, 0x10, 0x48, 0x8b, 0x05, 0x12, 0x4d,
  0x00, 0x00, 0x48, 0x89, 0x74, 0x24, 0x20, 0x48, 0x89, 0x44, 0x24, 0x18,
  0x48, 0x8b, 0x83, 0x08, 0x01, 0x00, 0x00, 0x48, 0x89, 0x4c, 0x24, 0x28,
  0x48, 0x89, 0x44, 0x24, 0x38, 0xe8, 0xc2, 0x17, 0x00, 0x00, 0x48, 0x8b,
  0x35, 0xe3, 0x4c, 0x00, 0x00, 0xba, 0x08, 0x00, 0x00, 0x00, 0x4c, 0x89,
  0xe7, 0x48, 0xc7, 0x44, 0x24, 0x08, 0x00, 0x00, 0x00, 0x00, 0xe8, 0xc5,
  0x13, 0x00, 0x00, 0x85, 0xc0, 0x0f, 0x85, 0xcd, 0x02, 0x00, 0x00, 0x48,
  0x8b, 0x74, 0x24, 0x08, 0xba, 0x08, 0x00, 0x00, 0x00, 0x4c, 0x89, 0xe7,
  0x48, 0xc7, 0x44, 0x24, 0x08, 0x00, 0x00, 0x00, 0x00, 0x48, 0x81, 0xc6,
  0xf8, 0x03, 0x00, 0x00, 0xe8, 0x9b, 0x13, 0x00, 0x00, 0x85, 0xc0, 0x0f,
  0x85, 0xd3, 0x02, 0x00, 0x00, 0x48, 0x8b, 0x74, 0x24, 0x08, 0xba, 0x08,
  0x00, 0x00, 0x00, 0x4c, 0x89, 0xe7, 0x48, 0xc7, 0x44, 0x24, 0x08, 0x00,
  0x00, 0x00, 0x00, 0x48, 0x81, 0xc6, 0x00, 0x01, 0x00, 0x00, 0xe8, 0x71,
  0x13, 0x00, 0x00, 0x85, 0xc0, 0x0f, 0x85, 0x91, 0x02, 0x00, 0x00, 0xf6,
  0x44, 0x24, 0x08, 0x02, 0x75, 0x2a, 0x48, 0x83, 0x64, 0x24, 0x60, 0xf0,
  0x48, 0xc7, 0x44, 0x24, 0x58, 0x00, 0x00, 0x00, 0x00, 0x48, 0xc7, 0x44,
  0x24, 0x50, 0x00, 0x00, 0x00, 0x00, 0x48, 0xc7, 0x44, 0x24, 0x48, 0x00,
  0x00, 0x00, 0x00, 0x48, 0xc7, 0x44, 0x24, 0x40, 0x00, 0x00, 0x00, 0x00,
  0x48, 0x8b, 0x83, 0x00, 0x01, 0x00, 0x00, 0x48, 0x8d, 0x74, 0x24, 0x10,
  0xba, 0x60, 0x00, 0x00, 0x00, 0x48, 0x8d, 0x78, 0xa0, 0x48, 0x89, 0xbb,
  0x00, 0x01, 0x00, 0x00, 0xe8, 0x07, 0x15, 0x00, 0x00, 0x48, 0x8b, 0x03,
  0xba, 0x08, 0x00, 0x00, 0x00, 0x4c, 0x89, 0xe6, 0x48, 0xc7, 0x44, 0x24,
  0x08, 0x00, 0x00, 0x00, 0x00, 0x48, 0x8d, 0xb8, 0x08, 0x04, 0x00, 0x00,
  0xe8, 0xe7, 0x14, 0x00, 0x00, 0x48, 0x8b, 0x83, 0x00, 0x01, 0x00, 0x00,
  0x48, 0x83, 0xc0, 0x30, 0x48, 0x89, 0x03, 0x48, 0x8b, 0x45, 0x00, 0x48,
  0xc7, 0x43, 0x10, 0x30, 0x00, 0x00, 0x00, 0x48, 0x89, 0x43, 0x08, 0x48,
  0x8b, 0x05, 0x62, 0x4b, 0x00, 0x00, 0x48, 0x89, 0x83, 0xe8, 0x00, 0x00,
  0x00, 0xe9, 0x66, 0xfe, 0xff, 0xff, 0x66, 0x0f, 0x1f, 0x44, 0x00, 0x00,
  0x31, 0xc0, 0x48, 0x8d, 0x7c, 0x24, 0x20, 0xb9, 0x0c, 0x00, 0x00, 0x00,
  0xba, 0x70, 0x00, 0x00, 0x00, 0xf3, 0x48, 0xab, 0x48, 0x8b, 0x05, 0xbd,
  0x4b, 0x00, 0x00, 0x48, 0x8d, 0x74, 0x24, 0x10, 0x48, 0x89, 0x44, 0x24,
  0x10, 0x48, 0xb8, 0x01, 0x00, 0x00, 0x00, 0x01, 0x00, 0xad, 0xde, 0x48,
  0x89, 0x44, 0x24, 0x18, 0x48, 0x8b, 0x03, 0x48, 0x89, 0x44, 0x24, 0x70,
  0x48, 0x8b, 0x83, 0x00, 0x01, 0x00, 0x00, 0x48, 0x8d, 0x78, 0x90, 0x48,
  0x89, 0xbb, 0x00, 0x01, 0x00, 0x00, 0xe8, 0x5d, 0x14, 0x00, 0x00, 0x48,
  0x8b, 0x45, 0x00, 0x48, 0xc7, 0x43, 0x10, 0x30, 0x00, 0x00, 0x00, 0x48,
  0x89, 0x03, 0x48, 0x8b, 0x83, 0x00, 0x01, 0x00, 0x00, 0x48, 0x83, 0xc0,
  0x30, 0x48, 0x89, 0x43, 0x08, 0x48, 0x8b, 0x05, 0x18, 0x4b, 0x00, 0x00,
  0x48, 0x89, 0x83, 0xe8, 0x00, 0x00, 0x00, 0xe9, 0xdc, 0xfd, 0xff, 0xff,
  0x0f, 0x1f, 0x40, 0x00, 0x8b, 0x7d, 0x00, 0x48, 0x8d, 0x76, 0x30, 0xe8,
  0x9c, 0x18, 0x00, 0x00, 0x85, 0xc0, 0x0f, 0x85, 0x25, 0x01, 0x00, 0x00,
  0xb8, 0x0e, 0x00, 0x00, 0x00, 0xe9, 0xbf, 0xfd, 0xff, 0xff, 0x66, 0x2e,
  0x0f, 0x1f, 0x84, 0x00, 0x00, 0x00, 0x00, 0x00, 0x31, 0xc0, 0x48, 0x8d,
  0x7c, 0x24, 0x20, 0xb9, 0x0e, 0x00, 0x00, 0x00, 0x48, 0x8b, 0x16, 0xf3,
  0x48, 0xab, 0x48, 0x8b, 0x05, 0x0f, 0x4b, 0x00, 0x00, 0x48, 0x89, 0x54,
  0x24, 0x40, 0xba, 0x80, 0x00, 0x00, 0x00, 0x48, 0x89, 0x44, 0x24, 0x10,
  0x48, 0xb8, 0x02, 0x00, 0x00, 0x00, 0x01, 0x00, 0xad, 0xde, 0x48, 0x89,
  0x44, 0x24, 0x18, 0x48, 0x8b, 0x46, 0x08, 0x48, 0x8d, 0x74, 0x24, 0x10,
  0x48, 0x89, 0x44, 0x24, 0x48, 0x48, 0x8b, 0x03, 0x48, 0x89, 0x84, 0x24,
  0x80, 0x00, 0x00, 0x00, 0x48, 0x8b, 0x83, 0x00, 0x01, 0x00, 0x00, 0x48,
  0x8d, 0x78, 0x80, 0x48, 0x89, 0xbb, 0x00, 0x01, 0x00, 0x00, 0xe8, 0x99,
  0x13, 0x00, 0x00, 0x48, 0x8b, 0x45, 0x10, 0x48, 0xc7, 0x43, 0x10, 0x30,
  0x00, 0x00, 0x00, 0x48, 0x89, 0x03, 0x48, 0x8b, 0x83, 0x00, 0x01, 0x00,
  0x00, 0x48, 0x83, 0xc0, 0x40, 0x48, 0x89, 0x43, 0x08, 0x48, 0x8b, 0x05,
  0x54, 0x4a, 0x00, 0x00, 0x48, 0x89, 0x83, 0xe8, 0x00, 0x00, 0x00, 0xe9,
  0x18, 0xfd, 0xff, 0xff, 0x0f, 0x1f, 0x84, 0x00, 0x00, 0x00, 0x00, 0x00,
  0x48, 0x8b, 0x07, 0x48, 0x8d, 0x74, 0x24, 0x10, 0xba, 0x08, 0x00, 0x00,
  0x00, 0x48, 0xc7, 0x44, 0x24, 0x10, 0x00, 0x00, 0x00, 0x00, 0x48, 0x8d,
  0xb8, 0x08, 0x04, 0x00, 0x00, 0xe8, 0x3e, 0x13, 0x00, 0x00, 0x48, 0x8b,
  0x45, 0x00, 0x48, 0xc7, 0x43, 0x10, 0x01, 0x00, 0x00, 0x00, 0x48, 0x89,
  0xdf, 0x48, 0x8d, 0x35, 0x78, 0x4a, 0x00, 0x00, 0x48, 0x89, 0x03, 0x48,
  0x8b, 0x05, 0x1e, 0x4a, 0x00, 0x00, 0x48, 0x89, 0x43, 0x08, 0x48, 0x8b,
  0x05, 0xab, 0x49, 0x00, 0x00, 0x48, 0x89, 0x83, 0xe8, 0x00, 0x00, 0x00,
  0xe8, 0x67, 0x18, 0x00, 0x00, 0xe9, 0xb2, 0xfc, 0xff, 0xff, 0x66, 0x90,
  0x83, 0xfa, 0xff, 0x0f, 0x85, 0xa7, 0xfc, 0xff, 0xff, 0x48, 0xc7, 0x46,
  0x30, 0x00, 0x00, 0x00, 0x00, 0x48, 0x81, 0xc4, 0x90, 0x00, 0x00, 0x00,
  0x31, 0xc0, 0x5b, 0x5d, 0x41, 0x5c, 0xc3, 0x90, 0x48, 0x8b, 0xbc, 0x24,
  0xa8, 0x00, 0x00, 0x00, 0xe8, 0x03, 0x07, 0x00, 0x00, 0xe9, 0x21, 0xfd,
  0xff, 0xff, 0x66, 0x0f, 0x1f, 0x44, 0x00, 0x00, 0x48, 0x8b, 0xbc, 0x24,
  0xa8, 0x00, 0x00, 0x00, 0xe8, 0xeb, 0x06, 0x00, 0x00, 0xe9, 0x5d, 0xfd,
  0xff, 0xff, 0x66, 0x0f, 0x1f, 0x44, 0x00, 0x00, 0x48, 0x8b, 0xbc, 0x24,
  0xa8, 0x00, 0x00, 0x00, 0xe8, 0xd3, 0x06, 0x00, 0x00, 0xe9, 0x1b, 0xfd,
  0xff, 0xff, 0x66, 0x2e, 0x0f, 0x1f, 0x84, 0x00, 0x00, 0x00, 0x00, 0x00,
  0x0f, 0x1f, 0x40, 0x00, 0xf3, 0x0f, 0x1e, 0xfa, 0x41, 0x57, 0x41, 0x56,
  0x41, 0x55, 0x41, 0x54, 0x55, 0x48, 0x89, 0xfd, 0x53, 0x48, 0x81, 0xec,
  0xf8, 0x00, 0x00, 0x00, 0x83, 0xfe, 0x01, 0x74, 0x33, 0x89, 0xf3, 0x83,
  0xfe, 0x02, 0x0f, 0x84, 0x70, 0x01, 0x00, 0x00, 0x8d, 0x46, 0xfd, 0x83,
  0xf8, 0x01, 0x0f, 0x86, 0x24, 0x01, 0x00, 0x00, 0x48, 0x81, 0xc4, 0xf8,
  0x00, 0x00, 0x00, 0x5b, 0x5d, 0x41, 0x5c, 0x41, 0x5d, 0x41, 0x5e, 0x41,
  0x5f, 0xc3, 0x66, 0x2e, 0x0f, 0x1f, 0x84, 0x00, 0x00, 0x00, 0x00, 0x00,
  0x48, 0x8b, 0xb7, 0x00, 0x01, 0x00, 0x00, 0xba, 0x70, 0x00, 0x00, 0x00,
  0x48, 0x8d, 0x7c, 0x24, 0x78, 0xe8, 0x3a, 0x10, 0x00, 0x00, 0x48, 0x8b,
  0x84, 0x24, 0xe0, 0x00, 0x00, 0x00, 0x8b, 0x4d, 0x30, 0x48, 0x83, 0x85,
  0x00, 0x01, 0x00, 0x00, 0x70, 0x48, 0x89, 0x85, 0xe8, 0x00, 0x00, 0x00,
  0x85, 0xc9, 0x75, 0xb0, 0x48, 0x8b, 0x84, 0x24, 0xd0, 0x00, 0x00, 0x00,
  0x4c, 0x8d, 0x64, 0x24, 0x08, 0xba, 0x08, 0x00, 0x00, 0x00, 0x48, 0xc7,
  0x44, 0x24, 0x08, 0x00, 0x00, 0x00, 0x00, 0x4c, 0x89, 0xe6, 0x48, 0x8d,
  0xb8, 0x08, 0x04, 0x00, 0x00, 0xe8, 0xe2, 0x11, 0x00, 0x00, 0x48, 0x8b,
  0x35, 0xf3, 0x48, 0x00, 0x00, 0xba, 0x08, 0x00, 0x00, 0x00, 0x4c, 0x89,
  0xe7, 0x48, 0xc7, 0x44, 0x24, 0x08, 0x00, 0x00, 0x00, 0x00, 0xe8, 0xd5,
  0x0f, 0x00, 0x00, 0x85, 0xc0, 0x0f, 0x85, 0xd5, 0x04, 0x00, 0x00, 0x48,
  0x8b, 0x74, 0x24, 0x08, 0xba, 0x08, 0x00, 0x00, 0x00, 0x4c, 0x89, 0xe7,
  0x48, 0xc7, 0x44, 0x24, 0x08, 0x00, 0x00, 0x00, 0x00, 0x48, 0x81, 0xc6,
  0xf8, 0x03, 0x00, 0x00, 0xe8, 0xab, 0x0f, 0x00, 0x00, 0x85, 0xc0, 0x0f,
  0x85, 0x93, 0x04, 0x00, 0x00, 0x48, 0x8b, 0x44, 0x24, 0x08, 0xba, 0x08,
  0x00, 0x00, 0x00, 0x4c, 0x89, 0xe7, 0x48, 0xc7, 0x44, 0x24, 0x08, 0x00,
  0x00, 0x00, 0x00, 0x48, 0x8d, 0x98, 0x00, 0x01, 0x00, 0x00, 0x48, 0x89,
  0xde, 0xe8, 0x7e, 0x0f, 0x00, 0x00, 0x85, 0xc0, 0x0f, 0x85, 0x4e, 0x04,
  0x00, 0x00, 0x48, 0x89, 0xdf, 0xba, 0x08, 0x00, 0x00, 0x00, 0x4c, 0x89,
  0xe6, 0x48, 0x83, 0x4c, 0x24, 0x08, 0x02, 0xe8, 0x50, 0x11, 0x00, 0x00,
  0x48, 0x8d, 0xbc, 0x24, 0xa0, 0x00, 0x00, 0x00, 0xe8, 0x33, 0x14, 0x00,
  0x00, 0xe9, 0xe2, 0xfe, 0xff, 0xff, 0x66, 0x0f, 0x1f, 0x44, 0x00, 0x00,
  0x48, 0x8b, 0xb7, 0x00, 0x01, 0x00, 0x00, 0xba, 0x70, 0x00, 0x00, 0x00,
  0x48, 0x8d, 0x7c, 0x24, 0x78, 0xe8, 0x32, 0x0f, 0x00, 0x00, 0x48, 0x83,
  0x85, 0x00, 0x01, 0x00, 0x00, 0x70, 0x83, 0xfb, 0x03, 0x0f, 0x84, 0xf9,
  0x02, 0x00, 0x00, 0x48, 0x8b, 0x84, 0x24, 0xe0, 0x00, 0x00, 0x00, 0x48,
  0x89, 0x85, 0xe8, 0x00, 0x00, 0x00, 0xe9, 0xa1, 0xfe, 0xff, 0xff, 0x0f,
  0x1f, 0x44, 0x00, 0x00, 0x48, 0x8b, 0xb7, 0x00, 0x01, 0x00, 0x00, 0xba,
  0x78, 0x00, 0x00, 0x00, 0x48, 0x8d, 0x7c, 0x24, 0x78, 0xe8, 0xf2, 0x0e,
  0x00, 0x00, 0x48, 0x8b, 0x85, 0x00, 0x01, 0x00, 0x00, 0x8b, 0x55, 0x30,
  0x48, 0x8d, 0x70, 0x78, 0x48, 0x89, 0xb5, 0x00, 0x01, 0x00, 0x00, 0x85,
  0xd2, 0x0f, 0x85, 0x13, 0x01, 0x00, 0x00, 0x48, 0x8b, 0x84, 0x24, 0xe0,
  0x00, 0x00, 0x00, 0x4c, 0x8d, 0x64, 0x24, 0x08, 0xba, 0x08, 0x00, 0x00,
  0x00, 0x48, 0xc7, 0x44, 0x24, 0x08, 0x00, 0x00, 0x00, 0x00, 0x4c, 0x89,
  0xe7, 0x44, 0x8b, 0xb4, 0x24, 0xa0, 0x00, 0x00, 0x00, 0x4c, 0x8b, 0xbc,
  0x24, 0xa8, 0x00, 0x00, 0x00, 0x48, 0x8d, 0x70, 0x08, 0xe8, 0x9e, 0x0e,
  0x00, 0x00, 0x85, 0xc0, 0x0f, 0x85, 0x56, 0x03, 0x00, 0x00, 0x49, 0xbd,
  0x00, 0x00, 0x00, 0x00, 0xff, 0xff, 0xff, 0xff, 0x48, 0x8b, 0x5c, 0x24,
  0x08, 0x4c, 0x39, 0xeb, 0x7d, 0x6c, 0x66, 0x90, 0x48, 0x8d, 0x73, 0x08,
  0xba, 0x08, 0x00, 0x00, 0x00, 0x4c, 0x89, 0xe7, 0x48, 0xc7, 0x44, 0x24,
  0x08, 0x00, 0x00, 0x00, 0x00, 0xe8, 0x66, 0x0e, 0x00, 0x00, 0x85, 0xc0,
  0x0f, 0x85, 0xbe, 0x00, 0x00, 0x00, 0x48, 0x8b, 0x5c, 0x24, 0x08, 0x4c,
  0x39, 0xeb, 0x7c, 0xd4, 0xeb, 0x3c, 0x66, 0x90, 0x48, 0x8b, 0xbc, 0x24,
  0x28, 0x01, 0x00, 0x00, 0xe8, 0x63, 0x04, 0x00, 0x00, 0x44, 0x3b, 0x74,
  0x24, 0x08, 0x0f, 0x84, 0xb8, 0x00, 0x00, 0x00, 0xba, 0x08, 0x00, 0x00,
  0x00, 0x48, 0x89, 0xde, 0x4c, 0x89, 0xe7, 0x48, 0xc7, 0x44, 0x24, 0x08,
  0x00, 0x00, 0x00, 0x00, 0xe8, 0x1f, 0x0e, 0x00, 0x00, 0x85, 0xc0, 0x75,
  0x33, 0x48, 0x8b, 0x5c, 0x24, 0x08, 0x48, 0x85, 0xdb, 0x74, 0x40, 0x48,
  0x8d, 0xb3, 0xbc, 0x00, 0x00, 0x00, 0xba, 0x08, 0x00, 0x00, 0x00, 0x4c,
  0x89, 0xe7, 0x48, 0xc7, 0x44, 0x24, 0x08, 0x00, 0x00, 0x00, 0x00, 0xe8,
  0xf4, 0x0d, 0x00, 0x00, 0x85, 0xc0, 0x74, 0xad, 0xeb, 0x9e, 0x66, 0x0f,
  0x1f, 0x44, 0x00, 0x00, 0x48, 0x8b, 0xbc, 0x24, 0x28, 0x01, 0x00, 0x00,
  0xe8, 0xfb, 0x03, 0x00, 0x00, 0x48, 0x8b, 0x5c, 0x24, 0x08, 0x48, 0x85,
  0xdb, 0x75, 0xc0, 0x48, 0xc7, 0x45, 0x30, 0x03, 0x00, 0x00, 0x00, 0x48,
  0x8b, 0xb5, 0x00, 0x01, 0x00, 0x00, 0x48, 0x8d, 0xbd, 0xe8, 0x00, 0x00,
  0x00, 0xba, 0x08, 0x00, 0x00, 0x00, 0xe8, 0xb1, 0x0d, 0x00, 0x00, 0x48,
  0x83, 0x85, 0x00, 0x01, 0x00, 0x00, 0x08, 0xe9, 0x38, 0xfd, 0xff, 0xff,
  0x0f, 0x1f, 0x40, 0x00, 0x48, 0x8b, 0xbc, 0x24, 0x28, 0x01, 0x00, 0x00,
  0xe8, 0xb3, 0x03, 0x00, 0x00, 0x48, 0x8b, 0x5c, 0x24, 0x08, 0x4c, 0x39,
  0xeb, 0x0f, 0x8c, 0x05, 0xff, 0xff, 0xff, 0xe9, 0x6a, 0xff, 0xff, 0xff,
  0x48, 0x8d, 0x73, 0x10, 0xba, 0x08, 0x00, 0x00, 0x00, 0x4c, 0x89, 0xe7,
  0x48, 0xc7, 0x44, 0x24, 0x08, 0x00, 0x00, 0x00, 0x00, 0xe8, 0x66, 0x0d,
  0x00, 0x00, 0x85, 0xc0, 0x0f, 0x85, 0x06, 0x02, 0x00, 0x00, 0x31, 0xc0,
  0x48, 0x8d, 0x7c, 0x24, 0x18, 0xb9, 0x0c, 0x00, 0x00, 0x00, 0x48, 0x8b,
  0x54, 0x24, 0x08, 0xf3, 0x48, 0xab, 0x48, 0x8b, 0x05, 0x5b, 0x46, 0x00,
  0x00, 0x48, 0x8d, 0xb4, 0x24, 0xb0, 0x00, 0x00, 0x00, 0x48, 0x8d, 0x7c,
  0x24, 0x48, 0x48, 0x89, 0x55, 0x00, 0x48, 0x89, 0x44, 0x24, 0x08, 0x48,
  0xb8, 0x03, 0x00, 0x00, 0x00, 0x01, 0x00, 0xad, 0xde, 0x48, 0x89, 0x44,
  0x24, 0x10, 0x48, 0x8b, 0x84, 0x24, 0xe0, 0x00, 0x00, 0x00, 0x48, 0x89,
  0x54, 0x24, 0x40, 0xba, 0x30, 0x00, 0x00, 0x00, 0x48, 0x89, 0x44, 0x24,
  0x38, 0xe8, 0xe4, 0xf6, 0xff, 0xff, 0x41, 0x81, 0xff, 0xa5, 0x00, 0x00,
  0x00, 0x0f, 0x85, 0x35, 0x01, 0x00, 0x00, 0x81, 0xbc, 0x24, 0xb0, 0x00,
  0x00, 0x00, 0x80, 0x00, 0x00, 0x00, 0x0f, 0x84, 0x52, 0x02, 0x00, 0x00,
  0x48, 0x8b, 0x45, 0x00, 0x48, 0xc7, 0x04, 0x24, 0x00, 0x00, 0x00, 0x00,
  0x48, 0x89, 0xe3, 0x48, 0x8d, 0xb8, 0x08, 0x04, 0x00, 0x00, 0xba, 0x08,
  0x00, 0x00, 0x00, 0x48, 0x89, 0xde, 0xe8, 0xb1, 0x0e, 0x00, 0x00, 0x48,
  0x8b, 0x85, 0x00, 0x01, 0x00, 0x00, 0xba, 0x70, 0x00, 0x00, 0x00, 0x4c,
  0x89, 0xe6, 0x48, 0x8d, 0x78, 0x90, 0x48, 0x89, 0xbd, 0x00, 0x01, 0x00,
  0x00, 0xe8, 0x92, 0x0e, 0x00, 0x00, 0x48, 0x8b, 0x15, 0x3b, 0x45, 0x00,
  0x00, 0x81, 0xbc, 0x24, 0xb0, 0x00, 0x00, 0x00, 0x80, 0x00, 0x00, 0x00,
  0x48, 0x8d, 0x82, 0xf0, 0x1e, 0x00, 0x00, 0x48, 0x89, 0x45, 0x30, 0xb8,
  0xf0, 0x1e, 0x00, 0x00, 0x0f, 0x84, 0xb2, 0x01, 0x00, 0x00, 0x48, 0x8d,
  0x74, 0x10, 0x08, 0x48, 0x89, 0xdf, 0xba, 0x08, 0x00, 0x00, 0x00, 0x48,
  0xc7, 0x04, 0x24, 0x00, 0x00, 0x00, 0x00, 0xe8, 0x60, 0x0c, 0x00, 0x00,
  0x85, 0xc0, 0x0f, 0x85, 0x78, 0x01, 0x00, 0x00, 0x48, 0x8b, 0x04, 0x24,
  0x31, 0xf6, 0x48, 0x89, 0xef, 0x48, 0x89, 0x85, 0xe8, 0x00, 0x00, 0x00,
  0x48, 0x8b, 0x85, 0x00, 0x01, 0x00, 0x00, 0x48, 0x83, 0xc0, 0x40, 0x48,
  0x89, 0x45, 0x08, 0xe8, 0x34, 0x03, 0x00, 0x00, 0xe9, 0xc3, 0xfb, 0xff,
  0xff, 0x0f, 0x1f, 0x80, 0x00, 0x00, 0x00, 0x00, 0x8b, 0x45, 0x30, 0x85,
  0xc0, 0x0f, 0x85, 0xfc, 0xfc, 0xff, 0xff, 0x48, 0x8b, 0x84, 0x24, 0xa8,
  0x00, 0x00, 0x00, 0x4c, 0x8d, 0x64, 0x24, 0x08, 0xba, 0x08, 0x00, 0x00,
  0x00, 0x48, 0xc7, 0x44, 0x24, 0x08, 0x00, 0x00, 0x00, 0x00, 0x4c, 0x89,
  0xe7, 0x48, 0x8d, 0xb0, 0x08, 0x04, 0x00, 0x00, 0xe8, 0xf3, 0x0b, 0x00,
  0x00, 0x85, 0xc0, 0x0f, 0x85, 0xd5, 0x01, 0x00, 0x00, 0x48, 0x8b, 0x84,
  0x24, 0xa0, 0x00, 0x00, 0x00, 0xba, 0x08, 0x00, 0x00, 0x00, 0x4c, 0x89,
  0xe6, 0x48, 0x8d, 0xb8, 0x08, 0x04, 0x00, 0x00, 0xe8, 0xbf, 0x0d, 0x00,
  0x00, 0xe9, 0xa9, 0xfc, 0xff, 0xff, 0x66, 0x2e, 0x0f, 0x1f, 0x84, 0x00,
  0x00, 0x00, 0x00, 0x00, 0x48, 0x8b, 0x45, 0x00, 0x48, 0x89, 0xe3, 0xba,
  0x08, 0x00, 0x00, 0x00, 0x45, 0x89, 0xff, 0x48, 0x89, 0xde, 0x48, 0xc7,
  0x04, 0x24, 0x00, 0x00, 0x00, 0x00, 0x48, 0x8d, 0xb8, 0x08, 0x04, 0x00,
  0x00, 0xe8, 0x8a, 0x0d, 0x00, 0x00, 0x48, 0x8b, 0x85, 0x00, 0x01, 0x00,
  0x00, 0xba, 0x70, 0x00, 0x00, 0x00, 0x4c, 0x89, 0xe6, 0x48, 0x8d, 0x78,
  0x90, 0x48, 0x89, 0xbd, 0x00, 0x01, 0x00, 0x00, 0xe8, 0x6b, 0x0d, 0x00,
  0x00, 0x48, 0x8b, 0x15, 0x14, 0x44, 0x00, 0x00, 0x4b, 0x8d, 0x04, 0x7f,
  0x48, 0xc1, 0xe0, 0x04, 0x48, 0x8d, 0x0c, 0x10, 0x48, 0x89, 0x4d, 0x30,
  0xe9, 0xe5, 0xfe, 0xff, 0xff, 0x0f, 0x1f, 0x80, 0x00, 0x00, 0x00, 0x00,
  0x48, 0x8b, 0xbc, 0x24, 0x28, 0x01, 0x00, 0x00, 0xe8, 0x6b, 0x01, 0x00,
  0x00, 0xe9, 0xe8, 0xfd, 0xff, 0xff, 0x66, 0x0f, 0x1f, 0x44, 0x00, 0x00,
  0x48, 0x8b, 0xbc, 0x24, 0x28, 0x01, 0x00, 0x00, 0xe8, 0x53, 0x01, 0x00,
  0x00, 0xe9, 0x98, 0xfc, 0xff, 0xff, 0x66, 0x0f, 0x1f, 0x44, 0x00, 0x00,
  0x48, 0x8b, 0xbc, 0x24, 0x28, 0x01, 0x00, 0x00, 0xe8, 0x3b, 0x01, 0x00,
  0x00, 0xe9, 0xa0, 0xfb, 0xff, 0xff, 0x66, 0x0f, 0x1f, 0x44, 0x00, 0x00,
  0x48, 0x8b, 0xbc, 0x24, 0x28, 0x01, 0x00, 0x00, 0xe8, 0x23, 0x01, 0x00,
  0x00, 0xe9, 0x5b, 0xfb, 0xff, 0xff, 0x66, 0x0f, 0x1f, 0x44, 0x00, 0x00,
  0x48, 0x8b, 0xbc, 0x24, 0x28, 0x01, 0x00, 0x00, 0xe8, 0x0b, 0x01, 0x00,
  0x00, 0xe9, 0x19, 0xfb, 0xff, 0xff, 0x66, 0x0f, 0x1f, 0x44, 0x00, 0x00,
  0x48, 0x8b, 0xbc, 0x24, 0x28, 0x01, 0x00, 0x00, 0xe8, 0xf3, 0x00, 0x00,
  0x00, 0xe9, 0x76, 0xfe, 0xff, 0xff, 0x66, 0x0f, 0x1f, 0x44, 0x00, 0x00,
  0x48, 0x8b, 0x05, 0x51, 0x43, 0x00, 0x00, 0x48, 0xc7, 0x45, 0x10, 0x08,
  0x00, 0x00, 0x00, 0x48, 0x89, 0x85, 0xe8, 0x00, 0x00, 0x00, 0x48, 0x8b,
  0x85, 0x00, 0x01, 0x00, 0x00, 0x48, 0x83, 0xc0, 0x40, 0x48, 0x89, 0x45,
  0x00, 0x48, 0x8b, 0x84, 0x24, 0xb8, 0x00, 0x00, 0x00, 0x48, 0x89, 0x45,
  0x08, 0xe9, 0x26, 0xfa, 0xff, 0xff, 0x48, 0x89, 0xe3, 0xba, 0x08, 0x00,
  0x00, 0x00, 0x48, 0xb8, 0x04, 0x00, 0x00, 0x00, 0x01, 0x00, 0xad, 0xde,
  0x48, 0xc7, 0x04, 0x24, 0x00, 0x00, 0x00, 0x00, 0x48, 0x89, 0x44, 0x24,
  0x10, 0x48, 0x8b, 0x45, 0x00, 0x48, 0x89, 0xdf, 0x48, 0x8d, 0xb0, 0xf8,
  0x03, 0x00, 0x00, 0xe8, 0x60, 0x0a, 0x00, 0x00, 0x85, 0xc0, 0x75, 0x67,
  0x48, 0x8b, 0x34, 0x24, 0xba, 0x08, 0x00, 0x00, 0x00, 0x48, 0x89, 0xdf,
  0x48, 0xc7, 0x04, 0x24, 0x00, 0x00, 0x00, 0x00, 0x48, 0x83, 0xc6, 0x40,
  0xe8, 0x3f, 0x0a, 0x00, 0x00, 0x85, 0xc0, 0x75, 0x37, 0x48, 0x8b, 0x04,
  0x24, 0x48, 0xc7, 0x04, 0x24, 0x00, 0x00, 0x00, 0x00, 0x48, 0x89, 0x44,
  0x24, 0x48, 0x48, 0x8b, 0x84, 0x24, 0xe0, 0x00, 0x00, 0x00, 0x48, 0x8d,
  0xb8, 0x08, 0x04, 0x00, 0x00, 0xe9, 0x48, 0xfd, 0xff, 0xff, 0x48, 0x8b,
  0xbc, 0x24, 0x28, 0x01, 0x00, 0x00, 0xe8, 0x29, 0x00, 0x00, 0x00, 0xe9,
  0x19, 0xfe, 0xff, 0xff, 0x48, 0x8b, 0xbc, 0x24, 0x28, 0x01, 0x00, 0x00,
  0xe8, 0x17, 0x00, 0x00, 0x00, 0xeb, 0xba, 0x48, 0x8b, 0xbc, 0x24, 0x28,
  0x01, 0x00, 0x00, 0xe8, 0x08, 0x00, 0x00, 0x00, 0xeb, 0x8a, 0x66, 0x0f,
  0x1f, 0x44, 0x00, 0x00, 0xf3, 0x0f, 0x1e, 0xfa, 0x48, 0x8b, 0x05, 0x45,
  0x43, 0x00, 0x00, 0x48, 0x8d, 0x15, 0xce, 0x93, 0x00, 0x00, 0x48, 0x39,
  0xd0, 0x74, 0x0e, 0x48, 0x8d, 0x50, 0x08, 0x48, 0x89, 0x15, 0x2e, 0x43,
  0x00, 0x00, 0x48, 0x89, 0x38, 0xc3, 0x66, 0x2e, 0x0f, 0x1f, 0x84, 0x00,
  0x00, 0x00, 0x00, 0x00, 0x55, 0x31, 0xc0, 0xb9, 0x22, 0x00, 0x00, 0x00,
  0xba, 0x10, 0x01, 0x00, 0x00, 0x53, 0x48, 0x89, 0xfb, 0x48, 0x81, 0xec,
  0x28, 0x01, 0x00, 0x00, 0x48, 0x8d, 0x7c, 0x24, 0x10, 0x48, 0x8d, 0x6c,
  0x24, 0x10, 0xf3, 0x48, 0xab, 0x48, 0x8b, 0x83, 0x00, 0x01, 0x00, 0x00,
  0x48, 0x89, 0xef, 0x48, 0x8d, 0xb0, 0x18, 0x01, 0x00, 0x00, 0xe8, 0x75,
  0x09, 0x00, 0x00, 0x8b, 0x54, 0x24, 0x44, 0x48, 0x89, 0xee, 0x48, 0x89,
  0xdf, 0xe8, 0x36, 0xf4, 0xff, 0xff, 0x48, 0x63, 0xe8, 0x83, 0xfd, 0x4e,
  0x74, 0x28, 0x85, 0xed, 0x74, 0x32, 0x48, 0x89, 0x6b, 0x30, 0x48, 0x8b,
  0xb3, 0x00, 0x01, 0x00, 0x00, 0xba, 0x08, 0x00, 0x00, 0x00, 0x48, 0x8d,
  0xbb, 0xe8, 0x00, 0x00, 0x00, 0xe8, 0x3e, 0x09, 0x00, 0x00, 0x48, 0x83,
  0x83, 0x00, 0x01, 0x00, 0x00, 0x08, 0x48, 0x81, 0xc4, 0x28, 0x01, 0x00,
  0x00, 0x5b, 0x5d, 0xc3, 0x0f, 0x1f, 0x40, 0x00, 0x48, 0x8b, 0x03, 0x48,
  0x8d, 0x74, 0x24, 0x08, 0xba, 0x08, 0x00, 0x00, 0x00, 0x48, 0x8d, 0xb8,
  0x08, 0x04, 0x00, 0x00, 0x48, 0x8b, 0x44, 0x24, 0x40, 0x48, 0x89, 0x44,
  0x24, 0x08, 0xe8, 0xf5, 0x0a, 0x00, 0x00, 0xeb, 0xa9, 0x0f, 0x1f, 0x00,
  0xf3, 0x0f, 0x1e, 0xfa, 0x48, 0x8b, 0x47, 0x30, 0x48, 0x8b, 0x15, 0x91,
  0x41, 0x00, 0x00, 0x85, 0xf6, 0x74, 0x0c, 0x48, 0x8d, 0x8a, 0x50, 0x07,
  0x00, 0x00, 0x48, 0x39, 0xc1, 0x74, 0x51, 0x48, 0x8d, 0x8a, 0x10, 0x0b,
  0x00, 0x00, 0x48, 0x39, 0xc8, 0x74, 0x3d, 0x48, 0x8b, 0x0d, 0x76, 0x41,
  0x00, 0x00, 0x48, 0x8d, 0xb1, 0x10, 0x0b, 0x00, 0x00, 0x48, 0x39, 0xf0,
  0x74, 0x2a, 0x48, 0x8d, 0xb2, 0xe0, 0x0d, 0x00, 0x00, 0x48, 0x39, 0xf0,
  0x74, 0x1e, 0x48, 0x81, 0xc1, 0xe0, 0x0d, 0x00, 0x00, 0x48, 0x39, 0xc8,
  0x74, 0x12, 0x48, 0x81, 0xc2, 0x70, 0x6b, 0x00, 0x00, 0x48, 0x39, 0xd0,
  0x74, 0x06, 0xc3, 0x0f, 0x1f, 0x44, 0x00, 0x00, 0xe9, 0x23, 0x08, 0x00,
  0x00, 0x0f, 0x1f, 0x00, 0xe9, 0xdb, 0xfe, 0xff, 0xff, 0x66, 0x2e, 0x0f,
  0x1f, 0x84, 0x00, 0x00, 0x00, 0x00, 0x00, 0x90, 0xf3, 0x0f, 0x1e, 0xfa,
  0x55, 0x53, 0x48, 0x89, 0xfb, 0x48, 0x83, 0xec, 0x38, 0x48, 0x8d, 0x6c,
  0x24, 0x08, 0xf6, 0x87, 0xf0, 0x00, 0x00, 0x00, 0x03, 0x0f, 0x85, 0xc1,
  0x00, 0x00, 0x00, 0x48, 0x8b, 0x87, 0xf8, 0x00, 0x00, 0x00, 0x48, 0x89,
  0xc2, 0x48, 0x81, 0xca, 0x00, 0x00, 0x01, 0x00, 0x48, 0x89, 0x97, 0xf8,
  0x00, 0x00, 0x00, 0xa9, 0x00, 0x00, 0x04, 0x00, 0x0f, 0x84, 0xd6, 0x01,
  0x00, 0x00, 0x8b, 0x05, 0x38, 0x92, 0x00, 0x00, 0x85, 0xc0, 0x0f, 0x85,
  0x90, 0x01, 0x00, 0x00, 0x48, 0x8b, 0x3d, 0x49, 0x41, 0x00, 0x00, 0x48,
  0x83, 0xe7, 0xf0, 0x48, 0x83, 0xef, 0x28, 0x48, 0x8d, 0xb3, 0xe8, 0x00,
  0x00, 0x00, 0xba, 0x28, 0x00, 0x00, 0x00, 0x48, 0x89, 0x7c, 0x24, 0x08,
  0xe8, 0xfb, 0x09, 0x00, 0x00, 0x48, 0x8b, 0x05, 0xdc, 0x40, 0x00, 0x00,
  0x48, 0x89, 0x83, 0xe8, 0x00, 0x00, 0x00, 0x48, 0x8b, 0x44, 0x24, 0x08,
  0x48, 0xc7, 0x83, 0xf0, 0x00, 0x00, 0x00, 0x20, 0x00, 0x00, 0x00, 0x48,
  0xc7, 0x83, 0xf8, 0x00, 0x00, 0x00, 0x02, 0x00, 0x00, 0x00, 0x48, 0x89,
  0x83, 0x00, 0x01, 0x00, 0x00, 0x48, 0xc7, 0x83, 0x08, 0x01, 0x00, 0x00,
  0x00, 0x00, 0x00, 0x00, 0x48, 0x83, 0xc4, 0x38, 0x5b, 0x5d, 0xc3, 0x48,
  0x8d, 0xbb, 0xe8, 0x00, 0x00, 0x00, 0xba, 0x28, 0x00, 0x00, 0x00, 0x48,
  0x89, 0xee, 0xe8, 0x97, 0xf1, 0xff, 0xff, 0xf6, 0x83, 0xf0, 0x00, 0x00,
  0x00, 0x03, 0x0f, 0x84, 0x6a, 0xff, 0xff, 0xff, 0x0f, 0x1f, 0x84, 0x00,
  0x00, 0x00, 0x00, 0x00, 0x48, 0x8b, 0x35, 0xa1, 0x40, 0x00, 0x00, 0xba,
  0x08, 0x00, 0x00, 0x00, 0x48, 0x89, 0xef, 0x48, 0xc7, 0x44, 0x24, 0x08,
  0x00, 0x00, 0x00, 0x00, 0xe8, 0x83, 0x07, 0x00, 0x00, 0x85, 0xc0, 0x0f,
  0x85, 0xab, 0x01, 0x00, 0x00, 0x48, 0x8b, 0x74, 0x24, 0x08, 0xba, 0x08,
  0x00, 0x00, 0x00, 0x48, 0x89, 0xef, 0x48, 0xc7, 0x44, 0x24, 0x08, 0x00,
  0x00, 0x00, 0x00, 0x48, 0x81, 0xc6, 0xf8, 0x03, 0x00, 0x00, 0xe8, 0x59,
  0x07, 0x00, 0x00, 0x85, 0xc0, 0x0f, 0x85, 0x91, 0x01, 0x00, 0x00, 0x48,
  0x8b, 0x74, 0x24, 0x08, 0xba, 0x08, 0x00, 0x00, 0x00, 0x48, 0x89, 0xef,
  0x48, 0xc7, 0x44, 0x24, 0x08, 0x00, 0x00, 0x00, 0x00, 0x48, 0x83, 0xc6,
  0x48, 0xe8, 0x32, 0x07, 0x00, 0x00, 0x85, 0xc0, 0x0f, 0x85, 0x7a, 0x01,
  0x00, 0x00, 0x48, 0x8b, 0x44, 0x24, 0x08, 0xb9, 0x01, 0x01, 0x00, 0xc0,
  0x48, 0x89, 0xee, 0x48, 0x89, 0x4c, 0x24, 0x10, 0x48, 0x89, 0xc2, 0x83,
  0xe0, 0xff, 0x48, 0x89, 0x44, 0x24, 0x18, 0x48, 0x8d, 0x05, 0xd6, 0x40,
  0x00, 0x00, 0x48, 0xc1, 0xea, 0x20, 0x48, 0x89, 0x54, 0x24, 0x08, 0xba,
  0x18, 0x00, 0x00, 0x00, 0x48, 0x8b, 0x38, 0xe8, 0xe0, 0x08, 0x00, 0x00,
  0x8b, 0x0d, 0xea, 0x90, 0x00, 0x00, 0x85, 0xc9, 0x0f, 0x84, 0xb2, 0xfe,
  0xff, 0xff, 0xf6, 0x83, 0xf0, 0x00, 0x00, 0x00, 0x03, 0x74, 0x39, 0x48,
  0x8b, 0x05, 0x8a, 0x3f, 0x00, 0x00, 0xba, 0x08, 0x00, 0x00, 0x00, 0x48,
  0x89, 0xef, 0x48, 0x8d, 0x70, 0x04, 0xe8, 0xc1, 0x06, 0x00, 0x00, 0x48,
  0x8b, 0x7c, 0x24, 0x08, 0x8b, 0x15, 0xb6, 0x90, 0x00, 0x00, 0x48, 0x83,
  0xe7, 0xf0, 0x85, 0xd2, 0x75, 0x19, 0xe9, 0x84, 0xfe, 0xff, 0xff, 0x66,
  0x0f, 0x1f, 0x84, 0x00, 0x00, 0x00, 0x00, 0x00, 0x48, 0x8b, 0xbb, 0x00,
  0x01, 0x00, 0x00, 0x48, 0x83, 0xe7, 0xf0, 0x48, 0x83, 0xef, 0x30, 0x48,
  0x8d, 0xb3, 0xe0, 0x00, 0x00, 0x00, 0xba, 0x30, 0x00, 0x00, 0x00, 0x48,
  0x89, 0x7c, 0x24, 0x08, 0xe8, 0x6b, 0x08, 0x00, 0x00, 0x48, 0x8b, 0x05,
  0x24, 0x3f, 0x00, 0x00, 0xe9, 0x6b, 0xfe, 0xff, 0xff, 0x0f, 0x1f, 0x80,
  0x00, 0x00, 0x00, 0x00, 0x48, 0x8b, 0x3d, 0x61, 0x3f, 0x00, 0x00, 0x8b,
  0x37, 0x85, 0xf6, 0x0f, 0x8e, 0xb7, 0x00, 0x00, 0x00, 0x48, 0x8b, 0x8b,
  0xe8, 0x00, 0x00, 0x00, 0x48, 0x8d, 0x57, 0x10, 0x31, 0xc0, 0xeb, 0x17,
  0x0f, 0x1f, 0x84, 0x00, 0x00, 0x00, 0x00, 0x00, 0x83, 0xc0, 0x01, 0x48,
  0x83, 0xc2, 0x10, 0x39, 0xc6, 0x0f, 0x84, 0x91, 0x00, 0x00, 0x00, 0x48,
  0x39, 0x0a, 0x75, 0xec, 0x39, 0xf0, 0x0f, 0x8d, 0x54, 0xfe, 0xff, 0xff,
  0x4c, 0x63, 0xc0, 0x29, 0xc6, 0x49, 0x8d, 0x50, 0x01, 0x4c, 0x01, 0xc6,
  0x48, 0xc1, 0xe6, 0x04, 0x48, 0xc1, 0xe2, 0x04, 0x48, 0x01, 0xfa, 0x48,
  0x8d, 0x7c, 0x3e, 0x10, 0x48, 0xbe, 0x00, 0x00, 0x00, 0x00, 0x00, 0x00,
  0xff, 0xff, 0xeb, 0x20, 0x0f, 0x1f, 0x40, 0x00, 0x48, 0x63, 0x42, 0x08,
  0x48, 0x83, 0xc2, 0x10, 0x48, 0x09, 0x34, 0xc3, 0x48, 0x39, 0xfa, 0x0f,
  0x84, 0x13, 0xfe, 0xff, 0xff, 0x48, 0x8b, 0x8b, 0xe8, 0x00, 0x00, 0x00,
  0x48, 0x39, 0x0a, 0x74, 0xdf, 0xe9, 0x02, 0xfe, 0xff, 0xff, 0x66, 0x90,
  0x48, 0x8b, 0x7c, 0x24, 0x48, 0xe8, 0xe6, 0xfb, 0xff, 0xff, 0xe9, 0x46,
  0xfe, 0xff, 0xff, 0x90, 0x48, 0x8b, 0x7c, 0x24, 0x48, 0xe8, 0xd6, 0xfb,
  0xff, 0xff, 0xe9, 0x60, 0xfe, 0xff, 0xff, 0x90, 0x48, 0x8b, 0x7c, 0x24,
  0x48, 0xe8, 0xc6, 0xfb, 0xff, 0xff, 0xe9, 0x77, 0xfe, 0xff, 0xff, 0x90,
  0x48, 0x89, 0xdf, 0xe8, 0x08, 0xf0, 0xff, 0xff, 0x85, 0xc0, 0x0f, 0x85,
  0xc0, 0xfd, 0xff, 0xff, 0x48, 0x8b, 0x83, 0xe8, 0x00, 0x00, 0x00, 0x48,
  0x3b, 0x05, 0xf2, 0x3d, 0x00, 0x00, 0x0f, 0x84, 0xf5, 0x00, 0x00, 0x00,
  0x48, 0x3b, 0x05, 0x8d, 0x3e, 0x00, 0x00, 0x0f, 0x84, 0xce, 0x01, 0x00,
  0x00, 0x48, 0x89, 0xdf, 0xe8, 0x07, 0x05, 0x00, 0x00, 0x85, 0xc0, 0x0f,
  0x85, 0x8f, 0xfd, 0xff, 0xff, 0x66, 0x81, 0x7b, 0x36, 0xb7, 0xde, 0x0f,
  0x84, 0x13, 0x02, 0x00, 0x00, 0x66, 0x81, 0x7b, 0x1e, 0xb7, 0xde, 0x0f,
  0x84, 0x6d, 0x02, 0x00, 0x00, 0x66, 0x81, 0x7b, 0x16, 0xb7, 0xde, 0x0f,
  0x84, 0x33, 0x02, 0x00, 0x00, 0x66, 0x81, 0x7b, 0x3e, 0xb7, 0xde, 0x0f,
  0x84, 0x0c, 0x03, 0x00, 0x00, 0x66, 0x81, 0x7b, 0x46, 0xb7, 0xde, 0x0f,
  0x84, 0xd2, 0x02, 0x00, 0x00, 0x66, 0x81, 0x7b, 0x0e, 0xb7, 0xde, 0x0f,
  0x84, 0x98, 0x02, 0x00, 0x00, 0x66, 0x81, 0x7b, 0x06, 0xb7, 0xde, 0x0f,
  0x84, 0x5f, 0x02, 0x00, 0x00, 0x66, 0x81, 0x7b, 0x26, 0xb7, 0xde, 0x0f,
  0x84, 0x49, 0x04, 0x00, 0x00, 0x66, 0x81, 0x7b, 0x2e, 0xb7, 0xde, 0x0f,
  0x84, 0x0f, 0x04, 0x00, 0x00, 0x66, 0x81, 0x7b, 0x4e, 0xb7, 0xde, 0x0f,
  0x84, 0xd5, 0x03, 0x00, 0x00, 0x66, 0x81, 0x7b, 0x56, 0xb7, 0xde, 0x0f,
  0x84, 0x9b, 0x03, 0x00, 0x00, 0x66, 0x81, 0x7b, 0x5e, 0xb7, 0xde, 0x0f,
  0x84, 0x61, 0x03, 0x00, 0x00, 0x66, 0x81, 0x7b, 0x66, 0xb7, 0xde, 0x0f,
  0x84, 0x27, 0x03, 0x00, 0x00, 0x66, 0x81, 0x7b, 0x6e, 0xb7, 0xde, 0x0f,
  0x84, 0xc2, 0x02, 0x00, 0x00, 0x66, 0x81, 0x7b, 0x76, 0xb7, 0xde, 0x0f,
  0x84, 0xe6, 0x02, 0x00, 0x00, 0x85, 0xc0, 0x0f, 0x85, 0xd3, 0xfc, 0xff,
  0xff, 0x48, 0x8b, 0xbb, 0xe8, 0x00, 0x00, 0x00, 0xe8, 0xb7, 0xfa, 0xff,
  0xff, 0x48, 0x83, 0xc4, 0x38, 0xbf, 0x10, 0x00, 0x00, 0x00, 0x5b, 0x5d,
  0xe9, 0xa7, 0xfa, 0xff, 0xff, 0x48, 0x8b, 0xbb, 0x00, 0x01, 0x00, 0x00,
  0x48, 0x89, 0xe6, 0xba, 0x08, 0x00, 0x00, 0x00, 0x48, 0xb8, 0x00, 0x00,
  0x00, 0x00, 0x00, 0x00, 0xff, 0xff, 0x48, 0x09, 0x43, 0x30, 0x48, 0x8d,
  0x87, 0x88, 0x00, 0x00, 0x00, 0x48, 0x83, 0xef, 0x08, 0x48, 0x89, 0x43,
  0x08, 0x48, 0x8b, 0x05, 0x94, 0x3c, 0x00, 0x00, 0x48, 0x89, 0xbb, 0x00,
  0x01, 0x00, 0x00, 0x48, 0x89, 0x04, 0x24, 0xe8, 0x34, 0x06, 0x00, 0x00,
  0x48, 0x8b, 0x43, 0x30, 0x48, 0x8d, 0x7c, 0x24, 0x08, 0xba, 0x08, 0x00,
  0x00, 0x00, 0x48, 0xc7, 0x44, 0x24, 0x08, 0x00, 0x00, 0x00, 0x00, 0x48,
  0x8d, 0x70, 0x08, 0xe8, 0x24, 0x04, 0x00, 0x00, 0x85, 0xc0, 0x0f, 0x85,
  0x94, 0x03, 0x00, 0x00, 0x48, 0x8b, 0x44, 0x24, 0x08, 0x48, 0x8b, 0x15,
  0xb0, 0x3c, 0x00, 0x00, 0x48, 0x89, 0x83, 0xe8, 0x00, 0x00, 0x00, 0x48,
  0x8b, 0x43, 0x30, 0x48, 0x8d, 0x8a, 0x50, 0x07, 0x00, 0x00, 0x48, 0x39,
  0xc8, 0x0f, 0x84, 0xe0, 0x00, 0x00, 0x00, 0x48, 0x8d, 0x8a, 0x10, 0x0b,
  0x00, 0x00, 0x48, 0x39, 0xc8, 0x74, 0x3b, 0x48, 0x8b, 0x0d, 0x8a, 0x3c,
  0x00, 0x00, 0x48, 0x8d, 0xb1, 0x10, 0x0b, 0x00, 0x00, 0x48, 0x39, 0xf0,
  0x74, 0x28, 0x48, 0x8d, 0xb2, 0xe0, 0x0d, 0x00, 0x00, 0x48, 0x39, 0xf0,
  0x74, 0x1c, 0x48, 0x81, 0xc1, 0xe0, 0x0d, 0x00, 0x00, 0x48, 0x39, 0xc8,
  0x74, 0x10, 0x48, 0x81, 0xc2, 0x70, 0x6b, 0x00, 0x00, 0x48, 0x39, 0xd0,
  0x0f, 0x85, 0xde, 0xfb, 0xff, 0xff, 0x48, 0x89, 0xdf, 0xe8, 0x36, 0x03,
  0x00, 0x00, 0xe9, 0xd1, 0xfb, 0xff, 0xff, 0x48, 0x8d, 0x6c, 0x24, 0x08,
  0x48, 0x8b, 0xb3, 0x00, 0x01, 0x00, 0x00, 0xba, 0x28, 0x00, 0x00, 0x00,
  0x48, 0x89, 0xef, 0xe8, 0x88, 0x03, 0x00, 0x00, 0xf6, 0x44, 0x24, 0x10,
  0x03, 0x0f, 0x85, 0xb4, 0xfb, 0xff, 0xff, 0x48, 0x8b, 0x74, 0x24, 0x08,
  0xba, 0x00, 0x00, 0xad, 0xde, 0x48, 0x89, 0xf0, 0x48, 0xc1, 0xe8, 0x20,
  0x48, 0x39, 0xd0, 0x74, 0x1a, 0x48, 0x83, 0xc2, 0x01, 0x48, 0x39, 0xd0,
  0x0f, 0x85, 0x8a, 0xfb, 0xff, 0xff, 0x48, 0x89, 0xdf, 0xe8, 0xb2, 0xf2,
  0xff, 0xff, 0xe9, 0x7d, 0xfb, 0xff, 0xff, 0x48, 0x89, 0xdf, 0xe8, 0x45,
  0x0e, 0x00, 0x00, 0xe9, 0x70, 0xfb, 0xff, 0xff, 0x48, 0x8b, 0xbb, 0xe8,
  0x00, 0x00, 0x00, 0xe8, 0x54, 0xf9, 0xff, 0xff, 0x31, 0xff, 0xe8, 0x4d,
  0xf9, 0xff, 0xff, 0x48, 0xb8, 0x00, 0x00, 0x00, 0x00, 0x00, 0x00, 0xff,
  0xff, 0x48, 0x09, 0x43, 0x30, 0xb8, 0x01, 0x00, 0x00, 0x00, 0xe9, 0xc2,
  0xfd, 0xff, 0xff, 0x48, 0x89, 0xdf, 0xe8, 0x5d, 0xf9, 0xff, 0xff, 0xe9,
  0x38, 0xfb, 0xff, 0xff, 0x48, 0x8b, 0xbb, 0xe8, 0x00, 0x00, 0x00, 0xe8,
  0x1c, 0xf9, 0xff, 0xff, 0xbf, 0x02, 0x00, 0x00, 0x00, 0xe8, 0x12, 0xf9,
  0xff, 0xff, 0x48, 0xb8, 0x00, 0x00, 0x00, 0x00, 0x00, 0x00, 0xff, 0xff,
  0x48, 0x09, 0x43, 0x10, 0xb8, 0x01, 0x00, 0x00, 0x00, 0xe9, 0x9f, 0xfd,
  0xff, 0xff, 0x48, 0x8b, 0xbb, 0xe8, 0x00, 0x00, 0x00, 0xe8, 0xee, 0xf8,
  0xff, 0xff, 0xbf, 0x01, 0x00, 0x00, 0x00, 0xe8, 0xe4, 0xf8, 0xff, 0xff,
  0x48, 0xb8, 0x00, 0x00, 0x00, 0x00, 0x00, 0x00, 0xff, 0xff, 0x48, 0x09,
  0x43, 0x18, 0xb8, 0x01, 0x00, 0x00, 0x00, 0xe9, 0x65, 0xfd, 0xff, 0xff,
  0x48, 0x8b, 0xbb, 0xe8, 0x00, 0x00, 0x00, 0xe8, 0xc0, 0xf8, 0xff, 0xff,
  0xbf, 0x07, 0x00, 0x00, 0x00, 0xe8, 0xb6, 0xf8, 0xff, 0xff, 0x48, 0xb8,
  0x00, 0x00, 0x00, 0x00, 0x00, 0x00, 0xff, 0xff, 0x48, 0x09, 0x03, 0xb8,
  0x01, 0x00, 0x00, 0x00, 0xe9, 0x74, 0xfd, 0xff, 0xff, 0x48, 0x8b, 0xbb,
  0xe8, 0x00, 0x00, 0x00, 0xe8, 0x93, 0xf8, 0xff, 0xff, 0xbf, 0x06, 0x00,
  0x00, 0x00, 0xe8, 0x89, 0xf8, 0xff, 0xff, 0x48, 0xb8, 0x00, 0x00, 0x00,
  0x00, 0x00, 0x00, 0xff, 0xff, 0x48, 0x09, 0x43, 0x08, 0xb8, 0x01, 0x00,
  0x00, 0x00, 0xe9, 0x3a, 0xfd, 0xff, 0xff, 0x48, 0x8b, 0xbb, 0xe8, 0x00,
  0x00, 0x00, 0xe8, 0x65, 0xf8, 0xff, 0xff, 0xbf, 0x05, 0x00, 0x00, 0x00,
  0xe8, 0x5b, 0xf8, 0xff, 0xff, 0x48, 0xb8, 0x00, 0x00, 0x00, 0x00, 0x00,
  0x00, 0xff, 0xff, 0x48, 0x09, 0x43, 0x40, 0xb8, 0x01, 0x00, 0x00, 0x00,
  0xe9, 0x00, 0xfd, 0xff, 0xff, 0x48, 0x8b, 0xbb, 0xe8, 0x00, 0x00, 0x00,
  0xe8, 0x37, 0xf8, 0xff, 0xff, 0xbf, 0x03, 0x00, 0x00, 0x00, 0xe8, 0x2d,
  0xf8, 0xff, 0xff, 0x48, 0xb8, 0x00, 0x00, 0x00, 0x00, 0x00, 0x00, 0xff,
  0xff, 0x48, 0x09, 0x43, 0x38, 0xb8, 0x01, 0x00, 0x00, 0x00, 0xe9, 0xc6,
  0xfc, 0xff, 0xff, 0x48, 0x8b, 0xbb, 0xe8, 0x00, 0x00, 0x00, 0xe8, 0x09,
  0xf8, 0xff, 0xff, 0xbf, 0x0e, 0x00, 0x00, 0x00, 0xe8, 0xff, 0xf7, 0xff,
  0xff, 0x48, 0xb8, 0x00, 0x00, 0x00, 0x00, 0x00, 0x00, 0xff, 0xff, 0x48,
  0x09, 0x43, 0x68, 0x66, 0x81, 0x7b, 0x76, 0xb7, 0xde, 0x0f, 0x85, 0xf5,
  0xf9, 0xff, 0xff, 0x48, 0x8b, 0xbb, 0xe8, 0x00, 0x00, 0x00, 0xe8, 0xd9,
  0xf7, 0xff, 0xff, 0xbf, 0x0f, 0x00, 0x00, 0x00, 0xe8, 0xcf, 0xf7, 0xff,
  0xff, 0x48, 0xb8, 0x00, 0x00, 0x00, 0x00, 0x00, 0x00, 0xff, 0xff, 0x48,
  0x09, 0x43, 0x70, 0xe9, 0xcc, 0xf9, 0xff, 0xff, 0x48, 0x8b, 0xbb, 0xe8,
  0x00, 0x00, 0x00, 0xe8, 0xb0, 0xf7, 0xff, 0xff, 0xbf, 0x0d, 0x00, 0x00,
  0x00, 0xe8, 0xa6, 0xf7, 0xff, 0xff, 0x48, 0xb8, 0x00, 0x00, 0x00, 0x00,
  0x00, 0x00, 0xff, 0xff, 0x48, 0x09, 0x43, 0x60, 0xb8, 0x01, 0x00, 0x00,
  0x00, 0xe9, 0xab, 0xfc, 0xff, 0xff, 0x48, 0x8b, 0xbb, 0xe8, 0x00, 0x00,
  0x00, 0xe8, 0x82, 0xf7, 0xff, 0xff, 0xbf, 0x0c, 0x00, 0x00, 0x00, 0xe8,
  0x78, 0xf7, 0xff, 0xff, 0x48, 0xb8, 0x00, 0x00, 0x00, 0x00, 0x00, 0x00,
  0xff, 0xff, 0x48, 0x09, 0x43, 0x58, 0xb8, 0x01, 0x00, 0x00, 0x00, 0xe9,
  0x71, 0xfc, 0xff, 0xff, 0x48, 0x8b, 0xbb, 0xe8, 0x00, 0x00, 0x00, 0xe8,
  0x54, 0xf7, 0xff, 0xff, 0xbf, 0x0b, 0x00, 0x00, 0x00, 0xe8, 0x4a, 0xf7,
  0xff, 0xff, 0x48, 0xb8, 0x00, 0x00, 0x00, 0x00, 0x00, 0x00, 0xff, 0xff,
  0x48, 0x09, 0x43, 0x50, 0xb8, 0x01, 0x00, 0x00, 0x00, 0xe9, 0x37, 0xfc,
  0xff, 0xff, 0x48, 0x8b, 0xbb, 0xe8, 0x00, 0x00, 0x00, 0xe8, 0x26, 0xf7,
  0xff, 0xff, 0xbf, 0x0a, 0x00, 0x00, 0x00, 0xe8, 0x1c, 0xf7, 0xff, 0xff,
  0x48, 0xb8, 0x00, 0x00, 0x00, 0x00, 0x00, 0x00, 0xff, 0xff, 0x48, 0x09,
  0x43, 0x48, 0xb8, 0x01, 0x00, 0x00, 0x00, 0xe9, 0xfd, 0xfb, 0xff, 0xff,
  0x48, 0x8b, 0xbb, 0xe8, 0x00, 0x00, 0x00, 0xe8, 0xf8, 0xf6, 0xff, 0xff,
  0xbf, 0x09, 0x00, 0x00, 0x00, 0xe8, 0xee, 0xf6, 0xff, 0xff, 0x48, 0xb8,
  0x00, 0x00, 0x00, 0x00, 0x00, 0x00, 0xff, 0xff, 0x48, 0x09, 0x43, 0x28,
  0xb8, 0x01, 0x00, 0x00, 0x00, 0xe9, 0xc3, 0xfb, 0xff, 0xff, 0x48, 0x8b,
  0xbb, 0xe8, 0x00, 0x00, 0x00, 0xe8, 0xca, 0xf6, 0xff, 0xff, 0xbf, 0x08,
  0x00, 0x00, 0x00, 0xe8, 0xc0, 0xf6, 0xff, 0xff, 0x48, 0xb8, 0x00, 0x00,
  0x00, 0x00, 0x00, 0x00, 0xff, 0xff, 0x48, 0x09, 0x43, 0x20, 0xb8, 0x01,
  0x00, 0x00, 0x00, 0xe9, 0x89, 0xfb, 0xff, 0xff, 0x48, 0x8b, 0x7c, 0x24,
  0x48, 0xe8, 0x9e, 0xf6, 0xff, 0xff, 0xe9, 0x5d, 0xfc, 0xff, 0xff, 0x66,
  0x0f, 0x1f, 0x84, 0x00, 0x00, 0x00, 0x00, 0x00, 0xf3, 0x0f, 0x1e, 0xfa,
  0x48, 0x8d, 0x35, 0xe5, 0x39, 0x00, 0x00, 0xe9, 0xb0, 0x07, 0x00, 0x00,
  0xf3, 0x0f, 0x1e, 0xfa, 0x48, 0x8b, 0x87, 0xe8, 0x00, 0x00, 0x00, 0x48,
  0x3b, 0x05, 0xb6, 0x38, 0x00, 0x00, 0x74, 0x3c, 0x48, 0x3b, 0x05, 0x9d,
  0x38, 0x00, 0x00, 0x74, 0x23, 0x31, 0xd2, 0x48, 0x3b, 0x05, 0x22, 0x39,
  0x00, 0x00, 0x75, 0x13, 0x48, 0x8b, 0x05, 0x29, 0x39, 0x00, 0x00, 0x48,
  0x89, 0x87, 0xe8, 0x00, 0x00, 0x00, 0xba, 0x01, 0x00, 0x00, 0x00, 0x89,
  0xd0, 0xc3, 0x66, 0x90, 0x48, 0xc7, 0x47, 0x30, 0x01, 0x00, 0x00, 0x00,
  0xeb, 0xec, 0x66, 0x0f, 0x1f, 0x44, 0x00, 0x00, 0x48, 0x8b, 0x05, 0x69,
  0x38, 0x00, 0x00, 0x48, 0x89, 0x87, 0xe8, 0x00, 0x00, 0x00, 0xeb, 0xd6,
  0xf3, 0x0f, 0x1e, 0xfa, 0x48, 0x85, 0xd2, 0x0f, 0x84, 0xdf, 0x01, 0x00,
  0x00, 0x41, 0x57, 0x49, 0xbf, 0x00, 0xf0, 0xff, 0xff, 0xff, 0xff, 0x0f,
  0x00, 0x41, 0x56, 0x49, 0xbe, 0xff, 0xef, 0xff, 0xff, 0x7f, 0x00, 0x00,
  0x00, 0x41, 0x55, 0x49, 0x89, 0xd5, 0x41, 0x54, 0x49, 0x89, 0xf4, 0x55,
  0x53, 0x48, 0x89, 0xfb, 0x48, 0x83, 0xec, 0x08, 0x0f, 0x1f, 0x84, 0x00,
  0x00, 0x00, 0x00, 0x00, 0x48, 0x8d, 0x05, 0x81, 0x39, 0x00, 0x00, 0x48,
  0x8b, 0x00, 0x49, 0x39, 0xc6, 0x0f, 0x82, 0x0d, 0x01, 0x00, 0x00, 0x4c,
  0x89, 0xe6, 0x48, 0x8b, 0x15, 0x23, 0x38, 0x00, 0x00, 0x48, 0xc1, 0xee,
  0x24, 0x81, 0xe6, 0xf8, 0x0f, 0x00, 0x00, 0x48, 0x01, 0xf0, 0x48, 0x8b,
  0x04, 0x10, 0xa8, 0x01, 0x0f, 0x84, 0x1a, 0x01, 0x00, 0x00, 0xa8, 0x80,
  0x0f, 0x85, 0x2d, 0x01, 0x00, 0x00, 0x4c, 0x21, 0xf8, 0x49, 0x39, 0xc6,
  0x0f, 0x82, 0xd6, 0x00, 0x00, 0x00, 0x4c, 0x89, 0xe6, 0x48, 0xc1, 0xee,
  0x1b, 0x81, 0xe6, 0xf8, 0x0f, 0x00, 0x00, 0x48, 0x09, 0xf0, 0x48, 0x8b,
  0x04, 0x10, 0xa8, 0x01, 0x0f, 0x84, 0xea, 0x00, 0x00, 0x00, 0xa8, 0x80,
  0x0f, 0x85, 0x16, 0x01, 0x00, 0x00, 0x4c, 0x21, 0xf8, 0x49, 0x39, 0xc6,
  0x0f, 0x82, 0xa6, 0x00, 0x00, 0x00, 0x4c, 0x89, 0xe6, 0x48, 0xc1, 0xee,
  0x12, 0x81, 0xe6, 0xf8, 0x0f, 0x00, 0x00, 0x48, 0x09, 0xf0, 0x48, 0x8b,
  0x04, 0x10, 0xa8, 0x01, 0x0f, 0x84, 0xba, 0x00, 0x00, 0x00, 0xa8, 0x80,
  0x0f, 0x85, 0xfa, 0x00, 0x00, 0x00, 0x4c, 0x21, 0xf8, 0x49, 0x39, 0xc6,
  0x72, 0x7a, 0x4c, 0x89, 0xe6, 0x48, 0xc1, 0xee, 0x09, 0x81, 0xe6, 0xf8,
  0x0f, 0x00, 0x00, 0x48, 0x09, 0xf0, 0x48, 0x8b, 0x04, 0x10, 0xa8, 0x01,
  0x0f, 0x84, 0x8e, 0x00, 0x00, 0x00, 0xbf, 0xff, 0x0f, 0x00, 0x00, 0x4c,
  0x89, 0xfe, 0x48, 0x21, 0xf0, 0x4c, 0x89, 0xe6, 0x48, 0x21, 0xfe, 0x48,
  0x09, 0xc6, 0x48, 0x89, 0xf5, 0x48, 0xf7, 0xd5, 0x48, 0x21, 0xfd, 0x48,
  0x89, 0xdf, 0x48, 0x83, 0xc5, 0x01, 0x4c, 0x39, 0xed, 0x49, 0x0f, 0x47,
  0xed, 0x48, 0x01, 0xd6, 0x48, 0x89, 0xea, 0x48, 0x01, 0xeb, 0x49, 0x01,
  0xec, 0xe8, 0xa4, 0xe8, 0xff, 0xff, 0x49, 0x29, 0xed, 0x0f, 0x85, 0xf9,
  0xfe, 0xff, 0xff, 0x48, 0x83, 0xc4, 0x08, 0x31, 0xc0, 0x5b, 0x5d, 0x41,
  0x5c, 0x41, 0x5d, 0x41, 0x5e, 0x41, 0x5f, 0xc3, 0x0f, 0x1f, 0x84, 0x00,
  0x00, 0x00, 0x00, 0x00, 0x48, 0xbf, 0x00, 0x00, 0xad, 0xde, 0x00, 0x00,
  0xad, 0xde, 0xe8, 0xb1, 0xf4, 0xff, 0xff, 0x48, 0x8b, 0x7c, 0x24, 0x38,
  0xe8, 0xa7, 0xf4, 0xff, 0xff, 0x48, 0x83, 0xc4, 0x08, 0xb8, 0x0e, 0x00,
  0x00, 0x00, 0x5b, 0x5d, 0x41, 0x5c, 0x41, 0x5d, 0x41, 0x5e, 0x41, 0x5f,
  0xc3, 0x0f, 0x1f, 0x00, 0x48, 0xbf, 0xad, 0xde, 0xad, 0xde, 0xad, 0xde,
  0xad, 0xde, 0xe8, 0x81, 0xf4, 0xff, 0xff, 0x48, 0x8b, 0x7c, 0x24, 0x38,
  0xe8, 0x77, 0xf4, 0xff, 0xff, 0xeb, 0xc4, 0x48, 0xbf, 0xff, 0xff, 0xff,
  0xff, 0x7f, 0x00, 0x00, 0x00, 0x48, 0xbe, 0x00, 0x00, 0x00, 0x00, 0x80,
  0xff, 0x0f, 0x00, 0xe9, 0x46, 0xff, 0xff, 0xff, 0x48, 0xbe, 0x00, 0x00,
  0x00, 0xc0, 0xff, 0xff, 0x0f, 0x00, 0xbf, 0xff, 0xff, 0xff, 0x3f, 0xe9,
  0x32, 0xff, 0xff, 0xff, 0x48, 0xbe, 0x00, 0x00, 0xe0, 0xff, 0xff, 0xff,
  0x0f, 0x00, 0xbf, 0xff, 0xff, 0x1f, 0x00, 0xe9, 0x1e, 0xff, 0xff, 0xff,
  0x31, 0xc0, 0xc3, 0x90, 0xf3, 0x0f, 0x1e, 0xfa, 0x48, 0x85, 0xd2, 0x0f,
  0x84, 0xdf, 0x01, 0x00, 0x00, 0x41, 0x57, 0x49, 0xbf, 0x00, 0xf0, 0xff,
  0xff, 0xff, 0xff, 0x0f, 0x00, 0x41, 0x56, 0x49, 0xbe, 0xff, 0xef, 0xff,
  0xff, 0x7f, 0x00, 0x00, 0x00, 0x41, 0x55, 0x49, 0x89, 0xd5, 0x41, 0x54,
  0x49, 0x89, 0xfc, 0x55, 0x53, 0x48, 0x89, 0xf3, 0x48, 0x83, 0xec, 0x08,
  0x0f, 0x1f, 0x84, 0x00, 0x00, 0x00, 0x00, 0x00, 0x48, 0x8d, 0x05, 0x91,
  0x37, 0x00, 0x00, 0x48, 0x8b, 0x00, 0x49, 0x39, 0xc6, 0x0f, 0x82, 0x0d,
  0x01, 0x00, 0x00, 0x4c, 0x89, 0xe6, 0x48, 0x8b, 0x15, 0x33, 0x36, 0x00,
  0x00, 0x48, 0xc1, 0xee, 0x24, 0x81, 0xe6, 0xf8, 0x0f, 0x00, 0x00, 0x48,
  0x01, 0xf0, 0x48, 0x8b, 0x04, 0x10, 0xa8, 0x01, 0x0f, 0x84, 0x1a, 0x01,
  0x00, 0x00, 0xa8, 0x80, 0x0f, 0x85, 0x2d, 0x01, 0x00, 0x00, 0x4c, 0x21,
  0xf8, 0x49, 0x39, 0xc6, 0x0f, 0x82, 0xd6, 0x00, 0x00, 0x00, 0x4c, 0x89,
  0xe6, 0x48, 0xc1, 0xee, 0x1b, 0x81, 0xe6, 0xf8, 0x0f, 0x00, 0x00, 0x48,
  0x09, 0xf0, 0x48, 0x8b, 0x04, 0x10, 0xa8, 0x01, 0x0f, 0x84, 0xea, 0x00,
  0x00, 0x00, 0xa8, 0x80, 0x0f, 0x85, 0x16, 0x01, 0x00, 0x00, 0x4c, 0x21,
  0xf8, 0x49, 0x39, 0xc6, 0x0f, 0x82, 0xa6, 0x00, 0x00, 0x00, 0x4c, 0x89,
  0xe6, 0x48, 0xc1, 0xee, 0x12, 0x81, 0xe6, 0xf8, 0x0f, 0x00, 0x00, 0x48,
  0x09, 0xf0, 0x48, 0x8b, 0x04, 0x10, 0xa8, 0x01, 0x0f, 0x84, 0xba, 0x00,
  0x00, 0x00, 0xa8, 0x80, 0x0f, 0x85, 0xfa, 0x00, 0x00, 0x00, 0x4c, 0x21,
  0xf8, 0x49, 0x39, 0xc6, 0x72, 0x7a, 0x4c, 0x89, 0xe6, 0x48, 0xc1, 0xee,
  0x09, 0x81, 0xe6, 0xf8, 0x0f, 0x00, 0x00, 0x48, 0x09, 0xf0, 0x48, 0x8b,
  0x04, 0x10, 0xa8, 0x01, 0x0f, 0x84, 0x8e, 0x00, 0x00, 0x00, 0xbe, 0xff,
  0x0f, 0x00, 0x00, 0x4c, 0x89, 0xff, 0x48, 0x21, 0xf8, 0x4c, 0x89, 0xe7,
  0x48, 0x21, 0xf7, 0x48, 0x09, 0xc7, 0x48, 0x89, 0xfd, 0x48, 0xf7, 0xd5,
  0x48, 0x21, 0xf5, 0x48, 0x89, 0xde, 0x48, 0x83, 0xc5, 0x01, 0x4c, 0x39,
  0xed, 0x49, 0x0f, 0x47, 0xed, 0x48, 0x01, 0xd7, 0x48, 0x89, 0xea, 0x49,
  0x01, 0xec, 0x48, 0x01, 0xeb, 0xe8, 0xb4, 0xe6, 0xff, 0xff, 0x49, 0x29,
  0xed, 0x0f, 0x85, 0xf9, 0xfe, 0xff, 0xff, 0x48, 0x83, 0xc4, 0x08, 0x31,
  0xc0, 0x5b, 0x5d, 0x41, 0x5c, 0x41, 0x5d, 0x41, 0x5e, 0x41, 0x5f, 0xc3,
  0x0f, 0x1f, 0x84, 0x00, 0x00, 0x00, 0x00, 0x00, 0x48, 0xbf, 0x00, 0x00,
  0xad, 0xde, 0x00, 0x00, 0xad, 0xde, 0xe8, 0xc1, 0xf2, 0xff, 0xff, 0x48,
  0x8b, 0x7c, 0x24, 0x38, 0xe8, 0xb7, 0xf2, 0xff, 0xff, 0x48, 0x83, 0xc4,
  0x08, 0xb8, 0x0e, 0x00, 0x00, 0x00, 0x5b, 0x5d, 0x41, 0x5c, 0x41, 0x5d,
  0x41, 0x5e, 0x41, 0x5f, 0xc3, 0x0f, 0x1f, 0x00, 0x48, 0xbf, 0xad, 0xde,
  0xad, 0xde, 0xad, 0xde, 0xad, 0xde, 0xe8, 0x91, 0xf2, 0xff, 0xff, 0x48,
  0x8b, 0x7c, 0x24, 0x38, 0xe8, 0x87, 0xf2, 0xff, 0xff, 0xeb, 0xc4, 0x48,
  0xbe, 0xff, 0xff, 0xff, 0xff, 0x7f, 0x00, 0x00, 0x00, 0x48, 0xbf, 0x00,
  0x00, 0x00, 0x00, 0x80, 0xff, 0x0f, 0x00, 0xe9, 0x46, 0xff, 0xff, 0xff,
  0x48, 0xbf, 0x00, 0x00, 0x00, 0xc0, 0xff, 0xff, 0x0f, 0x00, 0xbe, 0xff,
  0xff, 0xff, 0x3f, 0xe9, 0x32, 0xff, 0xff, 0xff, 0x48, 0xbf, 0x00, 0x00,
  0xe0, 0xff, 0xff, 0xff, 0x0f, 0x00, 0xbe, 0xff, 0xff, 0x1f, 0x00, 0xe9,
  0x1e, 0xff, 0xff, 0xff, 0x31, 0xc0, 0xc3, 0x90, 0xf3, 0x0f, 0x1e, 0xfa,
  0x41, 0x55, 0x31, 0xc0, 0xb9, 0x22, 0x00, 0x00, 0x00, 0xba, 0x10, 0x01,
  0x00, 0x00, 0x41, 0x54, 0x55, 0x53, 0x48, 0x89, 0xfb, 0x48, 0x81, 0xec,
  0x48, 0x01, 0x00, 0x00, 0x4c, 0x8d, 0x2d, 0xb9, 0x35, 0x00, 0x00, 0x48,
  0x8d, 0x7c, 0x24, 0x30, 0x4c, 0x8d, 0x64, 0x24, 0x30, 0xf3, 0x48, 0xab,
  0x49, 0x8b, 0x7d, 0x00, 0x4c, 0x89, 0xe6, 0x48, 0xb8, 0xef, 0xbe, 0xad,
  0xde, 0xef, 0xbe, 0xad, 0xde, 0x48, 0x89, 0x44, 0x24, 0x50, 0x48, 0x8b,
  0x05, 0x67, 0x34, 0x00, 0x00, 0x48, 0xc7, 0x84, 0x24, 0x20, 0x01, 0x00,
  0x00, 0x20, 0x00, 0x00, 0x00, 0x48, 0x89, 0x84, 0x24, 0x18, 0x01, 0x00,
  0x00, 0x48, 0xc7, 0x84, 0x24, 0x28, 0x01, 0x00, 0x00, 0x02, 0x00, 0x00,
  0x00, 0xe8, 0x9a, 0xfd, 0xff, 0xff, 0xe8, 0x75, 0xe5, 0xff, 0xff, 0x49,
  0x8b, 0x75, 0x00, 0x4c, 0x89, 0xe7, 0xba, 0x10, 0x01, 0x00, 0x00, 0x48,
  0x89, 0xc5, 0xe8, 0x91, 0xfb, 0xff, 0xff, 0x48, 0x8d, 0x7c, 0x24, 0x08,
  0x48, 0x89, 0xee, 0xba, 0x28, 0x00, 0x00, 0x00, 0xe8, 0x7f, 0xfb, 0xff,
  0xff, 0x48, 0x8b, 0x84, 0x24, 0xa0, 0x00, 0x00, 0x00, 0x48, 0x89, 0x03,
  0x48, 0x8b, 0x84, 0x24, 0x98, 0x00, 0x00, 0x00, 0x48, 0x89, 0x43, 0x08,
  0x48, 0x8b, 0x84, 0x24, 0x90, 0x00, 0x00, 0x00, 0x48, 0x89, 0x43, 0x10,
  0x48, 0x8b, 0x84, 0x24, 0x88, 0x00, 0x00, 0x00, 0x48, 0x89, 0x43, 0x18,
  0x48, 0x8b, 0x84, 0x24, 0x80, 0x00, 0x00, 0x00, 0x48, 0x89, 0x43, 0x20,
  0x48, 0x8b, 0x44, 0x24, 0x28, 0x48, 0x89, 0x43, 0x28, 0x48, 0x81, 0xc4,
  0x48, 0x01, 0x00, 0x00, 0x5b, 0x5d, 0x41, 0x5c, 0x41, 0x5d, 0xc3, 0x66,
  0x2e, 0x0f, 0x1f, 0x84, 0x00, 0x00, 0x00, 0x00, 0x00, 0x0f, 0x1f, 0x00,
  0xf3, 0x0f, 0x1e, 0xfa, 0x41, 0x57, 0x31, 0xc0, 0xb9, 0x22, 0x00, 0x00,
  0x00, 0x49, 0xbf, 0xef, 0xbe, 0xad, 0xde, 0xef, 0xbe, 0xad, 0xde, 0x41,
  0x56, 0x41, 0x55, 0x41, 0x54, 0x55, 0x53, 0x48, 0x89, 0xfb, 0x48, 0x81,
  0xec, 0x48, 0x01, 0x00, 0x00, 0x48, 0x8b, 0x53, 0x08, 0x48, 0x8d, 0x7c,
  0x24, 0x30, 0x48, 0x8d, 0x6c, 0x24, 0x30, 0xf3, 0x48, 0xab, 0x48, 0x8b,
  0x4b, 0x10, 0x4c, 0x89, 0x7c, 0x24, 0x50, 0x48, 0x89, 0xee, 0x48, 0x8b,
  0x05, 0xb3, 0x33, 0x00, 0x00, 0x48, 0x89, 0x94, 0x24, 0x98, 0x00, 0x00,
  0x00, 0xba, 0x10, 0x01, 0x00, 0x00, 0x4c, 0x8d, 0x74, 0x24, 0x08, 0x48,
  0x89, 0x8c, 0x24, 0x90, 0x00, 0x00, 0x00, 0x48, 0x89, 0x84, 0x24, 0x18,
  0x01, 0x00, 0x00, 0x48, 0x8b, 0x03, 0x48, 0xc7, 0x84, 0x24, 0x20, 0x01,
  0x00, 0x00, 0x20, 0x00, 0x00, 0x00, 0x48, 0x89, 0x84, 0x24, 0xa0, 0x00,
  0x00, 0x00, 0x48, 0x8b, 0x43, 0x18, 0x48, 0xc7, 0x84, 0x24, 0x28, 0x01,
  0x00, 0x00, 0x02, 0x00, 0x00, 0x00, 0x48, 0x89, 0x44, 0x24, 0x68, 0x48,
  0x8b, 0x43, 0x20, 0x48, 0x89, 0x84, 0x24, 0x80, 0x00, 0x00, 0x00, 0x48,
  0x8b, 0x43, 0x28, 0x48, 0x89, 0x44, 0x24, 0x48, 0x48, 0x89, 0x44, 0x24,
  0x60, 0x4c, 0x8d, 0x25, 0x24, 0x34, 0x00, 0x00, 0x49, 0x8b, 0x3c, 0x24,
  0xe8, 0x4b, 0xfc, 0xff, 0xff, 0xe8, 0x26, 0xe4, 0xff, 0xff, 0x49, 0x8b,
  0x34, 0x24, 0x48, 0x89, 0xef, 0xba, 0x10, 0x01, 0x00, 0x00, 0x49, 0x89,
  0xc5, 0xe8, 0x42, 0xfa, 0xff, 0xff, 0x4c, 0x89, 0xee, 0x4c, 0x89, 0xf7,
  0xba, 0x28, 0x00, 0x00, 0x00, 0xe8, 0x32, 0xfa, 0xff, 0xff, 0x48, 0x8b,
  0x44, 0x24, 0x18, 0x49, 0x8b, 0x3c, 0x24, 0x48, 0x89, 0xee, 0xba, 0x10,
  0x01, 0x00, 0x00, 0x4c, 0x89, 0xbc, 0x24, 0x88, 0x00, 0x00, 0x00, 0x48,
  0x89, 0x44, 0x24, 0x40, 0x48, 0x8b, 0x44, 0x24, 0x20, 0x48, 0x89, 0x44,
  0x24, 0x48, 0x48, 0x8b, 0x44, 0x24, 0x28, 0x48, 0x89, 0x44, 0x24, 0x60,
  0x48, 0x8b, 0x43, 0x20, 0x48, 0x89, 0x84, 0x24, 0x80, 0x00, 0x00, 0x00,
  0x48, 0x8b, 0x43, 0x28, 0x48, 0x89, 0x84, 0x24, 0xa0, 0x00, 0x00, 0x00,
  0x48, 0x8b, 0x05, 0x31, 0x32, 0x00, 0x00, 0x48, 0x89, 0x84, 0x24, 0x18,
  0x01, 0x00, 0x00, 0xe8, 0xc4, 0xfb, 0xff, 0xff, 0xe8, 0x9f, 0xe3, 0xff,
  0xff, 0x49, 0x8b, 0x34, 0x24, 0x48, 0x89, 0xef, 0xba, 0x10, 0x01, 0x00,
  0x00, 0x48, 0x89, 0xc3, 0xe8, 0xbb, 0xf9, 0xff, 0xff, 0x48, 0x89, 0xde,
  0x4c, 0x89, 0xf7, 0xba, 0x28, 0x00, 0x00, 0x00, 0xe8, 0xab, 0xf9, 0xff,
  0xff, 0x48, 0x81, 0xc4, 0x48, 0x01, 0x00, 0x00, 0x5b, 0x5d, 0x41, 0x5c,
  0x41, 0x5d, 0x41, 0x5e, 0x41, 0x5f, 0xc3, 0x66, 0x0f, 0x1f, 0x84, 0x00,
  0x00, 0x00, 0x00, 0x00, 0xf3, 0x0f, 0x1e, 0xfa, 0x41, 0x56, 0x89, 0xfa,
  0x31, 0xc0, 0xb9, 0x22, 0x00, 0x00, 0x00, 0x41, 0x55, 0x41, 0x54, 0x55,
  0x48, 0x89, 0xf5, 0x53, 0x48, 0x81, 0xec, 0x40, 0x01, 0x00, 0x00, 0x4c,
  0x8d, 0x35, 0x2a, 0x33, 0x00, 0x00, 0x4c, 0x8b, 0x25, 0x23, 0x32, 0x00,
  0x00, 0x48, 0x8d, 0x7c, 0x24, 0x30, 0x4c, 0x8d, 0x6c, 0x24, 0x30, 0xf3,
  0x48, 0xab, 0x49, 0x8b, 0x3e, 0x89, 0xd0, 0x4c, 0x89, 0xee, 0xba, 0x10,
  0x01, 0x00, 0x00, 0x48, 0x89, 0x44, 0x24, 0x48, 0x4c, 0x89, 0xa4, 0x24,
  0x18, 0x01, 0x00, 0x00, 0x48, 0xc7, 0x84, 0x24, 0x20, 0x01, 0x00, 0x00,
  0x20, 0x00, 0x00, 0x00, 0x48, 0xc7, 0x84, 0x24, 0x28, 0x01, 0x00, 0x00,
  0x02, 0x01, 0x00, 0x00, 0xe8, 0x0f, 0xfb, 0xff, 0xff, 0xe8, 0xea, 0xe2,
  0xff, 0xff, 0x49, 0x8b, 0x36, 0xba, 0x10, 0x01, 0x00, 0x00, 0x4c, 0x89,
  0xef, 0x48, 0x89, 0xc3, 0xe8, 0x07, 0xf9, 0xff, 0xff, 0xba, 0x28, 0x00,
  0x00, 0x00, 0x48, 0x8d, 0x7c, 0x24, 0x08, 0x48, 0x89, 0xde, 0xe8, 0xf5,
  0xf8, 0xff, 0xff, 0x48, 0x8b, 0x44, 0x24, 0x18, 0x48, 0x8b, 0x54, 0x24,
  0x28, 0x31, 0xc9, 0x4c, 0x3b, 0xa4, 0x24, 0x18, 0x01, 0x00, 0x00, 0x74,
  0x12, 0x48, 0xc1, 0xe0, 0x20, 0x89, 0xd2, 0xb9, 0x01, 0x00, 0x00, 0x00,
  0x48, 0x09, 0xd0, 0x48, 0x89, 0x45, 0x00, 0x48, 0x81, 0xc4, 0x40, 0x01,
  0x00, 0x00, 0x89, 0xc8, 0x5b, 0x5d, 0x41, 0x5c, 0x41, 0x5d, 0x41, 0x5e,
  0xc3, 0x66, 0x2e, 0x0f, 0x1f, 0x84, 0x00, 0x00, 0x00, 0x00, 0x00, 0x90,
  0xf3, 0x0f, 0x1e, 0xfa, 0x41, 0x57, 0x31, 0xc0, 0xb9, 0x0a, 0x00, 0x00,
  0x00, 0x41, 0x56, 0x41, 0x55, 0x49, 0x89, 0xfd, 0x41, 0x54, 0x55, 0x48,
  0x89, 0xf5, 0x53, 0x48, 0x81, 0xec, 0xa8, 0x01, 0x00, 0x00, 0x4c, 0x8d,
  0x25, 0x47, 0x32, 0x00, 0x00, 0x48, 0x8b, 0x15, 0x98, 0x31, 0x00, 0x00,
  0x48, 0x8d, 0x7c, 0x24, 0x40, 0x48, 0x8d, 0x9c, 0x24, 0x90, 0x00, 0x00,
  0x00, 0xf3, 0x48, 0xab, 0x48, 0x89, 0xde, 0x48, 0x89, 0x54, 0x24, 0x30,
  0xba, 0x10, 0x01, 0x00, 0x00, 0x48, 0xb9, 0x01, 0x00, 0x00, 0x00, 0x00,
  0x00, 0xad, 0xde, 0x48, 0x8d, 0xbc, 0x24, 0x90, 0x00, 0x00, 0x00, 0x4c,
  0x8d, 0x74, 0x24, 0x08, 0x48, 0x89, 0x4c, 0x24, 0x38, 0xb9, 0x22, 0x00,
  0x00, 0x00, 0xf3, 0x48, 0xab, 0x49, 0x8b, 0x3c, 0x24, 0x48, 0xb8, 0xef,
  0xbe, 0xad, 0xde, 0xef, 0xbe, 0xad, 0xde, 0x48, 0xc7, 0x84, 0x24, 0x80,
  0x01, 0x00, 0x00, 0x20, 0x00, 0x00, 0x00, 0x48, 0x89, 0x84, 0x24, 0xb0,
  0x00, 0x00, 0x00, 0x48, 0x8b, 0x05, 0xae, 0x30, 0x00, 0x00, 0x48, 0xc7,
  0x84, 0x24, 0x88, 0x01, 0x00, 0x00, 0x02, 0x00, 0x00, 0x00, 0x48, 0x89,
  0x84, 0x24, 0x78, 0x01, 0x00, 0x00, 0xe8, 0xed, 0xf9, 0xff, 0xff, 0xe8,
  0xc8, 0xe1, 0xff, 0xff, 0x49, 0x8b, 0x34, 0x24, 0xba, 0x10, 0x01, 0x00,
  0x00, 0x48, 0x89, 0xdf, 0x49, 0x89, 0xc7, 0xe8, 0xe4, 0xf7, 0xff, 0xff,
  0xba, 0x28, 0x00, 0x00, 0x00, 0x4c, 0x89, 0xfe, 0x4c, 0x89, 0xf7, 0xe8,
  0xd4, 0xf7, 0xff, 0xff, 0x48, 0x8d, 0x74, 0x24, 0x30, 0xba, 0x60, 0x00,
  0x00, 0x00, 0x48, 0x8b, 0x84, 0x24, 0x00, 0x01, 0x00, 0x00, 0x48, 0x89,
  0x44, 0x24, 0x60, 0x48, 0x8b, 0x84, 0x24, 0xf8, 0x00, 0x00, 0x00, 0x48,
  0x89, 0x44, 0x24, 0x68, 0x48, 0x8b, 0x84, 0x24, 0xf0, 0x00, 0x00, 0x00,
  0x48, 0x89, 0x44, 0x24, 0x70, 0x48, 0x8b, 0x84, 0x24, 0xe8, 0x00, 0x00,
  0x00, 0x48, 0x89, 0x44, 0x24, 0x78, 0x48, 0x8b, 0x84, 0x24, 0xe0, 0x00,
  0x00, 0x00, 0x48, 0x89, 0x84, 0x24, 0x80, 0x00, 0x00, 0x00, 0x48, 0x8b,
  0x44, 0x24, 0x28, 0x48, 0x89, 0x84, 0x24, 0x88, 0x00, 0x00, 0x00, 0x49,
  0x8b, 0x85, 0x00, 0x01, 0x00, 0x00, 0x48, 0x8d, 0x78, 0xa0, 0x49, 0x89,
  0xbd, 0x00, 0x01, 0x00, 0x00, 0xe8, 0x52, 0xf9, 0xff, 0xff, 0x48, 0x8b,
  0x35, 0x63, 0x30, 0x00, 0x00, 0xba, 0x08, 0x00, 0x00, 0x00, 0x48, 0x89,
  0xdf, 0x48, 0xc7, 0x84, 0x24, 0x90, 0x00, 0x00, 0x00, 0x00, 0x00, 0x00,
  0x00, 0xe8, 0x42, 0xf7, 0xff, 0xff, 0x85, 0xc0, 0x0f, 0x85, 0xf2, 0x01,
  0x00, 0x00, 0x48, 0x8b, 0xb4, 0x24, 0x90, 0x00, 0x00, 0x00, 0xba, 0x08,
  0x00, 0x00, 0x00, 0x48, 0x89, 0xdf, 0x48, 0xc7, 0x84, 0x24, 0x90, 0x00,
  0x00, 0x00, 0x00, 0x00, 0x00, 0x00, 0x48, 0x81, 0xc6, 0xf8, 0x03, 0x00,
  0x00, 0xe8, 0x12, 0xf7, 0xff, 0xff, 0x85, 0xc0, 0x0f, 0x85, 0xf2, 0x01,
  0x00, 0x00, 0x48, 0x8b, 0x84, 0x24, 0x90, 0x00, 0x00, 0x00, 0xba, 0x08,
  0x00, 0x00, 0x00, 0x48, 0x89, 0xdf, 0x48, 0xc7, 0x84, 0x24, 0x90, 0x00,
  0x00, 0x00, 0x00, 0x00, 0x00, 0x00, 0x4c, 0x8d, 0xa8, 0x00, 0x01, 0x00,
  0x00, 0x4c, 0x89, 0xee, 0xe8, 0xdf, 0xf6, 0xff, 0xff, 0x85, 0xc0, 0x0f,
  0x85, 0xa7, 0x01, 0x00, 0x00, 0x48, 0x89, 0xde, 0x4c, 0x89, 0xef, 0xba,
  0x08, 0x00, 0x00, 0x00, 0x48, 0x83, 0x8c, 0x24, 0x90, 0x00, 0x00, 0x00,
  0x02, 0xe8, 0xae, 0xf8, 0xff, 0xff, 0x31, 0xc0, 0x48, 0x89, 0xdf, 0xb9,
  0x22, 0x00, 0x00, 0x00, 0xf3, 0x48, 0xab, 0x48, 0x8b, 0x55, 0x08, 0x48,
  0x89, 0xde, 0x48, 0x8b, 0x05, 0x83, 0x2f, 0x00, 0x00, 0x48, 0x8b, 0x4d,
  0x10, 0x49, 0x8b, 0x3c, 0x24, 0x49, 0xbf, 0xef, 0xbe, 0xad, 0xde, 0xef,
  0xbe, 0xad, 0xde, 0x48, 0xc7, 0x84, 0x24, 0x80, 0x01, 0x00, 0x00, 0x20,
  0x00, 0x00, 0x00, 0x48, 0x89, 0x84, 0x24, 0x78, 0x01, 0x00, 0x00, 0x48,
  0x8b, 0x45, 0x00, 0x48, 0x89, 0x94, 0x24, 0xf8, 0x00, 0x00, 0x00, 0xba,
  0x10, 0x01, 0x00, 0x00, 0x48, 0x89, 0x84, 0x24, 0x00, 0x01, 0x00, 0x00,
  0x48, 0x8b, 0x45, 0x18, 0x48, 0x89, 0x8c, 0x24, 0xf0, 0x00, 0x00, 0x00,
  0x48, 0x89, 0x84, 0x24, 0xc8, 0x00, 0x00, 0x00, 0x48, 0x8b, 0x45, 0x20,
  0x4c, 0x89, 0xbc, 0x24, 0xb0, 0x00, 0x00, 0x00, 0x48, 0x89, 0x84, 0x24,
  0xe0, 0x00, 0x00, 0x00, 0x48, 0x8b, 0x45, 0x28, 0x48, 0xc7, 0x84, 0x24,
  0x88, 0x01, 0x00, 0x00, 0x02, 0x00, 0x00, 0x00, 0x48, 0x89, 0x84, 0x24,
  0xa8, 0x00, 0x00, 0x00, 0x48, 0x89, 0x84, 0x24, 0xc0, 0x00, 0x00, 0x00,
  0xe8, 0x07, 0xf8, 0xff, 0xff, 0xe8, 0xe2, 0xdf, 0xff, 0xff, 0x49, 0x8b,
  0x34, 0x24, 0x48, 0x89, 0xdf, 0xba, 0x10, 0x01, 0x00, 0x00, 0x49, 0x89,
  0xc5, 0xe8, 0xfe, 0xf5, 0xff, 0xff, 0x4c, 0x89, 0xee, 0x4c, 0x89, 0xf7,
  0xba, 0x28, 0x00, 0x00, 0x00, 0xe8, 0xee, 0xf5, 0xff, 0xff, 0x48, 0x8b,
  0x44, 0x24, 0x18, 0x49, 0x8b, 0x3c, 0x24, 0x48, 0x89, 0xde, 0xba, 0x10,
  0x01, 0x00, 0x00, 0x4c, 0x89, 0xbc, 0x24, 0xe8, 0x00, 0x00, 0x00, 0x48,
  0x89, 0x84, 0x24, 0xa0, 0x00, 0x00, 0x00, 0x48, 0x8b, 0x44, 0x24, 0x20,
  0x48, 0x89, 0x84, 0x24, 0xa8, 0x00, 0x00, 0x00, 0x48, 0x8b, 0x44, 0x24,
  0x28, 0x48, 0x89, 0x84, 0x24, 0xc0, 0x00, 0x00, 0x00, 0x48, 0x8b, 0x45,
  0x20, 0x48, 0x89, 0x84, 0x24, 0xe0, 0x00, 0x00, 0x00, 0x48, 0x8b, 0x45,
  0x28, 0x48, 0x89, 0x84, 0x24, 0x00, 0x01, 0x00, 0x00, 0x48, 0x8b, 0x05,
  0xe4, 0x2d, 0x00, 0x00, 0x48, 0x89, 0x84, 0x24, 0x78, 0x01, 0x00, 0x00,
  0xe8, 0x77, 0xf7, 0xff, 0xff, 0xe8, 0x52, 0xdf, 0xff, 0xff, 0x49, 0x8b,
  0x34, 0x24, 0x48, 0x89, 0xdf, 0xba, 0x10, 0x01, 0x00, 0x00, 0x48, 0x89,
  0xc5, 0xe8, 0x6e, 0xf5, 0xff, 0xff, 0x48, 0x89, 0xee, 0x4c, 0x89, 0xf7,
  0xba, 0x28, 0x00, 0x00, 0x00, 0xe8, 0x5e, 0xf5, 0xff, 0xff, 0x48, 0x81,
  0xc4, 0xa8, 0x01, 0x00, 0x00, 0x5b, 0x5d, 0x41, 0x5c, 0x41, 0x5d, 0x41,
  0x5e, 0x41, 0x5f, 0xc3, 0x0f, 0x1f, 0x40, 0x00, 0x48, 0x8b, 0xbc, 0x24,
  0xd8, 0x01, 0x00, 0x00, 0xe8, 0x5b, 0xeb, 0xff, 0xff, 0xe9, 0xfc, 0xfd,
  0xff, 0xff, 0x66, 0x0f, 0x1f, 0x44, 0x00, 0x00, 0x48, 0x8b, 0xbc, 0x24,
  0xd8, 0x01, 0x00, 0x00, 0xe8, 0x43, 0xeb, 0xff, 0xff, 0xe9, 0x47, 0xfe,
  0xff, 0xff, 0x66, 0x0f, 0x1f, 0x44, 0x00, 0x00, 0x48, 0x8b, 0xbc, 0x24,
  0xd8, 0x01, 0x00, 0x00, 0xe8, 0x2b, 0xeb, 0xff, 0xff, 0xe9, 0xfc, 0xfd,
  0xff, 0xff, 0x66, 0x0f, 0x1f, 0x44, 0x00, 0x00, 0xf3, 0x0f, 0x1e, 0xfa,
  0x83, 0xfe, 0x01, 0x74, 0x07, 0xc3, 0x66, 0x0f, 0x1f, 0x44, 0x00, 0x00,
  0x53, 0xba, 0x60, 0x00, 0x00, 0x00, 0x48, 0x89, 0xfb, 0x48, 0x83, 0xec,
  0x60, 0x48, 0x8b, 0xb7, 0x00, 0x01, 0x00, 0x00, 0x48, 0x89, 0xe7, 0xe8,
  0xd4, 0xf4, 0xff, 0xff, 0x48, 0x83, 0x83, 0x00, 0x01, 0x00, 0x00, 0x60,
  0x48, 0x8d, 0x7c, 0x24, 0x28, 0xe8, 0xa2, 0xf9, 0xff, 0xff, 0x48, 0x8b,
  0x44, 0x24, 0x58, 0x48, 0x89, 0x83, 0xe8, 0x00, 0x00, 0x00, 0x48, 0x83,
  0xc4, 0x60, 0x5b, 0xc3, 0x00, 0x00, 0x00, 0x00, 0x00, 0x00, 0x00, 0x00,
  0x00, 0x00, 0x00, 0x00, 0x00, 0x00, 0x00, 0x00, 0x00, 0x00, 0x00, 0x00,
  0x00, 0x00, 0x00, 0x00, 0x00, 0x00, 0x00, 0x00, 0x00, 0x00, 0x00, 0x00,
  0x00, 0x00, 0x00, 0x00, 0x00, 0x00, 0x00, 0x00, 0x00, 0x00, 0x00, 0x00,
  0x00, 0x00, 0x00, 0x00, 0x00, 0x00, 0x00, 0x00, 0x00, 0x00, 0x00, 0x00,
  0x00, 0x00, 0x00, 0x00, 0x00, 0x00, 0x00, 0x00, 0x00, 0x00, 0x00, 0x00,
  0x00, 0x00, 0x00, 0x00, 0x00, 0x00, 0x00, 0x00, 0x00, 0x00, 0x00, 0x00,
  0x00, 0x00, 0x00, 0x00, 0x00, 0x00, 0x00, 0x00, 0x00, 0x00, 0x00, 0x00,
  0x00, 0x00, 0x00, 0x00, 0x00, 0x00, 0x00, 0x00, 0x00, 0x00, 0x00, 0x00,
  0x00, 0x00, 0x00, 0x00, 0x00, 0x00, 0x00, 0x00, 0x00, 0x00, 0x00, 0x00,
  0x00, 0x00, 0x00, 0x00, 0x00, 0x00, 0x00, 0x00, 0x00, 0x00, 0x00, 0x00,
  0x00, 0x00, 0x00, 0x00, 0x00, 0x00, 0x00, 0x00, 0x00, 0x00, 0x00, 0x00,
  0x00, 0x00, 0x00, 0x00, 0x00, 0x00, 0x00, 0x00, 0x00, 0x00, 0x00, 0x00,
  0x00, 0x00, 0x00, 0x00, 0x00, 0x00, 0x00, 0x00, 0x00, 0x00, 0x00, 0x00,
  0x00, 0x00, 0x00, 0x00, 0x00, 0x00, 0x00, 0x00, 0x00, 0x00, 0x00, 0x00,
  0x00, 0x00, 0x00, 0x00, 0x00, 0x00, 0x00, 0x00, 0x00, 0x00, 0x00, 0x00,
  0x00, 0x00, 0x00, 0x00, 0x00, 0x00, 0x00, 0x00, 0x00, 0x00, 0x00, 0x00,
  0x00, 0x00, 0x00, 0x00, 0x00, 0x00, 0x00, 0x00, 0x00, 0x00, 0x00, 0x00,
  0x00, 0x00, 0x00, 0x00, 0x00, 0x00, 0x00, 0x00, 0x00, 0x00, 0x00, 0x00,
  0x00, 0x00, 0x00, 0x00, 0x00, 0x00, 0x00, 0x00, 0x00, 0x00, 0x00, 0x00,
  0x00, 0x00, 0x00, 0x00, 0x00, 0x00, 0x00, 0x00, 0x00, 0x00, 0x00, 0x00,
  0x00, 0x00, 0x00, 0x00, 0x00, 0x00, 0x00, 0x00, 0x00, 0x00, 0x00, 0x00,
  0x00, 0x00, 0x00, 0x00, 0x00, 0x00, 0x00, 0x00, 0x00, 0x00, 0x00, 0x00,
  0x00, 0x00, 0x00, 0x00, 0x00, 0x00, 0x00, 0x00, 0x00, 0x00, 0x00, 0x00,
  0x00, 0x00, 0x00, 0x00, 0x00, 0x00, 0x00, 0x00, 0x00, 0x00, 0x00, 0x00,
  0x00, 0x00, 0x00, 0x00, 0x00, 0x00, 0x00, 0x00, 0x00, 0x00, 0x00, 0x00,
  0x00, 0x00, 0x00, 0x00, 0x00, 0x00, 0x00, 0x00, 0x00, 0x00, 0x00, 0x00,
  0x00, 0x00, 0x00, 0x00, 0x00, 0x00, 0x00, 0x00, 0x00, 0x00, 0x00, 0x00,
  0x00, 0x00, 0x00, 0x00, 0x00, 0x00, 0x00, 0x00, 0x00, 0x00, 0x00, 0x00,
  0x00, 0x00, 0x00, 0x00, 0x00, 0x00, 0x00, 0x00, 0x00, 0x00, 0x00, 0x00,
  0x00, 0x00, 0x00, 0x00, 0x00, 0x00, 0x00, 0x00, 0x00, 0x00, 0x00, 0x00,
  0x00, 0x00, 0x00, 0x00, 0x00, 0x00, 0x00, 0x00, 0x00, 0x00, 0x00, 0x00,
  0x00, 0x00, 0x00, 0x00, 0x00, 0x00, 0x00, 0x00, 0x00, 0x00, 0x00, 0x00,
  0x00, 0x00, 0x00, 0x00, 0x00, 0x00, 0x00, 0x00, 0x00, 0x00, 0x00, 0x00,
  0x00, 0x00, 0x00, 0x00, 0x00, 0x00, 0x00, 0x00, 0x00, 0x00, 0x00, 0x00,
  0x00, 0x00, 0x00, 0x00, 0x00, 0x00, 0x00, 0x00, 0x00, 0x00, 0x00, 0x00,
  0x00, 0x00, 0x00, 0x00, 0x00, 0x00, 0x00, 0x00, 0x00, 0x00, 0x00, 0x00,
  0x00, 0x00, 0x00, 0x00, 0x00, 0x00, 0x00, 0x00, 0x00, 0x00, 0x00, 0x00,
  0x00, 0x00, 0x00, 0x00, 0x00, 0x00, 0x00, 0x00, 0x00, 0x00, 0x00, 0x00,
  0x00, 0x00, 0x00, 0x00, 0x00, 0x00, 0x00, 0x00, 0x00, 0x00, 0x00, 0x00,
  0x00, 0x00, 0x00, 0x00, 0x00, 0x00, 0x00, 0x00, 0x00, 0x00, 0x00, 0x00,
  0x00, 0x00, 0x00, 0x00, 0x00, 0x00, 0x00, 0x00, 0x00, 0x00, 0x00, 0x00,
  0x00, 0x00, 0x00, 0x00, 0x00, 0x00, 0x00, 0x00, 0x00, 0x00, 0x00, 0x00,
  0x00, 0x00, 0x00, 0x00, 0x00, 0x00, 0x00, 0x00, 0x00, 0x00, 0x00, 0x00,
  0x00, 0x00, 0x00, 0x00, 0x00, 0x00, 0x00, 0x00, 0x00, 0x00, 0x00, 0x00,
  0x00, 0x00, 0x00, 0x00, 0x00, 0x00, 0x00, 0x00, 0x00, 0x00, 0x00, 0x00,
  0x00, 0x00, 0x00, 0x00, 0x00, 0x00, 0x00, 0x00, 0x00, 0x00, 0x00, 0x00,
  0x00, 0x00, 0x00, 0x00, 0x00, 0x00, 0x00, 0x00, 0x00, 0x00, 0x00, 0x00,
  0x00, 0x00, 0x00, 0x00, 0x00, 0x00, 0x00, 0x00, 0x00, 0x00, 0x00, 0x00,
  0x00, 0x00, 0x00, 0x00, 0x00, 0x00, 0x00, 0x00, 0x00, 0x00, 0x00, 0x00,
  0x00, 0x00, 0x00, 0x00, 0x00, 0x00, 0x00, 0x00, 0x00, 0x00, 0x00, 0x00,
  0x00, 0x00, 0x00, 0x00, 0x00, 0x00, 0x00, 0x00, 0x00, 0x00, 0x00, 0x00,
  0x00, 0x00, 0x00, 0x00, 0x00, 0x00, 0x00, 0x00, 0x00, 0x00, 0x00, 0x00,
  0x00, 0x00, 0x00, 0x00, 0x00, 0x00, 0x00, 0x00, 0x00, 0x00, 0x00, 0x00,
  0x00, 0x00, 0x00, 0x00, 0x00, 0x00, 0x00, 0x00, 0x00, 0x00, 0x00, 0x00,
  0x00, 0x00, 0x00, 0x00, 0x00, 0x00, 0x00, 0x00, 0x00, 0x00, 0x00, 0x00,
  0x00, 0x00, 0x00, 0x00, 0x00, 0x00, 0x00, 0x00, 0x00, 0x00, 0x00, 0x00,
  0x00, 0x00, 0x00, 0x00, 0x00, 0x00, 0x00, 0x00, 0x00, 0x00, 0x00, 0x00,
  0x00, 0x00, 0x00, 0x00, 0x00, 0x00, 0x00, 0x00, 0x00, 0x00, 0x00, 0x00,
  0x00, 0x00, 0x00, 0x00, 0x00, 0x00, 0x00, 0x00, 0x00, 0x00, 0x00, 0x00,
  0x00, 0x00, 0x00, 0x00, 0x00, 0x00, 0x00, 0x00, 0x00, 0x00, 0x00, 0x00,
  0x00, 0x00, 0x00, 0x00, 0x00, 0x00, 0x00, 0x00, 0x00, 0x00, 0x00, 0x00,
  0x00, 0x00, 0x00, 0x00, 0x00, 0x00, 0x00, 0x00, 0x00, 0x00, 0x00, 0x00,
  0x00, 0x00, 0x00, 0x00, 0x00, 0x00, 0x00, 0x00, 0x00, 0x00, 0x00, 0x00,
  0x00, 0x00, 0x00, 0x00, 0x00, 0x00, 0x00, 0x00, 0x00, 0x00, 0x00, 0x00,
  0x00, 0x00, 0x00, 0x00, 0x00, 0x00, 0x00, 0x00, 0x00, 0x00, 0x00, 0x00,
  0x00, 0x00, 0x00, 0x00, 0x00, 0x00, 0x00, 0x00, 0x00, 0x00, 0x00, 0x00,
  0x00, 0x00, 0x00, 0x00, 0x00, 0x00, 0x00, 0x00, 0x00, 0x00, 0x00, 0x00,
  0x00, 0x00, 0x00, 0x00, 0x00, 0x00, 0x00, 0x00, 0x00, 0x00, 0x00, 0x00,
  0x00, 0x00, 0x00, 0x00, 0x00, 0x00, 0x00, 0x00, 0x00, 0x00, 0x00, 0x00,
  0x00, 0x00, 0x00, 0x00, 0x00, 0x00, 0x00, 0x00, 0x00, 0x00, 0x00, 0x00,
  0x00, 0x00, 0x00, 0x00, 0x00, 0x00, 0x00, 0x00, 0x00, 0x00, 0x00, 0x00,
  0x00, 0x00, 0x00, 0x00, 0x00, 0x00, 0x00, 0x00, 0x00, 0x00, 0x00, 0x00,
  0x00, 0x00, 0x00, 0x00, 0x00, 0x00, 0x00, 0x00, 0x00, 0x00, 0x00, 0x00,
  0x00, 0x00, 0x00, 0x00, 0x00, 0x00, 0x00, 0x00, 0x00, 0x00, 0x00, 0x00,
  0x00, 0x00, 0x00, 0x00, 0x00, 0x00, 0x00, 0x00, 0x00, 0x00, 0x00, 0x00,
  0x00, 0x00, 0x00, 0x00, 0x00, 0x00, 0x00, 0x00, 0x00, 0x00, 0x00, 0x00,
  0x00, 0x00, 0x00, 0x00, 0x00, 0x00, 0x00, 0x00, 0x00, 0x00, 0x00, 0x00,
  0x00, 0x00, 0x00, 0x00, 0x00, 0x00, 0x00, 0x00, 0x00, 0x00, 0x00, 0x00,
  0x00, 0x00, 0x00, 0x00, 0x00, 0x00, 0x00, 0x00, 0x00, 0x00, 0x00, 0x00,
  0x00, 0x00, 0x00, 0x00, 0x00, 0x00, 0x00, 0x00, 0x00, 0x00, 0x00, 0x00,
  0x00, 0x00, 0x00, 0x00, 0x00, 0x00, 0x00, 0x00, 0x00, 0x00, 0x00, 0x00,
  0x00, 0x00, 0x00, 0x00, 0x00, 0x00, 0x00, 0x00, 0x00, 0x00, 0x00, 0x00,
  0x00, 0x00, 0x00, 0x00, 0x00, 0x00, 0x00, 0x00, 0x00, 0x00, 0x00, 0x00,
  0x00, 0x00, 0x00, 0x00, 0x00, 0x00, 0x00, 0x00, 0x00, 0x00, 0x00, 0x00,
  0x00, 0x00, 0x00, 0x00, 0x00, 0x00, 0x00, 0x00, 0x00, 0x00, 0x00, 0x00,
  0x00, 0x00, 0x00, 0x00, 0x00, 0x00, 0x00, 0x00, 0x00, 0x00, 0x00, 0x00,
  0x00, 0x00, 0x00, 0x00, 0x00, 0x00, 0x00, 0x00, 0x00, 0x00, 0x00, 0x00,
  0x00, 0x00, 0x00, 0x00, 0x00, 0x00, 0x00, 0x00, 0x00, 0x00, 0x00, 0x00,
  0x00, 0x00, 0x00, 0x00, 0x00, 0x00, 0x00, 0x00, 0x00, 0x00, 0x00, 0x00,
  0x00, 0x00, 0x00, 0x00, 0x00, 0x00, 0x00, 0x00, 0x00, 0x00, 0x00, 0x00,
  0x00, 0x00, 0x00, 0x00, 0x00, 0x00, 0x00, 0x00, 0x00, 0x00, 0x00, 0x00,
  0x00, 0x00, 0x00, 0x00, 0x00, 0x00, 0x00, 0x00, 0x00, 0x00, 0x00, 0x00,
  0x00, 0x00, 0x00, 0x00, 0x00, 0x00, 0x00, 0x00, 0x00, 0x00, 0x00, 0x00,
  0x00, 0x00, 0x00, 0x00, 0x00, 0x00, 0x00, 0x00, 0x00, 0x00, 0x00, 0x00,
  0x00, 0x00, 0x00, 0x00, 0x00, 0x00, 0x00, 0x00, 0x00, 0x00, 0x00, 0x00,
  0x00, 0x00, 0x00, 0x00, 0x00, 0x00, 0x00, 0x00, 0x00, 0x00, 0x00, 0x00,
  0x00, 0x00, 0x00, 0x00, 0x00, 0x00, 0x00, 0x00, 0x00, 0x00, 0x00, 0x00,
  0x00, 0x00, 0x00, 0x00, 0x00, 0x00, 0x00, 0x00, 0x00, 0x00, 0x00, 0x00,
  0x00, 0x00, 0x00, 0x00, 0x00, 0x00, 0x00, 0x00, 0x00, 0x00, 0x00, 0x00,
  0x00, 0x00, 0x00, 0x00, 0x00, 0x00, 0x00, 0x00, 0x00, 0x00, 0x00, 0x00,
  0x00, 0x00, 0x00, 0x00, 0x00, 0x00, 0x00, 0x00, 0x00, 0x00, 0x00, 0x00,
  0x00, 0x00, 0x00, 0x00, 0x00, 0x00, 0x00, 0x00, 0x00, 0x00, 0x00, 0x00,
  0x00, 0x00, 0x00, 0x00, 0x00, 0x00, 0x00, 0x00, 0x00, 0x00, 0x00, 0x00,
  0x00, 0x00, 0x00, 0x00, 0x00, 0x00, 0x00, 0x00, 0x00, 0x00, 0x00, 0x00,
  0x00, 0x00, 0x00, 0x00, 0x00, 0x00, 0x00, 0x00, 0x00, 0x00, 0x00, 0x00,
  0x00, 0x00, 0x00, 0x00, 0x00, 0x00, 0x00, 0x00, 0x00, 0x00, 0x00, 0x00,
  0x00, 0x00, 0x00, 0x00, 0x00, 0x00, 0x00, 0x00, 0x00, 0x00, 0x00, 0x00,
  0x00, 0x00, 0x00, 0x00, 0x00, 0x00, 0x00, 0x00, 0x00, 0x00, 0x00, 0x00,
  0x00, 0x00, 0x00, 0x00, 0x00, 0x00, 0x00, 0x00, 0x00, 0x00, 0x00, 0x00,
  0x00, 0x00, 0x00, 0x00, 0x00, 0x00, 0x00, 0x00, 0x00, 0x00, 0x00, 0x00,
  0x00, 0x00, 0x00, 0x00, 0x00, 0x00, 0x00, 0x00, 0x00, 0x00, 0x00, 0x00,
  0x00, 0x00, 0x00, 0x00, 0x00, 0x00, 0x00, 0x00, 0x00, 0x00, 0x00, 0x00,
  0x00, 0x00, 0x00, 0x00, 0x00, 0x00, 0x00, 0x00, 0x00, 0x00, 0x00, 0x00,
  0x00, 0x00, 0x00, 0x00, 0x00, 0x00, 0x00, 0x00, 0x00, 0x00, 0x00, 0x00,
  0x00, 0x00, 0x00, 0x00, 0x00, 0x00, 0x00, 0x00, 0x00, 0x00, 0x00, 0x00,
  0x00, 0x00, 0x00, 0x00, 0x00, 0x00, 0x00, 0x00, 0x00, 0x00, 0x00, 0x00,
  0x00, 0x00, 0x00, 0x00, 0x00, 0x00, 0x00, 0x00, 0x00, 0x00, 0x00, 0x00,
  0x00, 0x00, 0x00, 0x00, 0x00, 0x00, 0x00, 0x00, 0x00, 0x00, 0x00, 0x00,
  0x00, 0x00, 0x00, 0x00, 0x00, 0x00, 0x00, 0x00, 0x00, 0x00, 0x00, 0x00,
  0x00, 0x00, 0x00, 0x00, 0x00, 0x00, 0x00, 0x00, 0x00, 0x00, 0x00, 0x00,
  0x00, 0x00, 0x00, 0x00, 0x00, 0x00, 0x00, 0x00, 0x00, 0x00, 0x00, 0x00,
  0x00, 0x00, 0x00, 0x00, 0x00, 0x00, 0x00, 0x00, 0x00, 0x00, 0x00, 0x00,
  0x00, 0x00, 0x00, 0x00, 0x00, 0x00, 0x00, 0x00, 0x00, 0x00, 0x00, 0x00,
  0x00, 0x00, 0x00, 0x00, 0x00, 0x00, 0x00, 0x00, 0x00, 0x00, 0x00, 0x00,
  0x00, 0x00, 0x00, 0x00, 0x00, 0x00, 0x00, 0x00, 0x00, 0x00, 0x00, 0x00,
  0x00, 0x00, 0x00, 0x00, 0x00, 0x00, 0x00, 0x00, 0x00, 0x00, 0x00, 0x00,
  0x00, 0x00, 0x00, 0x00, 0x00, 0x00, 0x00, 0x00, 0x00, 0x00, 0x00, 0x00,
  0x00, 0x00, 0x00, 0x00, 0x00, 0x00, 0x00, 0x00, 0x00, 0x00, 0x00, 0x00,
  0x00, 0x00, 0x00, 0x00, 0x00, 0x00, 0x00, 0x00, 0x00, 0x00, 0x00, 0x00,
  0x00, 0x00, 0x00, 0x00, 0x00, 0x00, 0x00, 0x00, 0x00, 0x00, 0x00, 0x00,
  0x00, 0x00, 0x00, 0x00, 0x00, 0x00, 0x00, 0x00, 0x00, 0x00, 0x00, 0x00,
  0x00, 0x00, 0x00, 0x00, 0x00, 0x00, 0x00, 0x00, 0x00, 0x00, 0x00, 0x00,
  0x00, 0x00, 0x00, 0x00, 0x00, 0x00, 0x00, 0x00, 0x00, 0x00, 0x00, 0x00,
  0x00, 0x00, 0x00, 0x00, 0x00, 0x00, 0x00, 0x00, 0x00, 0x00, 0x00, 0x00,
  0x00, 0x00, 0x00, 0x00, 0x00, 0x00, 0x00, 0x00, 0x00, 0x00, 0x00, 0x00,
  0x00, 0x00, 0x00, 0x00, 0x00, 0x00, 0x00, 0x00, 0x00, 0x00, 0x00, 0x00,
  0x00, 0x00, 0x00, 0x00, 0x00, 0x00, 0x00, 0x00, 0x00, 0x00, 0x00, 0x00,
  0x00, 0x00, 0x00, 0x00, 0x00, 0x00, 0x00, 0x00, 0x00, 0x00, 0x00, 0x00,
  0x00, 0x00, 0x00, 0x00, 0x00, 0x00, 0x00, 0x00, 0x00, 0x00, 0x00, 0x00,
  0x00, 0x00, 0x00, 0x00, 0x00, 0x00, 0x00, 0x00, 0x00, 0x00, 0x00, 0x00,
  0x00, 0x00, 0x00, 0x00, 0x00, 0x00, 0x00, 0x00, 0x00, 0x00, 0x00, 0x00,
  0x00, 0x00, 0x00, 0x00, 0x00, 0x00, 0x00, 0x00, 0x00, 0x00, 0x00, 0x00,
  0x00, 0x00, 0x00, 0x00, 0x00, 0x00, 0x00, 0x00, 0x00, 0x00, 0x00, 0x00,
  0x00, 0x00, 0x00, 0x00, 0x00, 0x00, 0x00, 0x00, 0x00, 0x00, 0x00, 0x00,
  0x00, 0x00, 0x00, 0x00, 0x00, 0x00, 0x00, 0x00, 0x00, 0x00, 0x00, 0x00,
  0x00, 0x00, 0x00, 0x00, 0x00, 0x00, 0x00, 0x00, 0x00, 0x00, 0x00, 0x00,
  0x00, 0x00, 0x00, 0x00, 0x00, 0x00, 0x00, 0x00, 0x00, 0x00, 0x00, 0x00,
  0x00, 0x00, 0x00, 0x00, 0x00, 0x00, 0x00, 0x00, 0x00, 0x00, 0x00, 0x00,
  0x00, 0x00, 0x00, 0x00, 0x00, 0x00, 0x00, 0x00, 0x00, 0x00, 0x00, 0x00,
  0x00, 0x00, 0x00, 0x00, 0x00, 0x00, 0x00, 0x00, 0x00, 0x00, 0x00, 0x00,
  0x00, 0x00, 0x00, 0x00, 0x00, 0x00, 0x00, 0x00, 0x00, 0x00, 0x00, 0x00,
  0x00, 0x00, 0x00, 0x00, 0x00, 0x00, 0x00, 0x00, 0x00, 0x00, 0x00, 0x00,
  0x00, 0x00, 0x00, 0x00, 0x00, 0x00, 0x00, 0x00, 0x00, 0x00, 0x00, 0x00,
  0x00, 0x00, 0x00, 0x00, 0x00, 0x00, 0x00, 0x00, 0x00, 0x00, 0x00, 0x00,
  0x00, 0x00, 0x00, 0x00, 0x00, 0x00, 0x00, 0x00, 0x00, 0x00, 0x00, 0x00,
  0x00, 0x00, 0x00, 0x00, 0x00, 0x00, 0x00, 0x00, 0x00, 0x00, 0x00, 0x00,
  0x00, 0x00, 0x00, 0x00, 0x00, 0x00, 0x00, 0x00, 0x00, 0x00, 0x00, 0x00,
  0x00, 0x00, 0x00, 0x00, 0x00, 0x00, 0x00, 0x00, 0x00, 0x00, 0x00, 0x00,
  0x00, 0x00, 0x00, 0x00, 0x00, 0x00, 0x00, 0x00, 0x00, 0x00, 0x00, 0x00,
  0x00, 0x00, 0x00, 0x00, 0x00, 0x00, 0x00, 0x00, 0x00, 0x00, 0x00, 0x00,
  0x00, 0x00, 0x00, 0x00, 0x00, 0x00, 0x00, 0x00, 0x00, 0x00, 0x00, 0x00,
  0x00, 0x00, 0x00, 0x00, 0x00, 0x00, 0x00, 0x00, 0x00, 0x00, 0x00, 0x00,
  0x00, 0x00, 0x00, 0x00, 0x00, 0x00, 0x00, 0x00, 0x00, 0x00, 0x00, 0x00,
  0x00, 0x00, 0x00, 0x00, 0x00, 0x00, 0x00, 0x00, 0x00, 0x00, 0x00, 0x00,
  0x00, 0x00, 0x00, 0x00, 0x00, 0x00, 0x00, 0x00, 0x00, 0x00, 0x00, 0x00,
  0x00, 0x00, 0x00, 0x00, 0x00, 0x00, 0x00, 0x00, 0x00, 0x00, 0x00, 0x00,
  0x00, 0x00, 0x00, 0x00, 0x00, 0x00, 0x00, 0x00, 0x00, 0x00, 0x00, 0x00,
  0x00, 0x00, 0x00, 0x00, 0x00, 0x00, 0x00, 0x00, 0x00, 0x00, 0x00, 0x00,
  0x00, 0x00, 0x00, 0x00, 0x00, 0x00, 0x00, 0x00, 0x00, 0x00, 0x00, 0x00,
  0x00, 0x00, 0x00, 0x00, 0x00, 0x00, 0x00, 0x00, 0x00, 0x00, 0x00, 0x00,
  0x00, 0x00, 0x00, 0x00, 0x00, 0x00, 0x00, 0x00, 0x00, 0x00, 0x00, 0x00,
  0x00, 0x00, 0x00, 0x00, 0x00, 0x00, 0x00, 0x00, 0x00, 0x00, 0x00, 0x00,
  0x00, 0x00, 0x00, 0x00, 0x00, 0x00, 0x00, 0x00, 0x00, 0x00, 0x00, 0x00,
  0x00, 0x00, 0x00, 0x00, 0x00, 0x00, 0x00, 0x00, 0x00, 0x00, 0x00, 0x00,
  0x00, 0x00, 0x00, 0x00, 0x00, 0x00, 0x00, 0x00, 0x00, 0x00, 0x00, 0x00,
  0x00, 0x00, 0x00, 0x00, 0x00, 0x00, 0x00, 0x00, 0x00, 0x00, 0x00, 0x00,
  0x00, 0x00, 0x00, 0x00, 0x00, 0x00, 0x00, 0x00, 0x00, 0x00, 0x00, 0x00,
  0x00, 0x00, 0x00, 0x00, 0x00, 0x00, 0x00, 0x00, 0x00, 0x00, 0x00, 0x00,
  0x00, 0x00, 0x00, 0x00, 0x00, 0x00, 0x00, 0x00, 0x00, 0x00, 0x00, 0x00,
  0x00, 0x00, 0x00, 0x00, 0x00, 0x00, 0x00, 0x00, 0x00, 0x00, 0x00, 0x00,
  0x00, 0x00, 0x00, 0x00, 0x00, 0x00, 0x00, 0x00, 0x00, 0x00, 0x00, 0x00,
  0x00, 0x00, 0x00, 0x00, 0x00, 0x00, 0x00, 0x00, 0x00, 0x00, 0x00, 0x00,
  0x00, 0x00, 0x00, 0x00, 0x00, 0x00, 0x00, 0x00, 0x00, 0x00, 0x00, 0x00,
  0x00, 0x00, 0x00, 0x00, 0x00, 0x00, 0x00, 0x00, 0x00, 0x00, 0x00, 0x00,
  0x00, 0x00, 0x00, 0x00, 0x00, 0x00, 0x00, 0x00, 0x00, 0x00, 0x00, 0x00,
  0x00, 0x00, 0x00, 0x00, 0x00, 0x00, 0x00, 0x00, 0x00, 0x00, 0x00, 0x00,
  0x00, 0x00, 0x00, 0x00, 0x00, 0x00, 0x00, 0x00, 0x00, 0x00, 0x00, 0x00,
  0x00, 0x00, 0x00, 0x00, 0x00, 0x00, 0x00, 0x00, 0x00, 0x00, 0x00, 0x00,
  0x00, 0x00, 0x00, 0x00, 0x00, 0x00, 0x00, 0x00, 0x00, 0x00, 0x00, 0x00,
  0x00, 0x00, 0x00, 0x00, 0x00, 0x00, 0x00, 0x00, 0x00, 0x00, 0x00, 0x00,
  0x00, 0x00, 0x00, 0x00, 0x00, 0x00, 0x00, 0x00, 0x00, 0x00, 0x00, 0x00,
  0x00, 0x00, 0x00, 0x00, 0x00, 0x00, 0x00, 0x00, 0x00, 0x00, 0x00, 0x00,
  0x00, 0x00, 0x00, 0x00, 0x00, 0x00, 0x00, 0x00, 0x00, 0x00, 0x00, 0x00,
  0x00, 0x00, 0x00, 0x00, 0x00, 0x00, 0x00, 0x00, 0x00, 0x00, 0x00, 0x00,
  0x00, 0x00, 0x00, 0x00, 0x00, 0x00, 0x00, 0x00, 0x00, 0x00, 0x00, 0x00,
  0x00, 0x00, 0x00, 0x00, 0x00, 0x00, 0x00, 0x00, 0x00, 0x00, 0x00, 0x00,
  0x00, 0x00, 0x00, 0x00, 0x00, 0x00, 0x00, 0x00, 0x00, 0x00, 0x00, 0x00,
  0x00, 0x00, 0x00, 0x00, 0x00, 0x00, 0x00, 0x00, 0x00, 0x00, 0x00, 0x00,
  0x00, 0x00, 0x00, 0x00, 0x00, 0x00, 0x00, 0x00, 0x00, 0x00, 0x00, 0x00,
  0x00, 0x00, 0x00, 0x00, 0x00, 0x00, 0x00, 0x00, 0x00, 0x00, 0x00, 0x00,
  0x00, 0x00, 0x00, 0x00, 0x00, 0x00, 0x00, 0x00, 0x00, 0x00, 0x00, 0x00,
  0x00, 0x00, 0x00, 0x00, 0x00, 0x00, 0x00, 0x00, 0x00, 0x00, 0x00, 0x00,
  0x00, 0x00, 0x00, 0x00, 0x00, 0x00, 0x00, 0x00, 0x00, 0x00, 0x00, 0x00,
  0x00, 0x00, 0x00, 0x00, 0x00, 0x00, 0x00, 0x00, 0x00, 0x00, 0x00, 0x00,
  0x00, 0x00, 0x00, 0x00, 0x00, 0x00, 0x00, 0x00, 0x00, 0x00, 0x00, 0x00,
  0x00, 0x00, 0x00, 0x00, 0x00, 0x00, 0x00, 0x00, 0x00, 0x00, 0x00, 0x00,
  0x00, 0x00, 0x00, 0x00, 0x00, 0x00, 0x00, 0x00, 0x00, 0x00, 0x00, 0x00,
  0x00, 0x00, 0x00, 0x00, 0x00, 0x00, 0x00, 0x00, 0x00, 0x00, 0x00, 0x00,
  0x00, 0x00, 0x00, 0x00, 0x00, 0x00, 0x00, 0x00, 0x00, 0x00, 0x00, 0x00,
  0x00, 0x00, 0x00, 0x00, 0x00, 0x00, 0x00, 0x00, 0x00, 0x00, 0x00, 0x00,
  0x00, 0x00, 0x00, 0x00, 0x00, 0x00, 0x00, 0x00, 0x00, 0x00, 0x00, 0x00,
  0x00, 0x00, 0x00, 0x00, 0x00, 0x00, 0x00, 0x00, 0x00, 0x00, 0x00, 0x00,
  0x00, 0x00, 0x00, 0x00, 0x00, 0x00, 0x00, 0x00, 0x00, 0x00, 0x00, 0x00,
  0x00, 0x00, 0x00, 0x00, 0x00, 0x00, 0x00, 0x00, 0x00, 0x00, 0x00, 0x00,
  0x00, 0x00, 0x00, 0x00, 0x00, 0x00, 0x00, 0x00, 0x00, 0x00, 0x00, 0x00,
  0x00, 0x00, 0x00, 0x00, 0x00, 0x00, 0x00, 0x00, 0x00, 0x00, 0x00, 0x00,
  0x00, 0x00, 0x00, 0x00, 0x00, 0x00, 0x00, 0x00, 0x00, 0x00, 0x00, 0x00,
  0x00, 0x00, 0x00, 0x00, 0x00, 0x00, 0x00, 0x00, 0x00, 0x00, 0x00, 0x00,
  0x00, 0x00, 0x00, 0x00, 0x00, 0x00, 0x00, 0x00, 0x00, 0x00, 0x00, 0x00,
  0x00, 0x00, 0x00, 0x00, 0x00, 0x00, 0x00, 0x00, 0x00, 0x00, 0x00, 0x00,
  0x00, 0x00, 0x00, 0x00, 0x00, 0x00, 0x00, 0x00, 0x00, 0x00, 0x00, 0x00,
  0x00, 0x00, 0x00, 0x00, 0x00, 0x00, 0x00, 0x00, 0x00, 0x00, 0x00, 0x00,
  0x00, 0x00, 0x00, 0x00, 0x00, 0x00, 0x00, 0x00, 0x00, 0x00, 0x00, 0x00,
  0x00, 0x00, 0x00, 0x00, 0x00, 0x00, 0x00, 0x00, 0x00, 0x00, 0x00, 0x00,
  0x00, 0x00, 0x00, 0x00, 0x00, 0x00, 0x00, 0x00, 0x00, 0x00, 0x00, 0x00,
  0x00, 0x00, 0x00, 0x00, 0x00, 0x00, 0x00, 0x00, 0x00, 0x00, 0x00, 0x00,
  0x00, 0x00, 0x00, 0x00, 0x00, 0x00, 0x00, 0x00, 0x00, 0x00, 0x00, 0x00,
  0x00, 0x00, 0x00, 0x00, 0x00, 0x00, 0x00, 0x00, 0x00, 0x00, 0x00, 0x00,
  0x00, 0x00, 0x00, 0x00, 0x00, 0x00, 0x00, 0x00, 0x00, 0x00, 0x00, 0x00,
  0x00, 0x00, 0x00, 0x00, 0x00, 0x00, 0x00, 0x00, 0x00, 0x00, 0x00, 0x00,
  0x00, 0x00, 0x00, 0x00, 0x00, 0x00, 0x00, 0x00, 0x00, 0x00, 0x00, 0x00,
  0x00, 0x00, 0x00, 0x00, 0x00, 0x00, 0x00, 0x00, 0x00, 0x00, 0x00, 0x00,
  0x00, 0x00, 0x00, 0x00, 0x00, 0x00, 0x00, 0x00, 0x00, 0x00, 0x00, 0x00,
  0x00, 0x00, 0x00, 0x00, 0x00, 0x00, 0x00, 0x00, 0x00, 0x00, 0x00, 0x00,
  0x00, 0x00, 0x00, 0x00, 0x00, 0x00, 0x00, 0x00, 0x00, 0x00, 0x00, 0x00,
  0x00, 0x00, 0x00, 0x00, 0x00, 0x00, 0x00, 0x00, 0x00, 0x00, 0x00, 0x00,
  0x00, 0x00, 0x00, 0x00, 0x00, 0x00, 0x00, 0x00, 0x00, 0x00, 0x00, 0x00,
  0x00, 0x00, 0x00, 0x00, 0x00, 0x00, 0x00, 0x00, 0x00, 0x00, 0x00, 0x00,
  0x00, 0x00, 0x00, 0x00, 0x00, 0x00, 0x00, 0x00, 0x00, 0x00, 0x00, 0x00,
  0x00, 0x00, 0x00, 0x00, 0x00, 0x00, 0x00, 0x00, 0x00, 0x00, 0x00, 0x00,
  0x00, 0x00, 0x00, 0x00, 0x00, 0x00, 0x00, 0x00, 0x00, 0x00, 0x00, 0x00,
  0x00, 0x00, 0x00, 0x00, 0x00, 0x00, 0x00, 0x00, 0x00, 0x00, 0x00, 0x00,
  0x00, 0x00, 0x00, 0x00, 0x00, 0x00, 0x00, 0x00, 0x00, 0x00, 0x00, 0x00,
  0x00, 0x00, 0x00, 0x00, 0x00, 0x00, 0x00, 0x00, 0x00, 0x00, 0x00, 0x00,
  0x00, 0x00, 0x00, 0x00, 0x00, 0x00, 0x00, 0x00, 0x00, 0x00, 0x00, 0x00,
  0x00, 0x00, 0x00, 0x00, 0x00, 0x00, 0x00, 0x00, 0x00, 0x00, 0x00, 0x00,
  0x00, 0x00, 0x00, 0x00, 0x00, 0x00, 0x00, 0x00, 0x00, 0x00, 0x00, 0x00,
  0x00, 0x00, 0x00, 0x00, 0x00, 0x00, 0x00, 0x00, 0x00, 0x00, 0x00, 0x00,
  0x00, 0x00, 0x00, 0x00, 0x00, 0x00, 0x00, 0x00, 0x00, 0x00, 0x00, 0x00,
  0x00, 0x00, 0x00, 0x00, 0x00, 0x00, 0x00, 0x00, 0x00, 0x00, 0x00, 0x00,
  0x00, 0x00, 0x00, 0x00, 0x00, 0x00, 0x00, 0x00, 0x00, 0x00, 0x00, 0x00,
  0x00, 0x00, 0x00, 0x00, 0x00, 0x00, 0x00, 0x00, 0x00, 0x00, 0x00, 0x00,
  0x00, 0x00, 0x00, 0x00, 0x00, 0x00, 0x00, 0x00, 0x00, 0x00, 0x00, 0x00,
  0x00, 0x00, 0x00, 0x00, 0x00, 0x00, 0x00, 0x00, 0x00, 0x00, 0x00, 0x00,
  0x00, 0x00, 0x00, 0x00, 0x00, 0x00, 0x00, 0x00, 0x00, 0x00, 0x00, 0x00,
  0x00, 0x00, 0x00, 0x00, 0x00, 0x00, 0x00, 0x00, 0x00, 0x00, 0x00, 0x00,
  0x00, 0x00, 0x00, 0x00, 0x00, 0x00, 0x00, 0x00, 0x00, 0x00, 0x00, 0x00,
  0x00, 0x00, 0x00, 0x00, 0x00, 0x00, 0x00, 0x00, 0x00, 0x00, 0x00, 0x00,
  0x00, 0x00, 0x00, 0x00, 0x00, 0x00, 0x00, 0x00, 0x00, 0x00, 0x00, 0x00,
  0x00, 0x00, 0x00, 0x00, 0x00, 0x00, 0x00, 0x00, 0x00, 0x00, 0x00, 0x00,
  0x00, 0x00, 0x00, 0x00, 0x00, 0x00, 0x00, 0x00, 0x00, 0x00, 0x00, 0x00,
  0x00, 0x00, 0x00, 0x00, 0x00, 0x00, 0x00, 0x00, 0x00, 0x00, 0x00, 0x00,
  0x00, 0x00, 0x00, 0x00, 0x00, 0x00, 0x00, 0x00, 0x00, 0x00, 0x00, 0x00,
  0x00, 0x00, 0x00, 0x00, 0x00, 0x00, 0x00, 0x00, 0x00, 0x00, 0x00, 0x00,
  0x00, 0x00, 0x00, 0x00, 0x00, 0x00, 0x00, 0x00, 0x00, 0x00, 0x00, 0x00,
  0x00, 0x00, 0x00, 0x00, 0x00, 0x00, 0x00, 0x00, 0x00, 0x00, 0x00, 0x00,
  0x00, 0x00, 0x00, 0x00, 0x00, 0x00, 0x00, 0x00, 0x00, 0x00, 0x00, 0x00,
  0x00, 0x00, 0x00, 0x00, 0x00, 0x00, 0x00, 0x00, 0x00, 0x00, 0x00, 0x00,
  0x00, 0x00, 0x00, 0x00, 0x00, 0x00, 0x00, 0x00, 0x00, 0x00, 0x00, 0x00,
  0x00, 0x00, 0x00, 0x00, 0x00, 0x00, 0x00, 0x00, 0x00, 0x00, 0x00, 0x00,
  0x00, 0x00, 0x00, 0x00, 0x00, 0x00, 0x00, 0x00, 0x00, 0x00, 0x00, 0x00,
  0x00, 0x00, 0x00, 0x00, 0x00, 0x00, 0x00, 0x00, 0x00, 0x00, 0x00, 0x00,
  0x00, 0x00, 0x00, 0x00, 0x00, 0x00, 0x00, 0x00, 0x00, 0x00, 0x00, 0x00,
  0x00, 0x00, 0x00, 0x00, 0x00, 0x00, 0x00, 0x00, 0x00, 0x00, 0x00, 0x00,
  0x00, 0x00, 0x00, 0x00, 0x00, 0x00, 0x00, 0x00, 0x00, 0x00, 0x00, 0x00,
  0x00, 0x00, 0x00, 0x00, 0x00, 0x00, 0x00, 0x00, 0x00, 0x00, 0x00, 0x00,
  0x00, 0x00, 0x00, 0x00, 0x00, 0x00, 0x00, 0x00, 0x00, 0x00, 0x00, 0x00,
  0x00, 0x00, 0x00, 0x00, 0x00, 0x00, 0x00, 0x00, 0x00, 0x00, 0x00, 0x00,
  0x00, 0x00, 0x00, 0x00, 0x00, 0x00, 0x00, 0x00, 0x00, 0x00, 0x00, 0x00,
  0x00, 0x00, 0x00, 0x00, 0x00, 0x00, 0x00, 0x00, 0x00, 0x00, 0x00, 0x00,
  0x00, 0x00, 0x00, 0x00, 0x00, 0x00, 0x00, 0x00, 0x00, 0x00, 0x00, 0x00,
  0x00, 0x00, 0x00, 0x00, 0x00, 0x00, 0x00, 0x00, 0x00, 0x00, 0x00, 0x00,
  0x00, 0x00, 0x00, 0x00, 0x00, 0x00, 0x00, 0x00, 0x00, 0x00, 0x00, 0x00,
  0x00, 0x00, 0x00, 0x00, 0x00, 0x00, 0x00, 0x00, 0x00, 0x00, 0x00, 0x00,
  0x00, 0x00, 0x00, 0x00, 0x00, 0x00, 0x00, 0x00, 0x00, 0x00, 0x00, 0x00,
  0x00, 0x00, 0x00, 0x00, 0x00, 0x00, 0x00, 0x00, 0x00, 0x00, 0x00, 0x00,
  0x00, 0x00, 0x00, 0x00, 0x00, 0x00, 0x00, 0x00, 0x00, 0x00, 0x00, 0x00,
  0x00, 0x00, 0x00, 0x00, 0x00, 0x00, 0x00, 0x00, 0x00, 0x00, 0x00, 0x00,
  0x00, 0x00, 0x00, 0x00, 0x00, 0x00, 0x00, 0x00, 0x00, 0x00, 0x00, 0x00,
  0x00, 0x00, 0x00, 0x00, 0x00, 0x00, 0x00, 0x00, 0x00, 0x00, 0x00, 0x00,
  0x00, 0x00, 0x00, 0x00, 0x00, 0x00, 0x00, 0x00, 0x00, 0x00, 0x00, 0x00,
  0x00, 0x00, 0x00, 0x00, 0x00, 0x00, 0x00, 0x00, 0x00, 0x00, 0x00, 0x00,
  0x00, 0x00, 0x00, 0x00, 0x00, 0x00, 0x00, 0x00, 0x00, 0x00, 0x00, 0x00,
  0x00, 0x00, 0x00, 0x00, 0x00, 0x00, 0x00, 0x00, 0x00, 0x00, 0x00, 0x00,
  0x00, 0x00, 0x00, 0x00, 0x00, 0x00, 0x00, 0x00, 0x00, 0x00, 0x00, 0x00,
  0x00, 0x00, 0x00, 0x00, 0x00, 0x00, 0x00, 0x00, 0x00, 0x00, 0x00, 0x00,
  0x00, 0x00, 0x00, 0x00, 0x00, 0x00, 0x00, 0x00, 0x60, 0xd2, 0xff, 0xff,
  0x78, 0xd2, 0xff, 0xff, 0x00, 0xd4, 0xff, 0xff, 0x88, 0xd4, 0xff, 0xff,
  0x60, 0xd2, 0xff, 0xff, 0xb0, 0xd4, 0xff, 0xff, 0x50, 0xd5, 0xff, 0xff,
  0xd8, 0xd1, 0xff, 0xff, 0x01, 0x1b, 0x03, 0x3b, 0x94, 0x00, 0x00, 0x00,
  0x11, 0x00, 0x00, 0x00, 0xe0, 0xcf, 0xff, 0xff, 0xec, 0x01, 0x00, 0x00,
  0x10, 0xd1, 0xff, 0xff, 0xb0, 0x00, 0x00, 0x00, 0x70, 0xd1, 0xff, 0xff,
  0xc4, 0x00, 0x00, 0x00, 0x00, 0xd6, 0xff, 0xff, 0x0c, 0x01, 0x00, 0x00,
  0xc0, 0xdc, 0xff, 0xff, 0x58, 0x01, 0x00, 0x00, 0xf0, 0xdc, 0xff, 0xff,
  0x70, 0x01, 0x00, 0x00, 0xa0, 0xdd, 0xff, 0xff, 0x9c, 0x01, 0x00, 0x00,
  0x20, 0xde, 0xff, 0xff, 0xb0, 0x01, 0x00, 0x00, 0x30, 0xe6, 0xff, 0xff,
  0x20, 0x02, 0x00, 0x00, 0x40, 0xe6, 0xff, 0xff, 0x34, 0x02, 0x00, 0x00,
  0xa0, 0xe6, 0xff, 0xff, 0x48, 0x02, 0x00, 0x00, 0x90, 0xe8, 0xff, 0xff,
  0xb8, 0x02, 0x00, 0x00, 0x80, 0xea, 0xff, 0xff, 0x28, 0x03, 0x00, 0x00,
  0x80, 0xeb, 0xff, 0xff, 0x64, 0x03, 0x00, 0x00, 0x10, 0xed, 0xff, 0xff,
  0xb0, 0x03, 0x00, 0x00, 0xf0, 0xed, 0xff, 0xff, 0xf4, 0x03, 0x00, 0x00,
  0xa0, 0xf1, 0xff, 0xff, 0x44, 0x04, 0x00, 0x00, 0x00, 0x00, 0x00, 0x00,
  0x14, 0x00, 0x00, 0x00, 0x00, 0x00, 0x00, 0x00, 0x01, 0x7a, 0x52, 0x00,
  0x01, 0x78, 0x10, 0x01, 0x1b, 0x0c, 0x07, 0x08, 0x90, 0x01, 0x00, 0x00,
  0x10, 0x00, 0x00, 0x00, 0x1c, 0x00, 0x00, 0x00, 0x58, 0xd0, 0xff, 0xff,
  0x55, 0x00, 0x00, 0x00, 0x00, 0x00, 0x00, 0x00, 0x44, 0x00, 0x00, 0x00,
  0x30, 0x00, 0x00, 0x00, 0xa4, 0xd0, 0xff, 0xff, 0x82, 0x04, 0x00, 0x00,
  0x00, 0x46, 0x0e, 0x10, 0x8c, 0x02, 0x41, 0x0e, 0x18, 0x86, 0x03, 0x44,
  0x0e, 0x20, 0x83, 0x04, 0x47, 0x0e, 0xb0, 0x01, 0x02, 0xca, 0x0a, 0x0e,
  0x20, 0x41, 0x0e, 0x18, 0x41, 0x0e, 0x10, 0x42, 0x0e, 0x08, 0x48, 0x0b,
  0x03, 0x50, 0x03, 0x0a, 0x0e, 0x20, 0x43, 0x0e, 0x18, 0x41, 0x0e, 0x10,
  0x42, 0x0e, 0x08, 0x42, 0x0b, 0x00, 0x00, 0x00, 0x48, 0x00, 0x00, 0x00,
  0x78, 0x00, 0x00, 0x00, 0xec, 0xd4, 0xff, 0xff, 0xba, 0x06, 0x00, 0x00,
  0x00, 0x46, 0x0e, 0x10, 0x8f, 0x02, 0x42, 0x0e, 0x18, 0x8e, 0x03, 0x42,
  0x0e, 0x20, 0x8d, 0x04, 0x42, 0x0e, 0x28, 0x8c, 0x05, 0x41, 0x0e, 0x30,
  0x86, 0x06, 0x44, 0x0e, 0x38, 0x83, 0x07, 0x47, 0x0e, 0xb0, 0x02, 0x63,
  0x0a, 0x0e, 0x38, 0x41, 0x0e, 0x30, 0x41, 0x0e, 0x28, 0x42, 0x0e, 0x20,
  0x42, 0x0e, 0x18, 0x42, 0x0e, 0x10, 0x42, 0x0e, 0x08, 0x4b, 0x0b, 0x00,
  0x14, 0x00, 0x00, 0x00, 0xc4, 0x00, 0x00, 0x00, 0x60, 0xdb, 0xff, 0xff,
  0x26, 0x00, 0x00, 0x00, 0x00, 0x00, 0x00, 0x00, 0x00, 0x00, 0x00, 0x00,
  0x28, 0x00, 0x00, 0x00, 0xdc, 0x00, 0x00, 0x00, 0x78, 0xdb, 0xff, 0xff,
  0xad, 0x00, 0x00, 0x00, 0x00, 0x41, 0x0e, 0x10, 0x86, 0x02, 0x4d, 0x0e,
  0x18, 0x83, 0x03, 0x4a, 0x0e, 0xc0, 0x02, 0x02, 0x69, 0x0a, 0x0e, 0x18,
  0x41, 0x0e, 0x10, 0x41, 0x0e, 0x08, 0x45, 0x0b, 0x10, 0x00, 0x00, 0x00,
  0x08, 0x01, 0x00, 0x00, 0xfc, 0xdb, 0xff, 0xff, 0x75, 0x00, 0x00, 0x00,
  0x00, 0x00, 0x00, 0x00, 0x38, 0x00, 0x00, 0x00, 0x1c, 0x01, 0x00, 0x00,
  0x68, 0xdc, 0xff, 0xff, 0x07, 0x08, 0x00, 0x00, 0x00, 0x45, 0x0e, 0x10,
  0x86, 0x02, 0x41, 0x0e, 0x18, 0x83, 0x03, 0x47, 0x0e, 0x50, 0x02, 0xa7,
  0x0a, 0x0e, 0x18, 0x41, 0x0e, 0x10, 0x41, 0x0e, 0x08, 0x41, 0x0b, 0x03,
  0x36, 0x03, 0x0a, 0x0e, 0x18, 0x46, 0x0e, 0x10, 0x41, 0x0e, 0x08, 0x45,
  0x0b, 0x00, 0x00, 0x00, 0x30, 0x00, 0x00, 0x00, 0x58, 0x01, 0x00, 0x00,
  0xec, 0xcd, 0xff, 0xff, 0x8f, 0x00, 0x00, 0x00, 0x00, 0x46, 0x0e, 0x10,
  0x8c, 0x02, 0x46, 0x0e, 0x18, 0x86, 0x03, 0x44, 0x0e, 0x20, 0x83, 0x04,
  0x47, 0x0e, 0xe0, 0x02, 0x02, 0x73, 0x0e, 0x20, 0x41, 0x0e, 0x18, 0x41,
  0x0e, 0x10, 0x42, 0x0e, 0x08, 0x00, 0x00, 0x00, 0x10, 0x00, 0x00, 0x00,
  0x8c, 0x01, 0x00, 0x00, 0x08, 0xe4, 0xff, 0xff, 0x10, 0x00, 0x00, 0x00,
  0x00, 0x00, 0x00, 0x00, 0x10, 0x00, 0x00, 0x00, 0xa0, 0x01, 0x00, 0x00,
  0x04, 0xe4, 0xff, 0xff, 0x60, 0x00, 0x00, 0x00, 0x00, 0x00, 0x00, 0x00,
  0x6c, 0x00, 0x00, 0x00, 0xb4, 0x01, 0x00, 0x00, 0x50, 0xe4, 0xff, 0xff,
  0xef, 0x01, 0x00, 0x00, 0x00, 0x4f, 0x0e, 0x10, 0x8f, 0x02, 0x4c, 0x0e,
  0x18, 0x8e, 0x03, 0x4c, 0x0e, 0x20, 0x8d, 0x04, 0x45, 0x0e, 0x28, 0x8c,
  0x05, 0x44, 0x0e, 0x30, 0x86, 0x06, 0x41, 0x0e, 0x38, 0x83, 0x07, 0x47,
  0x0e, 0x40, 0x03, 0x13, 0x01, 0x0a, 0x0e, 0x38, 0x43, 0x0e, 0x30, 0x41,
  0x0e, 0x28, 0x42, 0x0e, 0x20, 0x42, 0x0e, 0x18, 0x42, 0x0e, 0x10, 0x42,
  0x0e, 0x08, 0x49, 0x0b, 0x5d, 0x0a, 0x0e, 0x38, 0x46, 0x0e, 0x30, 0x41,
  0x0e, 0x28, 0x42, 0x0e, 0x20, 0x42, 0x0e, 0x18, 0x42, 0x0e, 0x10, 0x42,
  0x0e, 0x08, 0x44, 0x0b, 0x02, 0x5c, 0x0e, 0x08, 0xc3, 0xc6, 0xcc, 0xcd,
  0xce, 0xcf, 0x00, 0x00, 0x6c, 0x00, 0x00, 0x00, 0x24, 0x02, 0x00, 0x00,
  0xd0, 0xe5, 0xff, 0xff, 0xef, 0x01, 0x00, 0x00, 0x00, 0x4f, 0x0e, 0x10,
  0x8f, 0x02, 0x4c, 0x0e, 0x18, 0x8e, 0x03, 0x4c, 0x0e, 0x20, 0x8d, 0x04,
  0x45, 0x0e, 0x28, 0x8c, 0x05, 0x44, 0x0e, 0x30, 0x86, 0x06, 0x41, 0x0e,
  0x38, 0x83, 0x07, 0x47, 0x0e, 0x40, 0x03, 0x13, 0x01, 0x0a, 0x0e, 0x38,
  0x43, 0x0e, 0x30, 0x41, 0x0e, 0x28, 0x42, 0x0e, 0x20, 0x42, 0x0e, 0x18,
  0x42, 0x0e, 0x10, 0x42, 0x0e, 0x08, 0x49, 0x0b, 0x5d, 0x0a, 0x0e, 0x38,
  0x46, 0x0e, 0x30, 0x41, 0x0e, 0x28, 0x42, 0x0e, 0x20, 0x42, 0x0e, 0x18,
  0x42, 0x0e, 0x10, 0x42, 0x0e, 0x08, 0x44, 0x0b, 0x02, 0x5c, 0x0e, 0x08,
  0xc3, 0xc6, 0xcc, 0xcd, 0xce, 0xcf, 0x00, 0x00, 0x38, 0x00, 0x00, 0x00,
  0x94, 0x02, 0x00, 0x00, 0x50, 0xe7, 0xff, 0xff, 0xf3, 0x00, 0x00, 0x00,
  0x00, 0x46, 0x0e, 0x10, 0x8d, 0x02, 0x4e, 0x0e, 0x18, 0x8c, 0x03, 0x41,
  0x0e, 0x20, 0x86, 0x04, 0x41, 0x0e, 0x28, 0x83, 0x05, 0x4a, 0x0e, 0xf0,
  0x02, 0x02, 0xcc, 0x0e, 0x28, 0x41, 0x0e, 0x20, 0x41, 0x0e, 0x18, 0x42,
  0x0e, 0x10, 0x42, 0x0e, 0x08, 0x00, 0x00, 0x00, 0x48, 0x00, 0x00, 0x00,
  0xd0, 0x02, 0x00, 0x00, 0x14, 0xe8, 0xff, 0xff, 0x87, 0x01, 0x00, 0x00,
  0x00, 0x46, 0x0e, 0x10, 0x8f, 0x02, 0x53, 0x0e, 0x18, 0x8e, 0x03, 0x42,
  0x0e, 0x20, 0x8d, 0x04, 0x42, 0x0e, 0x28, 0x8c, 0x05, 0x41, 0x0e, 0x30,
  0x86, 0x06, 0x41, 0x0e, 0x38, 0x83, 0x07, 0x4a, 0x0e, 0x80, 0x03, 0x03,
  0x53, 0x01, 0x0e, 0x38, 0x41, 0x0e, 0x30, 0x41, 0x0e, 0x28, 0x42, 0x0e,
  0x20, 0x42, 0x0e, 0x18, 0x42, 0x0e, 0x10, 0x42, 0x0e, 0x08, 0x00, 0x00,
  0x40, 0x00, 0x00, 0x00, 0x1c, 0x03, 0x00, 0x00, 0x58, 0xe9, 0xff, 0xff,
  0xd5, 0x00, 0x00, 0x00, 0x00, 0x46, 0x0e, 0x10, 0x8e, 0x02, 0x4b, 0x0e,
  0x18, 0x8d, 0x03, 0x42, 0x0e, 0x20, 0x8c, 0x04, 0x41, 0x0e, 0x28, 0x86,
  0x05, 0x44, 0x0e, 0x30, 0x83, 0x06, 0x47, 0x0e, 0xf0, 0x02, 0x02, 0xab,
  0x0e, 0x30, 0x43, 0x0e, 0x28, 0x41, 0x0e, 0x20, 0x42, 0x0e, 0x18, 0x42,
  0x0e, 0x10, 0x42, 0x0e, 0x08, 0x00, 0x00, 0x00, 0x4c, 0x00, 0x00, 0x00,
  0x60, 0x03, 0x00, 0x00, 0xf4, 0xe9, 0xff, 0xff, 0xaa, 0x03, 0x00, 0x00,
  0x00, 0x46, 0x0e, 0x10, 0x8f, 0x02, 0x49, 0x0e, 0x18, 0x8e, 0x03, 0x42,
  0x0e, 0x20, 0x8d, 0x04, 0x45, 0x0e, 0x28, 0x8c, 0x05, 0x41, 0x0e, 0x30,
  0x86, 0x06, 0x44, 0x0e, 0x38, 0x83, 0x07, 0x47, 0x0e, 0xe0, 0x03, 0x03,
  0x37, 0x03, 0x0a, 0x0e, 0x38, 0x41, 0x0e, 0x30, 0x41, 0x0e, 0x28, 0x42,
  0x0e, 0x20, 0x42, 0x0e, 0x18, 0x42, 0x0e, 0x10, 0x42, 0x0e, 0x08, 0x45,
  0x0b, 0x00, 0x00, 0x00, 0x1c, 0x00, 0x00, 0x00, 0xb0, 0x03, 0x00, 0x00,
  0x54, 0xed, 0xff, 0xff, 0x50, 0x00, 0x00, 0x00, 0x00, 0x51, 0x0e, 0x10,
  0x83, 0x02, 0x4c, 0x0e, 0x70, 0x71, 0x0e, 0x10, 0x41, 0x0e, 0x08, 0x00,
  0x00, 0x00, 0x00, 0x00, 0x00, 0x00, 0x00, 0x00, 0x00, 0x00, 0x00, 0x00,
  0x00, 0x00, 0x00, 0x00, 0x00, 0x00, 0x00, 0x00, 0x00, 0x00, 0x00, 0x00,
  0x00, 0x00, 0x00, 0x00, 0x00, 0x00, 0x00, 0x00, 0x00, 0x00, 0x00, 0x00,
  0x00, 0x00, 0x00, 0x00, 0x00, 0x00, 0x00, 0x00, 0x00, 0x00, 0x00, 0x00,
  0x00, 0x00, 0x00, 0x00, 0x00, 0x00, 0x00, 0x00, 0x00, 0x00, 0x00, 0x00,
  0x00, 0x00, 0x00, 0x00, 0x00, 0x00, 0x00, 0x00, 0x00, 0x00, 0x00, 0x00,
  0x00, 0x00, 0x00, 0x00, 0x00, 0x00, 0x00, 0x00, 0x00, 0x00, 0x00, 0x00,
  0x00, 0x00, 0x00, 0x00, 0x00, 0x00, 0x00, 0x00, 0x00, 0x00, 0x00, 0x00,
  0x00, 0x00, 0x00, 0x00, 0x00, 0x00, 0x00, 0x00, 0x00, 0x00, 0x00, 0x00,
  0x00, 0x00, 0x00, 0x00, 0x00, 0x00, 0x00, 0x00, 0x00, 0x00, 0x00, 0x00,
  0x00, 0x00, 0x00, 0x00, 0x00, 0x00, 0x00, 0x00, 0x00, 0x00, 0x00, 0x00,
  0x00, 0x00, 0x00, 0x00, 0x00, 0x00, 0x00, 0x00, 0x00, 0x00, 0x00, 0x00,
  0x00, 0x00, 0x00, 0x00, 0x00, 0x00, 0x00, 0x00, 0x00, 0x00, 0x00, 0x00,
  0x00, 0x00, 0x00, 0x00, 0x00, 0x00, 0x00, 0x00, 0x00, 0x00, 0x00, 0x00,
  0x00, 0x00, 0x00, 0x00, 0x00, 0x00, 0x00, 0x00, 0x00, 0x00, 0x00, 0x00,
  0x00, 0x00, 0x00, 0x00, 0x00, 0x00, 0x00, 0x00, 0x00, 0x00, 0x00, 0x00,
  0x00, 0x00, 0x00, 0x00, 0x00, 0x00, 0x00, 0x00, 0x00, 0x00, 0x00, 0x00,
  0x00, 0x00, 0x00, 0x00, 0x00, 0x00, 0x00, 0x00, 0x00, 0x00, 0x00, 0x00,
  0x00, 0x00, 0x00, 0x00, 0x00, 0x00, 0x00, 0x00, 0x00, 0x00, 0x00, 0x00,
  0x00, 0x00, 0x00, 0x00, 0x00, 0x00, 0x00, 0x00, 0x00, 0x00, 0x00, 0x00,
  0x00, 0x00, 0x00, 0x00, 0x00, 0x00, 0x00, 0x00, 0x00, 0x00, 0x00, 0x00,
  0x00, 0x00, 0x00, 0x00, 0x00, 0x00, 0x00, 0x00, 0x00, 0x00, 0x00, 0x00,
  0x00, 0x00, 0x00, 0x00, 0x00, 0x00, 0x00, 0x00, 0x00, 0x00, 0x00, 0x00,
  0x00, 0x00, 0x00, 0x00, 0x00, 0x00, 0x00, 0x00, 0x00, 0x00, 0x00, 0x00,
  0x00, 0x00, 0x00, 0x00, 0x00, 0x00, 0x00, 0x00, 0x00, 0x00, 0x00, 0x00,
  0x00, 0x00, 0x00, 0x00, 0x00, 0x00, 0x00, 0x00, 0x00, 0x00, 0x00, 0x00,
  0x00, 0x00, 0x00, 0x00, 0x00, 0x00, 0x00, 0x00, 0x00, 0x00, 0x00, 0x00,
  0x00, 0x00, 0x00, 0x00, 0x00, 0x00, 0x00, 0x00, 0x00, 0x00, 0x00, 0x00,
  0x00, 0x00, 0x00, 0x00, 0x00, 0x00, 0x00, 0x00, 0x00, 0x00, 0x00, 0x00,
  0x00, 0x00, 0x00, 0x00, 0x00, 0x00, 0x00, 0x00, 0x00, 0x00, 0x00, 0x00,
  0x00, 0x00, 0x00, 0x00, 0x00, 0x00, 0x00, 0x00, 0x00, 0x00, 0x00, 0x00,
  0x00, 0x00, 0x00, 0x00, 0x00, 0x00, 0x00, 0x00, 0x00, 0x00, 0x00, 0x00,
  0x00, 0x00, 0x00, 0x00, 0x00, 0x00, 0x00, 0x00, 0x00, 0x00, 0x00, 0x00,
  0x00, 0x00, 0x00, 0x00, 0x00, 0x00, 0x00, 0x00, 0x00, 0x00, 0x00, 0x00,
  0x00, 0x00, 0x00, 0x00, 0x00, 0x00, 0x00, 0x00, 0x00, 0x00, 0x00, 0x00,
  0x00, 0x00, 0x00, 0x00, 0x00, 0x00, 0x00, 0x00, 0x00, 0x00, 0x00, 0x00,
  0x00, 0x00, 0x00, 0x00, 0x00, 0x00, 0x00, 0x00, 0x00, 0x00, 0x00, 0x00,
  0x00, 0x00, 0x00, 0x00, 0x00, 0x00, 0x00, 0x00, 0x00, 0x00, 0x00, 0x00,
  0x00, 0x00, 0x00, 0x00, 0x00, 0x00, 0x00, 0x00, 0x00, 0x00, 0x00, 0x00,
  0x00, 0x00, 0x00, 0x00, 0x00, 0x00, 0x00, 0x00, 0x00, 0x00, 0x00, 0x00,
  0x00, 0x00, 0x00, 0x00, 0x00, 0x00, 0x00, 0x00, 0x00, 0x00, 0x00, 0x00,
  0x00, 0x00, 0x00, 0x00, 0x00, 0x00, 0x00, 0x00, 0x00, 0x00, 0x00, 0x00,
  0x00, 0x00, 0x00, 0x00, 0x00, 0x00, 0x00, 0x00, 0x00, 0x00, 0x00, 0x00,
  0x00, 0x00, 0x00, 0x00, 0x00, 0x00, 0x00, 0x00, 0x00, 0x00, 0x00, 0x00,
  0x00, 0x00, 0x00, 0x00, 0x00, 0x00, 0x00, 0x00, 0x00, 0x00, 0x00, 0x00,
  0x00, 0x00, 0x00, 0x00, 0x00, 0x00, 0x00, 0x00, 0x00, 0x00, 0x00, 0x00,
  0x00, 0x00, 0x00, 0x00, 0x00, 0x00, 0x00, 0x00, 0x00, 0x00, 0x00, 0x00,
  0x00, 0x00, 0x00, 0x00, 0x00, 0x00, 0x00, 0x00, 0x00, 0x00, 0x00, 0x00,
  0x00, 0x00, 0x00, 0x00, 0x00, 0x00, 0x00, 0x00, 0x00, 0x00, 0x00, 0x00,
  0x00, 0x00, 0x00, 0x00, 0x00, 0x00, 0x00, 0x00, 0x00, 0x00, 0x00, 0x00,
  0x00, 0x00, 0x00, 0x00, 0x00, 0x00, 0x00, 0x00, 0x00, 0x00, 0x00, 0x00,
  0x00, 0x00, 0x00, 0x00, 0x00, 0x00, 0x00, 0x00, 0x00, 0x00, 0x00, 0x00,
  0x00, 0x00, 0x00, 0x00, 0x00, 0x00, 0x00, 0x00, 0x00, 0x00, 0x00, 0x00,
  0x00, 0x00, 0x00, 0x00, 0x00, 0x00, 0x00, 0x00, 0x00, 0x00, 0x00, 0x00,
  0x00, 0x00, 0x00, 0x00, 0x00, 0x00, 0x00, 0x00, 0x00, 0x00, 0x00, 0x00,
  0x00, 0x00, 0x00, 0x00, 0x00, 0x00, 0x00, 0x00, 0x00, 0x00, 0x00, 0x00,
  0x00, 0x00, 0x00, 0x00, 0x00, 0x00, 0x00, 0x00, 0x00, 0x00, 0x00, 0x00,
  0x00, 0x00, 0x00, 0x00, 0x00, 0x00, 0x00, 0x00, 0x00, 0x00, 0x00, 0x00,
  0x00, 0x00, 0x00, 0x00, 0x00, 0x00, 0x00, 0x00, 0x00, 0x00, 0x00, 0x00,
  0x00, 0x00, 0x00, 0x00, 0x00, 0x00, 0x00, 0x00, 0x00, 0x00, 0x00, 0x00,
  0x00, 0x00, 0x00, 0x00, 0x00, 0x00, 0x00, 0x00, 0x00, 0x00, 0x00, 0x00,
  0x00, 0x00, 0x00, 0x00, 0x00, 0x00, 0x00, 0x00, 0x00, 0x00, 0x00, 0x00,
  0x00, 0x00, 0x00, 0x00, 0x00, 0x00, 0x00, 0x00, 0x00, 0x00, 0x00, 0x00,
  0x00, 0x00, 0x00, 0x00, 0x00, 0x00, 0x00, 0x00, 0x00, 0x00, 0x00, 0x00,
  0x00, 0x00, 0x00, 0x00, 0x00, 0x00, 0x00, 0x00, 0x00, 0x00, 0x00, 0x00,
  0x00, 0x00, 0x00, 0x00, 0x00, 0x00, 0x00, 0x00, 0x00, 0x00, 0x00, 0x00,
  0x00, 0x00, 0x00, 0x00, 0x00, 0x00, 0x00, 0x00, 0x00, 0x00, 0x00, 0x00,
  0x00, 0x00, 0x00, 0x00, 0x00, 0x00, 0x00, 0x00, 0x00, 0x00, 0x00, 0x00,
  0x00, 0x00, 0x00, 0x00, 0x00, 0x00, 0x00, 0x00, 0x00, 0x00, 0x00, 0x00,
  0x00, 0x00, 0x00, 0x00, 0x00, 0x00, 0x00, 0x00, 0x00, 0x00, 0x00, 0x00,
  0x00, 0x00, 0x00, 0x00, 0x00, 0x00, 0x00, 0x00, 0x00, 0x00, 0x00, 0x00,
  0x00, 0x00, 0x00, 0x00, 0x00, 0x00, 0x00, 0x00, 0x00, 0x00, 0x00, 0x00,
  0x00, 0x00, 0x00, 0x00, 0x00, 0x00, 0x00, 0x00, 0x00, 0x00, 0x00, 0x00,
  0x00, 0x00, 0x00, 0x00, 0x00, 0x00, 0x00, 0x00, 0x00, 0x00, 0x00, 0x00,
  0x00, 0x00, 0x00, 0x00, 0x00, 0x00, 0x00, 0x00, 0x00, 0x00, 0x00, 0x00,
  0x00, 0x00, 0x00, 0x00, 0x00, 0x00, 0x00, 0x00, 0x00, 0x00, 0x00, 0x00,
  0x00, 0x00, 0x00, 0x00, 0x00, 0x00, 0x00, 0x00, 0x00, 0x00, 0x00, 0x00,
  0x00, 0x00, 0x00, 0x00, 0x00, 0x00, 0x00, 0x00, 0x00, 0x00, 0x00, 0x00,
  0x00, 0x00, 0x00, 0x00, 0x00, 0x00, 0x00, 0x00, 0x00, 0x00, 0x00, 0x00,
  0x00, 0x00, 0x00, 0x00, 0x00, 0x00, 0x00, 0x00, 0x00, 0x00, 0x00, 0x00,
  0x00, 0x00, 0x00, 0x00, 0x00, 0x00, 0x00, 0x00, 0x00, 0x00, 0x00, 0x00,
  0x00, 0x00, 0x00, 0x00, 0x00, 0x00, 0x00, 0x00, 0x00, 0x00, 0x00, 0x00,
  0x00, 0x00, 0x00, 0x00, 0x00, 0x00, 0x00, 0x00, 0x00, 0x00, 0x00, 0x00,
  0x00, 0x00, 0x00, 0x00, 0x00, 0x00, 0x00, 0x00, 0x00, 0x00, 0x00, 0x00,
  0x00, 0x00, 0x00, 0x00, 0x00, 0x00, 0x00, 0x00, 0x00, 0x00, 0x00, 0x00,
  0x00, 0x00, 0x00, 0x00, 0x00, 0x00, 0x00, 0x00, 0x00, 0x00, 0x00, 0x00,
  0x00, 0x00, 0x00, 0x00, 0x00, 0x00, 0x00, 0x00, 0x00, 0x00, 0x00, 0x00,
  0x00, 0x00, 0x00, 0x00, 0x00, 0x00, 0x00, 0x00, 0x00, 0x00, 0x00, 0x00,
  0x00, 0x00, 0x00, 0x00, 0x00, 0x00, 0x00, 0x00, 0x00, 0x00, 0x00, 0x00,
  0x00, 0x00, 0x00, 0x00, 0x00, 0x00, 0x00, 0x00, 0x00, 0x00, 0x00, 0x00,
  0x00, 0x00, 0x00, 0x00, 0x00, 0x00, 0x00, 0x00, 0x00, 0x00, 0x00, 0x00,
  0x00, 0x00, 0x00, 0x00, 0x00, 0x00, 0x00, 0x00, 0x00, 0x00, 0x00, 0x00,
  0x00, 0x00, 0x00, 0x00, 0x00, 0x00, 0x00, 0x00, 0x00, 0x00, 0x00, 0x00,
  0x00, 0x00, 0x00, 0x00, 0x00, 0x00, 0x00, 0x00, 0x00, 0x00, 0x00, 0x00,
  0x00, 0x00, 0x00, 0x00, 0x00, 0x00, 0x00, 0x00, 0x00, 0x00, 0x00, 0x00,
  0x00, 0x00, 0x00, 0x00, 0x00, 0x00, 0x00, 0x00, 0x00, 0x00, 0x00, 0x00,
  0x00, 0x00, 0x00, 0x00, 0x00, 0x00, 0x00, 0x00, 0x00, 0x00, 0x00, 0x00,
  0x00, 0x00, 0x00, 0x00, 0x00, 0x00, 0x00, 0x00, 0x00, 0x00, 0x00, 0x00,
  0x00, 0x00, 0x00, 0x00, 0x00, 0x00, 0x00, 0x00, 0x00, 0x00, 0x00, 0x00,
  0x00, 0x00, 0x00, 0x00, 0x00, 0x00, 0x00, 0x00, 0x00, 0x00, 0x00, 0x00,
  0x00, 0x00, 0x00, 0x00, 0x00, 0x00, 0x00, 0x00, 0x00, 0x00, 0x00, 0x00,
  0x00, 0x00, 0x00, 0x00, 0x00, 0x00, 0x00, 0x00, 0x00, 0x00, 0x00, 0x00,
  0x00, 0x00, 0x00, 0x00, 0x00, 0x00, 0x00, 0x00, 0x00, 0x00, 0x00, 0x00,
  0x00, 0x00, 0x00, 0x00, 0x00, 0x00, 0x00, 0x00, 0x00, 0x00, 0x00, 0x00,
  0x00, 0x00, 0x00, 0x00, 0x00, 0x00, 0x00, 0x00, 0x00, 0x00, 0x00, 0x00,
  0x00, 0x00, 0x00, 0x00, 0x00, 0x00, 0x00, 0x00, 0x00, 0x00, 0x00, 0x00,
  0x00, 0x00, 0x00, 0x00, 0x00, 0x00, 0x00, 0x00, 0x00, 0x00, 0x00, 0x00,
  0x00, 0x00, 0x00, 0x00, 0x00, 0x00, 0x00, 0x00, 0x00, 0x00, 0x00, 0x00,
  0x00, 0x00, 0x00, 0x00, 0x00, 0x00, 0x00, 0x00, 0x00, 0x00, 0x00, 0x00,
  0x00, 0x00, 0x00, 0x00, 0x00, 0x00, 0x00, 0x00, 0x00, 0x00, 0x00, 0x00,
  0x00, 0x00, 0x00, 0x00, 0x00, 0x00, 0x00, 0x00, 0x00, 0x00, 0x00, 0x00,
  0x00, 0x00, 0x00, 0x00, 0x00, 0x00, 0x00, 0x00, 0x00, 0x00, 0x00, 0x00,
  0x00, 0x00, 0x00, 0x00, 0x00, 0x00, 0x00, 0x00, 0x00, 0x00, 0x00, 0x00,
  0x00, 0x00, 0x00, 0x00, 0x00, 0x00, 0x00, 0x00, 0x00, 0x00, 0x00, 0x00,
  0x00, 0x00, 0x00, 0x00, 0x00, 0x00, 0x00, 0x00, 0x00, 0x00, 0x00, 0x00,
  0x00, 0x00, 0x00, 0x00, 0x00, 0x00, 0x00, 0x00, 0x00, 0x00, 0x00, 0x00,
  0x00, 0x00, 0x00, 0x00, 0x00, 0x00, 0x00, 0x00, 0x00, 0x00, 0x00, 0x00,
  0x00, 0x00, 0x00, 0x00, 0x00, 0x00, 0x00, 0x00, 0x00, 0x00, 0x00, 0x00,
  0x00, 0x00, 0x00, 0x00, 0x00, 0x00, 0x00, 0x00, 0x00, 0x00, 0x00, 0x00,
  0x00, 0x00, 0x00, 0x00, 0x00, 0x00, 0x00, 0x00, 0x00, 0x00, 0x00, 0x00,
  0x00, 0x00, 0x00, 0x00, 0x00, 0x00, 0x00, 0x00, 0x00, 0x00, 0x00, 0x00,
  0x00, 0x00, 0x00, 0x00, 0x00, 0x00, 0x00, 0x00, 0x00, 0x00, 0x00, 0x00,
  0x00, 0x00, 0x00, 0x00, 0x00, 0x00, 0x00, 0x00, 0x00, 0x00, 0x00, 0x00,
  0x00, 0x00, 0x00, 0x00, 0x00, 0x00, 0x00, 0x00, 0x00, 0x00, 0x00, 0x00,
  0x00, 0x00, 0x00, 0x00, 0x00, 0x00, 0x00, 0x00, 0x00, 0x00, 0x00, 0x00,
  0x00, 0x00, 0x00, 0x00, 0x00, 0x00, 0x00, 0x00, 0x00, 0x00, 0x00, 0x00,
  0x00, 0x00, 0x00, 0x00, 0x00, 0x00, 0x00, 0x00, 0x00, 0x00, 0x00, 0x00,
  0x00, 0x00, 0x00, 0x00, 0x00, 0x00, 0x00, 0x00, 0x00, 0x00, 0x00, 0x00,
  0x00, 0x00, 0x00, 0x00, 0x00, 0x00, 0x00, 0x00, 0x00, 0x00, 0x00, 0x00,
  0x00, 0x00, 0x00, 0x00, 0x00, 0x00, 0x00, 0x00, 0x00, 0x00, 0x00, 0x00,
  0x00, 0x00, 0x00, 0x00, 0x00, 0x00, 0x00, 0x00, 0x00, 0x00, 0x00, 0x00,
  0x00, 0x00, 0x00, 0x00, 0x00, 0x00, 0x00, 0x00, 0x00, 0x00, 0x00, 0x00,
  0x00, 0x00, 0x00, 0x00, 0x00, 0x00, 0x00, 0x00, 0x00, 0x00, 0x00, 0x00,
  0x00, 0x00, 0x00, 0x00, 0x00, 0x00, 0x00, 0x00, 0x00, 0x00, 0x00, 0x00,
  0x00, 0x00, 0x00, 0x00, 0x00, 0x00, 0x00, 0x00, 0x00, 0x00, 0x00, 0x00,
  0x00, 0x00, 0x00, 0x00, 0x00, 0x00, 0x00, 0x00, 0x00, 0x00, 0x00, 0x00,
  0x00, 0x00, 0x00, 0x00, 0x00, 0x00, 0x00, 0x00, 0x00, 0x00, 0x00, 0x00,
  0x00, 0x00, 0x00, 0x00, 0x00, 0x00, 0x00, 0x00, 0x00, 0x00, 0x00, 0x00,
  0x00, 0x00, 0x00, 0x00, 0x00, 0x00, 0x00, 0x00, 0x00, 0x00, 0x00, 0x00,
  0x00, 0x00, 0x00, 0x00, 0x00, 0x00, 0x00, 0x00, 0x00, 0x00, 0x00, 0x00,
  0x00, 0x00, 0x00, 0x00, 0x00, 0x00, 0x00, 0x00, 0x00, 0x00, 0x00, 0x00,
  0x00, 0x00, 0x00, 0x00, 0x00, 0x00, 0x00, 0x00, 0x00, 0x00, 0x00, 0x00,
  0x00, 0x00, 0x00, 0x00, 0x00, 0x00, 0x00, 0x00, 0x00, 0x00, 0x00, 0x00,
  0x00, 0x00, 0x00, 0x00, 0x00, 0x00, 0x00, 0x00, 0x00, 0x00, 0x00, 0x00,
  0x00, 0x00, 0x00, 0x00, 0x00, 0x00, 0x00, 0x00, 0x00, 0x00, 0x00, 0x00,
  0x00, 0x00, 0x00, 0x00, 0x00, 0x00, 0x00, 0x00, 0x00, 0x00, 0x00, 0x00,
  0x00, 0x00, 0x00, 0x00, 0x00, 0x00, 0x00, 0x00, 0x00, 0x00, 0x00, 0x00,
  0x00, 0x00, 0x00, 0x00, 0x00, 0x00, 0x00, 0x00, 0x00, 0x00, 0x00, 0x00,
  0x00, 0x00, 0x00, 0x00, 0x00, 0x00, 0x00, 0x00, 0x00, 0x00, 0x00, 0x00,
  0x00, 0x00, 0x00, 0x00, 0x00, 0x00, 0x00, 0x00, 0x00, 0x00, 0x00, 0x00,
  0x00, 0x00, 0x00, 0x00, 0x00, 0x00, 0x00, 0x00, 0x00, 0x00, 0x00, 0x00,
  0x00, 0x00, 0x00, 0x00, 0x00, 0x00, 0x00, 0x00, 0x00, 0x00, 0x00, 0x00,
  0x00, 0x00, 0x00, 0x00, 0x00, 0x00, 0x00, 0x00, 0x00, 0x00, 0x00, 0x00,
  0x00, 0x00, 0x00, 0x00, 0x00, 0x00, 0x00, 0x00, 0x00, 0x00, 0x00, 0x00,
  0x00, 0x00, 0x00, 0x00, 0x00, 0x00, 0x00, 0x00, 0x00, 0x00, 0x00, 0x00,
  0x00, 0x00, 0x00, 0x00, 0x00, 0x00, 0x00, 0x00, 0x00, 0x00, 0x00, 0x00,
  0x00, 0x00, 0x00, 0x00, 0x00, 0x00, 0x00, 0x00, 0x00, 0x00, 0x00, 0x00,
  0x00, 0x00, 0x00, 0x00, 0x00, 0x00, 0x00, 0x00, 0x00, 0x00, 0x00, 0x00,
  0x00, 0x00, 0x00, 0x00, 0x00, 0x00, 0x00, 0x00, 0x00, 0x00, 0x00, 0x00,
  0x00, 0x00, 0x00, 0x00, 0x00, 0x00, 0x00, 0x00, 0x00, 0x00, 0x00, 0x00,
  0x00, 0x00, 0x00, 0x00, 0x00, 0x00, 0x00, 0x00, 0x00, 0x00, 0x00, 0x00,
  0x00, 0x00, 0x00, 0x00, 0x00, 0x00, 0x00, 0x00, 0x00, 0x00, 0x00, 0x00,
  0x00, 0x00, 0x00, 0x00, 0x00, 0x00, 0x00, 0x00, 0x00, 0x00, 0x00, 0x00,
  0x00, 0x00, 0x00, 0x00, 0x00, 0x00, 0x00, 0x00, 0x00, 0x00, 0x00, 0x00,
  0x00, 0x00, 0x00, 0x00, 0x00, 0x00, 0x00, 0x00, 0x00, 0x00, 0x00, 0x00,
  0x00, 0x00, 0x00, 0x00, 0x00, 0x00, 0x00, 0x00, 0x00, 0x00, 0x00, 0x00,
  0x00, 0x00, 0x00, 0x00, 0x00, 0x00, 0x00, 0x00, 0x00, 0x00, 0x00, 0x00,
  0x00, 0x00, 0x00, 0x00, 0x00, 0x00, 0x00, 0x00, 0x00, 0x00, 0x00, 0x00,
  0x00, 0x00, 0x00, 0x00, 0x00, 0x00, 0x00, 0x00, 0x00, 0x00, 0x00, 0x00,
  0x00, 0x00, 0x00, 0x00, 0x00, 0x00, 0x00, 0x00, 0x00, 0x00, 0x00, 0x00,
  0x00, 0x00, 0x00, 0x00, 0x00, 0x00, 0x00, 0x00, 0x00, 0x00, 0x00, 0x00,
  0x00, 0x00, 0x00, 0x00, 0x00, 0x00, 0x00, 0x00, 0x00, 0x00, 0x00, 0x00,
  0x00, 0x00, 0x00, 0x00, 0x00, 0x00, 0x00, 0x00, 0x00, 0x00, 0x00, 0x00,
  0x00, 0x00, 0x00, 0x00, 0x00, 0x00, 0x00, 0x00, 0x00, 0x00, 0x00, 0x00,
  0x00, 0x00, 0x00, 0x00, 0x00, 0x00, 0x00, 0x00, 0x00, 0x00, 0x00, 0x00,
  0x00, 0x00, 0x00, 0x00, 0x00, 0x00, 0x00, 0x00, 0x00, 0x00, 0x00, 0x00,
  0x00, 0x00, 0x00, 0x00, 0x00, 0x00, 0x00, 0x00, 0x00, 0x00, 0x00, 0x00,
  0x00, 0x00, 0x00, 0x00, 0x00, 0x00, 0x00, 0x00, 0x00, 0x00, 0x00, 0x00,
  0x00, 0x00, 0x00, 0x00, 0x00, 0x00, 0x00, 0x00, 0x00, 0x00, 0x00, 0x00,
  0x00, 0x00, 0x00, 0x00, 0x00, 0x00, 0x00, 0x00, 0x00, 0x00, 0x00, 0x00,
  0x00, 0x00, 0x00, 0x00, 0x00, 0x00, 0x00, 0x00, 0x00, 0x00, 0x00, 0x00,
  0x00, 0x00, 0x00, 0x00, 0x00, 0x00, 0x00, 0x00, 0x00, 0x00, 0x00, 0x00,
  0x00, 0x00, 0x00, 0x00, 0x00, 0x00, 0x00, 0x00, 0x00, 0x00, 0x00, 0x00,
  0x00, 0x00, 0x00, 0x00, 0x00, 0x00, 0x00, 0x00, 0x00, 0x00, 0x00, 0x00,
  0x00, 0x00, 0x00, 0x00, 0x00, 0x00, 0x00, 0x00, 0x00, 0x00, 0x00, 0x00,
  0x00, 0x00, 0x00, 0x00, 0x00, 0x00, 0x00, 0x00, 0x00, 0x00, 0x00, 0x00,
  0x00, 0x00, 0x00, 0x00, 0x00, 0x00, 0x00, 0x00, 0x00, 0x00, 0x00, 0x00,
  0x00, 0x00, 0x00, 0x00, 0x00, 0x00, 0x00, 0x00, 0x00, 0x00, 0x00, 0x00,
  0x00, 0x00, 0x00, 0x00, 0x00, 0x00, 0x00, 0x00, 0x00, 0x00, 0x00, 0x00,
  0x00, 0x00, 0x00, 0x00, 0x00, 0x00, 0x00, 0x00, 0x00, 0x00, 0x00, 0x00,
  0x00, 0x00, 0x00, 0x00, 0x00, 0x00, 0x00, 0x00, 0x00, 0x00, 0x00, 0x00,
  0x00, 0x00, 0x00, 0x00, 0x00, 0x00, 0x00, 0x00, 0x00, 0x00, 0x00, 0x00,
  0x00, 0x00, 0x00, 0x00, 0x00, 0x00, 0x00, 0x00, 0x00, 0x00, 0x00, 0x00,
  0x00, 0x00, 0x00, 0x00, 0x00, 0x00, 0x00, 0x00, 0x00, 0x00, 0x00, 0x00,
  0x00, 0x00, 0x00, 0x00, 0x00, 0x00, 0x00, 0x00, 0x00, 0x00, 0x00, 0x00,
  0x00, 0x00, 0x00, 0x00, 0x00, 0x00, 0x00, 0x00, 0x00, 0x00, 0x00, 0x00,
  0x00, 0x00, 0x00, 0x00, 0x00, 0x00, 0x00, 0x00, 0x00, 0x00, 0x00, 0x00,
  0x00, 0x00, 0x00, 0x00, 0x00, 0x00, 0x00, 0x00, 0x00, 0x00, 0x00, 0x00,
  0x00, 0x00, 0x00, 0x00, 0x00, 0x00, 0x00, 0x00, 0x00, 0x00, 0x00, 0x00,
  0x00, 0x00, 0x00, 0x00, 0x00, 0x00, 0x00, 0x00, 0x00, 0x00, 0x00, 0x00,
  0x00, 0x00, 0x00, 0x00, 0x00, 0x00, 0x00, 0x00, 0x00, 0x00, 0x00, 0x00,
  0x00, 0x00, 0x00, 0x00, 0x00, 0x00, 0x00, 0x00, 0x10, 0x00, 0x00, 0x00,
  0x00, 0x00, 0x00, 0x00, 0x00, 0x00, 0x00, 0x00, 0x00, 0x00, 0x00, 0x00,
  0xf5, 0xfe, 0xff, 0x6f, 0x00, 0x00, 0x00, 0x00, 0x60, 0x02, 0x00, 0x00,
  0x00, 0x00, 0x00, 0x00, 0x05, 0x00, 0x00, 0x00, 0x00, 0x00, 0x00, 0x00,
  0x50, 0x06, 0x00, 0x00, 0x00, 0x00, 0x00, 0x00, 0x06, 0x00, 0x00, 0x00,
  0x00, 0x00, 0x00, 0x00, 0xa8, 0x02, 0x00, 0x00, 0x00, 0x00, 0x00, 0x00,
  0x0a, 0x00, 0x00, 0x00, 0x00, 0x00, 0x00, 0x00, 0xac, 0x01, 0x00, 0x00,
  0x00, 0x00, 0x00, 0x00, 0x0b, 0x00, 0x00, 0x00, 0x00, 0x00, 0x00, 0x00,
  0x18, 0x00, 0x00, 0x00, 0x00, 0x00, 0x00, 0x00, 0x07, 0x00, 0x00, 0x00,
  0x00, 0x00, 0x00, 0x00, 0x00, 0x08, 0x00, 0x00, 0x00, 0x00, 0x00, 0x00,
  0x08, 0x00, 0x00, 0x00, 0x00, 0x00, 0x00, 0x00, 0x60, 0x03, 0x00, 0x00,
  0x00, 0x00, 0x00, 0x00, 0x09, 0x00, 0x00, 0x00, 0x00, 0x00, 0x00, 0x00,
  0x18, 0x00, 0x00, 0x00, 0x00, 0x00, 0x00, 0x00, 0x1e, 0x00, 0x00, 0x00,
  0x00, 0x00, 0x00, 0x00, 0x02, 0x00, 0x00, 0x00, 0x00, 0x00, 0x00, 0x00,
  0xf9, 0xff, 0xff, 0x6f, 0x00, 0x00, 0x00, 0x00, 0x01, 0x00, 0x00, 0x00,
  0x00, 0x00, 0x00, 0x00, 0x00, 0x00, 0x00, 0x00, 0x00, 0x00, 0x00, 0x00,
  0x00, 0x00, 0x00, 0x00, 0x00, 0x00, 0x00, 0x00, 0x00, 0x00, 0x00, 0x00,
  0x00, 0x00, 0x00, 0x00, 0x00, 0x00, 0x00, 0x00, 0x00, 0x00, 0x00, 0x00,
  0x00, 0x00, 0x00, 0x00, 0x00, 0x00, 0x00, 0x00, 0x00, 0x00, 0x00, 0x00,
  0x00, 0x00, 0x00, 0x00, 0x00, 0x00, 0x00, 0x00, 0x00, 0x00, 0x00, 0x00,
  0x00, 0x00, 0x00, 0x00, 0x00, 0x00, 0x00, 0x00, 0x00, 0x00, 0x00, 0x00,
  0x00, 0x00, 0x00, 0x00, 0x00, 0x00, 0x00, 0x00, 0x00, 0x00, 0x00, 0x00,
  0x00, 0x00, 0x00, 0x00, 0x00, 0x00, 0x00, 0x00, 0x00, 0x00, 0x00, 0x00,
  0x00, 0x00, 0x00, 0x00, 0x00, 0x00, 0x00, 0x00, 0x00, 0x00, 0x00, 0x00,
  0x00, 0x00, 0x00, 0x00, 0x00, 0x00, 0x00, 0x00, 0x00, 0x00, 0x00, 0x00,
  0x00, 0x00, 0x00, 0x00, 0x00, 0x00, 0x00, 0x00, 0x00, 0x00, 0x00, 0x00,
  0x00, 0x00, 0x00, 0x00, 0x00, 0x00, 0x00, 0x00, 0x00, 0x00, 0x00, 0x00,
  0x00, 0x00, 0x00, 0x00, 0x00, 0x00, 0x00, 0x00, 0x00, 0x00, 0x00, 0x00,
  0x00, 0x00, 0x00, 0x00, 0x00, 0x00, 0x00, 0x00, 0x00, 0x00, 0x00, 0x00,
  0x00, 0x00, 0x00, 0x00, 0x00, 0x00, 0x00, 0x00, 0x00, 0x00, 0x00, 0x00,
  0x00, 0x00, 0x00, 0x00, 0x00, 0x00, 0x00, 0x00, 0x00, 0x00, 0x00, 0x00,
  0x00, 0x00, 0x00, 0x00, 0x00, 0x00, 0x00, 0x00, 0x00, 0x00, 0x00, 0x00,
  0x00, 0x00, 0x00, 0x00, 0x00, 0x00, 0x00, 0x00, 0x00, 0x00, 0x00, 0x00,
  0x00, 0x00, 0x00, 0x00, 0x00, 0x00, 0x00, 0x00, 0x00, 0x00, 0x00, 0x00,
  0x00, 0x00, 0x00, 0x00, 0x00, 0x00, 0x00, 0x00, 0x00, 0x00, 0x00, 0x00,
  0x00, 0x00, 0x00, 0x00, 0x00, 0x00, 0x00, 0x00, 0x00, 0x00, 0x00, 0x00,
  0x00, 0x00, 0x00, 0x00, 0x00, 0x00, 0x00, 0x00, 0x00, 0x00, 0x00, 0x00,
  0x00, 0x00, 0x00, 0x00, 0x00, 0x00, 0x00, 0x00, 0x00, 0x00, 0x00, 0x00,
  0x00, 0x00, 0x00, 0x00, 0x00, 0x00, 0x00, 0x00, 0x00, 0x00, 0x00, 0x00,
  0x00, 0x00, 0x00, 0x00, 0x00, 0x00, 0x00, 0x00, 0x00, 0x00, 0x00, 0x00,
  0x00, 0x00, 0x00, 0x00, 0x00, 0x00, 0x00, 0x00, 0x00, 0x00, 0x00, 0x00,
  0x00, 0x00, 0x00, 0x00, 0x00, 0x00, 0x00, 0x00, 0x00, 0x00, 0x00, 0x00,
  0xf8, 0x5d, 0x00, 0x00, 0x00, 0x00, 0x00, 0x00, 0x00, 0x00, 0x00, 0x00,
  0x00, 0x00, 0x00, 0x00, 0x00, 0x00, 0x00, 0x00, 0x00, 0x00, 0x00, 0x00,
  0x00, 0x00, 0x00, 0x00, 0x00, 0x00, 0x00, 0x00, 0x00, 0x00, 0x00, 0x00,
  0x00, 0x00, 0x00, 0x00, 0x00, 0x00, 0x00, 0x00, 0x00, 0x00, 0x00, 0x00,
  0x00, 0x00, 0x00, 0x00, 0x00, 0x00, 0x00, 0x00, 0x00, 0x00, 0x00, 0x00,
  0x00, 0x00, 0x00, 0x00, 0x05, 0x04, 0x00, 0x00, 0x00, 0x00, 0x00, 0x00,
  0xc0, 0xa0, 0x00, 0x00, 0x00, 0x00, 0x00, 0x00, 0x00, 0x00, 0x00, 0x00,
  0x00, 0x00, 0x00, 0x00, 0x00, 0x00, 0x00, 0x00, 0x00, 0x00, 0x00, 0x00,
  0x00, 0x00, 0x00, 0x00, 0x00, 0x00, 0x00, 0x00, 0x00, 0x00, 0x00, 0x00,
  0x00, 0x00, 0x00, 0x00, 0x00, 0x00, 0x00, 0x00, 0x00, 0x00, 0x00, 0x00,
  0x00, 0x00, 0x00, 0x00, 0x00, 0x00, 0x00, 0x00, 0x15, 0x04, 0x00, 0x00,
  0x00, 0x00, 0x00, 0x00, 0x47, 0x43, 0x43, 0x3a, 0x20, 0x28, 0x55, 0x62,
  0x75, 0x6e, 0x74, 0x75, 0x20, 0x31, 0x33, 0x2e, 0x33, 0x2e, 0x30, 0x2d,
  0x36, 0x75, 0x62, 0x75, 0x6e, 0x74, 0x75, 0x32, 0x7e, 0x32, 0x34, 0x2e,
  0x30, 0x34, 0x29, 0x20, 0x31, 0x33, 0x2e, 0x33, 0x2e, 0x30, 0x00, 0x00,
  0x2e, 0x73, 0x68, 0x73, 0x74, 0x72, 0x74, 0x61, 0x62, 0x00, 0x2e, 0x6e,
  0x6f, 0x74, 0x65, 0x2e, 0x67, 0x6e, 0x75, 0x2e, 0x62, 0x75, 0x69, 0x6c,
  0x64, 0x2d, 0x69, 0x64, 0x00, 0x2e, 0x67, 0x6e, 0x75, 0x2e, 0x68, 0x61,
  0x73, 0x68, 0x00, 0x2e, 0x64, 0x79, 0x6e, 0x73, 0x79, 0x6d, 0x00, 0x2e,
  0x64, 0x79, 0x6e, 0x73, 0x74, 0x72, 0x00, 0x2e, 0x72, 0x65, 0x6c, 0x61,
  0x2e, 0x64, 0x79, 0x6e, 0x00, 0x2e, 0x74, 0x65, 0x78, 0x74, 0x00, 0x2e,
  0x72, 0x6f, 0x64, 0x61, 0x74, 0x61, 0x00, 0x2e, 0x65, 0x68, 0x5f, 0x66,
  0x72, 0x61, 0x6d, 0x65, 0x5f, 0x68, 0x64, 0x72, 0x00, 0x2e, 0x65, 0x68,
  0x5f, 0x66, 0x72, 0x61, 0x6d, 0x65, 0x00, 0x2e, 0x64, 0x79, 0x6e, 0x61,
  0x6d, 0x69, 0x63, 0x00, 0x2e, 0x67, 0x6f, 0x74, 0x00, 0x2e, 0x67, 0x6f,
  0x74, 0x2e, 0x70, 0x6c, 0x74, 0x00, 0x2e, 0x64, 0x61, 0x74, 0x61, 0x00,
  0x2e, 0x62, 0x73, 0x73, 0x00, 0x2e, 0x63, 0x6f, 0x6d, 0x6d, 0x65, 0x6e,
  0x74, 0x00, 0x00, 0x00, 0x00, 0x00, 0x00, 0x00, 0x00, 0x00, 0x00, 0x00,
  0x00, 0x00, 0x00, 0x00, 0x00, 0x00, 0x00, 0x00, 0x00, 0x00, 0x00, 0x00,
  0x00, 0x00, 0x00, 0x00, 0x00, 0x00, 0x00, 0x00, 0x00, 0x00, 0x00, 0x00,
  0x00, 0x00, 0x00, 0x00, 0x00, 0x00, 0x00, 0x00, 0x00, 0x00, 0x00, 0x00,
  0x00, 0x00, 0x00, 0x00, 0x00, 0x00, 0x00, 0x00, 0x00, 0x00, 0x00, 0x00,
  0x00, 0x00, 0x00, 0x00, 0x00, 0x00, 0x00, 0x00, 0x0b, 0x00, 0x00, 0x00,
  0x07, 0x00, 0x00, 0x00, 0x02, 0x00, 0x00, 0x00, 0x00, 0x00, 0x00, 0x00,
  0x38, 0x02, 0x00, 0x00, 0x00, 0x00, 0x00, 0x00, 0x38, 0x02, 0x00, 0x00,
  0x00, 0x00, 0x00, 0x00, 0x24, 0x00, 0x00, 0x00, 0x00, 0x00, 0x00, 0x00,
  0x00, 0x00, 0x00, 0x00, 0x00, 0x00, 0x00, 0x00, 0x04, 0x00, 0x00, 0x00,
  0x00, 0x00, 0x00, 0x00, 0x00, 0x00, 0x00, 0x00, 0x00, 0x00, 0x00, 0x00,
  0x1e, 0x00, 0x00, 0x00, 0xf6, 0xff, 0xff, 0x6f, 0x02, 0x00, 0x00, 0x00,
  0x00, 0x00, 0x00, 0x00, 0x60, 0x02, 0x00, 0x00, 0x00, 0x00, 0x00, 0x00,
  0x60, 0x02, 0x00, 0x00, 0x00, 0x00, 0x00, 0x00, 0x44, 0x00, 0x00, 0x00,
  0x00, 0x00, 0x00, 0x00, 0x03, 0x00, 0x00, 0x00, 0x00, 0x00, 0x00, 0x00,
  0x08, 0x00, 0x00, 0x00, 0x00, 0x00, 0x00, 0x00, 0x00, 0x00, 0x00, 0x00,
  0x00, 0x00, 0x00, 0x00, 0x28, 0x00, 0x00, 0x00, 0x0b, 0x00, 0x00, 0x00,
  0x02, 0x00, 0x00, 0x00, 0x00, 0x00, 0x00, 0x00, 0xa8, 0x02, 0x00, 0x00,
  0x00, 0x00, 0x00, 0x00, 0xa8, 0x02, 0x00, 0x00, 0x00, 0x00, 0x00, 0x00,
  0xa8, 0x03, 0x00, 0x00, 0x00, 0x00, 0x00, 0x00, 0x04, 0x00, 0x00, 0x00,
  0x01, 0x00, 0x00, 0x00, 0x08, 0x00, 0x00, 0x00, 0x00, 0x00, 0x00, 0x00,
  0x18, 0x00, 0x00, 0x00, 0x00, 0x00, 0x00, 0x00, 0x30, 0x00, 0x00, 0x00,
  0x03, 0x00, 0x00, 0x00, 0x02, 0x00, 0x00, 0x00, 0x00, 0x00, 0x00, 0x00,
  0x50, 0x06, 0x00, 0x00, 0x00, 0x00, 0x00, 0x00, 0x50, 0x06, 0x00, 0x00,
  0x00, 0x00, 0x00, 0x00, 0xac, 0x01, 0x00, 0x00, 0x00, 0x00, 0x00, 0x00,
  0x00, 0x00, 0x00, 0x00, 0x00, 0x00, 0x00, 0x00, 0x01, 0x00, 0x00, 0x00,
  0x00, 0x00, 0x00, 0x00, 0x00, 0x00, 0x00, 0x00, 0x00, 0x00, 0x00, 0x00,
  0x38, 0x00, 0x00, 0x00, 0x04, 0x00, 0x00, 0x00, 0x02, 0x00, 0x00, 0x00,
  0x00, 0x00, 0x00, 0x00, 0x00, 0x08, 0x00, 0x00, 0x00, 0x00, 0x00, 0x00,
  0x00, 0x08, 0x00, 0x00, 0x00, 0x00, 0x00, 0x00, 0x60, 0x03, 0x00, 0x00,
  0x00, 0x00, 0x00, 0x00, 0x03, 0x00, 0x00, 0x00, 0x00, 0x00, 0x00, 0x00,
  0x08, 0x00, 0x00, 0x00, 0x00, 0x00, 0x00, 0x00, 0x18, 0x00, 0x00, 0x00,
  0x00, 0x00, 0x00, 0x00, 0x42, 0x00, 0x00, 0x00, 0x01, 0x00, 0x00, 0x00,
  0x06, 0x00, 0x00, 0x00, 0x00, 0x00, 0x00, 0x00, 0x00, 0x10, 0x00, 0x00,
  0x00, 0x00, 0x00, 0x00, 0x00, 0x10, 0x00, 0x00, 0x00, 0x00, 0x00, 0x00,
  0x10, 0x22, 0x00, 0x00, 0x00, 0x00, 0x00, 0x00, 0x00, 0x00, 0x00, 0x00,
  0x00, 0x00, 0x00, 0x00, 0x10, 0x00, 0x00, 0x00, 0x00, 0x00, 0x00, 0x00,
  0x00, 0x00, 0x00, 0x00, 0x00, 0x00, 0x00, 0x00, 0x48, 0x00, 0x00, 0x00,
  0x01, 0x00, 0x00, 0x00, 0x02, 0x00, 0x00, 0x00, 0x00, 0x00, 0x00, 0x00,
  0x00, 0x40, 0x00, 0x00, 0x00, 0x00, 0x00, 0x00, 0x00, 0x40, 0x00, 0x00,
  0x00, 0x00, 0x00, 0x00, 0x20, 0x00, 0x00, 0x00, 0x00, 0x00, 0x00, 0x00,
  0x00, 0x00, 0x00, 0x00, 0x00, 0x00, 0x00, 0x00, 0x04, 0x00, 0x00, 0x00,
  0x00, 0x00, 0x00, 0x00, 0x00, 0x00, 0x00, 0x00, 0x00, 0x00, 0x00, 0x00,
  0x50, 0x00, 0x00, 0x00, 0x01, 0x00, 0x00, 0x00, 0x02, 0x00, 0x00, 0x00,
  0x00, 0x00, 0x00, 0x00, 0x20, 0x40, 0x00, 0x00, 0x00, 0x00, 0x00, 0x00,
  0x20, 0x40, 0x00, 0x00, 0x00, 0x00, 0x00, 0x00, 0x94, 0x00, 0x00, 0x00,
  0x00, 0x00, 0x00, 0x00, 0x00, 0x00, 0x00, 0x00, 0x00, 0x00, 0x00, 0x00,
  0x04, 0x00, 0x00, 0x00, 0x00, 0x00, 0x00, 0x00, 0x00, 0x00, 0x00, 0x00,
  0x00, 0x00, 0x00, 0x00, 0x5e, 0x00, 0x00, 0x00, 0x01, 0x00, 0x00, 0x00,
  0x02, 0x00, 0x00, 0x00, 0x00, 0x00, 0x00, 0x00, 0xb8, 0x40, 0x00, 0x00,
  0x00, 0x00, 0x00, 0x00, 0xb8, 0x40, 0x00, 0x00, 0x00, 0x00, 0x00, 0x00,
  0xcc, 0x03, 0x00, 0x00, 0x00, 0x00, 0x00, 0x00, 0x00, 0x00, 0x00, 0x00,
  0x00, 0x00, 0x00, 0x00, 0x08, 0x00, 0x00, 0x00, 0x00, 0x00, 0x00, 0x00,
  0x00, 0x00, 0x00, 0x00, 0x00, 0x00, 0x00, 0x00, 0x68, 0x00, 0x00, 0x00,
  0x06, 0x00, 0x00, 0x00, 0x03, 0x00, 0x00, 0x00, 0x00, 0x00, 0x00, 0x00,
  0xf8, 0x5d, 0x00, 0x00, 0x00, 0x00, 0x00, 0x00, 0xf8, 0x4d, 0x00, 0x00,
  0x00, 0x00, 0x00, 0x00, 0x00, 0x01, 0x00, 0x00, 0x00, 0x00, 0x00, 0x00,
  0x04, 0x00, 0x00, 0x00, 0x00, 0x00, 0x00, 0x00, 0x08, 0x00, 0x00, 0x00,
  0x00, 0x00, 0x00, 0x00, 0x10, 0x00, 0x00, 0x00, 0x00, 0x00, 0x00, 0x00,
  0x71, 0x00, 0x00, 0x00, 0x01, 0x00, 0x00, 0x00, 0x03, 0x00, 0x00, 0x00,
  0x00, 0x00, 0x00, 0x00, 0xf8, 0x5e, 0x00, 0x00, 0x00, 0x00, 0x00, 0x00,
  0xf8, 0x4e, 0x00, 0x00, 0x00, 0x00, 0x00, 0x00, 0xf0, 0x00, 0x00, 0x00,
  0x00, 0x00, 0x00, 0x00, 0x00, 0x00, 0x00, 0x00, 0x00, 0x00, 0x00, 0x00,
  0x08, 0x00, 0x00, 0x00, 0x00, 0x00, 0x00, 0x00, 0x08, 0x00, 0x00, 0x00,
  0x00, 0x00, 0x00, 0x00, 0x76, 0x00, 0x00, 0x00, 0x01, 0x00, 0x00, 0x00,
  0x03, 0x00, 0x00, 0x00, 0x00, 0x00, 0x00, 0x00, 0xe8, 0x5f, 0x00, 0x00,
  0x00, 0x00, 0x00, 0x00, 0xe8, 0x4f, 0x00, 0x00, 0x00, 0x00, 0x00, 0x00,
  0x18, 0x00, 0x00, 0x00, 0x00, 0x00, 0x00, 0x00, 0x00, 0x00, 0x00, 0x00,
  0x00, 0x00, 0x00, 0x00, 0x08, 0x00, 0x00, 0x00, 0x00, 0x00, 0x00, 0x00,
  0x08, 0x00, 0x00, 0x00, 0x00, 0x00, 0x00, 0x00, 0x7f, 0x00, 0x00, 0x00,
  0x01, 0x00, 0x00, 0x00, 0x03, 0x00, 0x00, 0x00, 0x00, 0x00, 0x00, 0x00,
  0x00, 0x60, 0x00, 0x00, 0x00, 0x00, 0x00, 0x00, 0x00, 0x50, 0x00, 0x00,
  0x00, 0x00, 0x00, 0x00, 0x70, 0x00, 0x00, 0x00, 0x00, 0x00, 0x00, 0x00,
  0x00, 0x00, 0x00, 0x00, 0x00, 0x00, 0x00, 0x00, 0x20, 0x00, 0x00, 0x00,
  0x00, 0x00, 0x00, 0x00, 0x00, 0x00, 0x00, 0x00, 0x00, 0x00, 0x00, 0x00,
  0x85, 0x00, 0x00, 0x00, 0x08, 0x00, 0x00, 0x00, 0x03, 0x00, 0x00, 0x00,
  0x00, 0x00, 0x00, 0x00, 0x80, 0x60, 0x00, 0x00, 0x00, 0x00, 0x00, 0x00,
  0x70, 0x50, 0x00, 0x00, 0x00, 0x00, 0x00, 0x00, 0x48, 0x50, 0x00, 0x00,
  0x00, 0x00, 0x00, 0x00, 0x00, 0x00, 0x00, 0x00, 0x00, 0x00, 0x00, 0x00,
  0x20, 0x00, 0x00, 0x00, 0x00, 0x00, 0x00, 0x00, 0x00, 0x00, 0x00, 0x00,
  0x00, 0x00, 0x00, 0x00, 0x8a, 0x00, 0x00, 0x00, 0x01, 0x00, 0x00, 0x00,
  0x30, 0x00, 0x00, 0x00, 0x00, 0x00, 0x00, 0x00, 0x00, 0x00, 0x00, 0x00,
  0x00, 0x00, 0x00, 0x00, 0x70, 0x50, 0x00, 0x00, 0x00, 0x00, 0x00, 0x00,
  0x2b, 0x00, 0x00, 0x00, 0x00, 0x00, 0x00, 0x00, 0x00, 0x00, 0x00, 0x00,
  0x00, 0x00, 0x00, 0x00, 0x01, 0x00, 0x00, 0x00, 0x00, 0x00, 0x00, 0x00,
  0x01, 0x00, 0x00, 0x00, 0x00, 0x00, 0x00, 0x00, 0x01, 0x00, 0x00, 0x00,
  0x03, 0x00, 0x00, 0x00, 0x00, 0x00, 0x00, 0x00, 0x00, 0x00, 0x00, 0x00,
  0x00, 0x00, 0x00, 0x00, 0x00, 0x00, 0x00, 0x00, 0x9b, 0x50, 0x00, 0x00,
  0x00, 0x00, 0x00, 0x00, 0x93, 0x00, 0x00, 0x00, 0x00, 0x00, 0x00, 0x00,
  0x00, 0x00, 0x00, 0x00, 0x00, 0x00, 0x00, 0x00, 0x01, 0x00, 0x00, 0x00,
  0x00, 0x00, 0x00, 0x00, 0x00, 0x00, 0x00, 0x00, 0x00, 0x00, 0x00, 0x00,
  0x03, 0x00, 0x00, 0x00, 0x0c, 0x00, 0x00, 0x00, 0x0e, 0x00, 0x00, 0x00,
  0x00, 0x00, 0x00, 0x00, 0xb9, 0x7c, 0x84, 0xfe, 0xff, 0xff, 0xff, 0xff,
  0x00, 0x00, 0x00, 0x00, 0x00, 0x00, 0x00, 0x00, 0x04, 0x40, 0xc9, 0xfe,
  0xff, 0xff, 0xff, 0xff, 0x01, 0x00, 0x00, 0x00, 0x00, 0x00, 0x00, 0x00,
  0x44, 0x40, 0xc9, 0xfe, 0xff, 0xff, 0xff, 0xff, 0x01, 0x00, 0x00, 0x00,
  0x00, 0x00, 0x00, 0x00, 0x2a, 0x44, 0xd4, 0xfe, 0xff, 0xff, 0xff, 0xff,
  0x06, 0x00, 0x00, 0x00, 0x00, 0x00, 0x00, 0x00, 0xa6, 0x38, 0xd4, 0xfe,
  0xff, 0xff, 0xff, 0xff, 0x06, 0x00, 0x00, 0x00, 0x00, 0x00, 0x00, 0x00,
  0xe0, 0x39, 0xd4, 0xfe, 0xff, 0xff, 0xff, 0xff, 0x06, 0x00, 0x00, 0x00,
  0x00, 0x00, 0x00, 0x00, 0xc2, 0x3c, 0xd4, 0xfe, 0xff, 0xff, 0xff, 0xff,
  0x06, 0x00, 0x00, 0x00, 0x00, 0x00, 0x00, 0x00, 0x43, 0x3f, 0xd4, 0xfe,
  0xff, 0xff, 0xff, 0xff, 0x06, 0x00, 0x00, 0x00, 0x00, 0x00, 0x00, 0x00,
  0xb2, 0x42, 0xd4, 0xfe, 0xff, 0xff, 0xff, 0xff, 0x02, 0x00, 0x00, 0x00,
  0x00, 0x00, 0x00, 0x00, 0xbe, 0x42, 0xd4, 0xfe, 0xff, 0xff, 0xff, 0xff,
  0x03, 0x00, 0x00, 0x00, 0x00, 0x00, 0x00, 0x00, 0xb0, 0x7e, 0x6c, 0xfe,
  0xff, 0xff, 0xff, 0xff, 0x00, 0x00, 0x00, 0x00, 0x00, 0x00, 0x00, 0x00,
  0x0a, 0x3e, 0xd4, 0xfe, 0xff, 0xff, 0xff, 0xff, 0x09, 0x00, 0x00, 0x00,
  0x00, 0x00, 0x00, 0x00, 0x02, 0x6b, 0xba, 0xfe, 0xff, 0xff, 0xff, 0xff,
  0x06, 0x00, 0x00, 0x00, 0x00, 0x00, 0x00, 0x00, 0x02, 0x6b, 0xba, 0xfe,
  0xff, 0xff, 0xff, 0xff, 0x0e, 0x00, 0x00, 0x00, 0x00, 0x00, 0x00, 0x00,
  0x00, 0x00, 0x00, 0x00, 0x00, 0x00, 0x00, 0x00, 0x00, 0x00, 0x00, 0x00,
  0x00, 0x00, 0x00, 0x00, 0x03, 0x00, 0x00, 0x00, 0x0c, 0x00, 0x00, 0x00,
  0x0c, 0x00, 0x00, 0x00, 0x00, 0x00, 0x00, 0x00, 0x53, 0x69, 0x81, 0xff,
  0xff, 0xff, 0xff, 0xff, 0x00, 0x00, 0x00, 0x00, 0x00, 0x00, 0x00, 0x00,
  0xb4, 0xde, 0xc7, 0xff, 0xff, 0xff, 0xff, 0xff, 0x01, 0x00, 0x00, 0x00,
  0x00, 0x00, 0x00, 0x00, 0xf4, 0xde, 0xc7, 0xff, 0xff, 0xff, 0xff, 0xff,
  0x01, 0x00, 0x00, 0x00, 0x00, 0x00, 0x00, 0x00, 0x80, 0xfd, 0x68, 0xff,
  0xff, 0xff, 0xff, 0xff, 0x00, 0x00, 0x00, 0x00, 0x00, 0x00, 0x00, 0x00,
  0xd6, 0x6d, 0xd3, 0xff, 0xff, 0xff, 0xff, 0xff, 0x06, 0x00, 0x00, 0x00,
  0x00, 0x00, 0x00, 0x00, 0x10, 0x6f, 0xd3, 0xff, 0xff, 0xff, 0xff, 0xff,
  0x06, 0x00, 0x00, 0x00, 0x00, 0x00, 0x00, 0x00, 0xf2, 0x71, 0xd3, 0xff,
  0xff, 0xff, 0xff, 0xff, 0x06, 0x00, 0x00, 0x00, 0x00, 0x00, 0x00, 0x00,
  0x3a, 0x73, 0xd3, 0xff, 0xff, 0xff, 0xff, 0xff, 0x09, 0x00, 0x00, 0x00,
  0x00, 0x00, 0x00, 0x00, 0x73, 0x74, 0xd3, 0xff, 0xff, 0xff, 0xff, 0xff,
  0x06, 0x00, 0x00, 0x00, 0x00, 0x00, 0x00, 0x00, 0xe2, 0x77, 0xd3, 0xff,
  0xff, 0xff, 0xff, 0xff, 0x02, 0x00, 0x00, 0x00, 0x00, 0x00, 0x00, 0x00,
  0xee, 0x77, 0xd3, 0xff, 0xff, 0xff, 0xff, 0xff, 0x03, 0x00, 0x00, 0x00,
  0x00, 0x00, 0x00, 0x00, 0x5a, 0x79, 0xd3, 0xff, 0xff, 0xff, 0xff, 0xff,
  0x06, 0x00, 0x00, 0x00, 0x00, 0x00, 0x00, 0x00, 0x00, 0x00, 0x00, 0x00,
  0x00, 0x00, 0x00, 0x00, 0x00, 0x00, 0x00, 0x00, 0x00, 0x00, 0x00, 0x00,
  0x03, 0x00, 0x00, 0x00, 0x0c, 0x00, 0x00, 0x00, 0x0c, 0x00, 0x00, 0x00,
  0x00, 0x00, 0x00, 0x00, 0x93, 0x69, 0x81, 0xff, 0xff, 0xff, 0xff, 0xff,
  0x00, 0x00, 0x00, 0x00, 0x00, 0x00, 0x00, 0x00, 0xf4, 0xde, 0xc7, 0xff,
  0xff, 0xff, 0xff, 0xff, 0x01, 0x00, 0x00, 0x00, 0x00, 0x00, 0x00, 0x00,
  0x34, 0xdf, 0xc7, 0xff, 0xff, 0xff, 0xff, 0xff, 0x01, 0x00, 0x00, 0x00,
  0x00, 0x00, 0x00, 0x00, 0x80, 0xfd, 0x68, 0xff, 0xff, 0xff, 0xff, 0xff,
  0x00, 0x00, 0x00, 0x00, 0x00, 0x00, 0x00, 0x00, 0x16, 0x6e, 0xd3, 0xff,
  0xff, 0xff, 0xff, 0xff, 0x06, 0x00, 0x00, 0x00, 0x00, 0x00, 0x00, 0x00,
  0x50, 0x6f, 0xd3, 0xff, 0xff, 0xff, 0xff, 0xff, 0x06, 0x00, 0x00, 0x00,
  0x00, 0x00, 0x00, 0x00, 0x32, 0x72, 0xd3, 0xff, 0xff, 0xff, 0xff, 0xff,
  0x06, 0x00, 0x00, 0x00, 0x00, 0x00, 0x00, 0x00, 0x7a, 0x73, 0xd3, 0xff,
  0xff, 0xff, 0xff, 0xff, 0x09, 0x00, 0x00, 0x00, 0x00, 0x00, 0x00, 0x00,
  0xb3, 0x74, 0xd3, 0xff, 0xff, 0xff, 0xff, 0xff, 0x06, 0x00, 0x00, 0x00,
  0x00, 0x00, 0x00, 0x00, 0x22, 0x78, 0xd3, 0xff, 0xff, 0xff, 0xff, 0xff,
  0x02, 0x00, 0x00, 0x00, 0x00, 0x00, 0x00, 0x00, 0x2e, 0x78, 0xd3, 0xff,
  0xff, 0xff, 0xff, 0xff, 0x03, 0x00, 0x00, 0x00, 0x00, 0x00, 0x00, 0x00,
  0x9a, 0x79, 0xd3, 0xff, 0xff, 0xff, 0xff, 0xff, 0x06, 0x00, 0x00, 0x00,
  0x00, 0x00, 0x00, 0x00, 0x00, 0x00, 0x00, 0x00, 0x00, 0x00, 0x00, 0x00,
  0x00, 0x00, 0x00, 0x00, 0x00, 0x00, 0x00, 0x00, 0x03, 0x00, 0x00, 0x00,
  0x0c, 0x00, 0x00, 0x00, 0x0c, 0x00, 0x00, 0x00, 0x00, 0x00, 0x00, 0x00,
  0xe3, 0x6c, 0x81, 0xff, 0xff, 0xff, 0xff, 0xff, 0x00, 0x00, 0x00, 0x00,
  0x00, 0x00, 0x00, 0x00, 0x44, 0xe2, 0xc7, 0xff, 0xff, 0xff, 0xff, 0xff,
  0x01, 0x00, 0x00, 0x00, 0x00, 0x00, 0x00, 0x00, 0x84, 0xe2, 0xc7, 0xff,
  0xff, 0xff, 0xff, 0xff, 0x01, 0x00, 0x00, 0x00, 0x00, 0x00, 0x00, 0x00,
  0xc0, 0x00, 0x69, 0xff, 0xff, 0xff, 0xff, 0xff, 0x00, 0x00, 0x00, 0x00,
  0x00, 0x00, 0x00, 0x00, 0x66, 0x71, 0xd3, 0xff, 0xff, 0xff, 0xff, 0xff,
  0x06, 0x00, 0x00, 0x00, 0x00, 0x00, 0x00, 0x00, 0xa0, 0x72, 0xd3, 0xff,
  0xff, 0xff, 0xff, 0xff, 0x06, 0x00, 0x00, 0x00, 0x00, 0x00, 0x00, 0x00,
  0x82, 0x75, 0xd3, 0xff, 0xff, 0xff, 0xff, 0xff, 0x06, 0x00, 0x00, 0x00,
  0x00, 0x00, 0x00, 0x00, 0xca, 0x76, 0xd3, 0xff, 0xff, 0xff, 0xff, 0xff,
  0x09, 0x00, 0x00, 0x00, 0x00, 0x00, 0x00, 0x00, 0x03, 0x78, 0xd3, 0xff,
  0xff, 0xff, 0xff, 0xff, 0x06, 0x00, 0x00, 0x00, 0x00, 0x00, 0x00, 0x00,
  0x72, 0x7b, 0xd3, 0xff, 0xff, 0xff, 0xff, 0xff, 0x02, 0x00, 0x00, 0x00,
  0x00, 0x00, 0x00, 0x00, 0x7e, 0x7b, 0xd3, 0xff, 0xff, 0xff, 0xff, 0xff,
  0x03, 0x00, 0x00, 0x00, 0x00, 0x00, 0x00, 0x00, 0xea, 0x7c, 0xd3, 0xff,
  0xff, 0xff, 0xff, 0xff, 0x06, 0x00, 0x00, 0x00, 0x00, 0x00, 0x00, 0x00,
  0x00, 0x00, 0x00, 0x00, 0x00, 0x00, 0x00, 0x00, 0x00, 0x00, 0x00, 0x00,
  0x00, 0x00, 0x00, 0x00, 0x03, 0x00, 0x00, 0x00, 0x0c, 0x00, 0x00, 0x00,
  0x0c, 0x00, 0x00, 0x00, 0x00, 0x00, 0x00, 0x00, 0xe3, 0x6c, 0x81, 0xff,
  0xff, 0xff, 0xff, 0xff, 0x00, 0x00, 0x00, 0x00, 0x00, 0x00, 0x00, 0x00,
  0x44, 0xe2, 0xc7, 0xff, 0xff, 0xff, 0xff, 0xff, 0x01, 0x00, 0x00, 0x00,
  0x00, 0x00, 0x00, 0x00, 0x84, 0xe2, 0xc7, 0xff, 0xff, 0xff, 0xff, 0xff,
  0x01, 0x00, 0x00, 0x00, 0x00, 0x00, 0x00, 0x00, 0xc0, 0x00, 0x69, 0xff,
  0xff, 0xff, 0xff, 0xff, 0x00, 0x00, 0x00, 0x00, 0x00, 0x00, 0x00, 0x00,
  0x66, 0x71, 0xd3, 0xff, 0xff, 0xff, 0xff, 0xff, 0x06, 0x00, 0x00, 0x00,
  0x00, 0x00, 0x00, 0x00, 0xa0, 0x72, 0xd3, 0xff, 0xff, 0xff, 0xff, 0xff,
  0x06, 0x00, 0x00, 0x00, 0x00, 0x00, 0x00, 0x00, 0x82, 0x75, 0xd3, 0xff,
  0xff, 0xff, 0xff, 0xff, 0x06, 0x00, 0x00, 0x00, 0x00, 0x00, 0x00, 0x00,
  0xca, 0x76, 0xd3, 0xff, 0xff, 0xff, 0xff, 0xff, 0x09, 0x00, 0x00, 0x00,
  0x00, 0x00, 0x00, 0x00, 0x03, 0x78, 0xd3, 0xff, 0xff, 0xff, 0xff, 0xff,
  0x06, 0x00, 0x00, 0x00, 0x00, 0x00, 0x00, 0x00, 0x72, 0x7b, 0xd3, 0xff,
  0xff, 0xff, 0xff, 0xff, 0x02, 0x00, 0x00, 0x00, 0x00, 0x00, 0x00, 0x00,
  0x7e, 0x7b, 0xd3, 0xff, 0xff, 0xff, 0xff, 0xff, 0x03, 0x00, 0x00, 0x00,
  0x00, 0x00, 0x00, 0x00, 0xea, 0x7c, 0xd3, 0xff, 0xff, 0xff, 0xff, 0xff,
  0x06, 0x00, 0x00, 0x00, 0x00, 0x00, 0x00, 0x00, 0x00, 0x00, 0x00, 0x00,
  0x00, 0x00, 0x00, 0x00, 0x00, 0x00, 0x00, 0x00, 0x00, 0x00, 0x00, 0x00,
  0x03, 0x00, 0x00, 0x00, 0x0c, 0x00, 0x00, 0x00, 0x0c, 0x00, 0x00, 0x00,
  0x00, 0x00, 0x00, 0x00, 0xb3, 0xd7, 0x7f, 0xff, 0xff, 0xff, 0xff, 0xff,
  0x00, 0x00, 0x00, 0x00, 0x00, 0x00, 0x00, 0x00, 0x74, 0x75, 0xc7, 0xff,
  0xff, 0xff, 0xff, 0xff, 0x01, 0x00, 0x00, 0x00, 0x00, 0x00, 0x00, 0x00,
  0xb4, 0x75, 0xc7, 0xff, 0xff, 0xff, 0xff, 0xff, 0x01, 0x00, 0x00, 0x00,
  0x00, 0x00, 0x00, 0x00, 0xf0, 0xf4, 0x66, 0xff, 0xff, 0xff, 0xff, 0xff,
  0x00, 0x00, 0x00, 0x00, 0x00, 0x00, 0x00, 0x00, 0x96, 0x2c, 0xd3, 0xff,
  0xff, 0xff, 0xff, 0xff, 0x06, 0x00, 0x00, 0x00, 0x00, 0x00, 0x00, 0x00,
  0xd0, 0x2d, 0xd3, 0xff, 0xff, 0xff, 0xff, 0xff, 0x06, 0x00, 0x00, 0x00,
  0x00, 0x00, 0x00, 0x00, 0xad, 0x30, 0xd3, 0xff, 0xff, 0xff, 0xff, 0xff,
  0x06, 0x00, 0x00, 0x00, 0x00, 0x00, 0x00, 0x00, 0xea, 0x31, 0xd3, 0xff,
  0xff, 0xff, 0xff, 0xff, 0x09, 0x00, 0x00, 0x00, 0x00, 0x00, 0x00, 0x00,
  0x23, 0x33, 0xd3, 0xff, 0xff, 0xff, 0xff, 0xff, 0x06, 0x00, 0x00, 0x00,
  0x00, 0x00, 0x00, 0x00, 0x92, 0x36, 0xd3, 0xff, 0xff, 0xff, 0xff, 0xff,
  0x02, 0x00, 0x00, 0x00, 0x00, 0x00, 0x00, 0x00, 0x9e, 0x36, 0xd3, 0xff,
  0xff, 0xff, 0xff, 0xff, 0x03, 0x00, 0x00, 0x00, 0x00, 0x00, 0x00, 0x00,
  0x0a, 0x38, 0xd3, 0xff, 0xff, 0xff, 0xff, 0xff, 0x06, 0x00, 0x00, 0x00,
  0x00, 0x00, 0x00, 0x00, 0x00, 0x00, 0x00, 0x00, 0x00, 0x00, 0x00, 0x00,
  0x00, 0x00, 0x00, 0x00, 0x00, 0x00, 0x00, 0x00, 0x03, 0x00, 0x00, 0x00,
  0x0c, 0x00, 0x00, 0x00, 0x0c, 0x00, 0x00, 0x00, 0x00, 0x00, 0x00, 0x00,
  0xb3, 0xd7, 0x7f, 0xff, 0xff, 0xff, 0xff, 0xff, 0x00, 0x00, 0x00, 0x00,
  0x00, 0x00, 0x00, 0x00, 0xc4, 0x75, 0xc7, 0xff, 0xff, 0xff, 0xff, 0xff,
  0x01, 0x00, 0x00, 0x00, 0x00, 0x00, 0x00, 0x00, 0x04, 0x76, 0xc7, 0xff,
  0xff, 0xff, 0xff, 0xff, 0x01, 0x00, 0x00, 0x00, 0x00, 0x00, 0x00, 0x00,
  0xf0, 0xf4, 0x66, 0xff, 0xff, 0xff, 0xff, 0xff, 0x00, 0x00, 0x00, 0x00,
  0x00, 0x00, 0x00, 0x00, 0xe6, 0x2c, 0xd3, 0xff, 0xff, 0xff, 0xff, 0xff,
  0x06, 0x00, 0x00, 0x00, 0x00, 0x00, 0x00, 0x00, 0x20, 0x2e, 0xd3, 0xff,
  0xff, 0xff, 0xff, 0xff, 0x06, 0x00, 0x00, 0x00, 0x00, 0x00, 0x00, 0x00,
  0xfd, 0x30, 0xd3, 0xff, 0xff, 0xff, 0xff, 0xff, 0x06, 0x00, 0x00, 0x00,
  0x00, 0x00, 0x00, 0x00, 0x3a, 0x32, 0xd3, 0xff, 0xff, 0xff, 0xff, 0xff,
  0x09, 0x00, 0x00, 0x00, 0x00, 0x00, 0x00, 0x00, 0x73, 0x33, 0xd3, 0xff,
  0xff, 0xff, 0xff, 0xff, 0x06, 0x00, 0x00, 0x00, 0x00, 0x00, 0x00, 0x00,
  0xe2, 0x36, 0xd3, 0xff, 0xff, 0xff, 0xff, 0xff, 0x02, 0x00, 0x00, 0x00,
  0x00, 0x00, 0x00, 0x00, 0xee, 0x36, 0xd3, 0xff, 0xff, 0xff, 0xff, 0xff,
  0x03, 0x00, 0x00, 0x00, 0x00, 0x00, 0x00, 0x00, 0x5a, 0x38, 0xd3, 0xff,
  0xff, 0xff, 0xff, 0xff, 0x06, 0x00, 0x00, 0x00, 0x00, 0x00, 0x00, 0x00,
  0x00, 0x00, 0x00, 0x00, 0x00, 0x00, 0x00, 0x00, 0x00, 0x00, 0x00, 0x00,
  0x00, 0x00, 0x00, 0x00, 0x03, 0x00, 0x00, 0x00, 0x0c, 0x00, 0x00, 0x00,
  0x0e, 0x00, 0x00, 0x00, 0x00, 0x00, 0x00, 0x00, 0xb3, 0xd7, 0x7f, 0xff,
  0xff, 0xff, 0xff, 0xff, 0x00, 0x00, 0x00, 0x00, 0x00, 0x00, 0x00, 0x00,
  0x54, 0x76, 0xc7, 0xff, 0xff, 0xff, 0xff, 0xff, 0x01, 0x00, 0x00, 0x00,
  0x00, 0x00, 0x00, 0x00, 0x94, 0x76, 0xc7, 0xff, 0xff, 0xff, 0xff, 0xff,
  0x01, 0x00, 0x00, 0x00, 0x00, 0x00, 0x00, 0x00, 0xea, 0x38, 0xd3, 0xff,
  0xff, 0xff, 0xff, 0xff, 0x06, 0x00, 0x00, 0x00, 0x00, 0x00, 0x00, 0x00,
  0x76, 0x2d, 0xd3, 0xff, 0xff, 0xff, 0xff, 0xff, 0x06, 0x00, 0x00, 0x00,
  0x00, 0x00, 0x00, 0x00, 0xb0, 0x2e, 0xd3, 0xff, 0xff, 0xff, 0xff, 0xff,
  0x06, 0x00, 0x00, 0x00, 0x00, 0x00, 0x00, 0x00, 0x8d, 0x31, 0xd3, 0xff,
  0xff, 0xff, 0xff, 0xff, 0x06, 0x00, 0x00, 0x00, 0x00, 0x00, 0x00, 0x00,
  0x03, 0x34, 0xd3, 0xff, 0xff, 0xff, 0xff, 0xff, 0x06, 0x00, 0x00, 0x00,
  0x00, 0x00, 0x00, 0x00, 0x72, 0x37, 0xd3, 0xff, 0xff, 0xff, 0xff, 0xff,
  0x02, 0x00, 0x00, 0x00, 0x00, 0x00, 0x00, 0x00, 0x7e, 0x37, 0xd3, 0xff,
  0xff, 0xff, 0xff, 0xff, 0x03, 0x00, 0x00, 0x00, 0x00, 0x00, 0x00, 0x00,
  0xf0, 0xf4, 0x66, 0xff, 0xff, 0xff, 0xff, 0xff, 0x00, 0x00, 0x00, 0x00,
  0x00, 0x00, 0x00, 0x00, 0xca, 0x32, 0xd3, 0xff, 0xff, 0xff, 0xff, 0xff,
  0x09, 0x00, 0x00, 0x00, 0x00, 0x00, 0x00, 0x00, 0xf2, 0x65, 0xb8, 0xff,
  0xff, 0xff, 0xff, 0xff, 0x06, 0x00, 0x00, 0x00, 0x00, 0x00, 0x00, 0x00,
  0xf2, 0x65, 0xb8, 0xff, 0xff, 0xff, 0xff, 0xff, 0x0e, 0x00, 0x00, 0x00,
  0x00, 0x00, 0x00, 0x00, 0x00, 0x00, 0x00, 0x00, 0x00, 0x00, 0x00, 0x00,
  0x00, 0x00, 0x00, 0x00, 0x00, 0x00, 0x00, 0x00, 0x03, 0x00, 0x00, 0x00,
  0x0c, 0x00, 0x00, 0x00, 0x0e, 0x00, 0x00, 0x00, 0x00, 0x00, 0x00, 0x00,
  0xe3, 0xd7, 0x7f, 0xff, 0xff, 0xff, 0xff, 0xff, 0x00, 0x00, 0x00, 0x00,
  0x00, 0x00, 0x00, 0x00, 0xa4, 0x77, 0xc7, 0xff, 0xff, 0xff, 0xff, 0xff,
  0x01, 0x00, 0x00, 0x00, 0x00, 0x00, 0x00, 0x00, 0xe4, 0x77, 0xc7, 0xff,
  0xff, 0xff, 0xff, 0xff, 0x01, 0x00, 0x00, 0x00, 0x00, 0x00, 0x00, 0x00,
  0x9a, 0x3a, 0xd3, 0xff, 0xff, 0xff, 0xff, 0xff, 0x06, 0x00, 0x00, 0x00,
  0x00, 0x00, 0x00, 0x00, 0x26, 0x2f, 0xd3, 0xff, 0xff, 0xff, 0xff, 0xff,
  0x06, 0x00, 0x00, 0x00, 0x00, 0x00, 0x00, 0x00, 0x60, 0x30, 0xd3, 0xff,
  0xff, 0xff, 0xff, 0xff, 0x06, 0x00, 0x00, 0x00, 0x00, 0x00, 0x00, 0x00,
  0x3d, 0x33, 0xd3, 0xff, 0xff, 0xff, 0xff, 0xff, 0x06, 0x00, 0x00, 0x00,
  0x00, 0x00, 0x00, 0x00, 0xb3, 0x35, 0xd3, 0xff, 0xff, 0xff, 0xff, 0xff,
  0x06, 0x00, 0x00, 0x00, 0x00, 0x00, 0x00, 0x00, 0x22, 0x39, 0xd3, 0xff,
  0xff, 0xff, 0xff, 0xff, 0x02, 0x00, 0x00, 0x00, 0x00, 0x00, 0x00, 0x00,
  0x2e, 0x39, 0xd3, 0xff, 0xff, 0xff, 0xff, 0xff, 0x03, 0x00, 0x00, 0x00,
  0x00, 0x00, 0x00, 0x00, 0xf0, 0xf4, 0x66, 0xff, 0xff, 0xff, 0xff, 0xff,
  0x00, 0x00, 0x00, 0x00, 0x00, 0x00, 0x00, 0x00, 0x7a, 0x34, 0xd3, 0xff,
  0xff, 0xff, 0xff, 0xff, 0x09, 0x00, 0x00, 0x00, 0x00, 0x00, 0x00, 0x00,
  0x22, 0x67, 0xb8, 0xff, 0xff, 0xff, 0xff, 0xff, 0x06, 0x00, 0x00, 0x00,
  0x00, 0x00, 0x00, 0x00, 0x22, 0x67, 0xb8, 0xff, 0xff, 0xff, 0xff, 0xff,
  0x0e, 0x00, 0x00, 0x00, 0x00, 0x00, 0x00, 0x00, 0x00, 0x00, 0x00, 0x00,
  0x00, 0x00, 0x00, 0x00, 0x00, 0x00, 0x00, 0x00, 0x00, 0x00, 0x00, 0x00,
  0x03, 0x00, 0x00, 0x00, 0x0c, 0x00, 0x00, 0x00, 0x0e, 0x00, 0x00, 0x00,
  0x00, 0x00, 0x00, 0x00, 0xe3, 0xd7, 0x7f, 0xff, 0xff, 0xff, 0xff, 0xff,
  0x00, 0x00, 0x00, 0x00, 0x00, 0x00, 0x00, 0x00, 0x44, 0x7b, 0xc7, 0xff,
  0xff, 0xff, 0xff, 0xff, 0x01, 0x00, 0x00, 0x00, 0x00, 0x00, 0x00, 0x00,
  0x84, 0x7b, 0xc7, 0xff, 0xff, 0xff, 0xff, 0xff, 0x01, 0x00, 0x00, 0x00,
  0x00, 0x00, 0x00, 0x00, 0x3a, 0x3e, 0xd3, 0xff, 0xff, 0xff, 0xff, 0xff,
  0x06, 0x00, 0x00, 0x00, 0x00, 0x00, 0x00, 0x00, 0xc6, 0x32, 0xd3, 0xff,
  0xff, 0xff, 0xff, 0xff, 0x06, 0x00, 0x00, 0x00, 0x00, 0x00, 0x00, 0x00,
  0x00, 0x34, 0xd3, 0xff, 0xff, 0xff, 0xff, 0xff, 0x06, 0x00, 0x00, 0x00,
  0x00, 0x00, 0x00, 0x00, 0xdd, 0x36, 0xd3, 0xff, 0xff, 0xff, 0xff, 0xff,
  0x06, 0x00, 0x00, 0x00, 0x00, 0x00, 0x00, 0x00, 0x53, 0x39, 0xd3, 0xff,
  0xff, 0xff, 0xff, 0xff, 0x06, 0x00, 0x00, 0x00, 0x00, 0x00, 0x00, 0x00,
  0xc2, 0x3c, 0xd3, 0xff, 0xff, 0xff, 0xff, 0xff, 0x02, 0x00, 0x00, 0x00,
  0x00, 0x00, 0x00, 0x00, 0xce, 0x3c, 0xd3, 0xff, 0xff, 0xff, 0xff, 0xff,
  0x03, 0x00, 0x00, 0x00, 0x00, 0x00, 0x00, 0x00, 0xf0, 0xf4, 0x66, 0xff,
  0xff, 0xff, 0xff, 0xff, 0x00, 0x00, 0x00, 0x00, 0x00, 0x00, 0x00, 0x00,
  0x1a, 0x38, 0xd3, 0xff, 0xff, 0xff, 0xff, 0xff, 0x09, 0x00, 0x00, 0x00,
  0x00, 0x00, 0x00, 0x00, 0xc2, 0x6a, 0xb8, 0xff, 0xff, 0xff, 0xff, 0xff,
  0x06, 0x00, 0x00, 0x00, 0x00, 0x00, 0x00, 0x00, 0xc2, 0x6a, 0xb8, 0xff,
  0xff, 0xff, 0xff, 0xff, 0x0e, 0x00, 0x00, 0x00, 0x00, 0x00, 0x00, 0x00,
  0x00, 0x00, 0x00, 0x00, 0x00, 0x00, 0x00, 0x00, 0x00, 0x00, 0x00, 0x00,
  0x00, 0x00, 0x00, 0x00, 0x03, 0x00, 0x00, 0x00, 0x0c, 0x00, 0x00, 0x00,
  0x0e, 0x00, 0x00, 0x00, 0x00, 0x00, 0x00, 0x00, 0xc4, 0xa2, 0x7c, 0xff,
  0xff, 0xff, 0xff, 0xff, 0x0c, 0x00, 0x00, 0x00, 0x00, 0x00, 0x00, 0x00,
  0x14, 0x4f, 0xc6, 0xff, 0xff, 0xff, 0xff, 0xff, 0x01, 0x00, 0x00, 0x00,
  0x00, 0x00, 0x00, 0x00, 0x54, 0x4f, 0xc6, 0xff, 0xff, 0xff, 0xff, 0xff,
  0x01, 0x00, 0x00, 0x00, 0x00, 0x00, 0x00, 0x00, 0xaa, 0x2e, 0xd2, 0xff,
  0xff, 0xff, 0xff, 0xff, 0x06, 0x00, 0x00, 0x00, 0x00, 0x00, 0x00, 0x00,
  0x56, 0x23, 0xd2, 0xff, 0xff, 0xff, 0xff, 0xff, 0x06, 0x00, 0x00, 0x00,
  0x00, 0x00, 0x00, 0x00, 0x90, 0x24, 0xd2, 0xff, 0xff, 0xff, 0xff, 0xff,
  0x06, 0x00, 0x00, 0x00, 0x00, 0x00, 0x00, 0x00, 0x2d, 0x27, 0xd2, 0xff,
  0xff, 0xff, 0xff, 0xff, 0x06, 0x00, 0x00, 0x00, 0x00, 0x00, 0x00, 0x00,
  0x13, 0x2a, 0xd2, 0xff, 0xff, 0xff, 0xff, 0xff, 0x06, 0x00, 0x00, 0x00,
  0x00, 0x00, 0x00, 0x00, 0x32, 0x2d, 0xd2, 0xff, 0xff, 0xff, 0xff, 0xff,
  0x02, 0x00, 0x00, 0x00, 0x00, 0x00, 0x00, 0x00, 0x3e, 0x2d, 0xd2, 0xff,
  0xff, 0xff, 0xff, 0xff, 0x03, 0x00, 0x00, 0x00, 0x00, 0x00, 0x00, 0x00,
  0xb0, 0x9d, 0x63, 0xff, 0xff, 0xff, 0xff, 0xff, 0x00, 0x00, 0x00, 0x00,
  0x00, 0x00, 0x00, 0x00, 0xda, 0x28, 0xd2, 0xff, 0xff, 0xff, 0xff, 0xff,
  0x09, 0x00, 0x00, 0x00, 0x00, 0x00, 0x00, 0x00, 0xd2, 0x42, 0xb7, 0xff,
  0xff, 0xff, 0xff, 0xff, 0x06, 0x00, 0x00, 0x00, 0x00, 0x00, 0x00, 0x00,
  0xd2, 0x42, 0xb7, 0xff, 0xff, 0xff, 0xff, 0xff, 0x0e, 0x00, 0x00, 0x00,
  0x00, 0x00, 0x00, 0x00, 0x00, 0x00, 0x00, 0x00, 0x00, 0x00, 0x00, 0x00,
  0x00, 0x00, 0x00, 0x00, 0x00, 0x00, 0x00, 0x00, 0x03, 0x00, 0x00, 0x00,
  0x0c, 0x00, 0x00, 0x00, 0x0e, 0x00, 0x00, 0x00, 0x00, 0x00, 0x00, 0x00,
  0xc4, 0xa2, 0x7c, 0xff, 0xff, 0xff, 0xff, 0xff, 0x0c, 0x00, 0x00, 0x00,
  0x00, 0x00, 0x00, 0x00, 0x14, 0x4f, 0xc6, 0xff, 0xff, 0xff, 0xff, 0xff,
  0x01, 0x00, 0x00, 0x00, 0x00, 0x00, 0x00, 0x00, 0x54, 0x4f, 0xc6, 0xff,
  0xff, 0xff, 0xff, 0xff, 0x01, 0x00, 0x00, 0x00, 0x00, 0x00, 0x00, 0x00,
  0xaa, 0x2e, 0xd2, 0xff, 0xff, 0xff, 0xff, 0xff, 0x06, 0x00, 0x00, 0x00,
  0x00, 0x00, 0x00, 0x00, 0x56, 0x23, 0xd2, 0xff, 0xff, 0xff, 0xff, 0xff,
  0x06, 0x00, 0x00, 0x00, 0x00, 0x00, 0x00, 0x00, 0x90, 0x24, 0xd2, 0xff,
  0xff, 0xff, 0xff, 0xff, 0x06, 0x00, 0x00, 0x00, 0x00, 0x00, 0x00, 0x00,
  0x2d, 0x27, 0xd2, 0xff, 0xff, 0xff, 0xff, 0xff, 0x06, 0x00, 0x00, 0x00,
  0x00, 0x00, 0x00, 0x00, 0x13, 0x2a, 0xd2, 0xff, 0xff, 0xff, 0xff, 0xff,
  0x06, 0x00, 0x00, 0x00, 0x00, 0x00, 0x00, 0x00, 0x32, 0x2d, 0xd2, 0xff,
  0xff, 0xff, 0xff, 0xff, 0x02, 0x00, 0x00, 0x00, 0x00, 0x00, 0x00, 0x00,
  0x3e, 0x2d, 0xd2, 0xff, 0xff, 0xff, 0xff, 0xff, 0x03, 0x00, 0x00, 0x00,
  0x00, 0x00, 0x00, 0x00, 0xb0, 0x9d, 0x63, 0xff, 0xff, 0xff, 0xff, 0xff,
  0x00, 0x00, 0x00, 0x00, 0x00, 0x00, 0x00, 0x00, 0xda, 0x28, 0xd2, 0xff,
  0xff, 0xff, 0xff, 0xff, 0x09, 0x00, 0x00, 0x00, 0x00, 0x00, 0x00, 0x00,
  0xd2, 0x42, 0xb7, 0xff, 0xff, 0xff, 0xff, 0xff, 0x06, 0x00, 0x00, 0x00,
  0x00, 0x00, 0x00, 0x00, 0xd2, 0x42, 0xb7, 0xff, 0xff, 0xff, 0xff, 0xff,
  0x0e, 0x00, 0x00, 0x00, 0x00, 0x00, 0x00, 0x00, 0x00, 0x00, 0x00, 0x00,
  0x00, 0x00, 0x00, 0x00, 0x00, 0x00, 0x00, 0x00, 0x00, 0x00, 0x00, 0x00,
  0x03, 0x00, 0x00, 0x00, 0x0c, 0x00, 0x00, 0x00, 0x0e, 0x00, 0x00, 0x00,
  0x00, 0x00, 0x00, 0x00, 0xc4, 0xa2, 0x7c, 0xff, 0xff, 0xff, 0xff, 0xff,
  0x0c, 0x00, 0x00, 0x00, 0x00, 0x00, 0x00, 0x00, 0xe4, 0x50, 0xc6, 0xff,
  0xff, 0xff, 0xff, 0xff, 0x01, 0x00, 0x00, 0x00, 0x00, 0x00, 0x00, 0x00,
  0x24, 0x51, 0xc6, 0xff, 0xff, 0xff, 0xff, 0xff, 0x01, 0x00, 0x00, 0x00,
  0x00, 0x00, 0x00, 0x00, 0xfa, 0x30, 0xd2, 0xff, 0xff, 0xff, 0xff, 0xff,
  0x06, 0x00, 0x00, 0x00, 0x00, 0x00, 0x00, 0x00, 0xa6, 0x25, 0xd2, 0xff,
  0xff, 0xff, 0xff, 0xff, 0x06, 0x00, 0x00, 0x00, 0x00, 0x00, 0x00, 0x00,
  0xe0, 0x26, 0xd2, 0xff, 0xff, 0xff, 0xff, 0xff, 0x06, 0x00, 0x00, 0x00,
  0x00, 0x00, 0x00, 0x00, 0x7d, 0x29, 0xd2, 0xff, 0xff, 0xff, 0xff, 0xff,
  0x06, 0x00, 0x00, 0x00, 0x00, 0x00, 0x00, 0x00, 0x63, 0x2c, 0xd2, 0xff,
  0xff, 0xff, 0xff, 0xff, 0x06, 0x00, 0x00, 0x00, 0x00, 0x00, 0x00, 0x00,
  0x82, 0x2f, 0xd2, 0xff, 0xff, 0xff, 0xff, 0xff, 0x02, 0x00, 0x00, 0x00,
  0x00, 0x00, 0x00, 0x00, 0x8e, 0x2f, 0xd2, 0xff, 0xff, 0xff, 0xff, 0xff,
  0x03, 0x00, 0x00, 0x00, 0x00, 0x00, 0x00, 0x00, 0xb0, 0x9d, 0x63, 0xff,
  0xff, 0xff, 0xff, 0xff, 0x00, 0x00, 0x00, 0x00, 0x00, 0x00, 0x00, 0x00,
  0x2a, 0x2b, 0xd2, 0xff, 0xff, 0xff, 0xff, 0xff, 0x09, 0x00, 0x00, 0x00,
  0x00, 0x00, 0x00, 0x00, 0xa2, 0x44, 0xb7, 0xff, 0xff, 0xff, 0xff, 0xff,
  0x06, 0x00, 0x00, 0x00, 0x00, 0x00, 0x00, 0x00, 0xa2, 0x44, 0xb7, 0xff,
  0xff, 0xff, 0xff, 0xff, 0x0e, 0x00, 0x00, 0x00, 0x00, 0x00, 0x00, 0x00,
  0x00, 0x00, 0x00, 0x00, 0x00, 0x00, 0x00, 0x00, 0x00, 0x00, 0x00, 0x00,
  0x00, 0x00, 0x00, 0x00, 0x03, 0x00, 0x00, 0x00, 0x0c, 0x00, 0x00, 0x00,
  0x0e, 0x00, 0x00, 0x00, 0x00, 0x00, 0x00, 0x00, 0x74, 0xa3, 0x7c, 0xff,
  0xff, 0xff, 0xff, 0xff, 0x0c, 0x00, 0x00, 0x00, 0x00, 0x00, 0x00, 0x00,
  0xd4, 0x5e, 0xc6, 0xff, 0xff, 0xff, 0xff, 0xff, 0x01, 0x00, 0x00, 0x00,
  0x00, 0x00, 0x00, 0x00, 0x14, 0x5f, 0xc6, 0xff, 0xff, 0xff, 0xff, 0xff,
  0x01, 0x00, 0x00, 0x00, 0x00, 0x00, 0x00, 0x00, 0xea, 0x3e, 0xd2, 0xff,
  0xff, 0xff, 0xff, 0xff, 0x06, 0x00, 0x00, 0x00, 0x00, 0x00, 0x00, 0x00,
  0x96, 0x33, 0xd2, 0xff, 0xff, 0xff, 0xff, 0xff, 0x06, 0x00, 0x00, 0x00,
  0x00, 0x00, 0x00, 0x00, 0xd0, 0x34, 0xd2, 0xff, 0xff, 0xff, 0xff, 0xff,
  0x06, 0x00, 0x00, 0x00, 0x00, 0x00, 0x00, 0x00, 0x6d, 0x37, 0xd2, 0xff,
  0xff, 0xff, 0xff, 0xff, 0x06, 0x00, 0x00, 0x00, 0x00, 0x00, 0x00, 0x00,
  0x53, 0x3a, 0xd2, 0xff, 0xff, 0xff, 0xff, 0xff, 0x06, 0x00, 0x00, 0x00,
  0x00, 0x00, 0x00, 0x00, 0x72, 0x3d, 0xd2, 0xff, 0xff, 0xff, 0xff, 0xff,
  0x02, 0x00, 0x00, 0x00, 0x00, 0x00, 0x00, 0x00, 0x7e, 0x3d, 0xd2, 0xff,
  0xff, 0xff, 0xff, 0xff, 0x03, 0x00, 0x00, 0x00, 0x00, 0x00, 0x00, 0x00,
  0x70, 0x9d, 0x63, 0xff, 0xff, 0xff, 0xff, 0xff, 0x00, 0x00, 0x00, 0x00,
  0x00, 0x00, 0x00, 0x00, 0x1a, 0x39, 0xd2, 0xff, 0xff, 0xff, 0xff, 0xff,
  0x09, 0x00, 0x00, 0x00, 0x00, 0x00, 0x00, 0x00, 0x92, 0x52, 0xb7, 0xff,
  0xff, 0xff, 0xff, 0xff, 0x06, 0x00, 0x00, 0x00, 0x00, 0x00, 0x00, 0x00,
  0x92, 0x52, 0xb7, 0xff, 0xff, 0xff, 0xff, 0xff, 0x0e, 0x00, 0x00, 0x00,
  0x00, 0x00, 0x00, 0x00, 0x00, 0x00, 0x00, 0x00, 0x00, 0x00, 0x00, 0x00,
  0x00, 0x00, 0x00, 0x00, 0x00, 0x00, 0x00, 0x00, 0x03, 0x00, 0x00, 0x00,
  0x0c, 0x00, 0x00, 0x00, 0x0e, 0x00, 0x00, 0x00, 0x00, 0x00, 0x00, 0x00,
  0x54, 0xb0, 0x7b, 0xff, 0xff, 0xff, 0xff, 0xff, 0x0c, 0x00, 0x00, 0x00,
  0x00, 0x00, 0x00, 0x00, 0xd4, 0x46, 0xc6, 0xff, 0xff, 0xff, 0xff, 0xff,
  0x01, 0x00, 0x00, 0x00, 0x00, 0x00, 0x00, 0x00, 0x14, 0x47, 0xc6, 0xff,
  0xff, 0xff, 0xff, 0xff, 0x01, 0x00, 0x00, 0x00, 0x00, 0x00, 0x00, 0x00,
  0xea, 0x5f, 0xd2, 0xff, 0xff, 0xff, 0xff, 0xff, 0x06, 0x00, 0x00, 0x00,
  0x00, 0x00, 0x00, 0x00, 0x96, 0x54, 0xd2, 0xff, 0xff, 0xff, 0xff, 0xff,
  0x06, 0x00, 0x00, 0x00, 0x00, 0x00, 0x00, 0x00, 0xd0, 0x55, 0xd2, 0xff,
  0xff, 0xff, 0xff, 0xff, 0x06, 0x00, 0x00, 0x00, 0x00, 0x00, 0x00, 0x00,
  0x6d, 0x58, 0xd2, 0xff, 0xff, 0xff, 0xff, 0xff, 0x06, 0x00, 0x00, 0x00,
  0x00, 0x00, 0x00, 0x00, 0x53, 0x5b, 0xd2, 0xff, 0xff, 0xff, 0xff, 0xff,
  0x06, 0x00, 0x00, 0x00, 0x00, 0x00, 0x00, 0x00, 0x72, 0x5e, 0xd2, 0xff,
  0xff, 0xff, 0xff, 0xff, 0x02, 0x00, 0x00, 0x00, 0x00, 0x00, 0x00, 0x00,
  0x7e, 0x5e, 0xd2, 0xff, 0xff, 0xff, 0xff, 0xff, 0x03, 0x00, 0x00, 0x00,
  0x00, 0x00, 0x00, 0x00, 0x30, 0x35, 0x62, 0xff, 0xff, 0xff, 0xff, 0xff,
  0x00, 0x00, 0x00, 0x00, 0x00, 0x00, 0x00, 0x00, 0x1a, 0x5a, 0xd2, 0xff,
  0xff, 0xff, 0xff, 0xff, 0x09, 0x00, 0x00, 0x00, 0x00, 0x00, 0x00, 0x00,
  0xf2, 0x02, 0xb7, 0xff, 0xff, 0xff, 0xff, 0xff, 0x06, 0x00, 0x00, 0x00,
  0x00, 0x00, 0x00, 0x00, 0xf2, 0x02, 0xb7, 0xff, 0xff, 0xff, 0xff, 0xff,
  0x0e, 0x00, 0x00, 0x00, 0x00, 0x00, 0x00, 0x00, 0x00, 0x00, 0x00, 0x00,
  0x00, 0x00, 0x00, 0x00, 0x00, 0x00, 0x00, 0x00, 0x00, 0x00, 0x00, 0x00,
  0x03, 0x00, 0x00, 0x00, 0x0c, 0x00, 0x00, 0x00, 0x0e, 0x00, 0x00, 0x00,
  0x00, 0x00, 0x00, 0x00, 0x24, 0x88, 0x7c, 0xff, 0xff, 0xff, 0xff, 0xff,
  0x0c, 0x00, 0x00, 0x00, 0x00, 0x00, 0x00, 0x00, 0x34, 0xc4, 0xc5, 0xff,
  0xff, 0xff, 0xff, 0xff, 0x01, 0x00, 0x00, 0x00, 0x00, 0x00, 0x00, 0x00,
  0x74, 0xc4, 0xc5, 0xff, 0xff, 0xff, 0xff, 0xff, 0x01, 0x00, 0x00, 0x00,
  0x00, 0x00, 0x00, 0x00, 0x7a, 0xd5, 0xd1, 0xff, 0xff, 0xff, 0xff, 0xff,
  0x06, 0x00, 0x00, 0x00, 0x00, 0x00, 0x00, 0x00, 0x46, 0xca, 0xd1, 0xff,
  0xff, 0xff, 0xff, 0xff, 0x06, 0x00, 0x00, 0x00, 0x00, 0x00, 0x00, 0x00,
  0x80, 0xcb, 0xd1, 0xff, 0xff, 0xff, 0xff, 0xff, 0x06, 0x00, 0x00, 0x00,
  0x00, 0x00, 0x00, 0x00, 0x15, 0xce, 0xd1, 0xff, 0xff, 0xff, 0xff, 0xff,
  0x06, 0x00, 0x00, 0x00, 0x00, 0x00, 0x00, 0x00, 0xe3, 0xd0, 0xd1, 0xff,
  0xff, 0xff, 0xff, 0xff, 0x06, 0x00, 0x00, 0x00, 0x00, 0x00, 0x00, 0x00,
  0x02, 0xd4, 0xd1, 0xff, 0xff, 0xff, 0xff, 0xff, 0x02, 0x00, 0x00, 0x00,
  0x00, 0x00, 0x00, 0x00, 0x0e, 0xd4, 0xd1, 0xff, 0xff, 0xff, 0xff, 0xff,
  0x03, 0x00, 0x00, 0x00, 0x00, 0x00, 0x00, 0x00, 0x74, 0x35, 0x63, 0xff,
  0xff, 0xff, 0xff, 0xff, 0x00, 0x00, 0x00, 0x00, 0x00, 0x00, 0x00, 0x00,
  0xaa, 0xcf, 0xd1, 0xff, 0xff, 0xff, 0xff, 0xff, 0x09, 0x00, 0x00, 0x00,
  0x00, 0x00, 0x00, 0x00, 0x92, 0xeb, 0xb6, 0xff, 0xff, 0xff, 0xff, 0xff,
  0x06, 0x00, 0x00, 0x00, 0x00, 0x00, 0x00, 0x00, 0x92, 0xeb, 0xb6, 0xff,
  0xff, 0xff, 0xff, 0xff, 0x0e, 0x00, 0x00, 0x00, 0x00, 0x00, 0x00, 0x00,
  0x00, 0x00, 0x00, 0x00, 0x00, 0x00, 0x00, 0x00, 0x00, 0x00, 0x00, 0x00,
  0x00, 0x00, 0x00, 0x00, 0x00, 0x00, 0x00, 0x00, 0x00, 0x00, 0x00, 0x00,
  0x00, 0x00, 0x00, 0x00, 0x00, 0x00, 0x00, 0x00, 0x00, 0x00, 0x00, 0x00,
  0x00, 0x00, 0x00, 0x00, 0x00, 0x00, 0x00, 0x00, 0x00, 0x00, 0x00, 0x00,
  0x00, 0x00, 0x00, 0x00, 0x00, 0x00, 0x00, 0x00, 0x00, 0x00, 0x00, 0x00,
  0x00, 0x00, 0x00, 0x00, 0x00, 0x00, 0x00, 0x00, 0x00, 0x00, 0x00, 0x00,
  0x00, 0x00, 0x00, 0x00, 0x00, 0x00, 0x00, 0x00, 0x00, 0x00, 0x00, 0x00,
  0x00, 0x00, 0x00, 0x00, 0x00, 0x00, 0x00, 0x00, 0x00, 0x00, 0x00, 0x00,
  0x00, 0x00, 0x00, 0x00, 0x00, 0x00, 0x00, 0x00, 0x00, 0x00, 0x00, 0x00,
  0x00, 0x00, 0x00, 0x00, 0x00, 0x00, 0x00, 0x00, 0x00, 0x00, 0x00, 0x00,
  0x00, 0x00, 0x00, 0x00, 0x00, 0x00, 0x00, 0x00, 0x00, 0x00, 0x00, 0x00,
  0x00, 0x00, 0x00, 0x00, 0x00, 0x00, 0x00, 0x00, 0x00, 0x00, 0x00, 0x00,
  0x00, 0x00, 0x00, 0x00, 0x00, 0x00, 0x00, 0x00, 0x00, 0x00, 0x00, 0x00,
  0x00, 0x00, 0x00, 0x00, 0x00, 0x00, 0x00, 0x00, 0x00, 0x00, 0x00, 0x00,
  0x00, 0x00, 0x00, 0x00, 0x00, 0x00, 0x00, 0x00, 0x00, 0x00, 0x00, 0x00,
  0x00, 0x00, 0x00, 0x00, 0x00, 0x00, 0x00, 0x00, 0x00, 0x00, 0x00, 0x00,
  0x00, 0x00, 0x00, 0x00, 0x00, 0x00, 0x00, 0x00, 0x00, 0x00, 0x00, 0x00,
  0x00, 0x00, 0x00, 0x00, 0x00, 0x00, 0x00, 0x00, 0x00, 0x00, 0x00, 0x00,
  0x00, 0x00, 0x00, 0x00, 0x00, 0x00, 0x00, 0x00, 0x00, 0x00, 0x00, 0x00,
  0x00, 0x00, 0x00, 0x00, 0x00, 0x00, 0x00, 0x00, 0x00, 0x00, 0x00, 0x00,
  0x00, 0x00, 0x00, 0x00, 0x00, 0x00, 0x00, 0x00, 0x00, 0x00, 0x00, 0x00,
  0x00, 0x00, 0x00, 0x00, 0x00, 0x00, 0x00, 0x00, 0x00, 0x00, 0x00, 0x00,
  0x00, 0x00, 0x00, 0x00, 0x00, 0x00, 0x00, 0x00, 0x00, 0x00, 0x00, 0x00,
  0x00, 0x00, 0x00, 0x00, 0x00, 0x00, 0x00, 0x00, 0x00, 0x00, 0x00, 0x00,
  0x00, 0x00, 0x00, 0x00, 0x00, 0x00, 0x00, 0x00, 0x00, 0x00, 0x00, 0x00,
  0x00, 0x00, 0x00, 0x00, 0x00, 0x00, 0x00, 0x00, 0x00, 0x00, 0x00, 0x00,
  0x00, 0x00, 0x00, 0x00, 0x00, 0x00, 0x00, 0x00, 0x00, 0x00, 0x00, 0x00,
  0x00, 0x00, 0x00, 0x00, 0x00, 0x00, 0x00, 0x00, 0x00, 0x00, 0x00, 0x00,
  0x00, 0x00, 0x00, 0x00, 0x00, 0x00, 0x00, 0x00, 0x00, 0x00, 0x00, 0x00,
  0x00, 0x00, 0x00, 0x00, 0x00, 0x00, 0x00, 0x00, 0x00, 0x00, 0x00, 0x00,
  0x00, 0x00, 0x00, 0x00, 0x00, 0x00, 0x00, 0x00, 0x00, 0x00, 0x00, 0x00,
  0x00, 0x00, 0x00, 0x00, 0x00, 0x00, 0x00, 0x00, 0x00, 0x00, 0x00, 0x00,
  0x00, 0x00, 0x00, 0x00, 0x00, 0x00, 0x00, 0x00, 0x00, 0x00, 0x00, 0x00,
  0x00, 0x00, 0x00, 0x00, 0x00, 0x00, 0x00, 0x00, 0x00, 0x00, 0x00, 0x00,
  0x00, 0x00, 0x00, 0x00, 0x00, 0x00, 0x00, 0x00, 0x00, 0x00, 0x00, 0x00,
  0x00, 0x00, 0x00, 0x00, 0x00, 0x00, 0x00, 0x00, 0x00, 0x00, 0x00, 0x00,
  0x00, 0x00, 0x00, 0x00, 0x00, 0x00, 0x00, 0x00, 0x00, 0x00, 0x00, 0x00,
  0x00, 0x00, 0x00, 0x00, 0x00, 0x00, 0x00, 0x00, 0x00, 0x00, 0x00, 0x00,
  0x00, 0x00, 0x00, 0x00, 0x00, 0x00, 0x00, 0x00, 0x00, 0x00, 0x00, 0x00,
  0x00, 0x00, 0x00, 0x00, 0x00, 0x00, 0x00, 0x00, 0x00, 0x00, 0x00, 0x00,
  0x00, 0x00, 0x00, 0x00, 0x00, 0x00, 0x00, 0x00, 0x00, 0x00, 0x00, 0x00,
  0x00, 0x00, 0x00, 0x00, 0x00, 0x00, 0x00, 0x00, 0x00, 0x00, 0x00, 0x00,
  0x00, 0x00, 0x00, 0x00, 0x00, 0x00, 0x00, 0x00, 0x00, 0x00, 0x00, 0x00,
  0x00, 0x00, 0x00, 0x00, 0x00, 0x00, 0x00, 0x00, 0x00, 0x00, 0x00, 0x00,
  0x00, 0x00, 0x00, 0x00, 0x00, 0x00, 0x00, 0x00, 0x00, 0x00, 0x00, 0x00,
  0x00, 0x00, 0x00, 0x00, 0x00, 0x00, 0x00, 0x00, 0x00, 0x00, 0x00, 0x00,
  0x00, 0x00, 0x00, 0x00, 0x00, 0x00, 0x00, 0x00, 0x00, 0x00, 0x00, 0x00,
  0x00, 0x00, 0x00, 0x00, 0x00, 0x00, 0x00, 0x00, 0x00, 0x00, 0x00, 0x00,
  0x00, 0x00, 0x00, 0x00, 0x00, 0x00, 0x00, 0x00, 0x00, 0x00, 0x00, 0x00,
  0x00, 0x00, 0x00, 0x00, 0x00, 0x00, 0x00, 0x00, 0x00, 0x00, 0x00, 0x00,
  0x00, 0x00, 0x00, 0x00, 0x00, 0x00, 0x00, 0x00, 0x00, 0x00, 0x00, 0x00,
  0x00, 0x00, 0x00, 0x00, 0x00, 0x00, 0x00, 0x00, 0x00, 0x00, 0x00, 0x00,
  0x00, 0x00, 0x00, 0x00, 0x00, 0x00, 0x00, 0x00, 0x00, 0x00, 0x00, 0x00,
  0x00, 0x00, 0x00, 0x00, 0x00, 0x00, 0x00, 0x00, 0x00, 0x00, 0x00, 0x00,
  0x00, 0x00, 0x00, 0x00, 0x00, 0x00, 0x00, 0x00, 0x00, 0x00, 0x00, 0x00,
  0x00, 0x00, 0x00, 0x00, 0x00, 0x00, 0x00, 0x00, 0x00, 0x00, 0x00, 0x00,
  0x00, 0x00, 0x00, 0x00, 0x00, 0x00, 0x00, 0x00, 0x00, 0x00, 0x00, 0x00,
  0x00, 0x00, 0x00, 0x00, 0x00, 0x00, 0x00, 0x00, 0x00, 0x00, 0x00, 0x00,
  0x00, 0x00, 0x00, 0x00, 0x00, 0x00, 0x00, 0x00, 0x00, 0x00, 0x00, 0x00,
  0x00, 0x00, 0x00, 0x00, 0x00, 0x00, 0x00, 0x00, 0x00, 0x00, 0x00, 0x00,
  0x00, 0x00, 0x00, 0x00, 0x00, 0x00, 0x00, 0x00, 0x00, 0x00, 0x00, 0x00,
  0x00, 0x00, 0x00, 0x00, 0x00, 0x00, 0x00, 0x00, 0x00, 0x00, 0x00, 0x00,
  0x00, 0x00, 0x00, 0x00, 0x00, 0x00, 0x00, 0x00, 0x00, 0x00, 0x00, 0x00,
  0x00, 0x00, 0x00, 0x00, 0x00, 0x00, 0x00, 0x00, 0x00, 0x00, 0x00, 0x00,
  0x00, 0x00, 0x00, 0x00, 0x00, 0x00, 0x00, 0x00, 0x00, 0x00, 0x00, 0x00,
  0x00, 0x00, 0x00, 0x00, 0x00, 0x00, 0x00, 0x00, 0x00, 0x00, 0x00, 0x00,
  0x00, 0x00, 0x00, 0x00, 0x00, 0x00, 0x00, 0x00, 0x00, 0x00, 0x00, 0x00,
  0x00, 0x00, 0x00, 0x00, 0x00, 0x00, 0x00, 0x00, 0x00, 0x00, 0x00, 0x00,
  0x00, 0x00, 0x00, 0x00, 0x00, 0x00, 0x00, 0x00, 0x00, 0x00, 0x00, 0x00,
  0x00, 0x00, 0x00, 0x00, 0x00, 0x00, 0x00, 0x00, 0x00, 0x00, 0x00, 0x00,
  0x00, 0x00, 0x00, 0x00, 0x00, 0x00, 0x00, 0x00, 0x00, 0x00, 0x00, 0x00,
  0x00, 0x00, 0x00, 0x00, 0x00, 0x00, 0x00, 0x00, 0x00, 0x00, 0x00, 0x00,
  0x00, 0x00, 0x00, 0x00, 0x00, 0x00, 0x00, 0x00, 0x00, 0x00, 0x00, 0x00,
  0x00, 0x00, 0x00, 0x00, 0x00, 0x00, 0x00, 0x00, 0x00, 0x00, 0x00, 0x00,
  0x00, 0x00, 0x00, 0x00, 0x00, 0x00, 0x00, 0x00, 0x00, 0x00, 0x00, 0x00,
  0x00, 0x00, 0x00, 0x00, 0x00, 0x00, 0x00, 0x00, 0x00, 0x00, 0x00, 0x00,
  0x00, 0x00, 0x00, 0x00, 0x00, 0x00, 0x00, 0x00, 0x00, 0x00, 0x00, 0x00,
  0x00, 0x00, 0x00, 0x00, 0x00, 0x00, 0x00, 0x00, 0x00, 0x00, 0x00, 0x00,
  0x00, 0x00, 0x00, 0x00, 0x00, 0x00, 0x00, 0x00, 0x00, 0x00, 0x00, 0x00,
  0x00, 0x00, 0x00, 0x00, 0x00, 0x00, 0x00, 0x00, 0x00, 0x00, 0x00, 0x00,
  0x00, 0x00, 0x00, 0x00, 0x00, 0x00, 0x00, 0x00, 0x00, 0x00, 0x00, 0x00,
  0x00, 0x00, 0x00, 0x00, 0x00, 0x00, 0x00, 0x00, 0x00, 0x00, 0x00, 0x00,
  0x00, 0x00, 0x00, 0x00, 0x00, 0x00, 0x00, 0x00, 0x00, 0x00, 0x00, 0x00,
  0x00, 0x00, 0x00, 0x00, 0x00, 0x00, 0x00, 0x00, 0x00, 0x00, 0x00, 0x00,
  0x00, 0x00, 0x00, 0x00, 0x00, 0x00, 0x00, 0x00, 0x00, 0x00, 0x00, 0x00,
  0x00, 0x00, 0x00, 0x00, 0x00, 0x00, 0x00, 0x00, 0x00, 0x00, 0x00, 0x00,
  0x00, 0x00, 0x00, 0x00, 0x00, 0x00, 0x00, 0x00, 0x00, 0x00, 0x00, 0x00,
  0x00, 0x00, 0x00, 0x00, 0x00, 0x00, 0x00, 0x00, 0x00, 0x00, 0x00, 0x00,
  0x00, 0x00, 0x00, 0x00, 0x00, 0x00, 0x00, 0x00, 0x00, 0x00, 0x00, 0x00,
  0x00, 0x00, 0x00, 0x00, 0x00, 0x00, 0x00, 0x00, 0x00, 0x00, 0x00, 0x00,
  0x00, 0x00, 0x00, 0x00, 0x00, 0x00, 0x00, 0x00, 0x00, 0x00, 0x00, 0x00,
  0x00, 0x00, 0x00, 0x00, 0x00, 0x00, 0x00, 0x00, 0x00, 0x00, 0x00, 0x00,
  0x00, 0x00, 0x00, 0x00, 0x00, 0x00, 0x00, 0x00, 0x00, 0x00, 0x00, 0x00,
  0x00, 0x00, 0x00, 0x00, 0x00, 0x00, 0x00, 0x00, 0x00, 0x00, 0x00, 0x00,
  0x00, 0x00, 0x00, 0x00, 0x00, 0x00, 0x00, 0x00, 0x00, 0x00, 0x00, 0x00,
  0x00, 0x00, 0x00, 0x00, 0x00, 0x00, 0x00, 0x00, 0x00, 0x00, 0x00, 0x00,
  0x00, 0x00, 0x00, 0x00, 0x00, 0x00, 0x00, 0x00, 0x00, 0x00, 0x00, 0x00,
  0x00, 0x00, 0x00, 0x00, 0x00, 0x00, 0x00, 0x00, 0x00, 0x00, 0x00, 0x00,
  0x00, 0x00, 0x00, 0x00, 0x00, 0x00, 0x00, 0x00, 0x00, 0x00, 0x00, 0x00,
  0x00, 0x00, 0x00, 0x00, 0x00, 0x00, 0x00, 0x00, 0x00, 0x00, 0x00, 0x00,
  0x00, 0x00, 0x00, 0x00, 0x00, 0x00, 0x00, 0x00, 0x00, 0x00, 0x00, 0x00,
  0x00, 0x00, 0x00, 0x00, 0x00, 0x00, 0x00, 0x00, 0x00, 0x00, 0x00, 0x00,
  0x00, 0x00, 0x00, 0x00, 0x00, 0x00, 0x00, 0x00, 0x00, 0x00, 0x00, 0x00,
  0x00, 0x00, 0x00, 0x00, 0x00, 0x00, 0x00, 0x00, 0x00, 0x00, 0x00, 0x00,
  0x00, 0x00, 0x00, 0x00, 0x00, 0x00, 0x00, 0x00, 0x00, 0x00, 0x00, 0x00,
  0x00, 0x00, 0x00, 0x00, 0x00, 0x00, 0x00, 0x00, 0x00, 0x00, 0x00, 0x00,
  0x00, 0x00, 0x00, 0x00, 0x00, 0x00, 0x00, 0x00, 0x00, 0x00, 0x00, 0x00,
  0x00, 0x00, 0x00, 0x00, 0x00, 0x00, 0x00, 0x00, 0x00, 0x00, 0x00, 0x00,
  0x00, 0x00, 0x00, 0x00, 0x00, 0x00, 0x00, 0x00, 0x00, 0x00, 0x00, 0x00,
  0x00, 0x00, 0x00, 0x00, 0x00, 0x00, 0x00, 0x00, 0x00, 0x00, 0x00, 0x00,
  0x00, 0x00, 0x00, 0x00, 0x00, 0x00, 0x00, 0x00, 0x00, 0x00, 0x00, 0x00,
  0x00, 0x00, 0x00, 0x00, 0x00, 0x00, 0x00, 0x00, 0x00, 0x00, 0x00, 0x00,
  0x00, 0x00, 0x00, 0x00, 0x00, 0x00, 0x00, 0x00, 0x00, 0x00, 0x00, 0x00,
  0x00, 0x00, 0x00, 0x00, 0x00, 0x00, 0x00, 0x00, 0x00, 0x00, 0x00, 0x00,
  0x00, 0x00, 0x00, 0x00, 0x00, 0x00, 0x00, 0x00, 0x00, 0x00, 0x00, 0x00,
  0x00, 0x00, 0x00, 0x00, 0x00, 0x00, 0x00, 0x00, 0x00, 0x00, 0x00, 0x00,
  0x00, 0x00, 0x00, 0x00, 0x00, 0x00, 0x00, 0x00, 0x00, 0x00, 0x00, 0x00,
  0x00, 0x00, 0x00, 0x00, 0x00, 0x00, 0x00, 0x00, 0x00, 0x00, 0x00, 0x00,
  0x00, 0x00, 0x00, 0x00, 0x00, 0x00, 0x00, 0x00, 0x00, 0x00, 0x00, 0x00,
  0x00, 0x00, 0x00, 0x00, 0x00, 0x00, 0x00, 0x00, 0x00, 0x00, 0x00, 0x00,
  0x00, 0x00, 0x00, 0x00, 0x00, 0x00, 0x00, 0x00, 0x00, 0x00, 0x00, 0x00,
  0x00, 0x00, 0x00, 0x00, 0x00, 0x00, 0x00, 0x00, 0x00, 0x00, 0x00, 0x00,
  0x00, 0x00, 0x00, 0x00, 0x00, 0x00, 0x00, 0x00, 0x00, 0x00, 0x00, 0x00,
  0x00, 0x00, 0x00, 0x00, 0x00, 0x00, 0x00, 0x00, 0x00, 0x00, 0x00, 0x00,
  0x00, 0x00, 0x00, 0x00, 0x00, 0x00, 0x00, 0x00, 0x00, 0x00, 0x00, 0x00,
  0x00, 0x00, 0x00, 0x00, 0x00, 0x00, 0x00, 0x00, 0x00, 0x00, 0x00, 0x00,
  0x00, 0x00, 0x00, 0x00, 0x00, 0x00, 0x00, 0x00, 0x00, 0x00, 0x00, 0x00,
  0x00, 0x00, 0x00, 0x00, 0x00, 0x00, 0x00, 0x00, 0x00, 0x00, 0x00, 0x00,
  0x00, 0x00, 0x00, 0x00, 0x00, 0x00, 0x00, 0x00, 0x00, 0x00, 0x00, 0x00,
  0x00, 0x00, 0x00, 0x00, 0x00, 0x00, 0x00, 0x00, 0x00, 0x00, 0x00, 0x00,
  0x00, 0x00, 0x00, 0x00, 0x00, 0x00, 0x00, 0x00, 0x00, 0x00, 0x00, 0x00,
  0x00, 0x00, 0x00, 0x00, 0x00, 0x00, 0x00, 0x00, 0x00, 0x00, 0x00, 0x00,
  0x00, 0x00, 0x00, 0x00, 0x00, 0x00, 0x00, 0x00, 0x00, 0x00, 0x00, 0x00,
  0x00, 0x00, 0x00, 0x00, 0x00, 0x00, 0x00, 0x00, 0x00, 0x00, 0x00, 0x00,
  0x00, 0x00, 0x00, 0x00, 0x00, 0x00, 0x00, 0x00, 0x00, 0x00, 0x00, 0x00,
  0x00, 0x00, 0x00, 0x00, 0x00, 0x00, 0x00, 0x00, 0x00, 0x00, 0x00, 0x00,
  0x00, 0x00, 0x00, 0x00, 0x00, 0x00, 0x00, 0x00, 0x00, 0x00, 0x00, 0x00,
  0x00, 0x00, 0x00, 0x00, 0x00, 0x00, 0x00, 0x00, 0x00, 0x00, 0x00, 0x00,
  0x00, 0x00, 0x00, 0x00, 0x00, 0x00, 0x00, 0x00, 0x00, 0x00, 0x00, 0x00,
  0x00, 0x00, 0x00, 0x00, 0x00, 0x00, 0x00, 0x00, 0x00, 0x00, 0x00, 0x00,
  0x00, 0x00, 0x00, 0x00, 0x00, 0x00, 0x00, 0x00, 0x00, 0x00, 0x00, 0x00,
  0x00, 0x00, 0x00, 0x00, 0x00, 0x00, 0x00, 0x00, 0x00, 0x00, 0x00, 0x00,
  0x00, 0x00, 0x00, 0x00, 0x00, 0x00, 0x00, 0x00, 0x00, 0x00, 0x00, 0x00,
  0x00, 0x00, 0x00, 0x00, 0x00, 0x00, 0x00, 0x00, 0x00, 0x00, 0x00, 0x00,
  0x00, 0x00, 0x00, 0x00, 0x00, 0x00, 0x00, 0x00, 0x00, 0x00, 0x00, 0x00,
  0x00, 0x00, 0x00, 0x00, 0x00, 0x00, 0x00, 0x00, 0x00, 0x00, 0x00, 0x00,
  0x00, 0x00, 0x00, 0x00, 0x00, 0x00, 0x00, 0x00, 0x00, 0x00, 0x00, 0x00,
  0x00, 0x00, 0x00, 0x00, 0x00, 0x00, 0x00, 0x00, 0x00, 0x00, 0x00, 0x00,
  0x00, 0x00, 0x00, 0x00, 0x00, 0x00, 0x00, 0x00, 0x00, 0x00, 0x00, 0x00,
  0x00, 0x00, 0x00, 0x00, 0x00, 0x00, 0x00, 0x00, 0x00, 0x00, 0x00, 0x00,
  0x00, 0x00, 0x00, 0x00, 0x00, 0x00, 0x00, 0x00, 0x00, 0x00, 0x00, 0x00,
  0x00, 0x00, 0x00, 0x00, 0x00, 0x00, 0x00, 0x00, 0x00, 0x00, 0x00, 0x00,
  0x00, 0x00, 0x00, 0x00, 0x00, 0x00, 0x00, 0x00, 0x00, 0x00, 0x00, 0x00,
  0x00, 0x00, 0x00, 0x00, 0x00, 0x00, 0x00, 0x00, 0x00, 0x00, 0x00, 0x00,
  0x00, 0x00, 0x00, 0x00, 0x00, 0x00, 0x00, 0x00, 0x00, 0x00, 0x00, 0x00,
  0x00, 0x00, 0x00, 0x00, 0x00, 0x00, 0x00, 0x00, 0x00, 0x00, 0x00, 0x00,
  0x00, 0x00, 0x00, 0x00, 0x00, 0x00, 0x00, 0x00, 0x00, 0x00, 0x00, 0x00,
  0x00, 0x00, 0x00, 0x00, 0x00, 0x00, 0x00, 0x00, 0x00, 0x00, 0x00, 0x00,
  0x00, 0x00, 0x00, 0x00, 0x00, 0x00, 0x00, 0x00, 0x00, 0x00, 0x00, 0x00,
  0x00, 0x00, 0x00, 0x00, 0x00, 0x00, 0x00, 0x00, 0x00, 0x00, 0x00, 0x00,
  0x00, 0x00, 0x00, 0x00, 0x00, 0x00, 0x00, 0x00, 0x00, 0x00, 0x00, 0x00,
  0x00, 0x00, 0x00, 0x00, 0x00, 0x00, 0x00, 0x00, 0x00, 0x00, 0x00, 0x00,
  0x00, 0x00, 0x00, 0x00, 0x00, 0x00, 0x00, 0x00, 0x00, 0x00, 0x00, 0x00,
  0x00, 0x00, 0x00, 0x00, 0x00, 0x00, 0x00, 0x00, 0x00, 0x00, 0x00, 0x00,
  0x00, 0x00, 0x00, 0x00, 0x00, 0x00, 0x00, 0x00, 0x00, 0x00, 0x00, 0x00,
  0x00, 0x00, 0x00, 0x00, 0x00, 0x00, 0x00, 0x00, 0x00, 0x00, 0x00, 0x00,
  0x00, 0x00, 0x00, 0x00, 0x00, 0x00, 0x00, 0x00, 0x00, 0x00, 0x00, 0x00,
  0x00, 0x00, 0x00, 0x00, 0x00, 0x00, 0x00, 0x00, 0x00, 0x00, 0x00, 0x00,
  0x00, 0x00, 0x00, 0x00, 0x00, 0x00, 0x00, 0x00, 0x00, 0x00, 0x00, 0x00,
  0x00, 0x00, 0x00, 0x00, 0x00, 0x00, 0x00, 0x00, 0x00, 0x00, 0x00, 0x00,
  0x00, 0x00, 0x00, 0x00, 0x00, 0x00, 0x00, 0x00, 0x00, 0x00, 0x00, 0x00,
  0x00, 0x00, 0x00, 0x00, 0x00, 0x00, 0x00, 0x00, 0x00, 0x00, 0x00, 0x00,
  0x00, 0x00, 0x00, 0x00, 0x00, 0x00, 0x00, 0x00, 0x00, 0x00, 0x00, 0x00,
  0x00, 0x00, 0x00, 0x00, 0x00, 0x00, 0x00, 0x00, 0x00, 0x00, 0x00, 0x00,
  0x00, 0x00, 0x00, 0x00, 0x00, 0x00, 0x00, 0x00, 0x00, 0x00, 0x00, 0x00,
  0x00, 0x00, 0x00, 0x00, 0x00, 0x00, 0x00, 0x00, 0x00, 0x00, 0x00, 0x00,
  0x00, 0x00, 0x00, 0x00, 0x00, 0x00, 0x00, 0x00, 0x00, 0x00, 0x00, 0x00,
  0x00, 0x00, 0x00, 0x00, 0x00, 0x00, 0x00, 0x00, 0x00, 0x00, 0x00, 0x00,
  0x00, 0x00, 0x00, 0x00, 0x00, 0x00, 0x00, 0x00, 0x00, 0x00, 0x00, 0x00,
  0x00, 0x00, 0x00, 0x00, 0x00, 0x00, 0x00, 0x00, 0x00, 0x00, 0x00, 0x00,
  0x00, 0x00, 0x00, 0x00, 0x00, 0x00, 0x00, 0x00, 0x00, 0x00, 0x00, 0x00,
  0x00, 0x00, 0x00, 0x00, 0x00, 0x00, 0x00, 0x00, 0x00, 0x00, 0x00, 0x00,
  0x00, 0x00, 0x00, 0x00, 0x00, 0x00, 0x00, 0x00, 0x00, 0x00, 0x00, 0x00,
  0x00, 0x00, 0x00, 0x00, 0x00, 0x00, 0x00, 0x00, 0x00, 0x00, 0x00, 0x00,
  0x00, 0x00, 0x00, 0x00, 0x00, 0x00, 0x00, 0x00, 0x00, 0x00, 0x00, 0x00,
  0x00, 0x00, 0x00, 0x00, 0x00, 0x00, 0x00, 0x00, 0x00, 0x00, 0x00, 0x00,
  0x00, 0x00, 0x00, 0x00, 0x00, 0x00, 0x00, 0x00, 0x00, 0x00, 0x00, 0x00,
  0x00, 0x00, 0x00, 0x00, 0x00, 0x00, 0x00, 0x00, 0x00, 0x00, 0x00, 0x00,
  0x00, 0x00, 0x00, 0x00, 0x00, 0x00, 0x00, 0x00, 0x00, 0x00, 0x00, 0x00,
  0x00, 0x00, 0x00, 0x00, 0x00, 0x00, 0x00, 0x00, 0x00, 0x00, 0x00, 0x00,
  0x00, 0x00, 0x00, 0x00, 0x00, 0x00, 0x00, 0x00, 0x00, 0x00, 0x00, 0x00,
  0x00, 0x00, 0x00, 0x00, 0x00, 0x00, 0x00, 0x00, 0x00, 0x00, 0x00, 0x00,
  0x00, 0x00, 0x00, 0x00, 0x00, 0x00, 0x00, 0x00, 0x00, 0x00, 0x00, 0x00,
  0x00, 0x00, 0x00, 0x00, 0x00, 0x00, 0x00, 0x00, 0x00, 0x00, 0x00, 0x00,
  0x00, 0x00, 0x00, 0x00, 0x00, 0x00, 0x00, 0x00, 0x00, 0x00, 0x00, 0x00,
  0x00, 0x00, 0x00, 0x00, 0x00, 0x00, 0x00, 0x00, 0x00, 0x00, 0x00, 0x00,
  0x00, 0x00, 0x00, 0x00, 0x00, 0x00, 0x00, 0x00, 0x00, 0x00, 0x00, 0x00,
  0x00, 0x00, 0x00, 0x00, 0x00, 0x00, 0x00, 0x00, 0x00, 0x00, 0x00, 0x00,
  0x00, 0x00, 0x00, 0x00, 0x00, 0x00, 0x00, 0x00, 0x00, 0x00, 0x00, 0x00,
  0x00, 0x00, 0x00, 0x00, 0x00, 0x00, 0x00, 0x00, 0x00, 0x00, 0x00, 0x00,
  0x00, 0x00, 0x00, 0x00, 0x00, 0x00, 0x00, 0x00, 0x00, 0x00, 0x00, 0x00,
  0x00, 0x00, 0x00, 0x00, 0x00, 0x00, 0x00, 0x00, 0x00, 0x00, 0x00, 0x00,
  0x00, 0x00, 0x00, 0x00, 0x00, 0x00, 0x00, 0x00, 0x00, 0x00, 0x00, 0x00,
  0x00, 0x00, 0x00, 0x00, 0x00, 0x00, 0x00, 0x00, 0x00, 0x00, 0x00, 0x00,
  0x00, 0x00, 0x00, 0x00, 0x00, 0x00, 0x00, 0x00, 0x00, 0x00, 0x00, 0x00,
  0x00, 0x00, 0x00, 0x00, 0x00, 0x00, 0x00, 0x00, 0x00, 0x00, 0x00, 0x00,
  0x00, 0x00, 0x00, 0x00, 0x00, 0x00, 0x00, 0x00, 0x00, 0x00, 0x00, 0x00,
  0x00, 0x00, 0x00, 0x00, 0x00, 0x00, 0x00, 0x00, 0x00, 0x00, 0x00, 0x00,
  0x00, 0x00, 0x00, 0x00, 0x00, 0x00, 0x00, 0x00, 0x00, 0x00, 0x00, 0x00,
  0x00, 0x00, 0x00, 0x00, 0x00, 0x00, 0x00, 0x00, 0x00, 0x00, 0x00, 0x00,
  0x00, 0x00, 0x00, 0x00, 0x00, 0x00, 0x00, 0x00, 0x00, 0x00, 0x00, 0x00,
  0x00, 0x00, 0x00, 0x00, 0x00, 0x00, 0x00, 0x00, 0x00, 0x00, 0x00, 0x00,
  0x00, 0x00, 0x00, 0x00, 0x00, 0x00, 0x00, 0x00, 0x00, 0x00, 0x00, 0x00,
  0x00, 0x00, 0x00, 0x00, 0x00, 0x00, 0x00, 0x00, 0x00, 0x00, 0x00, 0x00,
  0x00, 0x00, 0x00, 0x00, 0x00, 0x00, 0x00, 0x00, 0x00, 0x00, 0x00, 0x00,
  0x00, 0x00, 0x00, 0x00, 0x00, 0x00, 0x00, 0x00, 0x00, 0x00, 0x00, 0x00,
  0x00, 0x00, 0x00, 0x00, 0x00, 0x00, 0x00, 0x00, 0x00, 0x00, 0x00, 0x00,
  0x00, 0x00, 0x00, 0x00, 0x00, 0x00, 0x00, 0x00, 0x00, 0x00, 0x00, 0x00,
  0x00, 0x00, 0x00, 0x00, 0x00, 0x00, 0x00, 0x00, 0x00, 0x00, 0x00, 0x00,
  0x00, 0x00, 0x00, 0x00, 0x00, 0x00, 0x00, 0x00, 0x00, 0x00, 0x00, 0x00,
  0x00, 0x00, 0x00, 0x00, 0x00, 0x00, 0x00, 0x00, 0x00, 0x00, 0x00, 0x00,
  0x00, 0x00, 0x00, 0x00, 0x00, 0x00, 0x00, 0x00, 0x00, 0x00, 0x00, 0x00,
  0x00, 0x00, 0x00, 0x00, 0x00, 0x00, 0x00, 0x00, 0x00, 0x00, 0x00, 0x00,
  0x00, 0x00, 0x00, 0x00, 0x00, 0x00, 0x00, 0x00, 0x00, 0x00, 0x00, 0x00,
  0x00, 0x00, 0x00, 0x00, 0x00, 0x00, 0x00, 0x00, 0x00, 0x00, 0x00, 0x00,
  0x00, 0x00, 0x00, 0x00, 0x00, 0x00, 0x00, 0x00, 0x00, 0x00, 0x00, 0x00,
  0x00, 0x00, 0x00, 0x00, 0x00, 0x00, 0x00, 0x00, 0x00, 0x00, 0x00, 0x00,
  0x00, 0x00, 0x00, 0x00, 0x00, 0x00, 0x00, 0x00, 0x00, 0x00, 0x00, 0x00,
  0x00, 0x00, 0x00, 0x00, 0x00, 0x00, 0x00, 0x00, 0x00, 0x00, 0x00, 0x00,
  0x00, 0x00, 0x00, 0x00, 0x00, 0x00, 0x00, 0x00, 0x00, 0x00, 0x00, 0x00,
  0x00, 0x00, 0x00, 0x00, 0x00, 0x00, 0x00, 0x00, 0x00, 0x00, 0x00, 0x00,
  0x00, 0x00, 0x00, 0x00, 0x00, 0x00, 0x00, 0x00, 0x00, 0x00, 0x00, 0x00,
  0x00, 0x00, 0x00, 0x00, 0x00, 0x00, 0x00, 0x00, 0x00, 0x00, 0x00, 0x00,
  0x00, 0x00, 0x00, 0x00, 0x00, 0x00, 0x00, 0x00, 0x00, 0x00, 0x00, 0x00,
  0x00, 0x00, 0x00, 0x00, 0x00, 0x00, 0x00, 0x00, 0x00, 0x00, 0x00, 0x00,
  0x00, 0x00, 0x00, 0x00, 0x00, 0x00, 0x00, 0x00, 0x00, 0x00, 0x00, 0x00,
  0x00, 0x00, 0x00, 0x00, 0x00, 0x00, 0x00, 0x00, 0x00, 0x00, 0x00, 0x00,
  0x00, 0x00, 0x00, 0x00, 0x00, 0x00, 0x00, 0x00, 0x00, 0x00, 0x00, 0x00,
  0x00, 0x00, 0x00, 0x00, 0x00, 0x00, 0x00, 0x00, 0x00, 0x00, 0x00, 0x00,
  0x00, 0x00, 0x00, 0x00, 0x00, 0x00, 0x00, 0x00, 0x00, 0x00, 0x00, 0x00,
  0x00, 0x00, 0x00, 0x00, 0x00, 0x00, 0x00, 0x00, 0x00, 0x00, 0x00, 0x00,
  0x00, 0x00, 0x00, 0x00, 0x00, 0x00, 0x00, 0x00, 0x00, 0x00, 0x00, 0x00,
  0x00, 0x00, 0x00, 0x00, 0x00, 0x00, 0x00, 0x00, 0x00, 0x00, 0x00, 0x00,
  0x00, 0x00, 0x00, 0x00, 0x00, 0x00, 0x00, 0x00, 0x00, 0x00, 0x00, 0x00,
  0x00, 0x00, 0x00, 0x00, 0x00, 0x00, 0x00, 0x00, 0x00, 0x00, 0x00, 0x00,
  0x00, 0x00, 0x00, 0x00, 0x00, 0x00, 0x00, 0x00, 0x00, 0x00, 0x00, 0x00,
  0x00, 0x00, 0x00, 0x00, 0x00, 0x00, 0x00, 0x00, 0x00, 0x00, 0x00, 0x00,
  0x00, 0x00, 0x00, 0x00, 0x00, 0x00, 0x00, 0x00, 0x00, 0x00, 0x00, 0x00,
  0x00, 0x00, 0x00, 0x00, 0x00, 0x00, 0x00, 0x00, 0x00, 0x00, 0x00, 0x00,
  0x00, 0x00, 0x00, 0x00, 0x00, 0x00, 0x00, 0x00, 0x00, 0x00, 0x00, 0x00,
  0x00, 0x00, 0x00, 0x00, 0x00, 0x00, 0x00, 0x00, 0x00, 0x00, 0x00, 0x00,
  0x00, 0x00, 0x00, 0x00, 0x00, 0x00, 0x00, 0x00, 0x00, 0x00, 0x00, 0x00,
  0x00, 0x00, 0x00, 0x00, 0x00, 0x00, 0x00, 0x00, 0x00, 0x00, 0x00, 0x00,
  0x00, 0x00, 0x00, 0x00, 0x00, 0x00, 0x00, 0x00, 0x00, 0x00, 0x00, 0x00,
  0x00, 0x00, 0x00, 0x00, 0x00, 0x00, 0x00, 0x00, 0x00, 0x00, 0x00, 0x00,
  0x00, 0x00, 0x00, 0x00, 0x00, 0x00, 0x00, 0x00, 0x00, 0x00, 0x00, 0x00,
  0x00, 0x00, 0x00, 0x00, 0x00, 0x00, 0x00, 0x00, 0x00, 0x00, 0x00, 0x00,
  0x00, 0x00, 0x00, 0x00, 0x00, 0x00, 0x00, 0x00, 0x00, 0x00, 0x00, 0x00,
  0x00, 0x00, 0x00, 0x00, 0x00, 0x00, 0x00, 0x00, 0x00, 0x00, 0x00, 0x00,
  0x00, 0x00, 0x00, 0x00, 0x00, 0x00, 0x00, 0x00, 0x00, 0x00, 0x00, 0x00,
  0x00, 0x00, 0x00, 0x00, 0x00, 0x00, 0x00, 0x00, 0x00, 0x00, 0x00, 0x00,
  0x00, 0x00, 0x00, 0x00, 0x00, 0x00, 0x00, 0x00, 0x00, 0x00, 0x00, 0x00,
  0x00, 0x00, 0x00, 0x00, 0x00, 0x00, 0x00, 0x00, 0x00, 0x00, 0x00, 0x00,
  0x00, 0x00, 0x00, 0x00, 0x00, 0x00, 0x00, 0x00, 0x00, 0x00, 0x00, 0x00,
  0x00, 0x00, 0x00, 0x00, 0x00, 0x00, 0x00, 0x00, 0x00, 0x00, 0x00, 0x00,
  0x00, 0x00, 0x00, 0x00, 0x00, 0x00, 0x00, 0x00, 0x00, 0x00, 0x00, 0x00,
  0x00, 0x00, 0x00, 0x00, 0x00, 0x00, 0x00, 0x00, 0x00, 0x00, 0x00, 0x00,
  0x00, 0x00, 0x00, 0x00, 0x00, 0x00, 0x00, 0x00, 0x00, 0x00, 0x00, 0x00,
  0x00, 0x00, 0x00, 0x00, 0x00, 0x00, 0x00, 0x00, 0x00, 0x00, 0x00, 0x00,
  0x00, 0x00, 0x00, 0x00, 0x00, 0x00, 0x00, 0x00, 0x00, 0x00, 0x00, 0x00,
  0x00, 0x00, 0x00, 0x00, 0x00, 0x00, 0x00, 0x00, 0x00, 0x00, 0x00, 0x00,
  0x00, 0x00, 0x00, 0x00, 0x00, 0x00, 0x00, 0x00, 0x00, 0x00, 0x00, 0x00,
  0x00, 0x00, 0x00, 0x00, 0x00, 0x00, 0x00, 0x00, 0x00, 0x00, 0x00, 0x00,
  0x00, 0x00, 0x00, 0x00, 0x00, 0x00, 0x00, 0x00, 0x00, 0x00, 0x00, 0x00,
  0x00, 0x00, 0x00, 0x00, 0x00, 0x00, 0x00, 0x00, 0x00, 0x00, 0x00, 0x00,
  0x00, 0x00, 0x00, 0x00, 0x00, 0x00, 0x00, 0x00, 0x00, 0x00, 0x00, 0x00,
  0x00, 0x00, 0x00, 0x00, 0x00, 0x00, 0x00, 0x00, 0x00, 0x00, 0x00, 0x00,
  0x00, 0x00, 0x00, 0x00, 0x00, 0x00, 0x00, 0x00, 0x00, 0x00, 0x00, 0x00,
  0x00, 0x00, 0x00, 0x00, 0x00, 0x00, 0x00, 0x00, 0x00, 0x00, 0x00, 0x00,
  0x00, 0x00, 0x00, 0x00, 0x00, 0x00, 0x00, 0x00, 0x00, 0x00, 0x00, 0x00,
  0x00, 0x00, 0x00, 0x00, 0x00, 0x00, 0x00, 0x00, 0x00, 0x00, 0x00, 0x00,
  0x00, 0x00, 0x00, 0x00, 0x00, 0x00, 0x00, 0x00, 0x00, 0x00, 0x00, 0x00,
  0x00, 0x00, 0x00, 0x00, 0x00, 0x00, 0x00, 0x00, 0x00, 0x00, 0x00, 0x00,
  0x00, 0x00, 0x00, 0x00, 0x00, 0x00, 0x00, 0x00, 0x00, 0x00, 0x00, 0x00,
  0x00, 0x00, 0x00, 0x00, 0x00, 0x00, 0x00, 0x00, 0x00, 0x00, 0x00, 0x00,
  0x00, 0x00, 0x00, 0x00, 0x00, 0x00, 0x00, 0x00, 0x00, 0x00, 0x00, 0x00,
  0x00, 0x00, 0x00, 0x00, 0x00, 0x00, 0x00, 0x00, 0x00, 0x00, 0x00, 0x00,
  0x00, 0x00, 0x00, 0x00, 0x00, 0x00, 0x00, 0x00, 0x00, 0x00, 0x00, 0x00,
  0x00, 0x00, 0x00, 0x00, 0x00, 0x00, 0x00, 0x00, 0x00, 0x00, 0x00, 0x00,
  0x00, 0x00, 0x00, 0x00, 0x00, 0x00, 0x00, 0x00, 0x00, 0x00, 0x00, 0x00,
  0x00, 0x00, 0x00, 0x00, 0x00, 0x00, 0x00, 0x00, 0x00, 0x00, 0x00, 0x00,
  0x00, 0x00, 0x00, 0x00, 0x00, 0x00, 0x00, 0x00, 0x00, 0x00, 0x00, 0x00,
  0x00, 0x00, 0x00, 0x00, 0x00, 0x00, 0x00, 0x00, 0x00, 0x00, 0x00, 0x00,
  0x00, 0x00, 0x00, 0x00, 0x00, 0x00, 0x00, 0x00, 0x00, 0x00, 0x00, 0x00,
  0x00, 0x00, 0x00, 0x00, 0x00, 0x00, 0x00, 0x00, 0x00, 0x00, 0x00, 0x00,
  0x00, 0x00, 0x00, 0x00, 0x00, 0x00, 0x00, 0x00, 0x00, 0x00, 0x00, 0x00,
  0x00, 0x00, 0x00, 0x00, 0x00, 0x00, 0x00, 0x00, 0x00, 0x00, 0x00, 0x00,
  0x00, 0x00, 0x00, 0x00, 0x00, 0x00, 0x00, 0x00, 0x00, 0x00, 0x00, 0x00,
  0x00, 0x00, 0x00, 0x00, 0x00, 0x00, 0x00, 0x00, 0x00, 0x00, 0x00, 0x00,
  0x00, 0x00, 0x00, 0x00, 0x00, 0x00, 0x00, 0x00, 0x00, 0x00, 0x00, 0x00,
  0x00, 0x00, 0x00, 0x00, 0x00, 0x00, 0x00, 0x00, 0x00, 0x00, 0x00, 0x00,
  0x00, 0x00, 0x00, 0x00, 0x00, 0x00, 0x00, 0x00, 0x00, 0x00, 0x00, 0x00,
  0x00, 0x00, 0x00, 0x00, 0x00, 0x00, 0x00, 0x00, 0x00, 0x00, 0x00, 0x00,
  0x00, 0x00, 0x00, 0x00, 0x00, 0x00, 0x00, 0x00, 0x00, 0x00, 0x00, 0x00,
  0x00, 0x00, 0x00, 0x00, 0x00, 0x00, 0x00, 0x00, 0x00, 0x00, 0x00, 0x00,
  0x00, 0x00, 0x00, 0x00, 0x00, 0x00, 0x00, 0x00, 0x00, 0x00, 0x00, 0x00,
  0x00, 0x00, 0x00, 0x00, 0x00, 0x00, 0x00, 0x00, 0x00, 0x00, 0x00, 0x00,
  0x00, 0x00, 0x00, 0x00, 0x00, 0x00, 0x00, 0x00, 0x00, 0x00, 0x00, 0x00,
  0x00, 0x00, 0x00, 0x00, 0x00, 0x00, 0x00, 0x00, 0x00, 0x00, 0x00, 0x00,
  0x00, 0x00, 0x00, 0x00, 0x00, 0x00, 0x00, 0x00, 0x00, 0x00, 0x00, 0x00,
  0x00, 0x00, 0x00, 0x00, 0x00, 0x00, 0x00, 0x00, 0x00, 0x00, 0x00, 0x00,
  0x00, 0x00, 0x00, 0x00, 0x00, 0x00, 0x00, 0x00, 0x00, 0x00, 0x00, 0x00,
  0x00, 0x00, 0x00, 0x00, 0x00, 0x00, 0x00, 0x00, 0x00, 0x00, 0x00, 0x00,
  0x00, 0x00, 0x00, 0x00, 0x00, 0x00, 0x00, 0x00, 0x00, 0x00, 0x00, 0x00,
  0x00, 0x00, 0x00, 0x00, 0x00, 0x00, 0x00, 0x00, 0x00, 0x00, 0x00, 0x00,
  0x00, 0x00, 0x00, 0x00, 0x00, 0x00, 0x00, 0x00, 0x00, 0x00, 0x00, 0x00,
  0x00, 0x00, 0x00, 0x00, 0x00, 0x00, 0x00, 0x00, 0x00, 0x00, 0x00, 0x00,
  0x00, 0x00, 0x00, 0x00, 0x00, 0x00, 0x00, 0x00, 0x00, 0x00, 0x00, 0x00,
  0x00, 0x00, 0x00, 0x00, 0x00, 0x00, 0x00, 0x00, 0x00, 0x00, 0x00, 0x00,
  0x00, 0x00, 0x00, 0x00, 0x00, 0x00, 0x00, 0x00, 0x00, 0x00, 0x00, 0x00,
  0x00, 0x00, 0x00, 0x00, 0x00, 0x00, 0x00, 0x00, 0x00, 0x00, 0x00, 0x00,
  0x00, 0x00, 0x00, 0x00, 0x00, 0x00, 0x00, 0x00, 0x00, 0x00, 0x00, 0x00,
  0x00, 0x00, 0x00, 0x00, 0x00, 0x00, 0x00, 0x00, 0x00, 0x00, 0x00, 0x00,
  0x00, 0x00, 0x00, 0x00, 0x00, 0x00, 0x00, 0x00, 0x00, 0x00, 0x00, 0x00,
  0x00, 0x00, 0x00, 0x00, 0x00, 0x00, 0x00, 0x00, 0x00, 0x00, 0x00, 0x00,
  0x00, 0x00, 0x00, 0x00, 0x00, 0x00, 0x00, 0x00, 0x00, 0x00, 0x00, 0x00,
  0x00, 0x00, 0x00, 0x00, 0x00, 0x00, 0x00, 0x00, 0x00, 0x00, 0x00, 0x00,
  0x00, 0x00, 0x00, 0x00, 0x00, 0x00, 0x00, 0x00, 0x00, 0x00, 0x00, 0x00,
  0x00, 0x00, 0x00, 0x00, 0x00, 0x00, 0x00, 0x00, 0x00, 0x00, 0x00, 0x00,
  0x00, 0x00, 0x00, 0x00, 0x00, 0x00, 0x00, 0x00, 0x00, 0x00, 0x00, 0x00,
  0x00, 0x00, 0x00, 0x00, 0x00, 0x00, 0x00, 0x00, 0x00, 0x00, 0x00, 0x00,
  0x00, 0x00, 0x00, 0x00, 0x00, 0x00, 0x00, 0x00, 0x00, 0x00, 0x00, 0x00,
  0x00, 0x00, 0x00, 0x00, 0x00, 0x00, 0x00, 0x00, 0x00, 0x00, 0x00, 0x00,
  0x00, 0x00, 0x00, 0x00, 0x00, 0x00, 0x00, 0x00, 0x00, 0x00, 0x00, 0x00,
  0x00, 0x00, 0x00, 0x00, 0x00, 0x00, 0x00, 0x00, 0x00, 0x00, 0x00, 0x00,
  0x00, 0x00, 0x00, 0x00, 0x00, 0x00, 0x00, 0x00, 0x00, 0x00, 0x00, 0x00,
  0x00, 0x00, 0x00, 0x00, 0x00, 0x00, 0x00, 0x00, 0x00, 0x00, 0x00, 0x00,
  0x00, 0x00, 0x00, 0x00, 0x00, 0x00, 0x00, 0x00, 0x00, 0x00, 0x00, 0x00,
  0x00, 0x00, 0x00, 0x00, 0x00, 0x00, 0x00, 0x00, 0x00, 0x00, 0x00, 0x00,
  0x00, 0x00, 0x00, 0x00, 0x00, 0x00, 0x00, 0x00, 0x00, 0x00, 0x00, 0x00,
  0x00, 0x00, 0x00, 0x00, 0x00, 0x00, 0x00, 0x00, 0x00, 0x00, 0x00, 0x00,
  0x00, 0x00, 0x00, 0x00, 0x00, 0x00, 0x00, 0x00, 0x00, 0x00, 0x00, 0x00,
  0x00, 0x00, 0x00, 0x00, 0x00, 0x00, 0x00, 0x00, 0x00, 0x00, 0x00, 0x00,
  0x00, 0x00, 0x00, 0x00, 0x00, 0x00, 0x00, 0x00, 0x00, 0x00, 0x00, 0x00,
  0x00, 0x00, 0x00, 0x00, 0x00, 0x00, 0x00, 0x00, 0x00, 0x00, 0x00, 0x00,
  0x00, 0x00, 0x00, 0x00, 0x00, 0x00, 0x00, 0x00, 0x00, 0x00, 0x00, 0x00,
  0x00, 0x00, 0x00, 0x00, 0x00, 0x00, 0x00, 0x00, 0x00, 0x00, 0x00, 0x00,
  0x00, 0x00, 0x00, 0x00, 0x00, 0x00, 0x00, 0x00, 0x00, 0x00, 0x00, 0x00,
  0x00, 0x00, 0x00, 0x00, 0x00, 0x00, 0x00, 0x00, 0x00, 0x00, 0x00, 0x00,
  0x00, 0x00, 0x00, 0x00, 0x00, 0x00, 0x00, 0x00, 0x00, 0x00, 0x00, 0x00,
  0x00, 0x00, 0x00, 0x00, 0x00, 0x00, 0x00, 0x00, 0x00, 0x00, 0x00, 0x00,
  0x00, 0x00, 0x00, 0x00, 0x00, 0x00, 0x00, 0x00, 0x00, 0x00, 0x00, 0x00,
  0x00, 0x00, 0x00, 0x00, 0x00, 0x00, 0x00, 0x00, 0x00, 0x00, 0x00, 0x00,
  0x00, 0x00, 0x00, 0x00, 0x00, 0x00, 0x00, 0x00, 0x00, 0x00, 0x00, 0x00,
  0x00, 0x00, 0x00, 0x00, 0x00, 0x00, 0x00, 0x00, 0x00, 0x00, 0x00, 0x00,
  0x00, 0x00, 0x00, 0x00, 0x00, 0x00, 0x00, 0x00, 0x00, 0x00, 0x00, 0x00,
  0x00, 0x00, 0x00, 0x00, 0x00, 0x00, 0x00, 0x00, 0x00, 0x00, 0x00, 0x00,
  0x00, 0x00, 0x00, 0x00, 0x00, 0x00, 0x00, 0x00, 0x00, 0x00, 0x00, 0x00,
  0x00, 0x00, 0x00, 0x00, 0x00, 0x00, 0x00, 0x00, 0x00, 0x00, 0x00, 0x00,
  0x00, 0x00, 0x00, 0x00, 0x00, 0x00, 0x00, 0x00, 0x00, 0x00, 0x00, 0x00,
  0x00, 0x00, 0x00, 0x00, 0x00, 0x00, 0x00, 0x00, 0x00, 0x00, 0x00, 0x00,
  0x00, 0x00, 0x00, 0x00, 0x00, 0x00, 0x00, 0x00, 0x00, 0x00, 0x00, 0x00,
  0x00, 0x00, 0x00, 0x00, 0x00, 0x00, 0x00, 0x00, 0x00, 0x00, 0x00, 0x00,
  0x00, 0x00, 0x00, 0x00, 0x00, 0x00, 0x00, 0x00, 0x00, 0x00, 0x00, 0x00,
  0x00, 0x00, 0x00, 0x00, 0x00, 0x00, 0x00, 0x00, 0x00, 0x00, 0x00, 0x00,
  0x00, 0x00, 0x00, 0x00, 0x00, 0x00, 0x00, 0x00, 0x00, 0x00, 0x00, 0x00,
  0x00, 0x00, 0x00, 0x00, 0x00, 0x00, 0x00, 0x00, 0x00, 0x00, 0x00, 0x00,
  0x00, 0x00, 0x00, 0x00, 0x00, 0x00, 0x00, 0x00, 0x00, 0x00, 0x00, 0x00,
  0x00, 0x00, 0x00, 0x00, 0x00, 0x00, 0x00, 0x00, 0x00, 0x00, 0x00, 0x00,
  0x00, 0x00, 0x00, 0x00, 0x00, 0x00, 0x00, 0x00, 0x00, 0x00, 0x00, 0x00,
  0x00, 0x00, 0x00, 0x00, 0x00, 0x00, 0x00, 0x00, 0x00, 0x00, 0x00, 0x00,
  0x00, 0x00, 0x00, 0x00, 0x00, 0x00, 0x00, 0x00, 0x00, 0x00, 0x00, 0x00,
  0x00, 0x00, 0x00, 0x00, 0x00, 0x00, 0x00, 0x00, 0x00, 0x00, 0x00, 0x00,
  0x00, 0x00, 0x00, 0x00, 0x00, 0x00, 0x00, 0x00, 0x00, 0x00, 0x00, 0x00,
  0x00, 0x00, 0x00, 0x00, 0x00, 0x00, 0x00, 0x00, 0x00, 0x00, 0x00, 0x00,
  0x00, 0x00, 0x00, 0x00, 0x00, 0x00, 0x00, 0x00, 0x00, 0x00, 0x00, 0x00,
  0x00, 0x00, 0x00, 0x00, 0x00, 0x00, 0x00, 0x00, 0x00, 0x00, 0x00, 0x00,
  0x00, 0x00, 0x00, 0x00, 0x00, 0x00, 0x00, 0x00, 0x00, 0x00, 0x00, 0x00,
  0x00, 0x00, 0x00, 0x00, 0x00, 0x00, 0x00, 0x00, 0x00, 0x00, 0x00, 0x00,
  0x00, 0x00, 0x00, 0x00, 0x00, 0x00, 0x00, 0x00, 0x00, 0x00, 0x00, 0x00,
  0x00, 0x00, 0x00, 0x00, 0x00, 0x00, 0x00, 0x00, 0x00, 0x00, 0x00, 0x00,
  0x00, 0x00, 0x00, 0x00, 0x00, 0x00, 0x00, 0x00, 0x00, 0x00, 0x00, 0x00,
  0x00, 0x00, 0x00, 0x00, 0x00, 0x00, 0x00, 0x00, 0x00, 0x00, 0x00, 0x00,
  0x00, 0x00, 0x00, 0x00, 0x00, 0x00, 0x00, 0x00, 0x00, 0x00, 0x00, 0x00,
  0x00, 0x00, 0x00, 0x00, 0x00, 0x00, 0x00, 0x00, 0x00, 0x00, 0x00, 0x00,
  0x00, 0x00, 0x00, 0x00, 0x00, 0x00, 0x00, 0x00, 0x00, 0x00, 0x00, 0x00,
  0x00, 0x00, 0x00, 0x00, 0x00, 0x00, 0x00, 0x00, 0x00, 0x00, 0x00, 0x00,
  0x00, 0x00, 0x00, 0x00, 0x00, 0x00, 0x00, 0x00, 0x00, 0x00, 0x00, 0x00,
  0x00, 0x00, 0x00, 0x00, 0x00, 0x00, 0x00, 0x00, 0x00, 0x00, 0x00, 0x00,
  0x00, 0x00, 0x00, 0x00, 0x00, 0x00, 0x00, 0x00, 0x00, 0x00, 0x00, 0x00,
  0x00, 0x00, 0x00, 0x00, 0x00, 0x00, 0x00, 0x00, 0x00, 0x00, 0x00, 0x00,
  0x00, 0x00, 0x00, 0x00, 0x00, 0x00, 0x00, 0x00, 0x00, 0x00, 0x00, 0x00,
  0x00, 0x00, 0x00, 0x00, 0x00, 0x00, 0x00, 0x00, 0x00, 0x00, 0x00, 0x00,
  0x00, 0x00, 0x00, 0x00, 0x00, 0x00, 0x00, 0x00, 0x00, 0x00, 0x00, 0x00,
  0x00, 0x00, 0x00, 0x00, 0x00, 0x00, 0x00, 0x00, 0x00, 0x00, 0x00, 0x00,
  0x00, 0x00, 0x00, 0x00, 0x00, 0x00, 0x00, 0x00, 0x00, 0x00, 0x00, 0x00,
  0x00, 0x00, 0x00, 0x00, 0x00, 0x00, 0x00, 0x00, 0x00, 0x00, 0x00, 0x00,
  0x00, 0x00, 0x00, 0x00, 0x00, 0x00, 0x00, 0x00, 0x00, 0x00, 0x00, 0x00,
  0x00, 0x00, 0x00, 0x00, 0x00, 0x00, 0x00, 0x00, 0x00, 0x00, 0x00, 0x00,
  0x00, 0x00, 0x00, 0x00, 0x00, 0x00, 0x00, 0x00, 0x00, 0x00, 0x00, 0x00,
  0x00, 0x00, 0x00, 0x00, 0x00, 0x00, 0x00, 0x00, 0x00, 0x00, 0x00, 0x00,
  0x00, 0x00, 0x00, 0x00, 0x00, 0x00, 0x00, 0x00, 0x00, 0x00, 0x00, 0x00,
  0x00, 0x00, 0x00, 0x00, 0x00, 0x00, 0x00, 0x00, 0x00, 0x00, 0x00, 0x00,
  0x00, 0x00, 0x00, 0x00, 0x00, 0x00, 0x00, 0x00, 0x00, 0x00, 0x00, 0x00,
  0x00, 0x00, 0x00, 0x00, 0x00, 0x00, 0x00, 0x00, 0x00, 0x00, 0x00, 0x00,
  0x00, 0x00, 0x00, 0x00, 0x00, 0x00, 0x00, 0x00, 0x00, 0x00, 0x00, 0x00,
  0x00, 0x00, 0x00, 0x00, 0x00, 0x00, 0x00, 0x00, 0x00, 0x00, 0x00, 0x00,
  0x00, 0x00, 0x00, 0x00, 0x00, 0x00, 0x00, 0x00, 0x00, 0x00, 0x00, 0x00,
  0x00, 0x00, 0x00, 0x00, 0x00, 0x00, 0x00, 0x00, 0x00, 0x00, 0x00, 0x00,
  0x00, 0x00, 0x00, 0x00, 0x00, 0x00, 0x00, 0x00, 0x00, 0x00, 0x00, 0x00,
  0x00, 0x00, 0x00, 0x00, 0x00, 0x00, 0x00, 0x00, 0x00, 0x00, 0x00, 0x00,
  0x00, 0x00, 0x00, 0x00, 0x00, 0x00, 0x00, 0x00, 0x00, 0x00, 0x00, 0x00,
  0x00, 0x00, 0x00, 0x00, 0x00, 0x00, 0x00, 0x00, 0x00, 0x00, 0x00, 0x00,
  0x00, 0x00, 0x00, 0x00, 0x00, 0x00, 0x00, 0x00, 0x00, 0x00, 0x00, 0x00,
  0x00, 0x00, 0x00, 0x00, 0x00, 0x00, 0x00, 0x00, 0x00, 0x00, 0x00, 0x00,
  0x00, 0x00, 0x00, 0x00, 0x00, 0x00, 0x00, 0x00, 0x00, 0x00, 0x00, 0x00,
  0x00, 0x00, 0x00, 0x00, 0x00, 0x00, 0x00, 0x00, 0x00, 0x00, 0x00, 0x00,
  0x00, 0x00, 0x00, 0x00, 0x00, 0x00, 0x00, 0x00, 0x00, 0x00, 0x00, 0x00,
  0x00, 0x00, 0x00, 0x00, 0x00, 0x00, 0x00, 0x00, 0x00, 0x00, 0x00, 0x00,
  0x00, 0x00, 0x00, 0x00, 0x00, 0x00, 0x00, 0x00, 0x00, 0x00, 0x00, 0x00,
  0x00, 0x00, 0x00, 0x00, 0x00, 0x00, 0x00, 0x00, 0x00, 0x00, 0x00, 0x00,
  0x00, 0x00, 0x00, 0x00, 0x00, 0x00, 0x00, 0x00, 0x00, 0x00, 0x00, 0x00,
  0x00, 0x00, 0x00, 0x00, 0x00, 0x00, 0x00, 0x00, 0x00, 0x00, 0x00, 0x00,
  0x00, 0x00, 0x00, 0x00, 0x00, 0x00, 0x00, 0x00, 0x00, 0x00, 0x00, 0x00,
  0x00, 0x00, 0x00, 0x00, 0x00, 0x00, 0x00, 0x00, 0x00, 0x00, 0x00, 0x00,
  0x00, 0x00, 0x00, 0x00, 0x00, 0x00, 0x00, 0x00, 0x00, 0x00, 0x00, 0x00,
  0x00, 0x00, 0x00, 0x00, 0x00, 0x00, 0x00, 0x00, 0x00, 0x00, 0x00, 0x00,
  0x00, 0x00, 0x00, 0x00, 0x00, 0x00, 0x00, 0x00, 0x00, 0x00, 0x00, 0x00,
  0x00, 0x00, 0x00, 0x00, 0x00, 0x00, 0x00, 0x00, 0x00, 0x00, 0x00, 0x00,
  0x00, 0x00, 0x00, 0x00, 0x00, 0x00, 0x00, 0x00, 0x00, 0x00, 0x00, 0x00,
  0x00, 0x00, 0x00, 0x00, 0x00, 0x00, 0x00, 0x00, 0x00, 0x00, 0x00, 0x00,
  0x00, 0x00, 0x00, 0x00, 0x00, 0x00, 0x00, 0x00, 0x00, 0x00, 0x00, 0x00,
  0x00, 0x00, 0x00, 0x00, 0x00, 0x00, 0x00, 0x00, 0x00, 0x00, 0x00, 0x00,
  0x00, 0x00, 0x00, 0x00, 0x00, 0x00, 0x00, 0x00, 0x00, 0x00, 0x00, 0x00,
  0x00, 0x00, 0x00, 0x00, 0x00, 0x00, 0x00, 0x00, 0x00, 0x00, 0x00, 0x00,
  0x00, 0x00, 0x00, 0x00, 0x00, 0x00, 0x00, 0x00, 0x00, 0x00, 0x00, 0x00,
  0x00, 0x00, 0x00, 0x00, 0x00, 0x00, 0x00, 0x00, 0x00, 0x00, 0x00, 0x00,
  0x00, 0x00, 0x00, 0x00, 0x00, 0x00, 0x00, 0x00, 0x00, 0x00, 0x00, 0x00,
  0x00, 0x00, 0x00, 0x00, 0x00, 0x00, 0x00, 0x00, 0x00, 0x00, 0x00, 0x00,
  0x00, 0x00, 0x00, 0x00, 0x00, 0x00, 0x00, 0x00, 0x00, 0x00, 0x00, 0x00,
  0x00, 0x00, 0x00, 0x00, 0x00, 0x00, 0x00, 0x00, 0x00, 0x00, 0x00, 0x00,
  0x00, 0x00, 0x00, 0x00, 0x00, 0x00, 0x00, 0x00, 0x00, 0x00, 0x00, 0x00,
  0x00, 0x00, 0x00, 0x00, 0x00, 0x00, 0x00, 0x00, 0x00, 0x00, 0x00, 0x00,
  0x00, 0x00, 0x00, 0x00, 0x00, 0x00, 0x00, 0x00, 0x00, 0x00, 0x00, 0x00,
  0x00, 0x00, 0x00, 0x00, 0x00, 0x00, 0x00, 0x00, 0x00, 0x00, 0x00, 0x00,
  0x00, 0x00, 0x00, 0x00, 0x00, 0x00, 0x00, 0x00, 0x00, 0x00, 0x00, 0x00,
  0x00, 0x00, 0x00, 0x00, 0x00, 0x00, 0x00, 0x00, 0x00, 0x00, 0x00, 0x00,
  0x00, 0x00, 0x00, 0x00, 0x00, 0x00, 0x00, 0x00, 0x00, 0x00, 0x00, 0x00,
  0x00, 0x00, 0x00, 0x00, 0x00, 0x00, 0x00, 0x00, 0x00, 0x00, 0x00, 0x00,
  0x00, 0x00, 0x00, 0x00, 0x00, 0x00, 0x00, 0x00, 0x00, 0x00, 0x00, 0x00,
  0x00, 0x00, 0x00, 0x00, 0x00, 0x00, 0x00, 0x00, 0x00, 0x00, 0x00, 0x00,
  0x00, 0x00, 0x00, 0x00, 0x00, 0x00, 0x00, 0x00, 0x00, 0x00, 0x00, 0x00,
  0x00, 0x00, 0x00, 0x00, 0x00, 0x00, 0x00, 0x00, 0x00, 0x00, 0x00, 0x00,
  0x00, 0x00, 0x00, 0x00, 0x00, 0x00, 0x00, 0x00, 0x00, 0x00, 0x00, 0x00,
  0x00, 0x00, 0x00, 0x00, 0x00, 0x00, 0x00, 0x00, 0x00, 0x00, 0x00, 0x00,
  0x00, 0x00, 0x00, 0x00, 0x00, 0x00, 0x00, 0x00, 0x00, 0x00, 0x00, 0x00,
  0x00, 0x00, 0x00, 0x00, 0x00, 0x00, 0x00, 0x00, 0x00, 0x00, 0x00, 0x00,
  0x00, 0x00, 0x00, 0x00, 0x00, 0x00, 0x00, 0x00, 0x00, 0x00, 0x00, 0x00,
  0x00, 0x00, 0x00, 0x00, 0x00, 0x00, 0x00, 0x00, 0x00, 0x00, 0x00, 0x00,
  0x00, 0x00, 0x00, 0x00, 0x00, 0x00, 0x00, 0x00, 0x00, 0x00, 0x00, 0x00,
  0x00, 0x00, 0x00, 0x00, 0x00, 0x00, 0x00, 0x00, 0x00, 0x00, 0x00, 0x00,
  0x00, 0x00, 0x00, 0x00, 0x00, 0x00, 0x00, 0x00, 0x00, 0x00, 0x00, 0x00,
  0x00, 0x00, 0x00, 0x00, 0x00, 0x00, 0x00, 0x00, 0x00, 0x00, 0x00, 0x00,
  0x00, 0x00, 0x00, 0x00, 0x00, 0x00, 0x00, 0x00, 0x00, 0x00, 0x00, 0x00,
  0x00, 0x00, 0x00, 0x00, 0x00, 0x00, 0x00, 0x00, 0x00, 0x00, 0x00, 0x00,
  0x00, 0x00, 0x00, 0x00, 0x00, 0x00, 0x00, 0x00, 0x00, 0x00, 0x00, 0x00,
  0x00, 0x00, 0x00, 0x00, 0x00, 0x00, 0x00, 0x00, 0x00, 0x00, 0x00, 0x00,
  0x00, 0x00, 0x00, 0x00, 0x00, 0x00, 0x00, 0x00, 0x00, 0x00, 0x00, 0x00,
  0x00, 0x00, 0x00, 0x00, 0x00, 0x00, 0x00, 0x00, 0x00, 0x00, 0x00, 0x00,
  0x00, 0x00, 0x00, 0x00, 0x00, 0x00, 0x00, 0x00, 0x00, 0x00, 0x00, 0x00,
  0x00, 0x00, 0x00, 0x00, 0x00, 0x00, 0x00, 0x00, 0x00, 0x00, 0x00, 0x00,
  0x00, 0x00, 0x00, 0x00, 0x00, 0x00, 0x00, 0x00, 0x00, 0x00, 0x00, 0x00,
  0x00, 0x00, 0x00, 0x00, 0x00, 0x00, 0x00, 0x00, 0x00, 0x00, 0x00, 0x00,
  0x00, 0x00, 0x00, 0x00, 0x00, 0x00, 0x00, 0x00, 0x00, 0x00, 0x00, 0x00,
  0x00, 0x00, 0x00, 0x00, 0x00, 0x00, 0x00, 0x00, 0x00, 0x00, 0x00, 0x00,
  0x00, 0x00, 0x00, 0x00, 0x00, 0x00, 0x00, 0x00, 0x00, 0x00, 0x00, 0x00,
  0x00, 0x00, 0x00, 0x00, 0x00, 0x00, 0x00, 0x00, 0x00, 0x00, 0x00, 0x00,
  0x00, 0x00, 0x00, 0x00, 0x00, 0x00, 0x00, 0x00, 0x00, 0x00, 0x00, 0x00,
  0x00, 0x00, 0x00, 0x00, 0x00, 0x00, 0x00, 0x00, 0x00, 0x00, 0x00, 0x00,
  0x00, 0x00, 0x00, 0x00, 0x00, 0x00, 0x00, 0x00, 0x00, 0x00, 0x00, 0x00,
  0x00, 0x00, 0x00, 0x00, 0x00, 0x00, 0x00, 0x00, 0x00, 0x00, 0x00, 0x00,
  0x00, 0x00, 0x00, 0x00, 0x00, 0x00, 0x00, 0x00, 0x00, 0x00, 0x00, 0x00,
  0x00, 0x00, 0x00, 0x00, 0x00, 0x00, 0x00, 0x00, 0x00, 0x00, 0x00, 0x00,
  0x00, 0x00, 0x00, 0x00, 0x00, 0x00, 0x00, 0x00, 0x00, 0x00, 0x00, 0x00,
  0x00, 0x00, 0x00, 0x00, 0x00, 0x00, 0x00, 0x00, 0x00, 0x00, 0x00, 0x00,
  0x00, 0x00, 0x00, 0x00, 0x00, 0x00, 0x00, 0x00, 0x00, 0x00, 0x00, 0x00,
  0x00, 0x00, 0x00, 0x00, 0x00, 0x00, 0x00, 0x00, 0x00, 0x00, 0x00, 0x00,
  0x00, 0x00, 0x00, 0x00, 0x00, 0x00, 0x00, 0x00, 0x00, 0x00, 0x00, 0x00,
  0x00, 0x00, 0x00, 0x00, 0x00, 0x00, 0x00, 0x00, 0x00, 0x00, 0x00, 0x00,
  0x00, 0x00, 0x00, 0x00, 0x00, 0x00, 0x00, 0x00, 0x00, 0x00, 0x00, 0x00,
  0x00, 0x00, 0x00, 0x00, 0x00, 0x00, 0x00, 0x00, 0x00, 0x00, 0x00, 0x00,
  0x00, 0x00, 0x00, 0x00, 0x00, 0x00, 0x00, 0x00, 0x00, 0x00, 0x00, 0x00,
  0x00, 0x00, 0x00, 0x00, 0x00, 0x00, 0x00, 0x00, 0x00, 0x00, 0x00, 0x00,
  0x00, 0x00, 0x00, 0x00, 0x00, 0x00, 0x00, 0x00, 0x00, 0x00, 0x00, 0x00,
  0x00, 0x00, 0x00, 0x00, 0x00, 0x00, 0x00, 0x00, 0x00, 0x00, 0x00, 0x00,
  0x00, 0x00, 0x00, 0x00, 0x00, 0x00, 0x00, 0x00, 0x00, 0x00, 0x00, 0x00,
  0x00, 0x00, 0x00, 0x00, 0x00, 0x00, 0x00, 0x00, 0x00, 0x00, 0x00, 0x00,
  0x00, 0x00, 0x00, 0x00, 0x00, 0x00, 0x00, 0x00, 0x00, 0x00, 0x00, 0x00,
  0x00, 0x00, 0x00, 0x00, 0x00, 0x00, 0x00, 0x00, 0x00, 0x00, 0x00, 0x00,
  0x00, 0x00, 0x00, 0x00, 0x00, 0x00, 0x00, 0x00, 0x00, 0x00, 0x00, 0x00,
  0x00, 0x00, 0x00, 0x00, 0x00, 0x00, 0x00, 0x00, 0x00, 0x00, 0x00, 0x00,
  0x00, 0x00, 0x00, 0x00, 0x00, 0x00, 0x00, 0x00, 0x00, 0x00, 0x00, 0x00,
  0x00, 0x00, 0x00, 0x00, 0x00, 0x00, 0x00, 0x00, 0x00, 0x00, 0x00, 0x00,
  0x00, 0x00, 0x00, 0x00, 0x00, 0x00, 0x00, 0x00, 0x00, 0x00, 0x00, 0x00,
  0x00, 0x00, 0x00, 0x00, 0x00, 0x00, 0x00, 0x00, 0x00, 0x00, 0x00, 0x00,
  0x00, 0x00, 0x00, 0x00, 0x00, 0x00, 0x00, 0x00, 0x00, 0x00, 0x00, 0x00,
  0x00, 0x00, 0x00, 0x00, 0x00, 0x00, 0x00, 0x00, 0x00, 0x00, 0x00, 0x00,
  0x00, 0x00, 0x00, 0x00, 0x00, 0x00, 0x00, 0x00, 0x00, 0x00, 0x00, 0x00,
  0x00, 0x00, 0x00, 0x00, 0x00, 0x00, 0x00, 0x00, 0x00, 0x00, 0x00, 0x00,
  0x00, 0x00, 0x00, 0x00, 0x00, 0x00, 0x00, 0x00, 0x00, 0x00, 0x00, 0x00,
  0x00, 0x00, 0x00, 0x00, 0x00, 0x00, 0x00, 0x00, 0x00, 0x00, 0x00, 0x00,
  0x00, 0x00, 0x00, 0x00, 0x00, 0x00, 0x00, 0x00, 0x00, 0x00, 0x00, 0x00,
  0x00, 0x00, 0x00, 0x00, 0x00, 0x00, 0x00, 0x00, 0x00, 0x00, 0x00, 0x00,
  0x00, 0x00, 0x00, 0x00, 0x00, 0x00, 0x00, 0x00, 0x00, 0x00, 0x00, 0x00,
  0x00, 0x00, 0x00, 0x00, 0x00, 0x00, 0x00, 0x00, 0x00, 0x00, 0x00, 0x00,
  0x00, 0x00, 0x00, 0x00, 0x00, 0x00, 0x00, 0x00, 0x00, 0x00, 0x00, 0x00,
  0x00, 0x00, 0x00, 0x00, 0x00, 0x00, 0x00, 0x00, 0x00, 0x00, 0x00, 0x00,
  0x00, 0x00, 0x00, 0x00, 0x00, 0x00, 0x00, 0x00, 0x00, 0x00, 0x00, 0x00,
  0x00, 0x00, 0x00, 0x00, 0x00, 0x00, 0x00, 0x00, 0x00, 0x00, 0x00, 0x00,
  0x00, 0x00, 0x00, 0x00, 0x00, 0x00, 0x00, 0x00, 0x00, 0x00, 0x00, 0x00,
  0x00, 0x00, 0x00, 0x00, 0x00, 0x00, 0x00, 0x00, 0x00, 0x00, 0x00, 0x00,
  0x00, 0x00, 0x00, 0x00, 0x00, 0x00, 0x00, 0x00, 0x00, 0x00, 0x00, 0x00,
  0x00, 0x00, 0x00, 0x00, 0x00, 0x00, 0x00, 0x00, 0x00, 0x00, 0x00, 0x00,
  0x00, 0x00, 0x00, 0x00, 0x00, 0x00, 0x00, 0x00, 0x00, 0x00, 0x00, 0x00,
  0x00, 0x00, 0x00, 0x00, 0x00, 0x00, 0x00, 0x00, 0x00, 0x00, 0x00, 0x00,
  0x00, 0x00, 0x00, 0x00, 0x00, 0x00, 0x00, 0x00, 0x00, 0x00, 0x00, 0x00,
  0x00, 0x00, 0x00, 0x00, 0x00, 0x00, 0x00, 0x00, 0x00, 0x00, 0x00, 0x00,
  0x00, 0x00, 0x00, 0x00, 0x00, 0x00, 0x00, 0x00, 0x00, 0x00, 0x00, 0x00,
  0x00, 0x00, 0x00, 0x00, 0x00, 0x00, 0x00, 0x00, 0x00, 0x00, 0x00, 0x00,
  0x00, 0x00, 0x00, 0x00, 0x00, 0x00, 0x00, 0x00, 0x00, 0x00, 0x00, 0x00,
  0x00, 0x00, 0x00, 0x00, 0x00, 0x00, 0x00, 0x00, 0x00, 0x00, 0x00, 0x00,
  0x00, 0x00, 0x00, 0x00, 0x00, 0x00, 0x00, 0x00, 0x00, 0x00, 0x00, 0x00,
  0x00, 0x00, 0x00, 0x00, 0x00, 0x00, 0x00, 0x00, 0x00, 0x00, 0x00, 0x00,
  0x00, 0x00, 0x00, 0x00, 0x00, 0x00, 0x00, 0x00, 0x00, 0x00, 0x00, 0x00,
  0x00, 0x00, 0x00, 0x00, 0x00, 0x00, 0x00, 0x00, 0x00, 0x00, 0x00, 0x00,
  0x00, 0x00, 0x00, 0x00, 0x00, 0x00, 0x00, 0x00, 0x00, 0x00, 0x00, 0x00,
  0x00, 0x00, 0x00, 0x00, 0x00, 0x00, 0x00, 0x00, 0x00, 0x00, 0x00, 0x00,
  0x00, 0x00, 0x00, 0x00, 0x00, 0x00, 0x00, 0x00, 0x00, 0x00, 0x00, 0x00,
  0x00, 0x00, 0x00, 0x00, 0x00, 0x00, 0x00, 0x00, 0x00, 0x00, 0x00, 0x00,
  0x00, 0x00, 0x00, 0x00, 0x00, 0x00, 0x00, 0x00, 0x00, 0x00, 0x00, 0x00,
  0x00, 0x00, 0x00, 0x00, 0x00, 0x00, 0x00, 0x00, 0x00, 0x00, 0x00, 0x00,
  0x00, 0x00, 0x00, 0x00, 0x00, 0x00, 0x00, 0x00, 0x00, 0x00, 0x00, 0x00,
  0x00, 0x00, 0x00, 0x00, 0x00, 0x00, 0x00, 0x00, 0x00, 0x00, 0x00, 0x00,
  0x00, 0x00, 0x00, 0x00, 0x00, 0x00, 0x00, 0x00, 0x00, 0x00, 0x00, 0x00,
  0x00, 0x00, 0x00, 0x00, 0x00, 0x00, 0x00, 0x00, 0x00, 0x00, 0x00, 0x00,
  0x00, 0x00, 0x00, 0x00, 0x00, 0x00, 0x00, 0x00, 0x00, 0x00, 0x00, 0x00,
  0x00, 0x00, 0x00, 0x00, 0x00, 0x00, 0x00, 0x00, 0x00, 0x00, 0x00, 0x00,
  0x00, 0x00, 0x00, 0x00, 0x00, 0x00, 0x00, 0x00, 0x00, 0x00, 0x00, 0x00,
  0x00, 0x00, 0x00, 0x00, 0x00, 0x00, 0x00, 0x00, 0x00, 0x00, 0x00, 0x00,
  0x00, 0x00, 0x00, 0x00, 0x00, 0x00, 0x00, 0x00, 0x00, 0x00, 0x00, 0x00,
  0x00, 0x00, 0x00, 0x00, 0x00, 0x00, 0x00, 0x00, 0x00, 0x00, 0x00, 0x00,
  0x00, 0x00, 0x00, 0x00, 0x00, 0x00, 0x00, 0x00, 0x00, 0x00, 0x00, 0x00,
  0x00, 0x00, 0x00, 0x00, 0x00, 0x00, 0x00, 0x00, 0x00, 0x00, 0x00, 0x00,
  0x00, 0x00, 0x00, 0x00, 0x00, 0x00, 0x00, 0x00, 0x00, 0x00, 0x00, 0x00,
  0x00, 0x00, 0x00, 0x00, 0x00, 0x00, 0x00, 0x00, 0x00, 0x00, 0x00, 0x00,
  0x00, 0x00, 0x00, 0x00, 0x00, 0x00, 0x00, 0x00, 0x00, 0x00, 0x00, 0x00,
  0x00, 0x00, 0x00, 0x00, 0x00, 0x00, 0x00, 0x00, 0x00, 0x00, 0x00, 0x00,
  0x00, 0x00, 0x00, 0x00, 0x00, 0x00, 0x00, 0x00, 0x00, 0x00, 0x00, 0x00,
  0x00, 0x00, 0x00, 0x00, 0x00, 0x00, 0x00, 0x00, 0x00, 0x00, 0x00, 0x00,
  0x00, 0x00, 0x00, 0x00, 0x00, 0x00, 0x00, 0x00, 0x00, 0x00, 0x00, 0x00,
  0x00, 0x00, 0x00, 0x00, 0x00, 0x00, 0x00, 0x00, 0x00, 0x00, 0x00, 0x00,
  0x00, 0x00, 0x00, 0x00, 0x00, 0x00, 0x00, 0x00, 0x00, 0x00, 0x00, 0x00,
  0x00, 0x00, 0x00, 0x00, 0x00, 0x00, 0x00, 0x00, 0x00, 0x00, 0x00, 0x00,
  0x00, 0x00, 0x00, 0x00, 0x00, 0x00, 0x00, 0x00, 0x00, 0x00, 0x00, 0x00,
  0x00, 0x00, 0x00, 0x00, 0x00, 0x00, 0x00, 0x00, 0x00, 0x00, 0x00, 0x00,
  0x00, 0x00, 0x00, 0x00, 0x00, 0x00, 0x00, 0x00, 0x00, 0x00, 0x00, 0x00,
  0x00, 0x00, 0x00, 0x00, 0x00, 0x00, 0x00, 0x00, 0x00, 0x00, 0x00, 0x00,
  0x00, 0x00, 0x00, 0x00, 0x00, 0x00, 0x00, 0x00, 0x00, 0x00, 0x00, 0x00,
  0x00, 0x00, 0x00, 0x00, 0x00, 0x00, 0x00, 0x00, 0x00, 0x00, 0x00, 0x00,
  0x00, 0x00, 0x00, 0x00, 0x00, 0x00, 0x00, 0x00, 0x00, 0x00, 0x00, 0x00,
  0x00, 0x00, 0x00, 0x00, 0x00, 0x00, 0x00, 0x00, 0x00, 0x00, 0x00, 0x00,
  0x00, 0x00, 0x00, 0x00, 0x00, 0x00, 0x00, 0x00, 0x00, 0x00, 0x00, 0x00,
  0x00, 0x00, 0x00, 0x00, 0x00, 0x00, 0x00, 0x00, 0x00, 0x00, 0x00, 0x00,
  0x00, 0x00, 0x00, 0x00, 0x00, 0x00, 0x00, 0x00, 0x00, 0x00, 0x00, 0x00,
  0x00, 0x00, 0x00, 0x00, 0x00, 0x00, 0x00, 0x00, 0x00, 0x00, 0x00, 0x00,
  0x00, 0x00, 0x00, 0x00, 0x00, 0x00, 0x00, 0x00, 0x00, 0x00, 0x00, 0x00,
  0x00, 0x00, 0x00, 0x00, 0x00, 0x00, 0x00, 0x00, 0x00, 0x00, 0x00, 0x00,
  0x00, 0x00, 0x00, 0x00, 0x00, 0x00, 0x00, 0x00, 0x00, 0x00, 0x00, 0x00,
  0x00, 0x00, 0x00, 0x00, 0x00, 0x00, 0x00, 0x00, 0x00, 0x00, 0x00, 0x00,
  0x00, 0x00, 0x00, 0x00, 0x00, 0x00, 0x00, 0x00, 0x00, 0x00, 0x00, 0x00,
  0x00, 0x00, 0x00, 0x00, 0x00, 0x00, 0x00, 0x00, 0x00, 0x00, 0x00, 0x00,
  0x00, 0x00, 0x00, 0x00, 0x00, 0x00, 0x00, 0x00, 0x00, 0x00, 0x00, 0x00,
  0x00, 0x00, 0x00, 0x00, 0x00, 0x00, 0x00, 0x00, 0x00, 0x00, 0x00, 0x00,
  0x00, 0x00, 0x00, 0x00, 0x00, 0x00, 0x00, 0x00, 0x00, 0x00, 0x00, 0x00,
  0x00, 0x00, 0x00, 0x00, 0x00, 0x00, 0x00, 0x00, 0x00, 0x00, 0x00, 0x00,
  0x00, 0x00, 0x00, 0x00, 0x00, 0x00, 0x00, 0x00, 0x00, 0x00, 0x00, 0x00,
  0x00, 0x00, 0x00, 0x00, 0x00, 0x00, 0x00, 0x00, 0x00, 0x00, 0x00, 0x00,
  0x00, 0x00, 0x00, 0x00, 0x00, 0x00, 0x00, 0x00, 0x00, 0x00, 0x00, 0x00,
  0x00, 0x00, 0x00, 0x00, 0x00, 0x00, 0x00, 0x00, 0x00, 0x00, 0x00, 0x00,
  0x00, 0x00, 0x00, 0x00, 0x00, 0x00, 0x00, 0x00, 0x00, 0x00, 0x00, 0x00,
  0x00, 0x00, 0x00, 0x00, 0x00, 0x00, 0x00, 0x00, 0x00, 0x00, 0x00, 0x00,
  0x00, 0x00, 0x00, 0x00, 0x00, 0x00, 0x00, 0x00, 0x00, 0x00, 0x00, 0x00,
  0x00, 0x00, 0x00, 0x00, 0x00, 0x00, 0x00, 0x00, 0x00, 0x00, 0x00, 0x00,
  0x00, 0x00, 0x00, 0x00, 0x00, 0x00, 0x00, 0x00, 0x00, 0x00, 0x00, 0x00,
  0x00, 0x00, 0x00, 0x00, 0x00, 0x00, 0x00, 0x00, 0x00, 0x00, 0x00, 0x00,
  0x00, 0x00, 0x00, 0x00, 0x00, 0x00, 0x00, 0x00, 0x00, 0x00, 0x00, 0x00,
  0x00, 0x00, 0x00, 0x00, 0x00, 0x00, 0x00, 0x00, 0x00, 0x00, 0x00, 0x00,
  0x00, 0x00, 0x00, 0x00, 0x00, 0x00, 0x00, 0x00, 0x00, 0x00, 0x00, 0x00,
  0x00, 0x00, 0x00, 0x00, 0x00, 0x00, 0x00, 0x00, 0x00, 0x00, 0x00, 0x00,
  0x00, 0x00, 0x00, 0x00, 0x00, 0x00, 0x00, 0x00, 0x00, 0x00, 0x00, 0x00,
  0x00, 0x00, 0x00, 0x00, 0x00, 0x00, 0x00, 0x00, 0x00, 0x00, 0x00, 0x00,
  0x00, 0x00, 0x00, 0x00, 0x00, 0x00, 0x00, 0x00, 0x00, 0x00, 0x00, 0x00,
  0x00, 0x00, 0x00, 0x00, 0x00, 0x00, 0x00, 0x00, 0x00, 0x00, 0x00, 0x00,
  0x00, 0x00, 0x00, 0x00, 0x00, 0x00, 0x00, 0x00, 0x00, 0x00, 0x00, 0x00,
  0x00, 0x00, 0x00, 0x00, 0x00, 0x00, 0x00, 0x00, 0x00, 0x00, 0x00, 0x00,
  0x00, 0x00, 0x00, 0x00, 0x00, 0x00, 0x00, 0x00, 0x00, 0x00, 0x00, 0x00,
  0x00, 0x00, 0x00, 0x00, 0x00, 0x00, 0x00, 0x00, 0x00, 0x00, 0x00, 0x00,
  0x00, 0x00, 0x00, 0x00, 0x00, 0x00, 0x00, 0x00, 0x00, 0x00, 0x00, 0x00,
  0x00, 0x00, 0x00, 0x00, 0x00, 0x00, 0x00, 0x00, 0x00, 0x00, 0x00, 0x00,
  0x00, 0x00, 0x00, 0x00, 0x00, 0x00, 0x00, 0x00, 0x00, 0x00, 0x00, 0x00,
  0x00, 0x00, 0x00, 0x00, 0x00, 0x00, 0x00, 0x00, 0x00, 0x00, 0x00, 0x00,
  0x00, 0x00, 0x00, 0x00, 0x00, 0x00, 0x00, 0x00, 0x00, 0x00, 0x00, 0x00,
  0x00, 0x00, 0x00, 0x00, 0x00, 0x00, 0x00, 0x00, 0x00, 0x00, 0x00, 0x00,
  0x00, 0x00, 0x00, 0x00, 0x00, 0x00, 0x00, 0x00, 0x00, 0x00, 0x00, 0x00,
  0x00, 0x00, 0x00, 0x00, 0x00, 0x00, 0x00, 0x00, 0x00, 0x00, 0x00, 0x00,
  0x00, 0x00, 0x00, 0x00, 0x00, 0x00, 0x00, 0x00, 0x00, 0x00, 0x00, 0x00,
  0x00, 0x00, 0x00, 0x00, 0x00, 0x00, 0x00, 0x00, 0x00, 0x00, 0x00, 0x00,
  0x00, 0x00, 0x00, 0x00, 0x00, 0x00, 0x00, 0x00, 0x00, 0x00, 0x00, 0x00,
  0x00, 0x00, 0x00, 0x00, 0x00, 0x00, 0x00, 0x00, 0x00, 0x00, 0x00, 0x00,
  0x00, 0x00, 0x00, 0x00, 0x00, 0x00, 0x00, 0x00, 0x00, 0x00, 0x00, 0x00,
  0x00, 0x00, 0x00, 0x00, 0x00, 0x00, 0x00, 0x00, 0x00, 0x00, 0x00, 0x00,
  0x00, 0x00, 0x00, 0x00, 0x00, 0x00, 0x00, 0x00, 0x00, 0x00, 0x00, 0x00,
  0x00, 0x00, 0x00, 0x00, 0x00, 0x00, 0x00, 0x00, 0x00, 0x00, 0x00, 0x00,
  0x00, 0x00, 0x00, 0x00, 0x00, 0x00, 0x00, 0x00, 0x00, 0x00, 0x00, 0x00,
  0x00, 0x00, 0x00, 0x00, 0x00, 0x00, 0x00, 0x00, 0x00, 0x00, 0x00, 0x00,
  0x00, 0x00, 0x00, 0x00, 0x00, 0x00, 0x00, 0x00, 0x00, 0x00, 0x00, 0x00,
  0x00, 0x00, 0x00, 0x00, 0x00, 0x00, 0x00, 0x00, 0x00, 0x00, 0x00, 0x00,
  0x00, 0x00, 0x00, 0x00, 0x00, 0x00, 0x00, 0x00, 0x00, 0x00, 0x00, 0x00,
  0x00, 0x00, 0x00, 0x00, 0x00, 0x00, 0x00, 0x00, 0x00, 0x00, 0x00, 0x00,
  0x00, 0x00, 0x00, 0x00, 0x00, 0x00, 0x00, 0x00, 0x00, 0x00, 0x00, 0x00,
  0x00, 0x00, 0x00, 0x00, 0x00, 0x00, 0x00, 0x00, 0x00, 0x00, 0x00, 0x00,
  0x00, 0x00, 0x00, 0x00, 0x00, 0x00, 0x00, 0x00, 0x00, 0x00, 0x00, 0x00,
  0x00, 0x00, 0x00, 0x00, 0x00, 0x00, 0x00, 0x00, 0x00, 0x00, 0x00, 0x00,
  0x00, 0x00, 0x00, 0x00, 0x00, 0x00, 0x00, 0x00, 0x00, 0x00, 0x00, 0x00,
  0x00, 0x00, 0x00, 0x00, 0x00, 0x00, 0x00, 0x00, 0x00, 0x00, 0x00, 0x00,
  0x00, 0x00, 0x00, 0x00, 0x00, 0x00, 0x00, 0x00, 0x00, 0x00, 0x00, 0x00,
  0x00, 0x00, 0x00, 0x00, 0x00, 0x00, 0x00, 0x00, 0x00, 0x00, 0x00, 0x00,
  0x00, 0x00, 0x00, 0x00, 0x00, 0x00, 0x00, 0x00, 0x00, 0x00, 0x00, 0x00,
  0x00, 0x00, 0x00, 0x00, 0x00, 0x00, 0x00, 0x00, 0x00, 0x00, 0x00, 0x00,
  0x00, 0x00, 0x00, 0x00, 0x00, 0x00, 0x00, 0x00, 0x00, 0x00, 0x00, 0x00,
  0x00, 0x00, 0x00, 0x00, 0x00, 0x00, 0x00, 0x00, 0x00, 0x00, 0x00, 0x00,
  0x00, 0x00, 0x00, 0x00, 0x00, 0x00, 0x00, 0x00, 0x00, 0x00, 0x00, 0x00,
  0x00, 0x00, 0x00, 0x00, 0x00, 0x00, 0x00, 0x00, 0x00, 0x00, 0x00, 0x00,
  0x00, 0x00, 0x00, 0x00, 0x00, 0x00, 0x00, 0x00, 0x00, 0x00, 0x00, 0x00,
  0x00, 0x00, 0x00, 0x00, 0x00, 0x00, 0x00, 0x00, 0x00, 0x00, 0x00, 0x00,
  0x00, 0x00, 0x00, 0x00, 0x00, 0x00, 0x00, 0x00, 0x00, 0x00, 0x00, 0x00,
  0x00, 0x00, 0x00, 0x00, 0x00, 0x00, 0x00, 0x00, 0x00, 0x00, 0x00, 0x00,
  0x00, 0x00, 0x00, 0x00, 0x00, 0x00, 0x00, 0x00, 0x00, 0x00, 0x00, 0x00,
  0x00, 0x00, 0x00, 0x00, 0x00, 0x00, 0x00, 0x00, 0x00, 0x00, 0x00, 0x00,
  0x00, 0x00, 0x00, 0x00, 0x00, 0x00, 0x00, 0x00, 0x00, 0x00, 0x00, 0x00,
  0x00, 0x00, 0x00, 0x00, 0x00, 0x00, 0x00, 0x00, 0x00, 0x00, 0x00, 0x00,
  0x00, 0x00, 0x00, 0x00, 0x00, 0x00, 0x00, 0x00, 0x00, 0x00, 0x00, 0x00,
  0x00, 0x00, 0x00, 0x00, 0x00, 0x00, 0x00, 0x00, 0x00, 0x00, 0x00, 0x00,
  0x00, 0x00, 0x00, 0x00, 0x00, 0x00, 0x00, 0x00, 0x00, 0x00, 0x00, 0x00,
  0x00, 0x00, 0x00, 0x00, 0x00, 0x00, 0x00, 0x00, 0x00, 0x00, 0x00, 0x00,
  0x00, 0x00, 0x00, 0x00, 0x00, 0x00, 0x00, 0x00, 0x00, 0x00, 0x00, 0x00,
  0x00, 0x00, 0x00, 0x00, 0x00, 0x00, 0x00, 0x00, 0x00, 0x00, 0x00, 0x00,
  0x00, 0x00, 0x00, 0x00, 0x00, 0x00, 0x00, 0x00, 0x00, 0x00, 0x00, 0x00,
  0x00, 0x00, 0x00, 0x00, 0x00, 0x00, 0x00, 0x00, 0x00, 0x00, 0x00, 0x00,
  0x00, 0x00, 0x00, 0x00, 0x00, 0x00, 0x00, 0x00, 0x00, 0x00, 0x00, 0x00,
  0x00, 0x00, 0x00, 0x00, 0x00, 0x00, 0x00, 0x00, 0x00, 0x00, 0x00, 0x00,
  0x00, 0x00, 0x00, 0x00, 0x00, 0x00, 0x00, 0x00, 0x00, 0x00, 0x00, 0x00,
  0x00, 0x00, 0x00, 0x00, 0x00, 0x00, 0x00, 0x00, 0x00, 0x00, 0x00, 0x00,
  0x00, 0x00, 0x00, 0x00, 0x00, 0x00, 0x00, 0x00, 0x00, 0x00, 0x00, 0x00,
  0x00, 0x00, 0x00, 0x00, 0x00, 0x00, 0x00, 0x00, 0x00, 0x00, 0x00, 0x00,
  0x00, 0x00, 0x00, 0x00, 0x00, 0x00, 0x00, 0x00, 0x00, 0x00, 0x00, 0x00,
  0x00, 0x00, 0x00, 0x00, 0x00, 0x00, 0x00, 0x00, 0x00, 0x00, 0x00, 0x00,
  0x00, 0x00, 0x00, 0x00, 0x00, 0x00, 0x00, 0x00, 0x00, 0x00, 0x00, 0x00,
  0x00, 0x00, 0x00, 0x00, 0x00, 0x00, 0x00, 0x00, 0x00, 0x00, 0x00, 0x00,
  0x00, 0x00, 0x00, 0x00, 0x00, 0x00, 0x00, 0x00, 0x00, 0x00, 0x00, 0x00,
  0x00, 0x00, 0x00, 0x00, 0x00, 0x00, 0x00, 0x00, 0x00, 0x00, 0x00, 0x00,
  0x00, 0x00, 0x00, 0x00, 0x00, 0x00, 0x00, 0x00, 0x00, 0x00, 0x00, 0x00,
  0x00, 0x00, 0x00, 0x00, 0x00, 0x00, 0x00, 0x00, 0x00, 0x00, 0x00, 0x00,
  0x00, 0x00, 0x00, 0x00, 0x00, 0x00, 0x00, 0x00, 0x00, 0x00, 0x00, 0x00,
  0x00, 0x00, 0x00, 0x00, 0x00, 0x00, 0x00, 0x00, 0x00, 0x00, 0x00, 0x00,
  0x00, 0x00, 0x00, 0x00, 0x00, 0x00, 0x00, 0x00, 0x00, 0x00, 0x00, 0x00,
  0x00, 0x00, 0x00, 0x00, 0x00, 0x00, 0x00, 0x00, 0x00, 0x00, 0x00, 0x00,
  0x00, 0x00, 0x00, 0x00, 0x00, 0x00, 0x00, 0x00, 0x00, 0x00, 0x00, 0x00,
  0x00, 0x00, 0x00, 0x00, 0x00, 0x00, 0x00, 0x00, 0x00, 0x00, 0x00, 0x00,
  0x00, 0x00, 0x00, 0x00, 0x00, 0x00, 0x00, 0x00, 0x00, 0x00, 0x00, 0x00,
  0x00, 0x00, 0x00, 0x00, 0x00, 0x00, 0x00, 0x00, 0x00, 0x00, 0x00, 0x00,
  0x00, 0x00, 0x00, 0x00, 0x00, 0x00, 0x00, 0x00, 0x00, 0x00, 0x00, 0x00,
  0x00, 0x00, 0x00, 0x00, 0x00, 0x00, 0x00, 0x00, 0x00, 0x00, 0x00, 0x00,
  0x00, 0x00, 0x00, 0x00, 0x00, 0x00, 0x00, 0x00, 0x00, 0x00, 0x00, 0x00,
  0x00, 0x00, 0x00, 0x00, 0x00, 0x00, 0x00, 0x00, 0x00, 0x00, 0x00, 0x00,
  0x00, 0x00, 0x00, 0x00, 0x00, 0x00, 0x00, 0x00, 0x00, 0x00, 0x00, 0x00,
  0x00, 0x00, 0x00, 0x00, 0x00, 0x00, 0x00, 0x00, 0x00, 0x00, 0x00, 0x00,
  0x00, 0x00, 0x00, 0x00, 0x00, 0x00, 0x00, 0x00, 0x00, 0x00, 0x00, 0x00,
  0x00, 0x00, 0x00, 0x00, 0x00, 0x00, 0x00, 0x00, 0x00, 0x00, 0x00, 0x00,
  0x00, 0x00, 0x00, 0x00, 0x00, 0x00, 0x00, 0x00, 0x00, 0x00, 0x00, 0x00,
  0x00, 0x00, 0x00, 0x00, 0x00, 0x00, 0x00, 0x00, 0x00, 0x00, 0x00, 0x00,
  0x00, 0x00, 0x00, 0x00, 0x00, 0x00, 0x00, 0x00, 0x00, 0x00, 0x00, 0x00,
  0x00, 0x00, 0x00, 0x00, 0x00, 0x00, 0x00, 0x00, 0x00, 0x00, 0x00, 0x00,
  0x00, 0x00, 0x00, 0x00, 0x00, 0x00, 0x00, 0x00, 0x00, 0x00, 0x00, 0x00,
  0x00, 0x00, 0x00, 0x00, 0x00, 0x00, 0x00, 0x00, 0x00, 0x00, 0x00, 0x00,
  0x00, 0x00, 0x00, 0x00, 0x00, 0x00, 0x00, 0x00, 0x00, 0x00, 0x00, 0x00,
  0x00, 0x00, 0x00, 0x00, 0x00, 0x00, 0x00, 0x00, 0x00, 0x00, 0x00, 0x00,
  0x00, 0x00, 0x00, 0x00, 0x00, 0x00, 0x00, 0x00, 0x00, 0x00, 0x00, 0x00,
  0x00, 0x00, 0x00, 0x00, 0x00, 0x00, 0x00, 0x00, 0x00, 0x00, 0x00, 0x00,
  0x00, 0x00, 0x00, 0x00, 0x00, 0x00, 0x00, 0x00, 0x00, 0x00, 0x00, 0x00,
  0x00, 0x00, 0x00, 0x00, 0x00, 0x00, 0x00, 0x00, 0x00, 0x00, 0x00, 0x00,
  0x00, 0x00, 0x00, 0x00, 0x00, 0x00, 0x00, 0x00, 0x00, 0x00, 0x00, 0x00,
  0x00, 0x00, 0x00, 0x00, 0x00, 0x00, 0x00, 0x00, 0x00, 0x00, 0x00, 0x00,
  0x00, 0x00, 0x00, 0x00, 0x00, 0x00, 0x00, 0x00, 0x00, 0x00, 0x00, 0x00,
  0x00, 0x00, 0x00, 0x00, 0x00, 0x00, 0x00, 0x00, 0x00, 0x00, 0x00, 0x00,
  0x00, 0x00, 0x00, 0x00, 0x00, 0x00, 0x00, 0x00, 0x00, 0x00, 0x00, 0x00,
  0x00, 0x00, 0x00, 0x00, 0x00, 0x00, 0x00, 0x00, 0x00, 0x00, 0x00, 0x00,
  0x00, 0x00, 0x00, 0x00, 0x00, 0x00, 0x00, 0x00, 0x00, 0x00, 0x00, 0x00,
  0x00, 0x00, 0x00, 0x00, 0x00, 0x00, 0x00, 0x00, 0x00, 0x00, 0x00, 0x00,
  0x00, 0x00, 0x00, 0x00, 0x00, 0x00, 0x00, 0x00, 0x00, 0x00, 0x00, 0x00,
  0x00, 0x00, 0x00, 0x00, 0x00, 0x00, 0x00, 0x00, 0x00, 0x00, 0x00, 0x00,
  0x00, 0x00, 0x00, 0x00, 0x00, 0x00, 0x00, 0x00, 0x00, 0x00, 0x00, 0x00,
  0x00, 0x00, 0x00, 0x00, 0x00, 0x00, 0x00, 0x00, 0x00, 0x00, 0x00, 0x00,
  0x00, 0x00, 0x00, 0x00, 0x00, 0x00, 0x00, 0x00, 0x00, 0x00, 0x00, 0x00,
  0x00, 0x00, 0x00, 0x00, 0x00, 0x00, 0x00, 0x00, 0x00, 0x00, 0x00, 0x00,
  0x00, 0x00, 0x00, 0x00, 0x00, 0x00, 0x00, 0x00, 0x00, 0x00, 0x00, 0x00,
  0x00, 0x00, 0x00, 0x00, 0x00, 0x00, 0x00, 0x00, 0x00, 0x00, 0x00, 0x00,
  0x00, 0x00, 0x00, 0x00, 0x00, 0x00, 0x00, 0x00, 0x00, 0x00, 0x00, 0x00,
  0x00, 0x00, 0x00, 0x00, 0x00, 0x00, 0x00, 0x00
};
unsigned int ___ps5_kstuff_payload_bin_len = 145568;
